"ccode1","ccode2","probability","origin"
2,20,0,0
2,31,0.082,0
20,31,0.005,0
2,41,0.06,0
20,41,0,0
31,41,0.002,0
2,42,0.061,0
20,42,0,0
31,42,0.006,0
41,42,0.025,0
2,51,0.069,0
20,51,0.001,0
31,51,0,0
41,51,0.001,0
42,51,0.008,0
2,52,0.045,0
20,52,0.002,0
31,52,0.001,0
41,52,0.003,0
42,52,0.007,0
51,52,0.006,0
2,53,0.039,0
20,53,0.003,0
31,53,0,0
41,53,0,0
42,53,0.002,0
51,53,0,0
52,53,0.007,0
2,70,0.069,0
20,70,0,0
31,70,0.023,0
41,70,0.014,0
42,70,0.019,0
51,70,0.022,0
52,70,0.017,0
53,70,0.007,0
2,80,0.054,0
20,80,0,0
31,80,0,0
41,80,0,0
42,80,0.002,0
51,80,0.001,0
52,80,0.001,0
53,80,0,0
70,80,0.05,0
2,90,0.038,0
20,90,0.002,0
31,90,0.001,0
41,90,0.002,0
42,90,0.002,0
51,90,0.004,0
52,90,0.005,0
53,90,0,0
70,90,0.027,0
80,90,0.016,0
2,91,0.049,0
20,91,0,0
31,91,0.001,0
41,91,0.003,0
42,91,0.008,0
51,91,0.004,0
52,91,0.002,0
53,91,0.001,0
70,91,0.033,0
80,91,0.008,0
90,91,0.026,0
2,92,0.055,0
20,92,0.002,0
31,92,0.002,0
41,92,0.001,0
42,92,0.002,0
51,92,0,0
52,92,0.003,0
53,92,0.001,0
70,92,0.038,0
80,92,0.005,0
90,92,0.046,0
91,92,0.034,0
2,93,0.02,0
20,93,0.001,0
31,93,0,0
41,93,0,0
42,93,0.003,0
51,93,0.001,0
52,93,0,0
53,93,0,0
70,93,0.021,0
80,93,0.003,0
90,93,0.008,0
91,93,0.017,0
92,93,0.008,0
2,94,0.059,0
20,94,0.001,0
31,94,0.003,0
41,94,0.001,0
42,94,0.006,0
51,94,0,0
52,94,0.001,0
53,94,0,0
70,94,0.03,0
80,94,0,0
90,94,0.011,0
91,94,0.015,0
92,94,0.007,0
93,94,0.006,0
2,95,0.051,0
20,95,0.001,0
31,95,0.001,0
41,95,0.001,0
42,95,0.004,0
51,95,0.002,0
52,95,0.001,0
53,95,0,0
70,95,0.024,0
80,95,0.002,0
90,95,0.003,0
91,95,0.008,0
92,95,0.006,0
93,95,0.005,0
94,95,0.008,0
2,100,0.04,0
20,100,0,0
31,100,0.008,0
41,100,0.014,0
42,100,0.027,0
51,100,0.022,0
52,100,0.013,0
53,100,0.013,0
70,100,0.023,0
80,100,0.01,0
90,100,0.013,0
91,100,0.017,0
92,100,0.015,0
93,100,0.008,0
94,100,0.03,0
95,100,0.038,0
2,101,0.02,0
20,101,0.002,0
31,101,0.002,0
41,101,0.004,0
42,101,0.011,0
51,101,0.007,0
52,101,0.008,0
53,101,0.006,0
70,101,0.009,0
80,101,0.001,0
90,101,0.002,0
91,101,0.002,0
92,101,0.002,0
93,101,0.002,0
94,101,0.004,0
95,101,0.001,0
100,101,0.011,0
2,115,0.062,0
20,115,0.002,0
31,115,0,0
41,115,0,0
42,115,0.004,0
51,115,0,0
52,115,0.007,0
53,115,0,0
70,115,0.014,0
80,115,0,0
90,115,0.002,0
91,115,0,0
92,115,0,0
93,115,0.002,0
94,115,0,0
95,115,0.002,0
100,115,0.017,0
101,115,0.002,0
2,130,0.038,0
20,130,0,0
31,130,0.001,0
41,130,0.001,0
42,130,0.004,0
51,130,0.004,0
52,130,0.009,0
53,130,0.005,0
70,130,0.015,0
80,130,0.004,0
90,130,0.008,0
91,130,0.007,0
92,130,0.006,0
93,130,0.002,0
94,130,0.007,0
95,130,0.005,0
100,130,0.037,0
101,130,0.005,0
115,130,0.003,0
2,135,0.02,0
20,135,0.001,0
31,135,0.004,0
41,135,0.004,0
42,135,0.008,0
51,135,0.004,0
52,135,0.008,0
53,135,0.009,0
70,135,0.016,0
80,135,0.006,0
90,135,0.008,0
91,135,0.008,0
92,135,0.925,1
93,135,0.002,0
94,135,0.011,0
95,135,0.008,0
100,135,0.019,0
101,135,0.004,0
115,135,0.007,0
130,135,0.026,0
2,140,0.999,1
20,140,0.002,0
31,140,0.058,0
41,140,0.055,0
42,140,0.066,0
51,140,0.063,0
52,140,0.064,0
53,140,0.074,0
70,140,0.067,0
80,140,0.039,0
90,140,0.991,1
91,140,0.99,1
92,140,0.979,1
93,140,0.034,0
94,140,0.062,0
95,140,0.058,0
100,140,0.999,1
101,140,0.053,0
115,140,0.942,1
130,140,0.992,1
135,140,0.996,1
2,145,0.023,0
20,145,0,0
31,145,0.001,0
41,145,0,0
42,145,0.002,0
51,145,0.002,0
52,145,0.003,0
53,145,0.001,0
70,145,0.009,0
80,145,0.003,0
90,145,0.003,0
91,145,0.002,0
92,145,0.002,0
93,145,0.002,0
94,145,0.001,0
95,145,0.003,0
100,145,0.002,0
101,145,0.718,1
115,145,0.004,0
130,145,0.01,0
135,145,0.026,0
140,145,0.996,1
2,150,0.035,0
20,150,0.002,0
31,150,0,0
41,150,0,0
42,150,0.002,0
51,150,0.002,0
52,150,0.003,0
53,150,0,0
70,150,0.006,0
80,150,0,0
90,150,0.002,0
91,150,0,0
92,150,0.001,0
93,150,0.001,0
94,150,0,0
95,150,0.002,0
100,150,0.012,0
101,150,0.006,0
115,150,0,0
130,150,0.008,0
135,150,0.015,0
140,150,0.992,1
145,150,0.012,0
2,155,0.032,0
20,155,0.001,0
31,155,0.003,0
41,155,0.003,0
42,155,0.004,0
51,155,0,0
52,155,0,0
53,155,0.004,0
70,155,0.011,0
80,155,0.003,0
90,155,0.908,1
91,155,0.003,0
92,155,0.006,0
93,155,0.003,0
94,155,0.006,0
95,155,0.005,0
100,155,0.005,0
101,155,0.004,0
115,155,0.002,0
130,155,0.009,0
135,155,0.029,0
140,155,0.999,1
145,155,0.012,0
150,155,0.026,0
2,160,0.035,0
20,160,0,0
31,160,0.004,0
41,160,0.003,0
42,160,0.01,0
51,160,0.004,0
52,160,0.009,0
53,160,0.004,0
70,160,0.009,0
80,160,0.004,0
90,160,0.011,0
91,160,0.917,1
92,160,0.01,0
93,160,0.007,0
94,160,0.004,0
95,160,0.012,0
100,160,0.021,0
101,160,0.927,1
115,160,0.011,0
130,160,0.956,1
135,160,0.011,0
140,160,1,1
145,160,0.023,0
150,160,0.98,1
155,160,0.05,0
2,165,0.006,0
20,165,0,0
31,165,0,0
41,165,0,0
42,165,0.002,0
51,165,0,0
52,165,0.002,0
53,165,0,0
70,165,0.001,0
80,165,0.001,0
90,165,0,0
91,165,0,0
92,165,0.002,0
93,165,0.002,0
94,165,0.004,0
95,165,0,0
100,165,0.002,0
101,165,0.001,0
115,165,0.001,0
130,165,0.001,0
135,165,0.002,0
140,165,0.052,0
145,165,0.001,0
150,165,0.006,0
155,165,0.006,0
160,165,0.066,0
2,200,0.997,1
20,200,0.001,0
31,200,0,0
41,200,0.001,0
42,200,0.003,0
51,200,0.001,0
52,200,0,0
53,200,0.005,0
70,200,0.002,0
80,200,0.001,0
90,200,0,0
91,200,0,0
92,200,0.001,0
93,200,0.003,0
94,200,0.002,0
95,200,0.002,0
100,200,0.001,0
101,200,0.003,0
115,200,0.002,0
130,200,0,0
135,200,0.001,0
140,200,0.007,0
145,200,0,0
150,200,0.003,0
155,200,0.001,0
160,200,0.984,1
165,200,0,0
2,205,0.017,0
20,205,0.002,0
31,205,0,0
41,205,0,0
42,205,0,0
51,205,0,0
52,205,0,0
53,205,0,0
70,205,0,0
80,205,0.001,0
90,205,0,0
91,205,0,0
92,205,0,0
93,205,0,0
94,205,0.001,0
95,205,0,0
100,205,0.001,0
101,205,0.001,0
115,205,0,0
130,205,0,0
135,205,0,0
140,205,0,0
145,205,0,0
150,205,0,0
155,205,0,0
160,205,0,0
165,205,0,0
200,205,0.046,0
2,210,0,0
20,210,0,0
31,210,0.001,0
41,210,0.001,0
42,210,0,0
51,210,0.001,0
52,210,0.001,0
53,210,0.001,0
70,210,0.001,0
80,210,0.001,0
90,210,0,0
91,210,0.001,0
92,210,0,0
93,210,0,0
94,210,0.002,0
95,210,0,0
100,210,0,0
101,210,0,0
115,210,0,0
130,210,0,0
135,210,0,0
140,210,0.003,0
145,210,0.001,0
150,210,0.001,0
155,210,0,0
160,210,0,0
165,210,0,0
200,210,0.006,0
205,210,0.006,0
2,211,0,0
20,211,0.849,1
31,211,0.001,0
41,211,0,0
42,211,0.002,0
51,211,0.001,0
52,211,0,0
53,211,0.002,0
70,211,0.002,0
80,211,0,0
90,211,0,0
91,211,0,0
92,211,0.001,0
93,211,0,0
94,211,0.001,0
95,211,0,0
100,211,0,0
101,211,0,0
115,211,0.001,0
130,211,0,0
135,211,0.001,0
140,211,0.003,0
145,211,0,0
150,211,0.001,0
155,211,0,0
160,211,0,0
165,211,0,0
200,211,0.004,0
205,211,0.012,0
210,211,0.002,0
2,212,0.001,0
20,212,0,0
31,212,0,0
41,212,0,0
42,212,0,0
51,212,0,0
52,212,0,0
53,212,0,0
70,212,0,0
80,212,0.001,0
90,212,0,0
91,212,0,0
92,212,0,0
93,212,0,0
94,212,0,0
95,212,0,0
100,212,0,0
101,212,0,0
115,212,0,0
130,212,0.001,0
135,212,0,0
140,212,0,0
145,212,0,0
150,212,0,0
155,212,0,0
160,212,0,0
165,212,0,0
200,212,0.003,0
205,212,0.002,0
210,212,0,0
211,212,0.002,0
2,220,0.002,0
20,220,0,0
31,220,0.005,0
41,220,0.005,0
42,220,0.004,0
51,220,0.007,0
52,220,0.002,0
53,220,0.003,0
70,220,0.002,0
80,220,0.004,0
90,220,0,0
91,220,0.002,0
92,220,0.003,0
93,220,0.001,0
94,220,0.003,0
95,220,0.002,0
100,220,0.953,1
101,220,0.003,0
115,220,0.004,0
130,220,0.003,0
135,220,0.002,0
140,220,0.997,1
145,220,0.001,0
150,220,0.005,0
155,220,0.004,0
160,220,0.996,1
165,220,0.001,0
200,220,0.058,0
205,220,0.055,0
210,220,0.006,0
211,220,0.009,0
212,220,0.003,0
2,225,0.999,1
20,225,0.004,0
31,225,0,0
41,225,0.001,0
42,225,0,0
51,225,0,0
52,225,0,0
53,225,0,0
70,225,0,0
80,225,0,0
90,225,0,0
91,225,0,0
92,225,0,0
93,225,0.002,0
94,225,0,0
95,225,0,0
100,225,0.001,0
101,225,0,0
115,225,0.001,0
130,225,0,0
135,225,0.001,0
140,225,0.004,0
145,225,0,0
150,225,0,0
155,225,0,0
160,225,0.001,0
165,225,0,0
200,225,1,1
205,225,0.99,1
210,225,0.999,1
211,225,0.998,1
212,225,0.009,0
220,225,1,1
2,230,0.995,1
20,230,0,0
31,230,0.007,0
41,230,0,0
42,230,0,0
51,230,0.005,0
52,230,0.005,0
53,230,0.003,0
70,230,0.01,0
80,230,0.006,0
90,230,0.913,1
91,230,0.916,1
92,230,0.93,1
93,230,0.83,1
94,230,0.016,0
95,230,0.007,0
100,230,0.002,0
101,230,0.939,1
115,230,0.006,0
130,230,0.896,1
135,230,0.99,1
140,230,0.048,0
145,230,0.002,0
150,230,0.005,0
155,230,0.992,1
160,230,1,1
165,230,0,0
200,230,1,1
205,230,0.032,0
210,230,0,0
211,230,0.002,0
212,230,0.001,0
220,230,0.999,1
225,230,0.067,0
2,235,0.001,0
20,235,0,0
31,235,0.001,0
41,235,0,0
42,235,0,0
51,235,0.001,0
52,235,0.001,0
53,235,0,0
70,235,0.001,0
80,235,0,0
90,235,0,0
91,235,0.003,0
92,235,0,0
93,235,0,0
94,235,0,0
95,235,0,0
100,235,0.002,0
101,235,0,0
115,235,0,0
130,235,0,0
135,235,0,0
140,235,0.991,1
145,235,0,0
150,235,0,0
155,235,0.001,0
160,235,0.944,1
165,235,0.663,1
200,235,0.005,0
205,235,0.004,0
210,235,0,0
211,235,0,0
212,235,0,0
220,235,0.995,1
225,235,0.005,0
230,235,0.009,0
2,255,0.002,0
20,255,0,0
31,255,0.002,0
41,255,0.001,0
42,255,0.005,0
51,255,0.002,0
52,255,0.003,0
53,255,0.002,0
70,255,0.004,0
80,255,0.004,0
90,255,0.004,0
91,255,0.003,0
92,255,0.002,0
93,255,0.001,0
94,255,0.006,0
95,255,0.004,0
100,255,0.004,0
101,255,0.003,0
115,255,0.003,0
130,255,0.002,0
135,255,0,0
140,255,0.007,0
145,255,0.002,0
150,255,0.007,0
155,255,0,0
160,255,0.003,0
165,255,0,0
200,255,0.01,0
205,255,0.027,0
210,255,0.001,0
211,255,0.002,0
212,255,0.004,0
220,255,0.019,0
225,255,0.086,0
230,255,0.001,0
235,255,0.003,0
2,260,0,NA
20,260,0,NA
31,260,0,NA
41,260,0,NA
42,260,0,NA
51,260,0,NA
52,260,0,NA
53,260,0,NA
70,260,0,NA
80,260,0,NA
90,260,0,NA
91,260,0,NA
92,260,0,NA
93,260,0,NA
94,260,0,NA
95,260,0,NA
100,260,0,NA
101,260,0,NA
115,260,0,NA
130,260,0,NA
135,260,0,NA
140,260,0,NA
145,260,0,NA
150,260,0,NA
155,260,0,NA
160,260,0,NA
165,260,0,NA
200,260,0,NA
205,260,0,NA
210,260,0,NA
211,260,0,NA
212,260,0,NA
220,260,0,NA
225,260,0,NA
230,260,0,NA
235,260,0,NA
255,260,0,NA
2,290,0.006,0
20,290,0.001,0
31,290,0.001,0
41,290,0,0
42,290,0,0
51,290,0,0
52,290,0.001,0
53,290,0,0
70,290,0.002,0
80,290,0.003,0
90,290,0,0
91,290,0.004,0
92,290,0.001,0
93,290,0.002,0
94,290,0.002,0
95,290,0.001,0
100,290,0.001,0
101,290,0.001,0
115,290,0.002,0
130,290,0.002,0
135,290,0.974,1
140,290,0.009,0
145,290,0.001,0
150,290,0.002,0
155,290,0.003,0
160,290,0.003,0
165,290,0.001,0
200,290,0.007,0
205,290,0.014,0
210,290,0.003,0
211,290,0.005,0
212,290,0,0
220,290,1,1
225,290,0.04,0
230,290,0.998,1
235,290,0.001,0
255,290,1,1
260,290,0,NA
2,305,0.003,0
20,305,0,0
31,305,0,0
41,305,0,0
42,305,0,0
51,305,0.001,0
52,305,0,0
53,305,0,0
70,305,0,0
80,305,0,0
90,305,0,0
91,305,0.001,0
92,305,0,0
93,305,0,0
94,305,0,0
95,305,0,0
100,305,0,0
101,305,0.002,0
115,305,0,0
130,305,0.001,0
135,305,0,0
140,305,0.001,0
145,305,0,0
150,305,0.001,0
155,305,0,0
160,305,0.002,0
165,305,0,0
200,305,0.012,0
205,305,0.001,0
210,305,0.007,0
211,305,0.006,0
212,305,0.005,0
220,305,0.027,0
225,305,0.007,0
230,305,0.012,0
235,305,0.003,0
255,305,0.06,0
260,305,0,NA
290,305,0.041,0
2,310,0.001,0
20,310,0,0
31,310,0,0
41,310,0,0
42,310,0,0
51,310,0,0
52,310,0,0
53,310,0,0
70,310,0.001,0
80,310,0.001,0
90,310,0,0
91,310,0,0
92,310,0.001,0
93,310,0,0
94,310,0.001,0
95,310,0,0
100,310,0,0
101,310,0,0
115,310,0,0
130,310,0,0
135,310,0,0
140,310,0.007,0
145,310,0,0
150,310,0,0
155,310,0.001,0
160,310,0,0
165,310,0,0
200,310,0.007,0
205,310,0.001,0
210,310,0,0
211,310,0.961,1
212,310,0.001,0
220,310,0.012,0
225,310,0.022,0
230,310,0.001,0
235,310,0.915,1
255,310,0.013,0
260,310,0,NA
290,310,0.014,0
305,310,0.043,0
2,316,0.005,0
20,316,0.922,1
31,316,0,0
41,316,0.002,0
42,316,0,0
51,316,0.002,0
52,316,0.001,0
53,316,0.001,0
70,316,0.003,0
80,316,0.001,0
90,316,0.001,0
91,316,0.002,0
92,316,0.001,0
93,316,0,0
94,316,0,0
95,316,0,0
100,316,0.849,1
101,316,0,0
115,316,0,0
130,316,0,0
135,316,0.002,0
140,316,0.014,0
145,316,0.001,0
150,316,0.002,0
155,316,0.002,0
160,316,0.003,0
165,316,0,0
200,316,0.998,1
205,316,0.01,0
210,316,0.994,1
211,316,0.009,0
212,316,0,0
220,316,1,1
225,316,1,1
230,316,0.01,0
235,316,0.996,1
255,316,1,1
260,316,0,NA
290,316,1,1
305,316,0.114,0
310,316,0.991,1
2,317,0.001,0
20,317,0,0
31,317,0,0
41,317,0,0
42,317,0,0
51,317,0.002,0
52,317,0.001,0
53,317,0,0
70,317,0.002,0
80,317,0,0
90,317,0,0
91,317,0.001,0
92,317,0,0
93,317,0,0
94,317,0,0
95,317,0.001,0
100,317,0,0
101,317,0,0
115,317,0,0
130,317,0.001,0
135,317,0,0
140,317,0.987,1
145,317,0,0
150,317,0,0
155,317,0,0
160,317,0.003,0
165,317,0,0
200,317,0.996,1
205,317,0.003,0
210,317,0.002,0
211,317,0,0
212,317,0.897,1
220,317,0.016,0
225,317,0.036,0
230,317,0.996,1
235,317,0.977,1
255,317,0.999,1
260,317,0,NA
290,317,0.036,0
305,317,0.162,0
310,317,0.012,0
316,317,1,1
2,325,1,1
20,325,0,0
31,325,0.012,0
41,325,0.006,0
42,325,0.009,0
51,325,0.013,0
52,325,0.004,0
53,325,0.01,0
70,325,0.007,0
80,325,0.01,0
90,325,0.015,0
91,325,0.012,0
92,325,0.008,0
93,325,0.003,0
94,325,0.004,0
95,325,0.017,0
100,325,0.012,0
101,325,0.005,0
115,325,0.014,0
130,325,0.009,0
135,325,0.997,1
140,325,1,1
145,325,0,0
150,325,0.017,0
155,325,0.998,1
160,325,0.997,1
165,325,0.002,0
200,325,0.021,0
205,325,0.063,0
210,325,0,0
211,325,0.009,0
212,325,0.002,0
220,325,0.081,0
225,325,1,1
230,325,1,1
235,325,0.011,0
255,325,0.027,0
260,325,0,NA
290,325,0.094,0
305,325,0.114,0
310,325,0.017,0
316,325,1,1
317,325,0.07,0
2,338,0.007,0
20,338,0,0
31,338,0,0
41,338,0,0
42,338,0,0
51,338,0,0
52,338,0,0
53,338,0,0
70,338,0,0
80,338,0,0
90,338,0,0
91,338,0,0
92,338,0,0
93,338,0,0
94,338,0,0
95,338,0,0
100,338,0,0
101,338,0,0
115,338,0,0
130,338,0,0
135,338,0,0
140,338,0,0
145,338,0,0
150,338,0,0
155,338,0,0
160,338,0,0
165,338,0,0
200,338,0.009,0
205,338,0,0
210,338,0.002,0
211,338,0.001,0
212,338,0,0
220,338,0.017,0
225,338,0.004,0
230,338,0.018,0
235,338,0.001,0
255,338,0.02,0
260,338,0,NA
290,338,0.008,0
305,338,0.001,0
310,338,0.003,0
316,338,0.005,0
317,338,0.001,0
325,338,0.119,0
2,339,0.018,0
20,339,0,0
31,339,0,0
41,339,0.001,0
42,339,0,0
51,339,0,0
52,339,0,0
53,339,0.001,0
70,339,0,0
80,339,0,0
90,339,0,0
91,339,0,0
92,339,0,0
93,339,0,0
94,339,0,0
95,339,0,0
100,339,0,0
101,339,0,0
115,339,0,0
130,339,0,0
135,339,0,0
140,339,0.001,0
145,339,0,0
150,339,0,0
155,339,0,0
160,339,0,0
165,339,0,0
200,339,0.038,0
205,339,0,0
210,339,0.004,0
211,339,0.998,1
212,339,0.001,0
220,339,0.999,1
225,339,0.007,0
230,339,0.056,0
235,339,0.008,0
255,339,0.078,0
260,339,0,NA
290,339,1,1
305,339,0.013,0
310,339,0.021,0
316,339,1,1
317,339,1,1
325,339,1,1
338,339,0,0
2,343,0.003,0
20,343,0,0
31,343,0,0
41,343,0,0
42,343,0,0
51,343,0,0
52,343,0,0
53,343,0,0
70,343,0.001,0
80,343,0.001,0
90,343,0,0
91,343,0,0
92,343,0,0
93,343,0,0
94,343,0,0
95,343,0,0
100,343,0.001,0
101,343,0,0
115,343,0,0
130,343,0,0
135,343,0,0
140,343,0.001,0
145,343,0,0
150,343,0,0
155,343,0,0
160,343,0,0
165,343,0,0
200,343,0.016,0
205,343,0,0
210,343,0.007,0
211,343,0.001,0
212,343,0,0
220,343,0.028,0
225,343,0.007,0
230,343,0.023,0
235,343,0.002,0
255,343,0.048,0
260,343,0,NA
290,343,1,1
305,343,0.003,0
310,343,0.005,0
316,343,1,1
317,343,0.013,0
325,343,1,1
338,343,0.001,0
339,343,1,1
2,344,0.016,0
20,344,0,0
31,344,0,0
41,344,0,0
42,344,0,0
51,344,0.001,0
52,344,0,0
53,344,0,0
70,344,0.001,0
80,344,0,0
90,344,0,0
91,344,0,0
92,344,0,0
93,344,0,0
94,344,0,0
95,344,0,0
100,344,0.001,0
101,344,0,0
115,344,0,0
130,344,0,0
135,344,0,0
140,344,0,0
145,344,0,0
150,344,0,0
155,344,0,0
160,344,0,0
165,344,0.001,0
200,344,1,1
205,344,0.001,0
210,344,0.006,0
211,344,0.998,1
212,344,0.002,0
220,344,0.057,0
225,344,0.015,0
230,344,0.034,0
235,344,0.005,0
255,344,0.069,0
260,344,0,NA
290,344,0.083,0
305,344,0.011,0
310,344,0.048,0
316,344,1,1
317,344,0.044,0
325,344,1,1
338,344,0,0
339,344,0.999,1
343,344,0.005,0
2,345,0.023,0
20,345,0.002,0
31,345,0,0
41,345,0.001,0
42,345,0,0
51,345,0,0
52,345,0,0
53,345,0.001,0
70,345,0.001,0
80,345,0,0
90,345,0,0
91,345,0,0
92,345,0,0
93,345,0,0
94,345,0,0
95,345,0,0
100,345,0,0
101,345,0,0
115,345,0.001,0
130,345,0,0
135,345,0.001,0
140,345,0.002,0
145,345,0,0
150,345,0,0
155,345,0,0
160,345,0,0
165,345,0.001,0
200,345,1,1
205,345,0.001,0
210,345,0.006,0
211,345,1,1
212,345,0,0
220,345,0.061,0
225,345,0.021,0
230,345,0.055,0
235,345,0.012,0
255,345,1,1
260,345,0,NA
290,345,0.067,0
305,345,0.997,1
310,345,0.053,0
316,345,1,1
317,345,1,1
325,345,1,1
338,345,0.001,0
339,345,0.037,0
343,345,0.011,0
344,345,0.023,0
2,346,0.007,0
20,346,0,0
31,346,0,0
41,346,0.001,0
42,346,0,0
51,346,0,0
52,346,0,0
53,346,0,0
70,346,0,0
80,346,0,0
90,346,0,0
91,346,0,0
92,346,0,0
93,346,0,0
94,346,0,0
95,346,0,0
100,346,0,0
101,346,0,0
115,346,0.001,0
130,346,0,0
135,346,0,0
140,346,0.002,0
145,346,0,0
150,346,0,0
155,346,0,0
160,346,0,0
165,346,0,0
200,346,0.01,0
205,346,0,0
210,346,0.002,0
211,346,0.002,0
212,346,0,0
220,346,0.02,0
225,346,0.002,0
230,346,1,1
235,346,0.001,0
255,346,0.026,0
260,346,0,NA
290,346,0.027,0
305,346,0.005,0
310,346,0.016,0
316,346,0.029,0
317,346,0.014,0
325,346,0.182,0
338,346,0.001,0
339,346,0.012,0
343,346,1,1
344,346,0.999,1
345,346,1,1
2,349,0.001,0
20,349,0,0
31,349,0,0
41,349,0,0
42,349,0.001,0
51,349,0.001,0
52,349,0.001,0
53,349,0,0
70,349,0,0
80,349,0.001,0
90,349,0,0
91,349,0,0
92,349,0,0
93,349,0.001,0
94,349,0,0
95,349,0,0
100,349,0,0
101,349,0,0
115,349,0.001,0
130,349,0,0
135,349,0,0
140,349,0.008,0
145,349,0,0
150,349,0,0
155,349,0,0
160,349,0.002,0
165,349,0,0
200,349,0.992,1
205,349,0.004,0
210,349,0,0
211,349,0.984,1
212,349,0,0
220,349,0.997,1
225,349,0.063,0
230,349,0.008,0
235,349,0.969,1
255,349,0.995,1
260,349,0,NA
290,349,0.998,1
305,349,1,1
310,349,0.98,1
316,349,1,1
317,349,1,1
325,349,1,1
338,349,0.002,0
339,349,1,1
343,349,1,1
344,349,1,1
345,349,0.149,0
346,349,1,1
2,350,0.968,1
20,350,0,0
31,350,0.001,0
41,350,0,0
42,350,0.002,0
51,350,0,0
52,350,0,0
53,350,0,0
70,350,0,0
80,350,0,0
90,350,0.001,0
91,350,0,0
92,350,0,0
93,350,0,0
94,350,0.001,0
95,350,0,0
100,350,0.002,0
101,350,0,0
115,350,0.001,0
130,350,0.001,0
135,350,0.001,0
140,350,0.005,0
145,350,0,0
150,350,0,0
155,350,0,0
160,350,0.004,0
165,350,0,0
200,350,0.003,0
205,350,0.004,0
210,350,0.001,0
211,350,0,0
212,350,0.001,0
220,350,0.995,1
225,350,0.022,0
230,350,0.998,1
235,350,0,0
255,350,0.007,0
260,350,0,NA
290,350,0.995,1
305,350,0.016,0
310,350,0.974,1
316,350,0.013,0
317,350,0.003,0
325,350,0.035,0
338,350,0.007,0
339,350,1,1
343,350,0.028,0
344,350,0.032,0
345,350,0.999,1
346,350,1,1
349,350,0.993,1
2,352,0.006,0
20,352,0,0
31,352,0,0
41,352,0,0
42,352,0,0
51,352,0,0
52,352,0,0
53,352,0,0
70,352,0.001,0
80,352,0,0
90,352,0,0
91,352,0,0
92,352,0,0
93,352,0,0
94,352,0,0
95,352,0,0
100,352,0,0
101,352,0,0
115,352,0.001,0
130,352,0,0
135,352,0,0
140,352,0.001,0
145,352,0,0
150,352,0,0
155,352,0,0
160,352,0,0
165,352,0,0
200,352,0.009,0
205,352,0,0
210,352,0.002,0
211,352,0,0
212,352,0,0
220,352,0.983,1
225,352,0.002,0
230,352,0.009,0
235,352,0,0
255,352,0.019,0
260,352,0,NA
290,352,0.014,0
305,352,0,0
310,352,0.001,0
316,352,0.011,0
317,352,0.001,0
325,352,0.039,0
338,352,0,0
339,352,0,0
343,352,0.002,0
344,352,0,0
345,352,0.002,0
346,352,0.001,0
349,352,0,0
350,352,0.013,0
2,355,0.003,0
20,355,0.002,0
31,355,0,0
41,355,0.001,0
42,355,0,0
51,355,0,0
52,355,0,0
53,355,0,0
70,355,0.001,0
80,355,0,0
90,355,0,0
91,355,0.001,0
92,355,0,0
93,355,0,0
94,355,0,0
95,355,0,0
100,355,0,0
101,355,0,0
115,355,0,0
130,355,0,0
135,355,0,0
140,355,0.01,0
145,355,0,0
150,355,0.001,0
155,355,0.003,0
160,355,0.001,0
165,355,0,0
200,355,0.004,0
205,355,0.002,0
210,355,0.001,0
211,355,0,0
212,355,0,0
220,355,0.018,0
225,355,0.015,0
230,355,0.997,1
235,355,0.001,0
255,355,0.01,0
260,355,0,NA
290,355,0.025,0
305,355,0.018,0
310,355,0.004,0
316,355,0.997,1
317,355,0.006,0
325,355,0.999,1
338,355,0.002,0
339,355,1,1
343,355,0.089,0
344,355,0.031,0
345,355,1,1
346,355,1,1
349,355,0.993,1
350,355,0.997,1
352,355,0.004,0
2,359,0.996,1
20,359,0.005,0
31,359,0,0
41,359,0,0
42,359,0,0
51,359,0,0
52,359,0,0
53,359,0,0
70,359,0.001,0
80,359,0,0
90,359,0,0
91,359,0,0
92,359,0,0
93,359,0,0
94,359,0,0
95,359,0,0
100,359,0,0
101,359,0,0
115,359,0,0
130,359,0,0
135,359,0.001,0
140,359,0.006,0
145,359,0,0
150,359,0,0
155,359,0,0
160,359,0.001,0
165,359,0,0
200,359,1,1
205,359,0.002,0
210,359,0.008,0
211,359,0.006,0
212,359,0.001,0
220,359,0.063,0
225,359,0.015,0
230,359,0.05,0
235,359,0.007,0
255,359,1,1
260,359,0,NA
290,359,1,1
305,359,0.002,0
310,359,0.02,0
316,359,0.103,0
317,359,1,1
325,359,1,1
338,359,0,0
339,359,0.011,0
343,359,0.002,0
344,359,0.006,0
345,359,0.015,0
346,359,0.002,0
349,359,0.038,0
350,359,0.996,1
352,359,0.001,0
355,359,0.029,0
2,360,0.003,0
20,360,0.835,1
31,360,0,0
41,360,0.002,0
42,360,0.003,0
51,360,0.001,0
52,360,0,0
53,360,0,0
70,360,0,0
80,360,0,0
90,360,0,0
91,360,0,0
92,360,0,0
93,360,0,0
94,360,0.002,0
95,360,0,0
100,360,0,0
101,360,0,0
115,360,0.001,0
130,360,0,0
135,360,0,0
140,360,0.003,0
145,360,0,0
150,360,0,0
155,360,0.001,0
160,360,0,0
165,360,0,0
200,360,0.002,0
205,360,0.004,0
210,360,0,0
211,360,0,0
212,360,0,0
220,360,0.998,1
225,360,0.016,0
230,360,0.003,0
235,360,0.991,1
255,360,0.006,0
260,360,0,NA
290,360,0.014,0
305,360,0.015,0
310,360,0.992,1
316,360,0.011,0
317,360,1,1
325,360,0.021,0
338,360,0.009,0
339,360,1,1
343,360,0.03,0
344,360,0.024,0
345,360,1,1
346,360,1,1
349,360,0.997,1
350,360,0.998,1
352,360,0.008,0
355,360,0.024,0
359,360,1,1
2,365,0.027,0
20,365,0.002,0
31,365,0.009,0
41,365,0.008,0
42,365,0.006,0
51,365,0.009,0
52,365,0.009,0
53,365,0.012,0
70,365,0.005,0
80,365,0.009,0
90,365,0.018,0
91,365,0.002,0
92,365,0.009,0
93,365,0.003,0
94,365,0.009,0
95,365,0.026,0
100,365,0.021,0
101,365,0.948,1
115,365,0.006,0
130,365,0.019,0
135,365,0.996,1
140,365,0.999,1
145,365,0.008,0
150,365,0.037,0
155,365,0.997,1
160,365,0.014,0
165,365,0.974,1
200,365,0.064,0
205,365,0.011,0
210,365,0.011,0
211,365,0.018,0
212,365,0.012,0
220,365,1,1
225,365,0.025,0
230,365,0.099,0
235,365,1,1
255,365,0.189,0
260,365,0,NA
290,365,1,1
305,365,0.016,0
310,365,1,1
316,365,1,1
317,365,1,1
325,365,0.394,0
338,365,0.013,0
339,365,0.084,0
343,365,1,1
344,365,0.029,0
345,365,0.07,0
346,365,0.007,0
349,365,1,1
350,365,1,1
352,365,0.998,1
355,365,1,1
359,365,1,1
360,365,0.171,0
2,366,0.001,0
20,366,0,0
31,366,0.001,0
41,366,0,0
42,366,0,0
51,366,0,0
52,366,0,0
53,366,0,0
70,366,0,0
80,366,0,0
90,366,0,0
91,366,0,0
92,366,0,0
93,366,0,0
94,366,0,0
95,366,0,0
100,366,0,0
101,366,0,0
115,366,0,0
130,366,0,0
135,366,0,0
140,366,0,0
145,366,0,0
150,366,0,0
155,366,0.001,0
160,366,0,0
165,366,0,0
200,366,0.001,0
205,366,0,0
210,366,0,0
211,366,0.868,1
212,366,0,0
220,366,0.939,1
225,366,0.007,0
230,366,0,0
235,366,0,0
255,366,0.002,0
260,366,0,NA
290,366,0.002,0
305,366,0.007,0
310,366,0,0
316,366,0.992,1
317,366,0,0
325,366,0.997,1
338,366,0,0
339,366,0.002,0
343,366,0,0
344,366,0.002,0
345,366,0.004,0
346,366,0.003,0
349,366,0.936,1
350,366,0,0
352,366,0.001,0
355,366,0,0
359,366,0.004,0
360,366,0.001,0
365,366,0.086,0
2,367,0.001,0
20,367,0,0
31,367,0,0
41,367,0,0
42,367,0,0
51,367,0,0
52,367,0,0
53,367,0,0
70,367,0,0
80,367,0,0
90,367,0.001,0
91,367,0,0
92,367,0,0
93,367,0,0
94,367,0,0
95,367,0,0
100,367,0,0
101,367,0,0
115,367,0,0
130,367,0,0
135,367,0,0
140,367,0.003,0
145,367,0,0
150,367,0.001,0
155,367,0,0
160,367,0.001,0
165,367,0,0
200,367,0.005,0
205,367,0.001,0
210,367,0.825,1
211,367,0.001,0
212,367,0,0
220,367,0.003,0
225,367,0.008,0
230,367,0.001,0
235,367,0,0
255,367,0.007,0
260,367,0,NA
290,367,0.998,1
305,367,0.007,0
310,367,0,0
316,367,0.999,1
317,367,0.002,0
325,367,0.009,0
338,367,0,0
339,367,0.998,1
343,367,0.003,0
344,367,0.999,1
345,367,0.008,0
346,367,0.001,0
349,367,0.989,1
350,367,0.941,1
352,367,0,0
355,367,0,0
359,367,0.994,1
360,367,0,0
365,367,0.21,0
366,367,0.001,0
2,368,0.002,0
20,368,0.001,0
31,368,0,0
41,368,0,0
42,368,0,0
51,368,0,0
52,368,0.001,0
53,368,0,0
70,368,0,0
80,368,0,0
90,368,0.001,0
91,368,0.001,0
92,368,0,0
93,368,0,0
94,368,0,0
95,368,0.001,0
100,368,0,0
101,368,0,0
115,368,0,0
130,368,0,0
135,368,0,0
140,368,0.001,0
145,368,0.001,0
150,368,0,0
155,368,0,0
160,368,0,0
165,368,0,0
200,368,0.992,1
205,368,0.001,0
210,368,0.926,1
211,368,0,0
212,368,0.804,1
220,368,0.01,0
225,368,0.014,0
230,368,0,0
235,368,0.941,1
255,368,0.995,1
260,368,0,NA
290,368,1,1
305,368,0.011,0
310,368,0.002,0
316,368,1,1
317,368,0.999,1
325,368,1,1
338,368,0,0
339,368,1,1
343,368,0.999,1
344,368,0.007,0
345,368,0.018,0
346,368,0.001,0
349,368,1,1
350,368,0.002,0
352,368,0,0
355,368,0.001,0
359,368,1,1
360,368,0.996,1
365,368,0.301,0
366,368,0.001,0
367,368,0.011,0
2,369,0.042,0
20,369,0.008,0
31,369,0.012,0
41,369,0.005,0
42,369,0.006,0
51,369,0.008,0
52,369,0.007,0
53,369,0.006,0
70,369,0.007,0
80,369,0.007,0
90,369,0.004,0
91,369,0.003,0
92,369,0.004,0
93,369,0.003,0
94,369,0.009,0
95,369,0.01,0
100,369,0.004,0
101,369,0.004,0
115,369,0.007,0
130,369,0.007,0
135,369,0.01,0
140,369,0.079,0
145,369,0.006,0
150,369,0.005,0
155,369,0.01,0
160,369,0.998,1
165,369,0.001,0
200,369,0.311,0
205,369,0.041,0
210,369,0.079,0
211,369,0.132,0
212,369,0.044,0
220,369,1,1
225,369,1,1
230,369,0.286,0
235,369,1,1
255,369,1,1
260,369,0,NA
290,369,1,1
305,369,1,1
310,369,1,1
316,369,1,1
317,369,1,1
325,369,1,1
338,369,0.044,0
339,369,1,1
343,369,1,1
344,369,1,1
345,369,1,1
346,369,1,1
349,369,1,1
350,369,1,1
352,369,0.06,0
355,369,1,1
359,369,1,1
360,369,1,1
365,369,1,1
366,369,1,1
367,369,1,1
368,369,1,1
2,370,0.007,0
20,370,0,0
31,370,0,0
41,370,0,0
42,370,0,0
51,370,0,0
52,370,0,0
53,370,0,0
70,370,0,0
80,370,0,0
90,370,0,0
91,370,0,0
92,370,0,0
93,370,0,0
94,370,0,0
95,370,0.001,0
100,370,0,0
101,370,0,0
115,370,0,0
130,370,0.001,0
135,370,0,0
140,370,0.005,0
145,370,0,0
150,370,0,0
155,370,0,0
160,370,0,0
165,370,0,0
200,370,0.019,0
205,370,0,0
210,370,0.001,0
211,370,0.002,0
212,370,0.001,0
220,370,0.996,1
225,370,0.002,0
230,370,0.01,0
235,370,0.001,0
255,370,0.032,0
260,370,0,NA
290,370,0.085,0
305,370,0.001,0
310,370,0.005,0
316,370,0.015,0
317,370,0.004,0
325,370,0.028,0
338,370,0,0
339,370,0,0
343,370,0,0
344,370,0.002,0
345,370,0.001,0
346,370,0,0
349,370,0.005,0
350,370,0.007,0
352,370,0.002,0
355,370,0.005,0
359,370,0.004,0
360,370,0.007,0
365,370,1,1
366,370,0.002,0
367,370,0.01,0
368,370,0.02,0
369,370,1,1
2,371,0.951,1
20,371,0.001,0
31,371,0,0
41,371,0,0
42,371,0,0
51,371,0,0
52,371,0,0
53,371,0,0
70,371,0.001,0
80,371,0,0
90,371,0,0
91,371,0,0
92,371,0,0
93,371,0,0
94,371,0,0
95,371,0,0
100,371,0.001,0
101,371,0,0
115,371,0.001,0
130,371,0,0
135,371,0,0
140,371,0.002,0
145,371,0,0
150,371,0,0
155,371,0,0
160,371,0.001,0
165,371,0,0
200,371,0.991,1
205,371,0,0
210,371,0.002,0
211,371,0.001,0
212,371,0,0
220,371,0.012,0
225,371,0,0
230,371,0.004,0
235,371,0,0
255,371,0.991,1
260,371,0,NA
290,371,0.997,1
305,371,0,0
310,371,0.002,0
316,371,0.007,0
317,371,0.002,0
325,371,0.031,0
338,371,0,0
339,371,0.001,0
343,371,0,0
344,371,0,0
345,371,0.001,0
346,371,0,0
349,371,0.004,0
350,371,0.007,0
352,371,0.924,1
355,371,0.002,0
359,371,0.002,0
360,371,0.003,0
365,371,1,1
366,371,0.933,1
367,371,0.979,1
368,371,0.998,1
369,371,1,1
370,371,0.994,1
2,372,0.005,0
20,372,0,0
31,372,0,0
41,372,0,0
42,372,0,0
51,372,0,0
52,372,0,0
53,372,0,0
70,372,0,0
80,372,0,0
90,372,0,0
91,372,0,0
92,372,0,0
93,372,0,0
94,372,0,0
95,372,0,0
100,372,0,0
101,372,0,0
115,372,0,0
130,372,0,0
135,372,0,0
140,372,0,0
145,372,0,0
150,372,0,0
155,372,0,0
160,372,0.001,0
165,372,0,0
200,372,0.014,0
205,372,0,0
210,372,0.003,0
211,372,0.004,0
212,372,0,0
220,372,0.034,0
225,372,0.006,0
230,372,0.019,0
235,372,0.003,0
255,372,0.038,0
260,372,0,NA
290,372,1,1
305,372,0.002,0
310,372,0.002,0
316,372,1,1
317,372,0.004,0
325,372,1,1
338,372,0.002,0
339,372,0.002,0
343,372,0.001,0
344,372,0.003,0
345,372,0.005,0
346,372,0.001,0
349,372,0.013,0
350,372,0.014,0
352,372,0.003,0
355,372,0.997,1
359,372,0.008,0
360,372,0.999,1
365,372,1,1
366,372,0.985,1
367,372,0.997,1
368,372,1,1
369,372,1,1
370,372,0.005,0
371,372,0.005,0
2,373,0.005,0
20,373,0.003,0
31,373,0,0
41,373,0,0
42,373,0,0
51,373,0,0
52,373,0,0
53,373,0,0
70,373,0,0
80,373,0,0
90,373,0,0
91,373,0,0
92,373,0,0
93,373,0,0
94,373,0,0
95,373,0,0
100,373,0,0
101,373,0,0
115,373,0,0
130,373,0,0
135,373,0.001,0
140,373,0.001,0
145,373,0,0
150,373,0,0
155,373,0,0
160,373,0.001,0
165,373,0,0
200,373,0.996,1
205,373,0,0
210,373,0,0
211,373,0.001,0
212,373,0,0
220,373,0.015,0
225,373,0,0
230,373,0.005,0
235,373,0.001,0
255,373,0.999,1
260,373,0,NA
290,373,0.999,1
305,373,0.001,0
310,373,0,0
316,373,0.013,0
317,373,0.003,0
325,373,0.037,0
338,373,0.001,0
339,373,0.001,0
343,373,0.001,0
344,373,0.002,0
345,373,0,0
346,373,0,0
349,373,0.004,0
350,373,0.005,0
352,373,0,0
355,373,0.998,1
359,373,0.001,0
360,373,0.999,1
365,373,1,1
366,373,0.001,0
367,373,0.992,1
368,373,0.999,1
369,373,1,1
370,373,0.998,1
371,373,0.006,0
372,373,0.998,1
2,375,0.996,1
20,375,0,0
31,375,0,0
41,375,0,0
42,375,0.001,0
51,375,0.001,0
52,375,0,0
53,375,0,0
70,375,0,0
80,375,0,0
90,375,0,0
91,375,0,0
92,375,0.001,0
93,375,0,0
94,375,0,0
95,375,0,0
100,375,0,0
101,375,0,0
115,375,0,0
130,375,0.001,0
135,375,0.001,0
140,375,0.004,0
145,375,0,0
150,375,0,0
155,375,0,0
160,375,0.001,0
165,375,0,0
200,375,0.014,0
205,375,0.001,0
210,375,0.001,0
211,375,0.004,0
212,375,0.002,0
220,375,0.023,0
225,375,0.998,1
230,375,0.022,0
235,375,0.004,0
255,375,1,1
260,375,0,NA
290,375,1,1
305,375,0.001,0
310,375,0.995,1
316,375,0.07,0
317,375,0.999,1
325,375,1,1
338,375,0,0
339,375,0.007,0
343,375,0.001,0
344,375,0.004,0
345,375,0.008,0
346,375,0.001,0
349,375,0.008,0
350,375,0.008,0
352,375,0.001,0
355,375,1,1
359,375,0.006,0
360,375,0.01,0
365,375,0.043,0
366,375,0.036,0
367,375,0.02,0
368,375,1,1
369,375,0.14,0
370,375,0.002,0
371,375,0.004,0
372,375,0.003,0
373,375,0.002,0
2,380,0.998,1
20,380,0.992,1
31,380,0.002,0
41,380,0.001,0
42,380,0.002,0
51,380,0,0
52,380,0.001,0
53,380,0.001,0
70,380,0,0
80,380,0,0
90,380,0.001,0
91,380,0.002,0
92,380,0,0
93,380,0,0
94,380,0,0
95,380,0,0
100,380,0.001,0
101,380,0,0
115,380,0.001,0
130,380,0,0
135,380,0.001,0
140,380,0.993,1
145,380,0,0
150,380,0.001,0
155,380,0.001,0
160,380,0.001,0
165,380,0,0
200,380,1,1
205,380,0.007,0
210,380,0.012,0
211,380,0.021,0
212,380,0.002,0
220,380,1,1
225,380,0.998,1
230,380,1,1
235,380,0.013,0
255,380,0.045,0
260,380,0,NA
290,380,0.077,0
305,380,0.003,0
310,380,1,1
316,380,0.113,0
317,380,0.031,0
325,380,1,1
338,380,0.002,0
339,380,0.011,0
343,380,0.003,0
344,380,0.999,1
345,380,0.01,0
346,380,0.002,0
349,380,0.048,0
350,380,0.011,0
352,380,0.002,0
355,380,1,1
359,380,0.011,0
360,380,0.02,0
365,380,0.046,0
366,380,0.035,0
367,380,0.038,0
368,380,0.028,0
369,380,0.166,0
370,380,0.006,0
371,380,0.001,0
372,380,0.003,0
373,380,0.001,0
375,380,0.034,0
2,385,0.001,0
20,385,0,0
31,385,0,0
41,385,0,0
42,385,0,0
51,385,0,0
52,385,0,0
53,385,0,0
70,385,0,0
80,385,0,0
90,385,0,0
91,385,0,0
92,385,0,0
93,385,0.001,0
94,385,0,0
95,385,0,0
100,385,0,0
101,385,0,0
115,385,0.001,0
130,385,0,0
135,385,0,0
140,385,0.001,0
145,385,0.001,0
150,385,0,0
155,385,0.002,0
160,385,0,0
165,385,0.001,0
200,385,0.002,0
205,385,0.002,0
210,385,0.001,0
211,385,0,0
212,385,0,0
220,385,0.001,0
225,385,0.995,1
230,385,0.976,1
235,385,0,0
255,385,0.002,0
260,385,0,NA
290,385,0.001,0
305,385,0.005,0
310,385,0.001,0
316,385,0.984,1
317,385,0.001,0
325,385,0.003,0
338,385,0,0
339,385,0.002,0
343,385,0.001,0
344,385,0.004,0
345,385,0.996,1
346,385,0,0
349,385,0.844,1
350,385,0,0
352,385,0,0
355,385,0.001,0
359,385,0.005,0
360,385,0,0
365,385,0.02,0
366,385,0.001,0
367,385,0.001,0
368,385,0,0
369,385,0.103,0
370,385,0.001,0
371,385,0,0
372,385,0,0
373,385,0,0
375,385,0.012,0
380,385,0.026,0
2,390,0.91,1
20,390,0,0
31,390,0,0
41,390,0,0
42,390,0,0
51,390,0,0
52,390,0,0
53,390,0,0
70,390,0,0
80,390,0,0
90,390,0,0
91,390,0,0
92,390,0.001,0
93,390,0,0
94,390,0,0
95,390,0,0
100,390,0,0
101,390,0,0
115,390,0,0
130,390,0,0
135,390,0,0
140,390,0,0
145,390,0,0
150,390,0,0
155,390,0,0
160,390,0,0
165,390,0,0
200,390,0.001,0
205,390,0.001,0
210,390,0,0
211,390,0,0
212,390,0,0
220,390,0,0
225,390,0.999,1
230,390,0,0
235,390,0,0
255,390,0.001,0
260,390,0,NA
290,390,0.002,0
305,390,0.002,0
310,390,0,0
316,390,0.002,0
317,390,0,0
325,390,0.003,0
338,390,0,0
339,390,0.003,0
343,390,0.002,0
344,390,0.999,1
345,390,0.005,0
346,390,0.002,0
349,390,0,0
350,390,0.001,0
352,390,0.001,0
355,390,0,0
359,390,0.003,0
360,390,0,0
365,390,1,1
366,390,0.797,1
367,390,0.917,1
368,390,0.962,1
369,390,0.099,0
370,390,0.002,0
371,390,0.001,0
372,390,0.001,0
373,390,0.001,0
375,390,0.007,0
380,390,0.029,0
385,390,0.001,0
2,395,0.003,0
20,395,0,0
31,395,0,0
41,395,0,0
42,395,0,0
51,395,0,0
52,395,0,0
53,395,0,0
70,395,0.001,0
80,395,0,0
90,395,0,0
91,395,0,0
92,395,0,0
93,395,0,0
94,395,0,0
95,395,0,0
100,395,0.001,0
101,395,0,0
115,395,0,0
130,395,0,0
135,395,0,0
140,395,0.002,0
145,395,0.001,0
150,395,0,0
155,395,0,0
160,395,0.003,0
165,395,0,0
200,395,0.002,0
205,395,0.001,0
210,395,0.001,0
211,395,0.001,0
212,395,0,0
220,395,0.001,0
225,395,0.007,0
230,395,0.005,0
235,395,0,0
255,395,0.002,0
260,395,0,NA
290,395,0.004,0
305,395,0.005,0
310,395,0,0
316,395,0.001,0
317,395,0,0
325,395,0.003,0
338,395,0,0
339,395,0.002,0
343,395,0,0
344,395,0.001,0
345,395,0.006,0
346,395,0.004,0
349,395,0,0
350,395,0,0
352,395,0,0
355,395,0,0
359,395,0.002,0
360,395,0.001,0
365,395,0.045,0
366,395,0,0
367,395,0,0
368,395,0,0
369,395,0.139,0
370,395,0.001,0
371,395,0,0
372,395,0.001,0
373,395,0,0
375,395,0.005,0
380,395,0.019,0
385,395,0.001,0
390,395,0.001,0
2,402,0.014,0
20,402,0.001,0
31,402,0,0
41,402,0,0
42,402,0,0
51,402,0,0
52,402,0.001,0
53,402,0,0
70,402,0.001,0
80,402,0,0
90,402,0.002,0
91,402,0,0
92,402,0,0
93,402,0,0
94,402,0,0
95,402,0,0
100,402,0.001,0
101,402,0,0
115,402,0,0
130,402,0,0
135,402,0.002,0
140,402,0.022,0
145,402,0,0
150,402,0.002,0
155,402,0.001,0
160,402,0.001,0
165,402,0.001,0
200,402,0.001,0
205,402,0.001,0
210,402,0,0
211,402,0.002,0
212,402,0,0
220,402,0.004,0
225,402,0,0
230,402,0.012,0
235,402,0.001,0
255,402,0.005,0
260,402,0,NA
290,402,0.001,0
305,402,0.001,0
310,402,0,0
316,402,0.001,0
317,402,0,0
325,402,0.018,0
338,402,0,0
339,402,0,0
343,402,0,0
344,402,0,0
345,402,0,0
346,402,0,0
349,402,0,0
350,402,0.001,0
352,402,0,0
355,402,0.001,0
359,402,0,0
360,402,0.003,0
365,402,0.011,0
366,402,0,0
367,402,0,0
368,402,0,0
369,402,0.015,0
370,402,0,0
371,402,0,0
372,402,0.001,0
373,402,0,0
375,402,0,0
380,402,0.002,0
385,402,0.001,0
390,402,0.001,0
395,402,0,0
2,404,0.003,0
20,404,0,0
31,404,0,0
41,404,0,0
42,404,0,0
51,404,0,0
52,404,0,0
53,404,0,0
70,404,0.001,0
80,404,0,0
90,404,0,0
91,404,0,0
92,404,0,0
93,404,0,0
94,404,0,0
95,404,0.001,0
100,404,0.001,0
101,404,0,0
115,404,0,0
130,404,0,0
135,404,0.001,0
140,404,0.012,0
145,404,0.001,0
150,404,0.001,0
155,404,0,0
160,404,0.001,0
165,404,0,0
200,404,0.005,0
205,404,0,0
210,404,0.002,0
211,404,0.002,0
212,404,0,0
220,404,0.009,0
225,404,0.001,0
230,404,0.006,0
235,404,0.001,0
255,404,0.011,0
260,404,0,NA
290,404,0.005,0
305,404,0,0
310,404,0,0
316,404,0.002,0
317,404,0.001,0
325,404,0.026,0
338,404,0,0
339,404,0,0
343,404,0,0
344,404,0,0
345,404,0.001,0
346,404,0.001,0
349,404,0,0
350,404,0.001,0
352,404,0,0
355,404,0,0
359,404,0,0
360,404,0.003,0
365,404,0.017,0
366,404,0,0
367,404,0,0
368,404,0,0
369,404,0.015,0
370,404,0.001,0
371,404,0,0
372,404,0,0
373,404,0,0
375,404,0.001,0
380,404,0.002,0
385,404,0,0
390,404,0,0
395,404,0,0
402,404,0.001,0
2,411,0.009,0
20,411,0.001,0
31,411,0,0
41,411,0,0
42,411,0.002,0
51,411,0,0
52,411,0.001,0
53,411,0,0
70,411,0.002,0
80,411,0,0
90,411,0,0
91,411,0,0
92,411,0,0
93,411,0,0
94,411,0,0
95,411,0,0
100,411,0,0
101,411,0,0
115,411,0,0
130,411,0,0
135,411,0,0
140,411,0.015,0
145,411,0,0
150,411,0.001,0
155,411,0,0
160,411,0.003,0
165,411,0,0
200,411,0.003,0
205,411,0,0
210,411,0.001,0
211,411,0.001,0
212,411,0,0
220,411,0.005,0
225,411,0.001,0
230,411,0.011,0
235,411,0.001,0
255,411,0.003,0
260,411,0,NA
290,411,0.001,0
305,411,0,0
310,411,0,0
316,411,0,0
317,411,0,0
325,411,0.017,0
338,411,0,0
339,411,0.001,0
343,411,0,0
344,411,0.002,0
345,411,0,0
346,411,0,0
349,411,0.001,0
350,411,0,0
352,411,0,0
355,411,0.001,0
359,411,0,0
360,411,0,0
365,411,0.009,0
366,411,0,0
367,411,0,0
368,411,0,0
369,411,0.011,0
370,411,0,0
371,411,0,0
372,411,0,0
373,411,0.001,0
375,411,0,0
380,411,0.001,0
385,411,0,0
390,411,0,0
395,411,0,0
402,411,0,0
404,411,0.001,0
2,420,0.003,0
20,420,0,0
31,420,0,0
41,420,0,0
42,420,0,0
51,420,0,0
52,420,0,0
53,420,0,0
70,420,0,0
80,420,0,0
90,420,0,0
91,420,0,0
92,420,0,0
93,420,0,0
94,420,0,0
95,420,0,0
100,420,0,0
101,420,0,0
115,420,0,0
130,420,0.001,0
135,420,0,0
140,420,0.013,0
145,420,0.001,0
150,420,0,0
155,420,0.003,0
160,420,0,0
165,420,0,0
200,420,0.001,0
205,420,0,0
210,420,0,0
211,420,0.003,0
212,420,0,0
220,420,0.006,0
225,420,0,0
230,420,0.006,0
235,420,0.001,0
255,420,0.004,0
260,420,0,NA
290,420,0.001,0
305,420,0,0
310,420,0,0
316,420,0.001,0
317,420,0,0
325,420,0.009,0
338,420,0,0
339,420,0.001,0
343,420,0,0
344,420,0,0
345,420,0,0
346,420,0,0
349,420,0,0
350,420,0,0
352,420,0,0
355,420,0,0
359,420,0,0
360,420,0.001,0
365,420,0.003,0
366,420,0,0
367,420,0,0
368,420,0,0
369,420,0.911,1
370,420,0,0
371,420,0,0
372,420,0,0
373,420,0,0
375,420,0,0
380,420,0,0
385,420,0,0
390,420,0,0
395,420,0,0
402,420,0,0
404,420,0,0
411,420,0,0
2,432,0.006,0
20,432,0.001,0
31,432,0,0
41,432,0,0
42,432,0,0
51,432,0,0
52,432,0,0
53,432,0,0
70,432,0.002,0
80,432,0,0
90,432,0,0
91,432,0.001,0
92,432,0,0
93,432,0,0
94,432,0,0
95,432,0,0
100,432,0.001,0
101,432,0,0
115,432,0,0
130,432,0,0
135,432,0.001,0
140,432,0.01,0
145,432,0.002,0
150,432,0,0
155,432,0.001,0
160,432,0.003,0
165,432,0.001,0
200,432,0.007,0
205,432,0.001,0
210,432,0.003,0
211,432,0.002,0
212,432,0,0
220,432,0.008,0
225,432,0.002,0
230,432,0.009,0
235,432,0,0
255,432,0.004,0
260,432,0,NA
290,432,0.001,0
305,432,0.002,0
310,432,0,0
316,432,0.001,0
317,432,0.001,0
325,432,0.021,0
338,432,0,0
339,432,0,0
343,432,0,0
344,432,0,0
345,432,0.001,0
346,432,0.001,0
349,432,0,0
350,432,0.002,0
352,432,0,0
355,432,0,0
359,432,0.001,0
360,432,0,0
365,432,0.013,0
366,432,0,0
367,432,0.001,0
368,432,0.001,0
369,432,0.02,0
370,432,0.001,0
371,432,0,0
372,432,0,0
373,432,0,0
375,432,0.001,0
380,432,0.001,0
385,432,0,0
390,432,0.001,0
395,432,0.001,0
402,432,0.002,0
404,432,0.005,0
411,432,0.002,0
420,432,0.003,0
2,433,0.002,0
20,433,0,0
31,433,0.001,0
41,433,0,0
42,433,0.001,0
51,433,0.001,0
52,433,0,0
53,433,0,0
70,433,0,0
80,433,0,0
90,433,0,0
91,433,0.001,0
92,433,0,0
93,433,0,0
94,433,0.001,0
95,433,0,0
100,433,0,0
101,433,0,0
115,433,0.001,0
130,433,0,0
135,433,0.001,0
140,433,0.009,0
145,433,0,0
150,433,0,0
155,433,0,0
160,433,0,0
165,433,0,0
200,433,0.002,0
205,433,0,0
210,433,0.001,0
211,433,0,0
212,433,0,0
220,433,0.014,0
225,433,0,0
230,433,0.003,0
235,433,0,0
255,433,0.004,0
260,433,0,NA
290,433,0,0
305,433,0.001,0
310,433,0.002,0
316,433,0.001,0
317,433,0,0
325,433,0.012,0
338,433,0,0
339,433,0,0
343,433,0,0
344,433,0,0
345,433,0,0
346,433,0,0
349,433,0,0
350,433,0.001,0
352,433,0,0
355,433,0,0
359,433,0,0
360,433,0.778,1
365,433,0.009,0
366,433,0,0
367,433,0,0
368,433,0,0
369,433,0.01,0
370,433,0.001,0
371,433,0,0
372,433,0,0
373,433,0,0
375,433,0,0
380,433,0.001,0
385,433,0,0
390,433,0,0
395,433,0,0
402,433,0.005,0
404,433,0.017,0
411,433,0.001,0
420,433,0.02,0
432,433,0.013,0
2,434,0.005,0
20,434,0,0
31,434,0,0
41,434,0,0
42,434,0.001,0
51,434,0,0
52,434,0,0
53,434,0.001,0
70,434,0.001,0
80,434,0,0
90,434,0,0
91,434,0.001,0
92,434,0,0
93,434,0,0
94,434,0,0
95,434,0,0
100,434,0,0
101,434,0,0
115,434,0,0
130,434,0.001,0
135,434,0.001,0
140,434,0.018,0
145,434,0.001,0
150,434,0,0
155,434,0,0
160,434,0.002,0
165,434,0,0
200,434,0.003,0
205,434,0.001,0
210,434,0,0
211,434,0.001,0
212,434,0,0
220,434,0.011,0
225,434,0.001,0
230,434,0.013,0
235,434,0.001,0
255,434,0.012,0
260,434,0,NA
290,434,0.004,0
305,434,0.001,0
310,434,0,0
316,434,0.002,0
317,434,0,0
325,434,0.018,0
338,434,0,0
339,434,0,0
343,434,0,0
344,434,0,0
345,434,0.001,0
346,434,0,0
349,434,0,0
350,434,0.002,0
352,434,0,0
355,434,0.001,0
359,434,0,0
360,434,0.002,0
365,434,0.007,0
366,434,0,0
367,434,0,0
368,434,0,0
369,434,0.014,0
370,434,0,0
371,434,0,0
372,434,0,0
373,434,0,0
375,434,0.001,0
380,434,0.001,0
385,434,0,0
390,434,0,0
395,434,0,0
402,434,0.001,0
404,434,0.002,0
411,434,0.002,0
420,434,0,0
432,434,0.004,0
433,434,0.003,0
2,435,0.006,0
20,435,0.001,0
31,435,0,0
41,435,0,0
42,435,0,0
51,435,0,0
52,435,0,0
53,435,0,0
70,435,0,0
80,435,0,0
90,435,0,0
91,435,0,0
92,435,0,0
93,435,0,0
94,435,0,0
95,435,0,0
100,435,0.001,0
101,435,0.001,0
115,435,0,0
130,435,0,0
135,435,0,0
140,435,0.016,0
145,435,0,0
150,435,0,0
155,435,0,0
160,435,0.001,0
165,435,0,0
200,435,0.003,0
205,435,0,0
210,435,0,0
211,435,0.001,0
212,435,0,0
220,435,0.005,0
225,435,0,0
230,435,0.015,0
235,435,0,0
255,435,0.005,0
260,435,0,NA
290,435,0.002,0
305,435,0,0
310,435,0,0
316,435,0,0
317,435,0,0
325,435,0.021,0
338,435,0,0
339,435,0,0
343,435,0,0
344,435,0,0
345,435,0,0
346,435,0,0
349,435,0.001,0
350,435,0,0
352,435,0,0
355,435,0,0
359,435,0,0
360,435,0.002,0
365,435,0.012,0
366,435,0,0
367,435,0,0
368,435,0,0
369,435,0.018,0
370,435,0.001,0
371,435,0,0
372,435,0.001,0
373,435,0,0
375,435,0,0
380,435,0,0
385,435,0,0
390,435,0,0
395,435,0,0
402,435,0,0
404,435,0.001,0
411,435,0,0
420,435,0,0
432,435,0.006,0
433,435,0.008,0
434,435,0.001,0
2,436,0.003,0
20,436,0,0
31,436,0,0
41,436,0,0
42,436,0,0
51,436,0,0
52,436,0,0
53,436,0,0
70,436,0.001,0
80,436,0,0
90,436,0,0
91,436,0.001,0
92,436,0,0
93,436,0,0
94,436,0,0
95,436,0,0
100,436,0,0
101,436,0,0
115,436,0.001,0
130,436,0.001,0
135,436,0.001,0
140,436,0.007,0
145,436,0,0
150,436,0,0
155,436,0,0
160,436,0.002,0
165,436,0.001,0
200,436,0.001,0
205,436,0,0
210,436,0.001,0
211,436,0.001,0
212,436,0,0
220,436,0.004,0
225,436,0,0
230,436,0.006,0
235,436,0.003,0
255,436,0.009,0
260,436,0,NA
290,436,0.001,0
305,436,0.001,0
310,436,0,0
316,436,0.002,0
317,436,0.001,0
325,436,0.02,0
338,436,0,0
339,436,0,0
343,436,0,0
344,436,0.001,0
345,436,0,0
346,436,0,0
349,436,0.001,0
350,436,0.002,0
352,436,0.001,0
355,436,0,0
359,436,0,0
360,436,0.002,0
365,436,0.006,0
366,436,0.002,0
367,436,0.001,0
368,436,0,0
369,436,0.012,0
370,436,0,0
371,436,0,0
372,436,0,0
373,436,0,0
375,436,0,0
380,436,0,0
385,436,0.001,0
390,436,0,0
395,436,0,0
402,436,0.001,0
404,436,0,0
411,436,0,0
420,436,0,0
432,436,0.008,0
433,436,0.002,0
434,436,0.007,0
435,436,0.002,0
2,437,0.004,0
20,437,0,0
31,437,0,0
41,437,0,0
42,437,0,0
51,437,0,0
52,437,0,0
53,437,0,0
70,437,0.003,0
80,437,0,0
90,437,0,0
91,437,0,0
92,437,0,0
93,437,0,0
94,437,0,0
95,437,0.001,0
100,437,0,0
101,437,0,0
115,437,0,0
130,437,0,0
135,437,0,0
140,437,0.051,0
145,437,0,0
150,437,0,0
155,437,0,0
160,437,0,0
165,437,0,0
200,437,0.003,0
205,437,0,0
210,437,0.002,0
211,437,0,0
212,437,0,0
220,437,0.007,0
225,437,0.001,0
230,437,0.005,0
235,437,0,0
255,437,0.007,0
260,437,0,NA
290,437,0.001,0
305,437,0.001,0
310,437,0,0
316,437,0,0
317,437,0.001,0
325,437,0.022,0
338,437,0,0
339,437,0,0
343,437,0,0
344,437,0,0
345,437,0.001,0
346,437,0,0
349,437,0,0
350,437,0.002,0
352,437,0,0
355,437,0,0
359,437,0,0
360,437,0.001,0
365,437,0.017,0
366,437,0,0
367,437,0.001,0
368,437,0.001,0
369,437,0.011,0
370,437,0,0
371,437,0,0
372,437,0,0
373,437,0,0
375,437,0,0
380,437,0,0
385,437,0.001,0
390,437,0,0
395,437,0,0
402,437,0,0
404,437,0.001,0
411,437,0,0
420,437,0.003,0
432,437,0.005,0
433,437,0.003,0
434,437,0.001,0
435,437,0.003,0
436,437,0.001,0
2,438,0.008,0
20,438,0,0
31,438,0,0
41,438,0,0
42,438,0,0
51,438,0,0
52,438,0,0
53,438,0,0
70,438,0.001,0
80,438,0,0
90,438,0,0
91,438,0.001,0
92,438,0,0
93,438,0,0
94,438,0,0
95,438,0,0
100,438,0,0
101,438,0,0
115,438,0,0
130,438,0,0
135,438,0,0
140,438,0.015,0
145,438,0,0
150,438,0,0
155,438,0.001,0
160,438,0.003,0
165,438,0,0
200,438,0.002,0
205,438,0,0
210,438,0,0
211,438,0,0
212,438,0,0
220,438,0.006,0
225,438,0,0
230,438,0.008,0
235,438,0.001,0
255,438,0.003,0
260,438,0,NA
290,438,0.001,0
305,438,0,0
310,438,0.001,0
316,438,0,0
317,438,0,0
325,438,0.008,0
338,438,0,0
339,438,0,0
343,438,0,0
344,438,0,0
345,438,0.001,0
346,438,0,0
349,438,0,0
350,438,0.002,0
352,438,0,0
355,438,0,0
359,438,0,0
360,438,0,0
365,438,0.012,0
366,438,0,0
367,438,0,0
368,438,0.001,0
369,438,0.01,0
370,438,0,0
371,438,0,0
372,438,0,0
373,438,0.001,0
375,438,0,0
380,438,0,0
385,438,0,0
390,438,0,0
395,438,0,0
402,438,0,0
404,438,0.001,0
411,438,0.001,0
420,438,0.001,0
432,438,0.007,0
433,438,0.013,0
434,438,0.002,0
435,438,0.001,0
436,438,0.002,0
437,438,0,0
2,439,0.004,0
20,439,0.001,0
31,439,0,0
41,439,0,0
42,439,0,0
51,439,0,0
52,439,0,0
53,439,0,0
70,439,0.002,0
80,439,0,0
90,439,0,0
91,439,0,0
92,439,0,0
93,439,0,0
94,439,0,0
95,439,0,0
100,439,0.001,0
101,439,0,0
115,439,0,0
130,439,0,0
135,439,0.001,0
140,439,0.014,0
145,439,0,0
150,439,0.001,0
155,439,0.001,0
160,439,0,0
165,439,0,0
200,439,0.004,0
205,439,0,0
210,439,0.001,0
211,439,0.001,0
212,439,0,0
220,439,0.01,0
225,439,0,0
230,439,0.012,0
235,439,0,0
255,439,0.005,0
260,439,0,NA
290,439,0.002,0
305,439,0,0
310,439,0,0
316,439,0.001,0
317,439,0,0
325,439,0.013,0
338,439,0,0
339,439,0,0
343,439,0,0
344,439,0,0
345,439,0,0
346,439,0,0
349,439,0,0
350,439,0.001,0
352,439,0,0
355,439,0,0
359,439,0,0
360,439,0.001,0
365,439,0.012,0
366,439,0,0
367,439,0,0
368,439,0.002,0
369,439,0.014,0
370,439,0,0
371,439,0,0
372,439,0,0
373,439,0,0
375,439,0,0
380,439,0.002,0
385,439,0,0
390,439,0,0
395,439,0,0
402,439,0.001,0
404,439,0,0
411,439,0,0
420,439,0,0
432,439,0.01,0
433,439,0.004,0
434,439,0.004,0
435,439,0.002,0
436,439,0.007,0
437,439,0.001,0
438,439,0,0
2,450,0.025,0
20,450,0.001,0
31,450,0,0
41,450,0,0
42,450,0,0
51,450,0,0
52,450,0,0
53,450,0,0
70,450,0.003,0
80,450,0,0
90,450,0,0
91,450,0,0
92,450,0,0
93,450,0,0
94,450,0,0
95,450,0,0
100,450,0.001,0
101,450,0,0
115,450,0,0
130,450,0,0
135,450,0.002,0
140,450,0.015,0
145,450,0,0
150,450,0,0
155,450,0,0
160,450,0.002,0
165,450,0.001,0
200,450,0.002,0
205,450,0,0
210,450,0,0
211,450,0,0
212,450,0,0
220,450,0.006,0
225,450,0.002,0
230,450,0.006,0
235,450,0.002,0
255,450,0.005,0
260,450,0,NA
290,450,0.003,0
305,450,0.001,0
310,450,0,0
316,450,0.001,0
317,450,0.002,0
325,450,0.02,0
338,450,0,0
339,450,0,0
343,450,0.001,0
344,450,0,0
345,450,0,0
346,450,0,0
349,450,0.001,0
350,450,0.001,0
352,450,0,0
355,450,0.001,0
359,450,0,0
360,450,0.002,0
365,450,0.009,0
366,450,0,0
367,450,0,0
368,450,0.001,0
369,450,0.021,0
370,450,0,0
371,450,0,0
372,450,0.001,0
373,450,0,0
375,450,0.002,0
380,450,0.001,0
385,450,0,0
390,450,0.001,0
395,450,0,0
402,450,0.003,0
404,450,0.002,0
411,450,0.002,0
420,450,0.002,0
432,450,0.005,0
433,450,0.003,0
434,450,0,0
435,450,0.002,0
436,450,0.003,0
437,450,0.004,0
438,450,0.001,0
439,450,0,0
2,451,0.001,0
20,451,0,0
31,451,0,0
41,451,0,0
42,451,0.001,0
51,451,0.001,0
52,451,0,0
53,451,0,0
70,451,0.002,0
80,451,0,0
90,451,0.002,0
91,451,0,0
92,451,0,0
93,451,0.001,0
94,451,0,0
95,451,0,0
100,451,0.001,0
101,451,0,0
115,451,0,0
130,451,0,0
135,451,0,0
140,451,0.014,0
145,451,0,0
150,451,0,0
155,451,0,0
160,451,0.001,0
165,451,0,0
200,451,0.007,0
205,451,0,0
210,451,0.002,0
211,451,0,0
212,451,0,0
220,451,0.009,0
225,451,0,0
230,451,0.008,0
235,451,0,0
255,451,0.006,0
260,451,0,NA
290,451,0.002,0
305,451,0.001,0
310,451,0.002,0
316,451,0.003,0
317,451,0,0
325,451,0.015,0
338,451,0,0
339,451,0,0
343,451,0.001,0
344,451,0,0
345,451,0,0
346,451,0,0
349,451,0,0
350,451,0.001,0
352,451,0,0
355,451,0.001,0
359,451,0,0
360,451,0.004,0
365,451,0.008,0
366,451,0,0
367,451,0,0
368,451,0.001,0
369,451,0.011,0
370,451,0.001,0
371,451,0,0
372,451,0.001,0
373,451,0,0
375,451,0.001,0
380,451,0,0
385,451,0,0
390,451,0.002,0
395,451,0,0
402,451,0.002,0
404,451,0.004,0
411,451,0.002,0
420,451,0.002,0
432,451,0.006,0
433,451,0.007,0
434,451,0.002,0
435,451,0.002,0
436,451,0.003,0
437,451,0.004,0
438,451,0.021,0
439,451,0.003,0
450,451,0.006,0
2,452,0.006,0
20,452,0,0
31,452,0,0
41,452,0,0
42,452,0,0
51,452,0,0
52,452,0,0
53,452,0,0
70,452,0.006,0
80,452,0,0
90,452,0,0
91,452,0,0
92,452,0,0
93,452,0,0
94,452,0,0
95,452,0,0
100,452,0.002,0
101,452,0,0
115,452,0,0
130,452,0,0
135,452,0,0
140,452,0.013,0
145,452,0.001,0
150,452,0.002,0
155,452,0.002,0
160,452,0,0
165,452,0,0
200,452,0.002,0
205,452,0,0
210,452,0,0
211,452,0,0
212,452,0,0
220,452,0.011,0
225,452,0,0
230,452,0.008,0
235,452,0.001,0
255,452,0.003,0
260,452,0,NA
290,452,0.001,0
305,452,0,0
310,452,0.001,0
316,452,0.003,0
317,452,0.001,0
325,452,0.02,0
338,452,0.001,0
339,452,0,0
343,452,0,0
344,452,0,0
345,452,0,0
346,452,0,0
349,452,0,0
350,452,0.001,0
352,452,0,0
355,452,0.001,0
359,452,0,0
360,452,0.001,0
365,452,0.013,0
366,452,0.001,0
367,452,0,0
368,452,0,0
369,452,0.015,0
370,452,0,0
371,452,0,0
372,452,0,0
373,452,0,0
375,452,0.001,0
380,452,0.002,0
385,452,0,0
390,452,0,0
395,452,0,0
402,452,0.002,0
404,452,0.004,0
411,452,0.005,0
420,452,0.001,0
432,452,0.007,0
433,452,0.002,0
434,452,0.027,0
435,452,0.001,0
436,452,0.011,0
437,452,0.008,0
438,452,0.006,0
439,452,0.013,0
450,452,0.002,0
451,452,0.004,0
2,461,0.005,0
20,461,0,0
31,461,0,0
41,461,0,0
42,461,0,0
51,461,0,0
52,461,0.001,0
53,461,0,0
70,461,0,0
80,461,0,0
90,461,0,0
91,461,0,0
92,461,0,0
93,461,0,0
94,461,0,0
95,461,0,0
100,461,0,0
101,461,0,0
115,461,0,0
130,461,0,0
135,461,0,0
140,461,0.02,0
145,461,0,0
150,461,0.001,0
155,461,0.001,0
160,461,0.002,0
165,461,0,0
200,461,0.003,0
205,461,0,0
210,461,0,0
211,461,0.001,0
212,461,0,0
220,461,0.01,0
225,461,0.001,0
230,461,0.014,0
235,461,0.001,0
255,461,0.008,0
260,461,0,NA
290,461,0.001,0
305,461,0.001,0
310,461,0,0
316,461,0.001,0
317,461,0,0
325,461,0.021,0
338,461,0,0
339,461,0.001,0
343,461,0,0
344,461,0,0
345,461,0.001,0
346,461,0,0
349,461,0,0
350,461,0.001,0
352,461,0.001,0
355,461,0.001,0
359,461,0,0
360,461,0,0
365,461,0.01,0
366,461,0.001,0
367,461,0,0
368,461,0,0
369,461,0.028,0
370,461,0.001,0
371,461,0,0
372,461,0,0
373,461,0,0
375,461,0,0
380,461,0.001,0
385,461,0,0
390,461,0,0
395,461,0,0
402,461,0.001,0
404,461,0,0
411,461,0,0
420,461,0.001,0
432,461,0.003,0
433,461,0.002,0
434,461,0.029,0
435,461,0.001,0
436,461,0.004,0
437,461,0.003,0
438,461,0.001,0
439,461,0.002,0
450,461,0.001,0
451,461,0.003,0
452,461,0.027,0
2,471,0.005,0
20,471,0.001,0
31,471,0,0
41,471,0,0
42,471,0,0
51,471,0,0
52,471,0,0
53,471,0,0
70,471,0.001,0
80,471,0,0
90,471,0,0
91,471,0,0
92,471,0,0
93,471,0,0
94,471,0,0
95,471,0,0
100,471,0,0
101,471,0,0
115,471,0,0
130,471,0,0
135,471,0.001,0
140,471,0.012,0
145,471,0.001,0
150,471,0,0
155,471,0.001,0
160,471,0.001,0
165,471,0.001,0
200,471,0.006,0
205,471,0,0
210,471,0.001,0
211,471,0.001,0
212,471,0,0
220,471,0.006,0
225,471,0,0
230,471,0.004,0
235,471,0,0
255,471,0.005,0
260,471,0,NA
290,471,0.005,0
305,471,0,0
310,471,0,0
316,471,0.003,0
317,471,0,0
325,471,0.033,0
338,471,0,0
339,471,0,0
343,471,0,0
344,471,0.001,0
345,471,0,0
346,471,0.001,0
349,471,0,0
350,471,0.002,0
352,471,0,0
355,471,0,0
359,471,0,0
360,471,0.003,0
365,471,0.009,0
366,471,0,0
367,471,0,0
368,471,0,0
369,471,0.017,0
370,471,0,0
371,471,0,0
372,471,0,0
373,471,0,0
375,471,0,0
380,471,0.003,0
385,471,0.001,0
390,471,0,0
395,471,0,0
402,471,0,0
404,471,0,0
411,471,0.007,0
420,471,0,0
432,471,0,0
433,471,0.001,0
434,471,0.004,0
435,471,0.001,0
436,471,0.001,0
437,471,0,0
438,471,0,0
439,471,0.001,0
450,471,0.001,0
451,471,0.002,0
452,471,0.004,0
461,471,0,0
2,475,0.014,0
20,475,0.001,0
31,475,0.001,0
41,475,0,0
42,475,0.001,0
51,475,0.001,0
52,475,0.001,0
53,475,0,0
70,475,0.001,0
80,475,0.002,0
90,475,0,0
91,475,0,0
92,475,0,0
93,475,0,0
94,475,0,0
95,475,0.001,0
100,475,0,0
101,475,0.001,0
115,475,0,0
130,475,0,0
135,475,0,0
140,475,0.017,0
145,475,0,0
150,475,0,0
155,475,0.005,0
160,475,0.002,0
165,475,0.003,0
200,475,0.005,0
205,475,0,0
210,475,0.005,0
211,475,0.001,0
212,475,0,0
220,475,0.015,0
225,475,0.003,0
230,475,0.01,0
235,475,0.001,0
255,475,0.008,0
260,475,0,NA
290,475,0.006,0
305,475,0,0
310,475,0,0
316,475,0.002,0
317,475,0.002,0
325,475,0.037,0
338,475,0,0
339,475,0,0
343,475,0,0
344,475,0,0
345,475,0,0
346,475,0,0
349,475,0,0
350,475,0,0
352,475,0.001,0
355,475,0.003,0
359,475,0,0
360,475,0.004,0
365,475,0.015,0
366,475,0,0
367,475,0,0
368,475,0.001,0
369,475,0.013,0
370,475,0.001,0
371,475,0,0
372,475,0,0
373,475,0,0
375,475,0,0
380,475,0.004,0
385,475,0.001,0
390,475,0,0
395,475,0.001,0
402,475,0.003,0
404,475,0.004,0
411,475,0.005,0
420,475,0.003,0
432,475,0.013,0
433,475,0.003,0
434,475,0.024,0
435,475,0.004,0
436,475,0.015,0
437,475,0.007,0
438,475,0.002,0
439,475,0.006,0
450,475,0.003,0
451,475,0.002,0
452,475,0.011,0
461,475,0.016,0
471,475,0.006,0
2,481,0.007,0
20,481,0,0
31,481,0,0
41,481,0,0
42,481,0,0
51,481,0,0
52,481,0,0
53,481,0,0
70,481,0.002,0
80,481,0,0
90,481,0,0
91,481,0,0
92,481,0,0
93,481,0,0
94,481,0,0
95,481,0,0
100,481,0,0
101,481,0,0
115,481,0,0
130,481,0.001,0
135,481,0.001,0
140,481,0.018,0
145,481,0.001,0
150,481,0,0
155,481,0.001,0
160,481,0.001,0
165,481,0,0
200,481,0.003,0
205,481,0,0
210,481,0.001,0
211,481,0.001,0
212,481,0,0
220,481,0.015,0
225,481,0,0
230,481,0.007,0
235,481,0,0
255,481,0.004,0
260,481,0,NA
290,481,0.007,0
305,481,0.001,0
310,481,0,0
316,481,0.003,0
317,481,0.002,0
325,481,0.027,0
338,481,0,0
339,481,0,0
343,481,0,0
344,481,0,0
345,481,0,0
346,481,0,0
349,481,0.001,0
350,481,0,0
352,481,0,0
355,481,0.001,0
359,481,0,0
360,481,0.001,0
365,481,0.011,0
366,481,0,0
367,481,0,0
368,481,0.001,0
369,481,0.017,0
370,481,0,0
371,481,0,0
372,481,0,0
373,481,0,0
375,481,0.001,0
380,481,0.003,0
385,481,0,0
390,481,0,0
395,481,0,0
402,481,0.001,0
404,481,0,0
411,481,0,0
420,481,0,0
432,481,0.002,0
433,481,0.003,0
434,481,0.002,0
435,481,0,0
436,481,0.002,0
437,481,0,0
438,481,0,0
439,481,0,0
450,481,0.001,0
451,481,0,0
452,481,0.001,0
461,481,0.001,0
471,481,0.005,0
475,481,0.007,0
2,482,0.004,0
20,482,0,0
31,482,0,0
41,482,0,0
42,482,0,0
51,482,0,0
52,482,0,0
53,482,0,0
70,482,0.002,0
80,482,0,0
90,482,0,0
91,482,0,0
92,482,0,0
93,482,0,0
94,482,0,0
95,482,0,0
100,482,0.002,0
101,482,0,0
115,482,0,0
130,482,0,0
135,482,0.002,0
140,482,0.011,0
145,482,0,0
150,482,0,0
155,482,0.001,0
160,482,0.001,0
165,482,0.001,0
200,482,0.003,0
205,482,0,0
210,482,0.001,0
211,482,0.001,0
212,482,0,0
220,482,0.02,0
225,482,0,0
230,482,0.009,0
235,482,0,0
255,482,0.006,0
260,482,0,NA
290,482,0.004,0
305,482,0,0
310,482,0,0
316,482,0.002,0
317,482,0,0
325,482,0.017,0
338,482,0,0
339,482,0,0
343,482,0,0
344,482,0,0
345,482,0,0
346,482,0,0
349,482,0.001,0
350,482,0.001,0
352,482,0,0
355,482,0.001,0
359,482,0,0
360,482,0.001,0
365,482,0.005,0
366,482,0,0
367,482,0,0
368,482,0,0
369,482,0.014,0
370,482,0,0
371,482,0,0
372,482,0,0
373,482,0,0
375,482,0,0
380,482,0.001,0
385,482,0,0
390,482,0,0
395,482,0,0
402,482,0,0
404,482,0,0
411,482,0,0
420,482,0,0
432,482,0.002,0
433,482,0.001,0
434,482,0.003,0
435,482,0.001,0
436,482,0.001,0
437,482,0,0
438,482,0.001,0
439,482,0,0
450,482,0.001,0
451,482,0,0
452,482,0.003,0
461,482,0,0
471,482,0.001,0
475,482,0.009,0
481,482,0.001,0
2,483,0.006,0
20,483,0,0
31,483,0,0
41,483,0,0
42,483,0,0
51,483,0,0
52,483,0,0
53,483,0,0
70,483,0.001,0
80,483,0,0
90,483,0,0
91,483,0,0
92,483,0,0
93,483,0,0
94,483,0,0
95,483,0,0
100,483,0,0
101,483,0,0
115,483,0,0
130,483,0,0
135,483,0.002,0
140,483,0.01,0
145,483,0,0
150,483,0,0
155,483,0.001,0
160,483,0.003,0
165,483,0,0
200,483,0.002,0
205,483,0,0
210,483,0,0
211,483,0.001,0
212,483,0,0
220,483,0.006,0
225,483,0.001,0
230,483,0.004,0
235,483,0,0
255,483,0.003,0
260,483,0,NA
290,483,0.005,0
305,483,0.001,0
310,483,0,0
316,483,0,0
317,483,0.001,0
325,483,0.019,0
338,483,0,0
339,483,0,0
343,483,0,0
344,483,0,0
345,483,0,0
346,483,0,0
349,483,0.003,0
350,483,0.002,0
352,483,0,0
355,483,0.002,0
359,483,0,0
360,483,0.001,0
365,483,0.014,0
366,483,0,0
367,483,0.001,0
368,483,0,0
369,483,0.013,0
370,483,0,0
371,483,0,0
372,483,0,0
373,483,0,0
375,483,0,0
380,483,0,0
385,483,0,0
390,483,0,0
395,483,0,0
402,483,0,0
404,483,0,0
411,483,0.001,0
420,483,0,0
432,483,0.002,0
433,483,0,0
434,483,0,0
435,483,0,0
436,483,0.002,0
437,483,0,0
438,483,0.001,0
439,483,0,0
450,483,0,0
451,483,0.002,0
452,483,0.002,0
461,483,0,0
471,483,0.001,0
475,483,0.009,0
481,483,0,0
482,483,0.002,0
2,484,0.004,0
20,484,0,0
31,484,0,0
41,484,0,0
42,484,0.003,0
51,484,0,0
52,484,0,0
53,484,0,0
70,484,0.001,0
80,484,0,0
90,484,0,0
91,484,0,0
92,484,0,0
93,484,0,0
94,484,0,0
95,484,0,0
100,484,0.001,0
101,484,0,0
115,484,0,0
130,484,0,0
135,484,0,0
140,484,0.008,0
145,484,0,0
150,484,0,0
155,484,0,0
160,484,0.001,0
165,484,0,0
200,484,0.004,0
205,484,0,0
210,484,0,0
211,484,0,0
212,484,0,0
220,484,0.004,0
225,484,0,0
230,484,0.005,0
235,484,0,0
255,484,0.002,0
260,484,0,NA
290,484,0.002,0
305,484,0,0
310,484,0,0
316,484,0,0
317,484,0,0
325,484,0.016,0
338,484,0,0
339,484,0,0
343,484,0,0
344,484,0,0
345,484,0.001,0
346,484,0,0
349,484,0,0
350,484,0,0
352,484,0,0
355,484,0,0
359,484,0,0
360,484,0,0
365,484,0.019,0
366,484,0,0
367,484,0,0
368,484,0.001,0
369,484,0.009,0
370,484,0.002,0
371,484,0,0
372,484,0.001,0
373,484,0,0
375,484,0,0
380,484,0,0
385,484,0,0
390,484,0,0
395,484,0,0
402,484,0,0
404,484,0.001,0
411,484,0.001,0
420,484,0,0
432,484,0.002,0
433,484,0,0
434,484,0.001,0
435,484,0,0
436,484,0.001,0
437,484,0,0
438,484,0,0
439,484,0,0
450,484,0,0
451,484,0.001,0
452,484,0.001,0
461,484,0,0
471,484,0,0
475,484,0.003,0
481,484,0,0
482,484,0.001,0
483,484,0.002,0
2,490,0.005,0
20,490,0,0
31,490,0,0
41,490,0.001,0
42,490,0,0
51,490,0,0
52,490,0,0
53,490,0,0
70,490,0.003,0
80,490,0,0
90,490,0,0
91,490,0,0
92,490,0,0
93,490,0,0
94,490,0,0
95,490,0,0
100,490,0.001,0
101,490,0,0
115,490,0,0
130,490,0.001,0
135,490,0,0
140,490,0.009,0
145,490,0.001,0
150,490,0,0
155,490,0,0
160,490,0.003,0
165,490,0,0
200,490,0.004,0
205,490,0,0
210,490,0.002,0
211,490,0.002,0
212,490,0,0
220,490,0.01,0
225,490,0.001,0
230,490,0.006,0
235,490,0,0
255,490,0.01,0
260,490,0,NA
290,490,0.004,0
305,490,0,0
310,490,0,0
316,490,0,0
317,490,0,0
325,490,0.024,0
338,490,0,0
339,490,0,0
343,490,0,0
344,490,0,0
345,490,0,0
346,490,0,0
349,490,0,0
350,490,0,0
352,490,0,0
355,490,0.001,0
359,490,0,0
360,490,0.002,0
365,490,0.01,0
366,490,0,0
367,490,0,0
368,490,0,0
369,490,0.017,0
370,490,0.001,0
371,490,0,0
372,490,0,0
373,490,0,0
375,490,0.001,0
380,490,0.001,0
385,490,0,0
390,490,0,0
395,490,0,0
402,490,0,0
404,490,0,0
411,490,0.002,0
420,490,0,0
432,490,0.004,0
433,490,0.001,0
434,490,0.005,0
435,490,0,0
436,490,0.003,0
437,490,0.002,0
438,490,0.001,0
439,490,0.001,0
450,490,0,0
451,490,0.001,0
452,490,0.002,0
461,490,0.001,0
471,490,0.004,0
475,490,0.006,0
481,490,0.006,0
482,490,0.005,0
483,490,0.003,0
484,490,0.211,0
2,500,0.005,0
20,500,0,0
31,500,0,0
41,500,0,0
42,500,0,0
51,500,0,0
52,500,0,0
53,500,0,0
70,500,0,0
80,500,0,0
90,500,0,0
91,500,0,0
92,500,0,0
93,500,0,0
94,500,0,0
95,500,0,0
100,500,0.002,0
101,500,0,0
115,500,0,0
130,500,0,0
135,500,0.001,0
140,500,0.004,0
145,500,0,0
150,500,0,0
155,500,0.001,0
160,500,0,0
165,500,0,0
200,500,0.001,0
205,500,0,0
210,500,0,0
211,500,0,0
212,500,0,0
220,500,0.002,0
225,500,0,0
230,500,0.003,0
235,500,0,0
255,500,0.003,0
260,500,0,NA
290,500,0,0
305,500,0,0
310,500,0.001,0
316,500,0.002,0
317,500,0.001,0
325,500,0.01,0
338,500,0,0
339,500,0,0
343,500,0.001,0
344,500,0,0
345,500,0,0
346,500,0,0
349,500,0,0
350,500,0,0
352,500,0,0
355,500,0.002,0
359,500,0,0
360,500,0,0
365,500,0.008,0
366,500,0,0
367,500,0,0
368,500,0.001,0
369,500,0.013,0
370,500,0,0
371,500,0,0
372,500,0,0
373,500,0,0
375,500,0.002,0
380,500,0.002,0
385,500,0.001,0
390,500,0,0
395,500,0,0
402,500,0,0
404,500,0,0
411,500,0,0
420,500,0,0
432,500,0.002,0
433,500,0,0
434,500,0.004,0
435,500,0,0
436,500,0.002,0
437,500,0,0
438,500,0,0
439,500,0.001,0
450,500,0.001,0
451,500,0.002,0
452,500,0,0
461,500,0,0
471,500,0,0
475,500,0.002,0
481,500,0,0
482,500,0,0
483,500,0,0
484,500,0.001,0
490,500,0.004,0
2,501,0.004,0
20,501,0,0
31,501,0.001,0
41,501,0,0
42,501,0,0
51,501,0,0
52,501,0,0
53,501,0,0
70,501,0.005,0
80,501,0,0
90,501,0,0
91,501,0,0
92,501,0,0
93,501,0,0
94,501,0,0
95,501,0,0
100,501,0,0
101,501,0,0
115,501,0,0
130,501,0,0
135,501,0.001,0
140,501,0.007,0
145,501,0,0
150,501,0,0
155,501,0,0
160,501,0.001,0
165,501,0,0
200,501,0.003,0
205,501,0,0
210,501,0.002,0
211,501,0,0
212,501,0,0
220,501,0.003,0
225,501,0,0
230,501,0.003,0
235,501,0.001,0
255,501,0.003,0
260,501,0,NA
290,501,0.002,0
305,501,0,0
310,501,0,0
316,501,0.003,0
317,501,0,0
325,501,0.012,0
338,501,0,0
339,501,0,0
343,501,0,0
344,501,0,0
345,501,0,0
346,501,0,0
349,501,0,0
350,501,0,0
352,501,0,0
355,501,0.001,0
359,501,0,0
360,501,0.002,0
365,501,0.009,0
366,501,0.001,0
367,501,0,0
368,501,0,0
369,501,0.004,0
370,501,0,0
371,501,0,0
372,501,0.002,0
373,501,0,0
375,501,0,0
380,501,0,0
385,501,0,0
390,501,0,0
395,501,0.002,0
402,501,0,0
404,501,0,0
411,501,0.002,0
420,501,0.003,0
432,501,0.001,0
433,501,0.001,0
434,501,0.003,0
435,501,0.003,0
436,501,0.003,0
437,501,0,0
438,501,0.003,0
439,501,0.001,0
450,501,0.002,0
451,501,0.002,0
452,501,0.003,0
461,501,0.003,0
471,501,0.002,0
475,501,0.004,0
481,501,0.003,0
482,501,0.004,0
483,501,0.002,0
484,501,0.003,0
490,501,0.003,0
500,501,0.021,0
2,510,0.004,0
20,510,0.001,0
31,510,0,0
41,510,0,0
42,510,0.002,0
51,510,0,0
52,510,0,0
53,510,0,0
70,510,0,0
80,510,0,0
90,510,0,0
91,510,0.001,0
92,510,0,0
93,510,0,0
94,510,0,0
95,510,0,0
100,510,0,0
101,510,0,0
115,510,0,0
130,510,0,0
135,510,0,0
140,510,0.013,0
145,510,0,0
150,510,0,0
155,510,0.001,0
160,510,0.001,0
165,510,0,0
200,510,0.002,0
205,510,0,0
210,510,0.001,0
211,510,0.001,0
212,510,0.001,0
220,510,0.002,0
225,510,0.001,0
230,510,0.002,0
235,510,0,0
255,510,0,0
260,510,0,NA
290,510,0.002,0
305,510,0,0
310,510,0,0
316,510,0.002,0
317,510,0,0
325,510,0.008,0
338,510,0.001,0
339,510,0,0
343,510,0,0
344,510,0,0
345,510,0.001,0
346,510,0,0
349,510,0,0
350,510,0,0
352,510,0,0
355,510,0,0
359,510,0,0
360,510,0,0
365,510,0.007,0
366,510,0,0
367,510,0,0
368,510,0.001,0
369,510,0.006,0
370,510,0,0
371,510,0,0
372,510,0,0
373,510,0,0
375,510,0.001,0
380,510,0,0
385,510,0.001,0
390,510,0,0
395,510,0,0
402,510,0,0
404,510,0,0
411,510,0,0
420,510,0,0
432,510,0.002,0
433,510,0.003,0
434,510,0,0
435,510,0,0
436,510,0,0
437,510,0,0
438,510,0,0
439,510,0,0
450,510,0,0
451,510,0,0
452,510,0.001,0
461,510,0.001,0
471,510,0.001,0
475,510,0.002,0
481,510,0,0
482,510,0,0
483,510,0,0
484,510,0,0
490,510,0.003,0
500,510,0.006,0
501,510,0.017,0
2,516,0.005,0
20,516,0,0
31,516,0,0
41,516,0,0
42,516,0,0
51,516,0,0
52,516,0,0
53,516,0.002,0
70,516,0.001,0
80,516,0.001,0
90,516,0,0
91,516,0.001,0
92,516,0,0
93,516,0,0
94,516,0,0
95,516,0,0
100,516,0.003,0
101,516,0,0
115,516,0,0
130,516,0,0
135,516,0.001,0
140,516,0.016,0
145,516,0,0
150,516,0,0
155,516,0,0
160,516,0.001,0
165,516,0,0
200,516,0.006,0
205,516,0,0
210,516,0,0
211,516,0.003,0
212,516,0,0
220,516,0.011,0
225,516,0,0
230,516,0.003,0
235,516,0,0
255,516,0.006,0
260,516,0,NA
290,516,0.001,0
305,516,0.001,0
310,516,0,0
316,516,0.003,0
317,516,0.001,0
325,516,0.009,0
338,516,0,0
339,516,0.001,0
343,516,0,0
344,516,0,0
345,516,0.001,0
346,516,0,0
349,516,0,0
350,516,0.002,0
352,516,0,0
355,516,0,0
359,516,0,0
360,516,0,0
365,516,0.01,0
366,516,0,0
367,516,0.001,0
368,516,0,0
369,516,0.011,0
370,516,0.001,0
371,516,0,0
372,516,0,0
373,516,0,0
375,516,0,0
380,516,0,0
385,516,0,0
390,516,0,0
395,516,0,0
402,516,0.001,0
404,516,0,0
411,516,0.002,0
420,516,0,0
432,516,0,0
433,516,0,0
434,516,0,0
435,516,0.001,0
436,516,0.001,0
437,516,0,0
438,516,0,0
439,516,0.002,0
450,516,0.002,0
451,516,0,0
452,516,0.001,0
461,516,0.001,0
471,516,0,0
475,516,0.004,0
481,516,0.001,0
482,516,0.004,0
483,516,0,0
484,516,0.003,0
490,516,0.005,0
500,516,0.004,0
501,516,0.011,0
510,516,0.004,0
2,517,0.008,0
20,517,0,0
31,517,0,0
41,517,0,0
42,517,0.001,0
51,517,0,0
52,517,0,0
53,517,0,0
70,517,0.001,0
80,517,0,0
90,517,0,0
91,517,0,0
92,517,0,0
93,517,0,0
94,517,0,0
95,517,0,0
100,517,0.002,0
101,517,0,0
115,517,0,0
130,517,0,0
135,517,0,0
140,517,0.005,0
145,517,0.001,0
150,517,0,0
155,517,0.001,0
160,517,0.003,0
165,517,0,0
200,517,0.005,0
205,517,0,0
210,517,0,0
211,517,0.001,0
212,517,0.001,0
220,517,0.006,0
225,517,0,0
230,517,0.005,0
235,517,0,0
255,517,0.007,0
260,517,0,NA
290,517,0.003,0
305,517,0.001,0
310,517,0.002,0
316,517,0.001,0
317,517,0.001,0
325,517,0.019,0
338,517,0,0
339,517,0,0
343,517,0,0
344,517,0,0
345,517,0,0
346,517,0,0
349,517,0,0
350,517,0,0
352,517,0,0
355,517,0,0
359,517,0,0
360,517,0.003,0
365,517,0.009,0
366,517,0,0
367,517,0,0
368,517,0,0
369,517,0.017,0
370,517,0,0
371,517,0,0
372,517,0,0
373,517,0,0
375,517,0.001,0
380,517,0.001,0
385,517,0.001,0
390,517,0.001,0
395,517,0,0
402,517,0,0
404,517,0,0
411,517,0,0
420,517,0,0
432,517,0,0
433,517,0,0
434,517,0.001,0
435,517,0,0
436,517,0.001,0
437,517,0,0
438,517,0,0
439,517,0,0
450,517,0,0
451,517,0.001,0
452,517,0.002,0
461,517,0.001,0
471,517,0,0
475,517,0.005,0
481,517,0.002,0
482,517,0,0
483,517,0.001,0
484,517,0.001,0
490,517,0.008,0
500,517,0.008,0
501,517,0.015,0
510,517,0.005,0
516,517,0.015,0
2,522,0.001,0
20,522,0,0
31,522,0,0
41,522,0,0
42,522,0,0
51,522,0,0
52,522,0,0
53,522,0,0
70,522,0.001,0
80,522,0,0
90,522,0,0
91,522,0,0
92,522,0.001,0
93,522,0,0
94,522,0,0
95,522,0,0
100,522,0,0
101,522,0,0
115,522,0,0
130,522,0.001,0
135,522,0.001,0
140,522,0.006,0
145,522,0,0
150,522,0,0
155,522,0.001,0
160,522,0.002,0
165,522,0,0
200,522,0,0
205,522,0,0
210,522,0,0
211,522,0,0
212,522,0,0
220,522,0.01,0
225,522,0,0
230,522,0.003,0
235,522,0.001,0
255,522,0.005,0
260,522,0,NA
290,522,0.002,0
305,522,0,0
310,522,0,0
316,522,0.001,0
317,522,0,0
325,522,0.911,1
338,522,0,0
339,522,0,0
343,522,0,0
344,522,0,0
345,522,0,0
346,522,0,0
349,522,0.001,0
350,522,0.001,0
352,522,0,0
355,522,0,0
359,522,0,0
360,522,0.001,0
365,522,0.006,0
366,522,0,0
367,522,0,0
368,522,0,0
369,522,0.008,0
370,522,0,0
371,522,0,0
372,522,0,0
373,522,0,0
375,522,0,0
380,522,0.002,0
385,522,0,0
390,522,0,0
395,522,0,0
402,522,0,0
404,522,0,0
411,522,0.001,0
420,522,0,0
432,522,0.001,0
433,522,0,0
434,522,0,0
435,522,0,0
436,522,0,0
437,522,0.001,0
438,522,0,0
439,522,0,0
450,522,0,0
451,522,0,0
452,522,0,0
461,522,0.001,0
471,522,0,0
475,522,0.001,0
481,522,0,0
482,522,0,0
483,522,0.001,0
484,522,0,0
490,522,0,0
500,522,0,0
501,522,0.003,0
510,522,0,0
516,522,0,0
517,522,0,0
2,530,0.004,0
20,530,0,0
31,530,0,0
41,530,0,0
42,530,0.001,0
51,530,0,0
52,530,0,0
53,530,0,0
70,530,0.001,0
80,530,0,0
90,530,0,0
91,530,0,0
92,530,0,0
93,530,0,0
94,530,0,0
95,530,0,0
100,530,0,0
101,530,0,0
115,530,0,0
130,530,0,0
135,530,0.001,0
140,530,0.007,0
145,530,0,0
150,530,0,0
155,530,0.001,0
160,530,0.001,0
165,530,0,0
200,530,0.003,0
205,530,0,0
210,530,0.001,0
211,530,0,0
212,530,0,0
220,530,0.001,0
225,530,0,0
230,530,0.003,0
235,530,0.003,0
255,530,0.004,0
260,530,0,NA
290,530,0.007,0
305,530,0.001,0
310,530,0.002,0
316,530,0.002,0
317,530,0,0
325,530,0.024,0
338,530,0,0
339,530,0,0
343,530,0,0
344,530,0,0
345,530,0.001,0
346,530,0,0
349,530,0,0
350,530,0.001,0
352,530,0,0
355,530,0.001,0
359,530,0.001,0
360,530,0.003,0
365,530,0.034,0
366,530,0,0
367,530,0,0
368,530,0,0
369,530,0.013,0
370,530,0.001,0
371,530,0,0
372,530,0.002,0
373,530,0,0
375,530,0,0
380,530,0,0
385,530,0,0
390,530,0,0
395,530,0,0
402,530,0,0
404,530,0.002,0
411,530,0,0
420,530,0.001,0
432,530,0,0
433,530,0.001,0
434,530,0.002,0
435,530,0.002,0
436,530,0,0
437,530,0.001,0
438,530,0,0
439,530,0,0
450,530,0,0
451,530,0.002,0
452,530,0.002,0
461,530,0.001,0
471,530,0,0
475,530,0.002,0
481,530,0.002,0
482,530,0,0
483,530,0,0
484,530,0.001,0
490,530,0.001,0
500,530,0.006,0
501,530,0.012,0
510,530,0.002,0
516,530,0.002,0
517,530,0.002,0
522,530,0.002,0
2,540,0.001,0
20,540,0,0
31,540,0,0
41,540,0,0
42,540,0,0
51,540,0,0
52,540,0,0
53,540,0,0
70,540,0,0
80,540,0,0
90,540,0.001,0
91,540,0,0
92,540,0,0
93,540,0,0
94,540,0,0
95,540,0,0
100,540,0,0
101,540,0,0
115,540,0.001,0
130,540,0.001,0
135,540,0,0
140,540,0.015,0
145,540,0,0
150,540,0,0
155,540,0.001,0
160,540,0.002,0
165,540,0,0
200,540,0,0
205,540,0,0
210,540,0.001,0
211,540,0,0
212,540,0,0
220,540,0.002,0
225,540,0.001,0
230,540,0.003,0
235,540,0.001,0
255,540,0.002,0
260,540,0,NA
290,540,0.001,0
305,540,0,0
310,540,0.001,0
316,540,0.002,0
317,540,0,0
325,540,0.007,0
338,540,0,0
339,540,0,0
343,540,0,0
344,540,0,0
345,540,0,0
346,540,0.001,0
349,540,0,0
350,540,0.001,0
352,540,0,0
355,540,0,0
359,540,0,0
360,540,0,0
365,540,0.007,0
366,540,0,0
367,540,0,0
368,540,0,0
369,540,0.005,0
370,540,0,0
371,540,0,0
372,540,0,0
373,540,0,0
375,540,0,0
380,540,0,0
385,540,0,0
390,540,0,0
395,540,0,0
402,540,0.002,0
404,540,0.001,0
411,540,0.003,0
420,540,0.001,0
432,540,0.001,0
433,540,0,0
434,540,0.001,0
435,540,0.003,0
436,540,0.001,0
437,540,0,0
438,540,0,0
439,540,0,0
450,540,0.002,0
451,540,0,0
452,540,0.001,0
461,540,0,0
471,540,0.002,0
475,540,0.001,0
481,540,0.002,0
482,540,0.002,0
483,540,0.001,0
484,540,0.002,0
490,540,0.008,0
500,540,0,0
501,540,0.001,0
510,540,0.001,0
516,540,0.001,0
517,540,0.002,0
522,540,0,0
530,540,0,0
2,541,0.001,0
20,541,0,0
31,541,0,0
41,541,0,0
42,541,0.001,0
51,541,0,0
52,541,0,0
53,541,0,0
70,541,0.002,0
80,541,0,0
90,541,0,0
91,541,0,0
92,541,0,0
93,541,0,0
94,541,0,0
95,541,0,0
100,541,0,0
101,541,0,0
115,541,0,0
130,541,0,0
135,541,0,0
140,541,0.002,0
145,541,0,0
150,541,0,0
155,541,0,0
160,541,0,0
165,541,0,0
200,541,0.002,0
205,541,0,0
210,541,0,0
211,541,0,0
212,541,0,0
220,541,0.003,0
225,541,0,0
230,541,0.003,0
235,541,0,0
255,541,0,0
260,541,0,NA
290,541,0.004,0
305,541,0,0
310,541,0,0
316,541,0.002,0
317,541,0,0
325,541,0.004,0
338,541,0,0
339,541,0,0
343,541,0,0
344,541,0,0
345,541,0,0
346,541,0,0
349,541,0,0
350,541,0.002,0
352,541,0,0
355,541,0,0
359,541,0,0
360,541,0,0
365,541,0.011,0
366,541,0,0
367,541,0,0
368,541,0,0
369,541,0.004,0
370,541,0,0
371,541,0,0
372,541,0,0
373,541,0,0
375,541,0,0
380,541,0,0
385,541,0,0
390,541,0,0
395,541,0,0
402,541,0,0
404,541,0,0
411,541,0,0
420,541,0,0
432,541,0.001,0
433,541,0.001,0
434,541,0,0
435,541,0,0
436,541,0,0
437,541,0,0
438,541,0,0
439,541,0,0
450,541,0,0
451,541,0,0
452,541,0,0
461,541,0,0
471,541,0,0
475,541,0.001,0
481,541,0,0
482,541,0.002,0
483,541,0,0
484,541,0,0
490,541,0,0
500,541,0,0
501,541,0.003,0
510,541,0.003,0
516,541,0,0
517,541,0,0
522,541,0,0
530,541,0,0
540,541,0.002,0
2,551,0.009,0
20,551,0,0
31,551,0,0
41,551,0,0
42,551,0.001,0
51,551,0.001,0
52,551,0,0
53,551,0,0
70,551,0.001,0
80,551,0.001,0
90,551,0,0
91,551,0,0
92,551,0,0
93,551,0.001,0
94,551,0,0
95,551,0,0
100,551,0,0
101,551,0,0
115,551,0.001,0
130,551,0.001,0
135,551,0.002,0
140,551,0.019,0
145,551,0,0
150,551,0,0
155,551,0,0
160,551,0.002,0
165,551,0,0
200,551,0.005,0
205,551,0,0
210,551,0,0
211,551,0.001,0
212,551,0,0
220,551,0.004,0
225,551,0.002,0
230,551,0.005,0
235,551,0.001,0
255,551,0.006,0
260,551,0,NA
290,551,0.002,0
305,551,0,0
310,551,0,0
316,551,0.001,0
317,551,0.001,0
325,551,0.018,0
338,551,0,0
339,551,0,0
343,551,0,0
344,551,0,0
345,551,0,0
346,551,0,0
349,551,0.001,0
350,551,0.001,0
352,551,0,0
355,551,0.003,0
359,551,0,0
360,551,0.002,0
365,551,0.017,0
366,551,0.001,0
367,551,0,0
368,551,0,0
369,551,0.009,0
370,551,0,0
371,551,0,0
372,551,0.001,0
373,551,0,0
375,551,0,0
380,551,0.001,0
385,551,0.001,0
390,551,0,0
395,551,0,0
402,551,0.001,0
404,551,0.001,0
411,551,0,0
420,551,0,0
432,551,0.003,0
433,551,0.001,0
434,551,0.003,0
435,551,0,0
436,551,0.001,0
437,551,0.001,0
438,551,0.002,0
439,551,0.001,0
450,551,0.001,0
451,551,0,0
452,551,0.001,0
461,551,0.001,0
471,551,0,0
475,551,0.003,0
481,551,0.001,0
482,551,0.003,0
483,551,0.002,0
484,551,0,0
490,551,0.008,0
500,551,0.001,0
501,551,0.007,0
510,551,0.002,0
516,551,0.005,0
517,551,0.002,0
522,551,0.001,0
530,551,0.002,0
540,551,0.001,0
541,551,0.004,0
2,552,0.001,0
20,552,0.001,0
31,552,0,0
41,552,0,0
42,552,0,0
51,552,0,0
52,552,0,0
53,552,0,0
70,552,0,0
80,552,0,0
90,552,0,0
91,552,0,0
92,552,0,0
93,552,0,0
94,552,0.001,0
95,552,0,0
100,552,0,0
101,552,0,0
115,552,0,0
130,552,0,0
135,552,0,0
140,552,0.001,0
145,552,0,0
150,552,0,0
155,552,0,0
160,552,0.001,0
165,552,0,0
200,552,0,0
205,552,0,0
210,552,0,0
211,552,0,0
212,552,0,0
220,552,0,0
225,552,0,0
230,552,0.002,0
235,552,0,0
255,552,0,0
260,552,0,NA
290,552,0,0
305,552,0,0
310,552,0.001,0
316,552,0,0
317,552,0.001,0
325,552,0.001,0
338,552,0,0
339,552,0,0
343,552,0,0
344,552,0,0
345,552,0,0
346,552,0,0
349,552,0,0
350,552,0,0
352,552,0,0
355,552,0.002,0
359,552,0,0
360,552,0.001,0
365,552,0.001,0
366,552,0,0
367,552,0,0
368,552,0,0
369,552,0.003,0
370,552,0,0
371,552,0,0
372,552,0,0
373,552,0,0
375,552,0,0
380,552,0,0
385,552,0,0
390,552,0,0
395,552,0,0
402,552,0,0
404,552,0,0
411,552,0,0
420,552,0.001,0
432,552,0.001,0
433,552,0,0
434,552,0,0
435,552,0,0
436,552,0,0
437,552,0,0
438,552,0,0
439,552,0,0
450,552,0,0
451,552,0.001,0
452,552,0.001,0
461,552,0.001,0
471,552,0.001,0
475,552,0.001,0
481,552,0,0
482,552,0,0
483,552,0,0
484,552,0,0
490,552,0.001,0
500,552,0.002,0
501,552,0,0
510,552,0,0
516,552,0,0
517,552,0,0
522,552,0,0
530,552,0.001,0
540,552,0.535,1
541,552,0,0
551,552,0.008,0
2,553,0.007,0
20,553,0.003,0
31,553,0,0
41,553,0,0
42,553,0,0
51,553,0,0
52,553,0,0
53,553,0,0
70,553,0.003,0
80,553,0,0
90,553,0,0
91,553,0,0
92,553,0,0
93,553,0,0
94,553,0,0
95,553,0,0
100,553,0.002,0
101,553,0,0
115,553,0,0
130,553,0,0
135,553,0.002,0
140,553,0.011,0
145,553,0.001,0
150,553,0,0
155,553,0,0
160,553,0,0
165,553,0,0
200,553,0.005,0
205,553,0,0
210,553,0.001,0
211,553,0,0
212,553,0,0
220,553,0.011,0
225,553,0,0
230,553,0.008,0
235,553,0,0
255,553,0.008,0
260,553,0,NA
290,553,0.006,0
305,553,0,0
310,553,0,0
316,553,0.003,0
317,553,0.001,0
325,553,0.013,0
338,553,0,0
339,553,0,0
343,553,0.001,0
344,553,0,0
345,553,0.001,0
346,553,0,0
349,553,0.001,0
350,553,0.003,0
352,553,0.001,0
355,553,0.001,0
359,553,0,0
360,553,0.002,0
365,553,0.011,0
366,553,0,0
367,553,0,0
368,553,0,0
369,553,0.015,0
370,553,0,0
371,553,0,0
372,553,0.001,0
373,553,0.001,0
375,553,0,0
380,553,0,0
385,553,0,0
390,553,0.001,0
395,553,0,0
402,553,0.001,0
404,553,0.001,0
411,553,0,0
420,553,0,0
432,553,0,0
433,553,0.003,0
434,553,0.001,0
435,553,0,0
436,553,0.002,0
437,553,0.002,0
438,553,0,0
439,553,0,0
450,553,0,0
451,553,0,0
452,553,0.001,0
461,553,0.001,0
471,553,0.002,0
475,553,0.001,0
481,553,0.004,0
482,553,0,0
483,553,0.001,0
484,553,0,0
490,553,0.001,0
500,553,0.001,0
501,553,0.007,0
510,553,0.008,0
516,553,0.002,0
517,553,0.003,0
522,553,0,0
530,553,0.005,0
540,553,0.002,0
541,553,0.002,0
551,553,0.016,0
552,553,0,0
2,560,0.021,0
20,560,0.002,0
31,560,0.015,0
41,560,0.011,0
42,560,0.018,0
51,560,0.013,0
52,560,0.027,0
53,560,0.017,0
70,560,0.011,0
80,560,0.015,0
90,560,0.004,0
91,560,0.011,0
92,560,0.012,0
93,560,0.012,0
94,560,0.007,0
95,560,0.01,0
100,560,0.01,0
101,560,0.006,0
115,560,0.025,0
130,560,0.018,0
135,560,0.004,0
140,560,0.1,0
145,560,0.014,0
150,560,0.018,0
155,560,1,1
160,560,0.033,0
165,560,0.005,0
200,560,1,1
205,560,0.002,0
210,560,0.996,1
211,560,1,1
212,560,0.002,0
220,560,1,1
225,560,0.018,0
230,560,1,1
235,560,0.016,0
255,560,1,1
260,560,0,NA
290,560,1,1
305,560,0.002,0
310,560,0.016,0
316,560,1,1
317,560,1,1
325,560,1,1
338,560,0.005,0
339,560,0.011,0
343,560,0.003,0
344,560,0.007,0
345,560,0.015,0
346,560,0.001,0
349,560,0.028,0
350,560,0.029,0
352,560,0.996,1
355,560,0.999,1
359,560,0.009,0
360,560,1,1
365,560,1,1
366,560,0.004,0
367,560,0.007,0
368,560,0.016,0
369,560,1,1
370,560,1,1
371,560,0.006,0
372,560,0.003,0
373,560,0.015,0
375,560,0.004,0
380,560,1,1
385,560,0.004,0
390,560,0.001,0
395,560,0.006,0
402,560,0.077,0
404,560,0.972,1
411,560,0.102,0
420,560,0.068,0
432,560,0.995,1
433,560,0.998,1
434,560,0.99,1
435,560,0.081,0
436,560,0.076,0
437,560,0.07,0
438,560,0.08,0
439,560,0.095,0
450,560,0.086,0
451,560,0.107,0
452,560,0.108,0
461,560,0.991,1
471,560,0.096,0
475,560,0.997,1
481,560,0.988,1
482,560,0.987,1
483,560,0.095,0
484,560,0.998,1
490,560,0.996,1
500,560,0.157,0
501,560,0.143,0
510,560,0.161,0
516,560,0.121,0
517,560,0.994,1
522,560,0.081,0
530,560,0.108,0
540,560,0.998,1
541,560,0.282,0
551,560,0.997,1
552,560,0.104,0
553,560,0.998,1
2,565,0.007,0
20,565,0.001,0
31,565,0,0
41,565,0,0
42,565,0,0
51,565,0,0
52,565,0,0
53,565,0,0
70,565,0.002,0
80,565,0,0
90,565,0,0
91,565,0,0
92,565,0,0
93,565,0,0
94,565,0,0
95,565,0,0
100,565,0,0
101,565,0,0
115,565,0,0
130,565,0.003,0
135,565,0.001,0
140,565,0.016,0
145,565,0,0
150,565,0,0
155,565,0,0
160,565,0,0
165,565,0,0
200,565,0.005,0
205,565,0,0
210,565,0,0
211,565,0,0
212,565,0,0
220,565,0.002,0
225,565,0.001,0
230,565,0.011,0
235,565,0.002,0
255,565,0.004,0
260,565,0,NA
290,565,0.004,0
305,565,0,0
310,565,0.001,0
316,565,0.002,0
317,565,0,0
325,565,0.017,0
338,565,0,0
339,565,0,0
343,565,0,0
344,565,0,0
345,565,0.001,0
346,565,0,0
349,565,0,0
350,565,0,0
352,565,0,0
355,565,0,0
359,565,0,0
360,565,0.001,0
365,565,0.012,0
366,565,0,0
367,565,0,0
368,565,0,0
369,565,0.008,0
370,565,0.001,0
371,565,0,0
372,565,0,0
373,565,0,0
375,565,0.001,0
380,565,0.002,0
385,565,0.001,0
390,565,0.001,0
395,565,0,0
402,565,0,0
404,565,0,0
411,565,0,0
420,565,0.001,0
432,565,0,0
433,565,0,0
434,565,0.001,0
435,565,0,0
436,565,0,0
437,565,0,0
438,565,0,0
439,565,0,0
450,565,0.001,0
451,565,0.001,0
452,565,0,0
461,565,0,0
471,565,0,0
475,565,0.001,0
481,565,0,0
482,565,0,0
483,565,0,0
484,565,0,0
490,565,0.002,0
500,565,0.001,0
501,565,0.001,0
510,565,0.003,0
516,565,0.002,0
517,565,0,0
522,565,0.001,0
530,565,0.003,0
540,565,0.003,0
541,565,0.001,0
551,565,0.003,0
552,565,0,0
553,565,0.005,0
560,565,0.993,1
2,570,0,0
20,570,0,0
31,570,0,0
41,570,0,0
42,570,0,0
51,570,0,0
52,570,0,0
53,570,0,0
70,570,0,0
80,570,0,0
90,570,0.001,0
91,570,0,0
92,570,0,0
93,570,0,0
94,570,0,0
95,570,0,0
100,570,0,0
101,570,0,0
115,570,0,0
130,570,0.001,0
135,570,0,0
140,570,0.008,0
145,570,0.001,0
150,570,0,0
155,570,0,0
160,570,0,0
165,570,0,0
200,570,0,0
205,570,0,0
210,570,0,0
211,570,0,0
212,570,0,0
220,570,0.001,0
225,570,0,0
230,570,0.003,0
235,570,0.001,0
255,570,0.001,0
260,570,0,NA
290,570,0.002,0
305,570,0,0
310,570,0.002,0
316,570,0,0
317,570,0,0
325,570,0.001,0
338,570,0,0
339,570,0,0
343,570,0,0
344,570,0,0
345,570,0,0
346,570,0,0
349,570,0,0
350,570,0,0
352,570,0,0
355,570,0,0
359,570,0,0
360,570,0.001,0
365,570,0.003,0
366,570,0,0
367,570,0,0
368,570,0,0
369,570,0.007,0
370,570,0,0
371,570,0,0
372,570,0,0
373,570,0,0
375,570,0,0
380,570,0,0
385,570,0,0
390,570,0,0
395,570,0,0
402,570,0,0
404,570,0,0
411,570,0,0
420,570,0,0
432,570,0,0
433,570,0,0
434,570,0.001,0
435,570,0,0
436,570,0,0
437,570,0,0
438,570,0,0
439,570,0.001,0
450,570,0,0
451,570,0.002,0
452,570,0,0
461,570,0,0
471,570,0,0
475,570,0,0
481,570,0,0
482,570,0,0
483,570,0,0
484,570,0,0
490,570,0,0
500,570,0.001,0
501,570,0,0
510,570,0.001,0
516,570,0,0
517,570,0,0
522,570,0,0
530,570,0,0
540,570,0,0
541,570,0,0
551,570,0.002,0
552,570,0.001,0
553,570,0.001,0
560,570,0.259,0
565,570,0.001,0
2,571,0.002,0
20,571,0,0
31,571,0,0
41,571,0,0
42,571,0,0
51,571,0,0
52,571,0,0
53,571,0,0
70,571,0,0
80,571,0,0
90,571,0.001,0
91,571,0,0
92,571,0,0
93,571,0,0
94,571,0,0
95,571,0,0
100,571,0,0
101,571,0,0
115,571,0,0
130,571,0,0
135,571,0,0
140,571,0.003,0
145,571,0,0
150,571,0,0
155,571,0,0
160,571,0.002,0
165,571,0,0
200,571,0.001,0
205,571,0,0
210,571,0,0
211,571,0.001,0
212,571,0,0
220,571,0,0
225,571,0,0
230,571,0.003,0
235,571,0.001,0
255,571,0.007,0
260,571,0,NA
290,571,0,0
305,571,0.001,0
310,571,0,0
316,571,0,0
317,571,0,0
325,571,0.006,0
338,571,0,0
339,571,0,0
343,571,0,0
344,571,0,0
345,571,0,0
346,571,0,0
349,571,0,0
350,571,0,0
352,571,0,0
355,571,0,0
359,571,0,0
360,571,0,0
365,571,0.005,0
366,571,0,0
367,571,0,0
368,571,0,0
369,571,0.008,0
370,571,0,0
371,571,0,0
372,571,0,0
373,571,0,0
375,571,0,0
380,571,0,0
385,571,0,0
390,571,0,0
395,571,0,0
402,571,0,0
404,571,0.001,0
411,571,0.001,0
420,571,0.001,0
432,571,0,0
433,571,0,0
434,571,0.002,0
435,571,0.001,0
436,571,0.002,0
437,571,0.001,0
438,571,0,0
439,571,0,0
450,571,0,0
451,571,0,0
452,571,0.001,0
461,571,0,0
471,571,0.001,0
475,571,0.001,0
481,571,0.001,0
482,571,0.002,0
483,571,0.002,0
484,571,0,0
490,571,0.004,0
500,571,0.001,0
501,571,0.005,0
510,571,0,0
516,571,0,0
517,571,0.001,0
522,571,0,0
530,571,0,0
540,571,0,0
541,571,0,0
551,571,0.002,0
552,571,0.002,0
553,571,0.003,0
560,571,0.259,0
565,571,0,0
570,571,0.003,0
2,572,0.002,0
20,572,0,0
31,572,0,0
41,572,0,0
42,572,0,0
51,572,0,0
52,572,0,0
53,572,0,0
70,572,0.001,0
80,572,0,0
90,572,0,0
91,572,0,0
92,572,0,0
93,572,0,0
94,572,0,0
95,572,0,0
100,572,0,0
101,572,0,0
115,572,0,0
130,572,0,0
135,572,0,0
140,572,0.002,0
145,572,0,0
150,572,0,0
155,572,0,0
160,572,0,0
165,572,0,0
200,572,0.003,0
205,572,0,0
210,572,0,0
211,572,0.001,0
212,572,0,0
220,572,0.002,0
225,572,0,0
230,572,0.002,0
235,572,0,0
255,572,0.002,0
260,572,0,NA
290,572,0.001,0
305,572,0,0
310,572,0,0
316,572,0,0
317,572,0,0
325,572,0.004,0
338,572,0,0
339,572,0,0
343,572,0,0
344,572,0,0
345,572,0,0
346,572,0,0
349,572,0,0
350,572,0.002,0
352,572,0,0
355,572,0,0
359,572,0.001,0
360,572,0.001,0
365,572,0.003,0
366,572,0.001,0
367,572,0,0
368,572,0,0
369,572,0.004,0
370,572,0,0
371,572,0,0
372,572,0,0
373,572,0,0
375,572,0,0
380,572,0,0
385,572,0,0
390,572,0,0
395,572,0,0
402,572,0,0
404,572,0,0
411,572,0,0
420,572,0,0
432,572,0.001,0
433,572,0.001,0
434,572,0,0
435,572,0,0
436,572,0,0
437,572,0,0
438,572,0,0
439,572,0,0
450,572,0,0
451,572,0.001,0
452,572,0.001,0
461,572,0,0
471,572,0,0
475,572,0,0
481,572,0,0
482,572,0,0
483,572,0.001,0
484,572,0,0
490,572,0,0
500,572,0,0
501,572,0.002,0
510,572,0.002,0
516,572,0.002,0
517,572,0,0
522,572,0,0
530,572,0,0
540,572,0.001,0
541,572,0.004,0
551,572,0,0
552,572,0.001,0
553,572,0.002,0
560,572,0.294,0
565,572,0,0
570,572,0.001,0
571,572,0,0
2,580,0.006,0
20,580,0.001,0
31,580,0,0
41,580,0,0
42,580,0,0
51,580,0,0
52,580,0,0
53,580,0,0
70,580,0.002,0
80,580,0,0
90,580,0,0
91,580,0,0
92,580,0,0
93,580,0,0
94,580,0,0
95,580,0,0
100,580,0,0
101,580,0,0
115,580,0,0
130,580,0,0
135,580,0,0
140,580,0.005,0
145,580,0,0
150,580,0,0
155,580,0,0
160,580,0.001,0
165,580,0,0
200,580,0.002,0
205,580,0,0
210,580,0,0
211,580,0,0
212,580,0,0
220,580,0.003,0
225,580,0,0
230,580,0.003,0
235,580,0.001,0
255,580,0.003,0
260,580,0,NA
290,580,0.003,0
305,580,0,0
310,580,0,0
316,580,0.003,0
317,580,0,0
325,580,0.01,0
338,580,0,0
339,580,0.001,0
343,580,0,0
344,580,0,0
345,580,0,0
346,580,0,0
349,580,0,0
350,580,0.001,0
352,580,0,0
355,580,0.001,0
359,580,0,0
360,580,0.001,0
365,580,0.002,0
366,580,0,0
367,580,0,0
368,580,0,0
369,580,0.008,0
370,580,0.001,0
371,580,0,0
372,580,0,0
373,580,0.001,0
375,580,0,0
380,580,0,0
385,580,0.001,0
390,580,0,0
395,580,0,0
402,580,0,0
404,580,0.001,0
411,580,0,0
420,580,0,0
432,580,0.001,0
433,580,0.001,0
434,580,0,0
435,580,0,0
436,580,0.002,0
437,580,0,0
438,580,0.001,0
439,580,0.001,0
450,580,0.001,0
451,580,0.002,0
452,580,0.001,0
461,580,0,0
471,580,0.001,0
475,580,0.004,0
481,580,0,0
482,580,0,0
483,580,0.001,0
484,580,0,0
490,580,0.002,0
500,580,0.001,0
501,580,0.005,0
510,580,0.004,0
516,580,0.004,0
517,580,0.002,0
522,580,0,0
530,580,0.002,0
540,580,0.001,0
541,580,0.002,0
551,580,0,0
552,580,0.002,0
553,580,0.005,0
560,580,0.19,0
565,580,0.001,0
570,580,0,0
571,580,0.001,0
572,580,0.001,0
2,590,0.002,0
20,590,0,0
31,590,0,0
41,590,0,0
42,590,0,0
51,590,0,0
52,590,0,0
53,590,0,0
70,590,0,0
80,590,0,0
90,590,0,0
91,590,0,0
92,590,0,0
93,590,0,0
94,590,0,0
95,590,0,0
100,590,0,0
101,590,0,0
115,590,0,0
130,590,0.001,0
135,590,0,0
140,590,0.002,0
145,590,0.001,0
150,590,0,0
155,590,0,0
160,590,0.001,0
165,590,0,0
200,590,0.002,0
205,590,0,0
210,590,0,0
211,590,0,0
212,590,0,0
220,590,0.001,0
225,590,0,0
230,590,0.002,0
235,590,0,0
255,590,0.001,0
260,590,0,NA
290,590,0.001,0
305,590,0,0
310,590,0.001,0
316,590,0.001,0
317,590,0,0
325,590,0.006,0
338,590,0,0
339,590,0,0
343,590,0,0
344,590,0,0
345,590,0,0
346,590,0,0
349,590,0,0
350,590,0.001,0
352,590,0,0
355,590,0,0
359,590,0,0
360,590,0,0
365,590,0.007,0
366,590,0,0
367,590,0,0
368,590,0,0
369,590,0.007,0
370,590,0,0
371,590,0,0
372,590,0,0
373,590,0,0
375,590,0,0
380,590,0,0
385,590,0,0
390,590,0,0
395,590,0,0
402,590,0,0
404,590,0,0
411,590,0.001,0
420,590,0,0
432,590,0,0
433,590,0.001,0
434,590,0.001,0
435,590,0,0
436,590,0.001,0
437,590,0,0
438,590,0,0
439,590,0.001,0
450,590,0.001,0
451,590,0.001,0
452,590,0.002,0
461,590,0.001,0
471,590,0.001,0
475,590,0.001,0
481,590,0,0
482,590,0,0
483,590,0,0
484,590,0.001,0
490,590,0,0
500,590,0,0
501,590,0.006,0
510,590,0.001,0
516,590,0,0
517,590,0.001,0
522,590,0,0
530,590,0,0
540,590,0,0
541,590,0,0
551,590,0.003,0
552,590,0,0
553,590,0.002,0
560,590,0.162,0
565,590,0,0
570,590,0,0
571,590,0,0
572,590,0,0
580,590,0.004,0
2,600,0.005,0
20,600,0,0
31,600,0,0
41,600,0,0
42,600,0.001,0
51,600,0.001,0
52,600,0.002,0
53,600,0,0
70,600,0.002,0
80,600,0,0
90,600,0.001,0
91,600,0,0
92,600,0,0
93,600,0,0
94,600,0.001,0
95,600,0,0
100,600,0.001,0
101,600,0,0
115,600,0,0
130,600,0,0
135,600,0.001,0
140,600,0.014,0
145,600,0.001,0
150,600,0,0
155,600,0,0
160,600,0.001,0
165,600,0,0
200,600,0.005,0
205,600,0.001,0
210,600,0.002,0
211,600,0.001,0
212,600,0,0
220,600,0.014,0
225,600,0.001,0
230,600,0.089,0
235,600,0.007,0
255,600,0.015,0
260,600,0,NA
290,600,0.004,0
305,600,0,0
310,600,0.001,0
316,600,0.004,0
317,600,0,0
325,600,0.049,0
338,600,0.001,0
339,600,0.001,0
343,600,0.001,0
344,600,0,0
345,600,0,0
346,600,0,0
349,600,0,0
350,600,0.003,0
352,600,0,0
355,600,0.001,0
359,600,0,0
360,600,0,0
365,600,0.011,0
366,600,0,0
367,600,0,0
368,600,0,0
369,600,0.017,0
370,600,0,0
371,600,0,0
372,600,0,0
373,600,0,0
375,600,0.001,0
380,600,0.002,0
385,600,0,0
390,600,0,0
395,600,0,0
402,600,0,0
404,600,0,0
411,600,0,0
420,600,0.001,0
432,600,0,0
433,600,0.001,0
434,600,0.001,0
435,600,0,0
436,600,0,0
437,600,0.001,0
438,600,0,0
439,600,0.001,0
450,600,0,0
451,600,0.001,0
452,600,0,0
461,600,0.001,0
471,600,0,0
475,600,0,0
481,600,0,0
482,600,0.001,0
483,600,0.002,0
484,600,0,0
490,600,0.002,0
500,600,0,0
501,600,0,0
510,600,0,0
516,600,0,0
517,600,0,0
522,600,0,0
530,600,0,0
540,600,0.001,0
541,600,0,0
551,600,0,0
552,600,0,0
553,600,0,0
560,600,0.027,0
565,600,0,0
570,600,0,0
571,600,0,0
572,600,0,0
580,600,0,0
590,600,0,0
2,615,0,0
20,615,0.001,0
31,615,0,0
41,615,0.001,0
42,615,0,0
51,615,0,0
52,615,0,0
53,615,0,0
70,615,0,0
80,615,0,0
90,615,0,0
91,615,0,0
92,615,0,0
93,615,0,0
94,615,0,0
95,615,0.001,0
100,615,0,0
101,615,0,0
115,615,0,0
130,615,0,0
135,615,0,0
140,615,0.008,0
145,615,0,0
150,615,0,0
155,615,0,0
160,615,0.001,0
165,615,0,0
200,615,0.009,0
205,615,0,0
210,615,0.004,0
211,615,0.001,0
212,615,0,0
220,615,0.013,0
225,615,0.001,0
230,615,0.014,0
235,615,0.784,1
255,615,0.007,0
260,615,0,NA
290,615,0.003,0
305,615,0.001,0
310,615,0.002,0
316,615,0.001,0
317,615,0,0
325,615,1,1
338,615,0,0
339,615,0,0
343,615,0,0
344,615,0.002,0
345,615,0,0
346,615,0,0
349,615,0.002,0
350,615,0.002,0
352,615,0.001,0
355,615,0.002,0
359,615,0,0
360,615,0,0
365,615,0.008,0
366,615,0,0
367,615,0,0
368,615,0.002,0
369,615,0.009,0
370,615,0.001,0
371,615,0,0
372,615,0,0
373,615,0,0
375,615,0,0
380,615,0,0
385,615,0,0
390,615,0,0
395,615,0.001,0
402,615,0.002,0
404,615,0,0
411,615,0,0
420,615,0.003,0
432,615,0.002,0
433,615,0.005,0
434,615,0.001,0
435,615,0,0
436,615,0.002,0
437,615,0.001,0
438,615,0.001,0
439,615,0,0
450,615,0,0
451,615,0.002,0
452,615,0.002,0
461,615,0,0
471,615,0.001,0
475,615,0.003,0
481,615,0,0
482,615,0,0
483,615,0,0
484,615,0,0
490,615,0.001,0
500,615,0.002,0
501,615,0.002,0
510,615,0,0
516,615,0,0
517,615,0.001,0
522,615,0.001,0
530,615,0,0
540,615,0,0
541,615,0,0
551,615,0.001,0
552,615,0,0
553,615,0.001,0
560,615,0.033,0
565,615,0,0
570,615,0,0
571,615,0,0
572,615,0,0
580,615,0,0
590,615,0,0
600,615,0.006,0
2,616,0.007,0
20,616,0,0
31,616,0,0
41,616,0,0
42,616,0.001,0
51,616,0,0
52,616,0,0
53,616,0,0
70,616,0,0
80,616,0,0
90,616,0,0
91,616,0,0
92,616,0,0
93,616,0,0
94,616,0,0
95,616,0,0
100,616,0.001,0
101,616,0,0
115,616,0,0
130,616,0,0
135,616,0,0
140,616,0.007,0
145,616,0,0
150,616,0,0
155,616,0,0
160,616,0.002,0
165,616,0,0
200,616,0.01,0
205,616,0,0
210,616,0.001,0
211,616,0.001,0
212,616,0,0
220,616,0.021,0
225,616,0.002,0
230,616,0.999,1
235,616,0,0
255,616,0.96,1
260,616,0,NA
290,616,0.018,0
305,616,0.001,0
310,616,0.003,0
316,616,0.974,1
317,616,0.004,0
325,616,0.084,0
338,616,0.001,0
339,616,0.001,0
343,616,0,0
344,616,0.003,0
345,616,0.001,0
346,616,0,0
349,616,0.002,0
350,616,0.904,1
352,616,0,0
355,616,0.002,0
359,616,0,0
360,616,0.004,0
365,616,0.021,0
366,616,0,0
367,616,0.002,0
368,616,0.002,0
369,616,0.039,0
370,616,0,0
371,616,0,0
372,616,0,0
373,616,0,0
375,616,0,0
380,616,0,0
385,616,0,0
390,616,0,0
395,616,0,0
402,616,0,0
404,616,0,0
411,616,0,0
420,616,0,0
432,616,0.002,0
433,616,0.001,0
434,616,0.001,0
435,616,0,0
436,616,0.002,0
437,616,0.001,0
438,616,0.001,0
439,616,0,0
450,616,0,0
451,616,0,0
452,616,0.002,0
461,616,0,0
471,616,0,0
475,616,0,0
481,616,0.001,0
482,616,0.001,0
483,616,0.001,0
484,616,0.001,0
490,616,0.001,0
500,616,0,0
501,616,0.001,0
510,616,0,0
516,616,0.001,0
517,616,0,0
522,616,0,0
530,616,0,0
540,616,0,0
541,616,0,0
551,616,0,0
552,616,0.001,0
553,616,0,0
560,616,0.998,1
565,616,0,0
570,616,0,0
571,616,0,0
572,616,0,0
580,616,0.001,0
590,616,0,0
600,616,0.003,0
615,616,0.005,0
2,625,0,0
20,625,0,0
31,625,0,0
41,625,0,0
42,625,0,0
51,625,0,0
52,625,0,0
53,625,0,0
70,625,0,0
80,625,0,0
90,625,0,0
91,625,0,0
92,625,0,0
93,625,0,0
94,625,0,0
95,625,0,0
100,625,0,0
101,625,0,0
115,625,0,0
130,625,0,0
135,625,0,0
140,625,0.002,0
145,625,0,0
150,625,0,0
155,625,0,0
160,625,0.001,0
165,625,0,0
200,625,0,0
205,625,0,0
210,625,0,0
211,625,0,0
212,625,0,0
220,625,0,0
225,625,0,0
230,625,0.001,0
235,625,0,0
255,625,0,0
260,625,0,NA
290,625,0.001,0
305,625,0,0
310,625,0,0
316,625,0,0
317,625,0,0
325,625,0.005,0
338,625,0,0
339,625,0,0
343,625,0,0
344,625,0,0
345,625,0,0
346,625,0,0
349,625,0,0
350,625,0.001,0
352,625,0,0
355,625,0,0
359,625,0,0
360,625,0,0
365,625,0.001,0
366,625,0,0
367,625,0,0
368,625,0,0
369,625,0.004,0
370,625,0,0
371,625,0,0
372,625,0,0
373,625,0.001,0
375,625,0,0
380,625,0.001,0
385,625,0,0
390,625,0,0
395,625,0,0
402,625,0,0
404,625,0,0
411,625,0.003,0
420,625,0,0
432,625,0,0
433,625,0.001,0
434,625,0.001,0
435,625,0.002,0
436,625,0.003,0
437,625,0.001,0
438,625,0,0
439,625,0,0
450,625,0.001,0
451,625,0.001,0
452,625,0.001,0
461,625,0,0
471,625,0,0
475,625,0.002,0
481,625,0.002,0
482,625,0.001,0
483,625,0,0
484,625,0,0
490,625,0.001,0
500,625,0.001,0
501,625,0.001,0
510,625,0,0
516,625,0,0
517,625,0.002,0
522,625,0,0
530,625,0.002,0
540,625,0,0
541,625,0,0
551,625,0.001,0
552,625,0,0
553,625,0.003,0
560,625,1,1
565,625,0.001,0
570,625,0.001,0
571,625,0.001,0
572,625,0,0
580,625,0,0
590,625,0,0
600,625,0,0
615,625,0.002,0
616,625,0,0
2,630,0,0
20,630,0,0
31,630,0,0
41,630,0,0
42,630,0,0
51,630,0,0
52,630,0,0
53,630,0,0
70,630,0,0
80,630,0,0
90,630,0,0
91,630,0,0
92,630,0.001,0
93,630,0,0
94,630,0,0
95,630,0,0
100,630,0,0
101,630,0.001,0
115,630,0,0
130,630,0.001,0
135,630,0,0
140,630,0,0
145,630,0,0
150,630,0,0
155,630,0,0
160,630,0,0
165,630,0,0
200,630,0.001,0
205,630,0,0
210,630,0,0
211,630,0,0
212,630,0,0
220,630,0.002,0
225,630,0.001,0
230,630,0.001,0
235,630,0,0
255,630,0.001,0
260,630,0,NA
290,630,0,0
305,630,0,0
310,630,0,0
316,630,0,0
317,630,0,0
325,630,0,0
338,630,0,0
339,630,0,0
343,630,0,0
344,630,0,0
345,630,0,0
346,630,0,0
349,630,0.001,0
350,630,0,0
352,630,0,0
355,630,0,0
359,630,0,0
360,630,0,0
365,630,0.01,0
366,630,0,0
367,630,0,0
368,630,0.001,0
369,630,0,0
370,630,0.937,1
371,630,0.001,0
372,630,0,0
373,630,0.983,1
375,630,0,0
380,630,0,0
385,630,0,0
390,630,0,0
395,630,0,0
402,630,0.001,0
404,630,0,0
411,630,0,0
420,630,0,0
432,630,0,0
433,630,0,0
434,630,0,0
435,630,0,0
436,630,0,0
437,630,0,0
438,630,0,0
439,630,0,0
450,630,0.001,0
451,630,0.001,0
452,630,0,0
461,630,0,0
471,630,0.001,0
475,630,0,0
481,630,0.002,0
482,630,0,0
483,630,0,0
484,630,0,0
490,630,0.001,0
500,630,0.001,0
501,630,0,0
510,630,0,0
516,630,0.001,0
517,630,0,0
522,630,0,0
530,630,0,0
540,630,0,0
541,630,0,0
551,630,0,0
552,630,0.001,0
553,630,0,0
560,630,0.002,0
565,630,0,0
570,630,0,0
571,630,0,0
572,630,0,0
580,630,0,0
590,630,0.001,0
600,630,0.002,0
615,630,0,0
616,630,0,0
625,630,0.858,1
2,640,0.998,1
20,640,0,0
31,640,0.01,0
41,640,0.009,0
42,640,0.009,0
51,640,0.005,0
52,640,0.005,0
53,640,0.003,0
70,640,0.013,0
80,640,0.006,0
90,640,0.006,0
91,640,0.006,0
92,640,0.006,0
93,640,0.002,0
94,640,0.01,0
95,640,0.006,0
100,640,0.009,0
101,640,0.003,0
115,640,0.011,0
130,640,0.008,0
135,640,0,0
140,640,0.028,0
145,640,0.004,0
150,640,0.014,0
155,640,0.992,1
160,640,0.01,0
165,640,0.001,0
200,640,0.007,0
205,640,0.022,0
210,640,0.001,0
211,640,0.998,1
212,640,0.002,0
220,640,0.999,1
225,640,0.093,0
230,640,0.012,0
235,640,0.004,0
255,640,0.013,0
260,640,0,NA
290,640,1,1
305,640,0.047,0
310,640,0.009,0
316,640,1,1
317,640,1,1
325,640,0.076,0
338,640,0.038,0
339,640,1,1
343,640,0.113,0
344,640,1,1
345,640,1,1
346,640,0.062,0
349,640,0.999,1
350,640,0.045,0
352,640,0.113,0
355,640,1,1
359,640,1,1
360,640,1,1
365,640,1,1
366,640,0.993,1
367,640,0.998,1
368,640,0.999,1
369,640,1,1
370,640,1,1
371,640,0.171,0
372,640,0.225,0
373,640,0.204,0
375,640,0.046,0
380,640,0.053,0
385,640,0.992,1
390,640,0,0
395,640,0.005,0
402,640,0.021,0
404,640,0.018,0
411,640,0.012,0
420,640,0.905,1
432,640,0.941,1
433,640,0.964,1
434,640,0.022,0
435,640,0.015,0
436,640,0.023,0
437,640,0.011,0
438,640,0.016,0
439,640,0.014,0
450,640,0.018,0
451,640,0.015,0
452,640,0.023,0
461,640,0.009,0
471,640,0.025,0
475,640,0.019,0
481,640,0.033,0
482,640,0.02,0
483,640,0.019,0
484,640,0.01,0
490,640,0.011,0
500,640,0.016,0
501,640,0.017,0
510,640,0.008,0
516,640,0.01,0
517,640,0.028,0
522,640,0.013,0
530,640,0.024,0
540,640,0.007,0
541,640,0.003,0
551,640,0.01,0
552,640,0.001,0
553,640,0.024,0
560,640,0.264,0
565,640,0.018,0
570,640,0.008,0
571,640,0.004,0
572,640,0.005,0
580,640,0.012,0
590,640,0.013,0
600,640,0.024,0
615,640,0.015,0
616,640,0.995,1
625,640,0.006,0
630,640,0.006,0
2,645,0.013,0
20,645,0,0
31,645,0.001,0
41,645,0.001,0
42,645,0,0
51,645,0,0
52,645,0,0
53,645,0,0
70,645,0.002,0
80,645,0,0
90,645,0,0
91,645,0.001,0
92,645,0,0
93,645,0,0
94,645,0,0
95,645,0,0
100,645,0.001,0
101,645,0,0
115,645,0,0
130,645,0,0
135,645,0,0
140,645,0.006,0
145,645,0,0
150,645,0,0
155,645,0,0
160,645,0.001,0
165,645,0,0
200,645,0.002,0
205,645,0,0
210,645,0.002,0
211,645,0.001,0
212,645,0,0
220,645,0.001,0
225,645,0,0
230,645,0.01,0
235,645,0,0
255,645,0.008,0
260,645,0,NA
290,645,0.004,0
305,645,0,0
310,645,0.002,0
316,645,0.002,0
317,645,0.001,0
325,645,0.014,0
338,645,0,0
339,645,0,0
343,645,0,0
344,645,0.001,0
345,645,0,0
346,645,0,0
349,645,0.001,0
350,645,0,0
352,645,0,0
355,645,0.002,0
359,645,0,0
360,645,0.004,0
365,645,0.017,0
366,645,0,0
367,645,0,0
368,645,0,0
369,645,0.026,0
370,645,0,0
371,645,0.001,0
372,645,0,0
373,645,0.001,0
375,645,0.003,0
380,645,0.002,0
385,645,0.001,0
390,645,0,0
395,645,0,0
402,645,0,0
404,645,0,0
411,645,0,0
420,645,0,0
432,645,0,0
433,645,0,0
434,645,0.002,0
435,645,0.002,0
436,645,0,0
437,645,0,0
438,645,0,0
439,645,0.001,0
450,645,0,0
451,645,0,0
452,645,0.001,0
461,645,0.001,0
471,645,0,0
475,645,0,0
481,645,0,0
482,645,0.001,0
483,645,0.001,0
484,645,0,0
490,645,0,0
500,645,0.001,0
501,645,0,0
510,645,0,0
516,645,0,0
517,645,0.001,0
522,645,0.001,0
530,645,0,0
540,645,0,0
541,645,0,0
551,645,0,0
552,645,0,0
553,645,0,0
560,645,0.018,0
565,645,0,0
570,645,0,0
571,645,0.001,0
572,645,0.001,0
580,645,0,0
590,645,0,0
600,645,0.004,0
615,645,0.001,0
616,645,0,0
625,645,0.003,0
630,645,0.001,0
640,645,0.066,0
2,651,0.883,1
20,651,0,0
31,651,0,0
41,651,0,0
42,651,0,0
51,651,0,0
52,651,0,0
53,651,0,0
70,651,0,0
80,651,0,0
90,651,0,0
91,651,0,0
92,651,0,0
93,651,0.001,0
94,651,0,0
95,651,0,0
100,651,0,0
101,651,0,0
115,651,0,0
130,651,0,0
135,651,0,0
140,651,0,0
145,651,0,0
150,651,0,0
155,651,0,0
160,651,0,0
165,651,0,0
200,651,0.001,0
205,651,0,0
210,651,0,0
211,651,0,0
212,651,0,0
220,651,0,0
225,651,0,0
230,651,0.002,0
235,651,0.001,0
255,651,0.001,0
260,651,0,NA
290,651,0,0
305,651,0,0
310,651,0,0
316,651,0.923,1
317,651,0.001,0
325,651,0.01,0
338,651,0,0
339,651,0,0
343,651,0,0
344,651,0,0
345,651,0.001,0
346,651,0,0
349,651,0.001,0
350,651,0.002,0
352,651,0,0
355,651,0.831,1
359,651,0,0
360,651,0,0
365,651,0.003,0
366,651,0,0
367,651,0,0
368,651,0,0
369,651,0.008,0
370,651,0,0
371,651,0,0
372,651,0.001,0
373,651,0,0
375,651,0,0
380,651,0.001,0
385,651,0,0
390,651,0,0
395,651,0,0
402,651,0,0
404,651,0.001,0
411,651,0.003,0
420,651,0.001,0
432,651,0.001,0
433,651,0,0
434,651,0.003,0
435,651,0.004,0
436,651,0.003,0
437,651,0,0
438,651,0.001,0
439,651,0,0
450,651,0.002,0
451,651,0,0
452,651,0.001,0
461,651,0.002,0
471,651,0,0
475,651,0.002,0
481,651,0.002,0
482,651,0,0
483,651,0.004,0
484,651,0.002,0
490,651,0.001,0
500,651,0.002,0
501,651,0.001,0
510,651,0.001,0
516,651,0,0
517,651,0.003,0
522,651,0.001,0
530,651,0.004,0
540,651,0.002,0
541,651,0,0
551,651,0.001,0
552,651,0,0
553,651,0.001,0
560,651,0.022,0
565,651,0.001,0
570,651,0,0
571,651,0,0
572,651,0,0
580,651,0.001,0
590,651,0,0
600,651,0.003,0
615,651,0.003,0
616,651,0.002,0
625,651,0.007,0
630,651,0.001,0
640,651,0.021,0
645,651,0.003,0
2,652,0.002,0
20,652,0,0
31,652,0,0
41,652,0,0
42,652,0,0
51,652,0,0
52,652,0,0
53,652,0,0
70,652,0,0
80,652,0.001,0
90,652,0,0
91,652,0,0
92,652,0,0
93,652,0,0
94,652,0,0
95,652,0,0
100,652,0,0
101,652,0,0
115,652,0,0
130,652,0,0
135,652,0,0
140,652,0.005,0
145,652,0,0
150,652,0,0
155,652,0,0
160,652,0,0
165,652,0,0
200,652,0,0
205,652,0,0
210,652,0,0
211,652,0,0
212,652,0,0
220,652,0.003,0
225,652,0,0
230,652,0.001,0
235,652,0,0
255,652,0.002,0
260,652,0,NA
290,652,0.003,0
305,652,0,0
310,652,0.001,0
316,652,0,0
317,652,0,0
325,652,0.006,0
338,652,0,0
339,652,0,0
343,652,0.002,0
344,652,0,0
345,652,0,0
346,652,0,0
349,652,0,0
350,652,0.001,0
352,652,0,0
355,652,0.002,0
359,652,0.001,0
360,652,0.001,0
365,652,0.019,0
366,652,0,0
367,652,0,0
368,652,0,0
369,652,0.009,0
370,652,0.746,1
371,652,0,0
372,652,0,0
373,652,0.001,0
375,652,0,0
380,652,0,0
385,652,0,0
390,652,0,0
395,652,0,0
402,652,0.001,0
404,652,0,0
411,652,0,0
420,652,0.001,0
432,652,0.001,0
433,652,0.001,0
434,652,0,0
435,652,0.003,0
436,652,0,0
437,652,0,0
438,652,0,0
439,652,0,0
450,652,0,0
451,652,0,0
452,652,0,0
461,652,0,0
471,652,0,0
475,652,0,0
481,652,0,0
482,652,0.001,0
483,652,0,0
484,652,0,0
490,652,0,0
500,652,0,0
501,652,0,0
510,652,0,0
516,652,0,0
517,652,0,0
522,652,0,0
530,652,0,0
540,652,0,0
541,652,0,0
551,652,0,0
552,652,0,0
553,652,0,0
560,652,0.005,0
565,652,0,0
570,652,0,0
571,652,0,0
572,652,0,0
580,652,0,0
590,652,0,0
600,652,0.001,0
615,652,0.002,0
616,652,0.001,0
625,652,0.003,0
630,652,0.943,1
640,652,0.996,1
645,652,0.008,0
651,652,0.011,0
2,660,0.002,0
20,660,0,0
31,660,0,0
41,660,0,0
42,660,0,0
51,660,0,0
52,660,0,0
53,660,0,0
70,660,0,0
80,660,0.001,0
90,660,0,0
91,660,0,0
92,660,0,0
93,660,0,0
94,660,0,0
95,660,0,0
100,660,0,0
101,660,0,0
115,660,0,0
130,660,0,0
135,660,0,0
140,660,0.002,0
145,660,0,0
150,660,0,0
155,660,0,0
160,660,0,0
165,660,0,0
200,660,0.001,0
205,660,0,0
210,660,0,0
211,660,0,0
212,660,0,0
220,660,0.001,0
225,660,0,0
230,660,0.003,0
235,660,0,0
255,660,0.001,0
260,660,0,NA
290,660,0.002,0
305,660,0,0
310,660,0,0
316,660,0.002,0
317,660,0,0
325,660,0.991,1
338,660,0,0
339,660,0,0
343,660,0,0
344,660,0,0
345,660,0,0
346,660,0,0
349,660,0,0
350,660,0,0
352,660,0,0
355,660,0.001,0
359,660,0.001,0
360,660,0,0
365,660,0.007,0
366,660,0,0
367,660,0,0
368,660,0,0
369,660,0.011,0
370,660,0,0
371,660,0.701,1
372,660,0,0
373,660,0,0
375,660,0,0
380,660,0,0
385,660,0,0
390,660,0,0
395,660,0,0
402,660,0,0
404,660,0,0
411,660,0,0
420,660,0,0
432,660,0,0
433,660,0,0
434,660,0,0
435,660,0,0
436,660,0,0
437,660,0,0
438,660,0.001,0
439,660,0,0
450,660,0,0
451,660,0,0
452,660,0,0
461,660,0.001,0
471,660,0,0
475,660,0,0
481,660,0,0
482,660,0,0
483,660,0,0
484,660,0,0
490,660,0,0
500,660,0,0
501,660,0,0
510,660,0,0
516,660,0,0
517,660,0,0
522,660,0,0
530,660,0,0
540,660,0,0
541,660,0,0
551,660,0,0
552,660,0,0
553,660,0,0
560,660,0.005,0
565,660,0,0
570,660,0,0
571,660,0,0
572,660,0,0
580,660,0,0
590,660,0,0
600,660,0,0
615,660,0.001,0
616,660,0,0
625,660,0.001,0
630,660,0,0
640,660,0.013,0
645,660,0.002,0
651,660,0.004,0
652,660,0.008,0
2,663,0,0
20,663,0,0
31,663,0,0
41,663,0,0
42,663,0,0
51,663,0,0
52,663,0,0
53,663,0,0
70,663,0.001,0
80,663,0,0
90,663,0,0
91,663,0,0
92,663,0,0
93,663,0,0
94,663,0,0
95,663,0,0
100,663,0,0
101,663,0,0
115,663,0,0
130,663,0,0
135,663,0,0
140,663,0.005,0
145,663,0,0
150,663,0,0
155,663,0.001,0
160,663,0,0
165,663,0,0
200,663,0.001,0
205,663,0,0
210,663,0.001,0
211,663,0,0
212,663,0,0
220,663,0.007,0
225,663,0.002,0
230,663,0.006,0
235,663,0.001,0
255,663,0.002,0
260,663,0,NA
290,663,0.002,0
305,663,0,0
310,663,0,0
316,663,0,0
317,663,0.001,0
325,663,0.995,1
338,663,0,0
339,663,0.001,0
343,663,0,0
344,663,0,0
345,663,0,0
346,663,0,0
349,663,0,0
350,663,0.002,0
352,663,0,0
355,663,0.002,0
359,663,0,0
360,663,0.947,1
365,663,0.997,1
366,663,0,0
367,663,0,0
368,663,0,0
369,663,0.024,0
370,663,0.826,1
371,663,0,0
372,663,0,0
373,663,0,0
375,663,0,0
380,663,0.004,0
385,663,0.001,0
390,663,0,0
395,663,0,0
402,663,0,0
404,663,0,0
411,663,0,0
420,663,0,0
432,663,0,0
433,663,0,0
434,663,0.002,0
435,663,0,0
436,663,0,0
437,663,0,0
438,663,0,0
439,663,0,0
450,663,0,0
451,663,0,0
452,663,0,0
461,663,0,0
471,663,0,0
475,663,0.003,0
481,663,0,0
482,663,0,0
483,663,0,0
484,663,0,0
490,663,0,0
500,663,0,0
501,663,0,0
510,663,0,0
516,663,0,0
517,663,0,0
522,663,0.003,0
530,663,0,0
540,663,0,0
541,663,0,0
551,663,0,0
552,663,0.001,0
553,663,0,0
560,663,0.998,1
565,663,0,0
570,663,0,0
571,663,0,0
572,663,0,0
580,663,0,0
590,663,0,0
600,663,0.002,0
615,663,0,0
616,663,0,0
625,663,0.001,0
630,663,0,0
640,663,0.043,0
645,663,0.006,0
651,663,0.011,0
652,663,0.011,0
660,663,0.007,0
2,666,0.993,1
20,666,0,0
31,666,0,0
41,666,0,0
42,666,0,0
51,666,0,0
52,666,0.001,0
53,666,0,0
70,666,0,0
80,666,0,0
90,666,0,0
91,666,0,0
92,666,0,0
93,666,0,0
94,666,0,0
95,666,0,0
100,666,0,0
101,666,0,0
115,666,0,0
130,666,0,0
135,666,0.642,1
140,666,0.001,0
145,666,0,0
150,666,0,0
155,666,0,0
160,666,0.001,0
165,666,0,0
200,666,0.005,0
205,666,0,0
210,666,0.001,0
211,666,0.001,0
212,666,0,0
220,666,0.002,0
225,666,0,0
230,666,0.001,0
235,666,0,0
255,666,0.003,0
260,666,0,NA
290,666,0.994,1
305,666,0,0
310,666,0,0
316,666,0.002,0
317,666,0,0
325,666,0.006,0
338,666,0,0
339,666,0.001,0
343,666,0,0
344,666,0,0
345,666,0,0
346,666,0,0
349,666,0.95,1
350,666,0.005,0
352,666,0.001,0
355,666,0.001,0
359,666,0.002,0
360,666,0.003,0
365,666,0.002,0
366,666,0.002,0
367,666,0.885,1
368,666,0,0
369,666,0.007,0
370,666,0,0
371,666,0,0
372,666,0.001,0
373,666,0,0
375,666,0.001,0
380,666,0.001,0
385,666,0.001,0
390,666,0,0
395,666,0,0
402,666,0,0
404,666,0.002,0
411,666,0,0
420,666,0,0
432,666,0,0
433,666,0,0
434,666,0,0
435,666,0,0
436,666,0,0
437,666,0,0
438,666,0,0
439,666,0,0
450,666,0.001,0
451,666,0,0
452,666,0,0
461,666,0,0
471,666,0,0
475,666,0,0
481,666,0,0
482,666,0.001,0
483,666,0,0
484,666,0,0
490,666,0,0
500,666,0,0
501,666,0,0
510,666,0,0
516,666,0,0
517,666,0,0
522,666,0,0
530,666,0,0
540,666,0,0
541,666,0,0
551,666,0,0
552,666,0,0
553,666,0,0
560,666,0.001,0
565,666,0,0
570,666,0,0
571,666,0,0
572,666,0,0
580,666,0,0
590,666,0,0
600,666,0,0
615,666,0,0
616,666,0,0
625,666,0,0
630,666,0,0
640,666,0.023,0
645,666,0,0
651,666,0.002,0
652,666,0,0
660,666,0,0
663,666,0.008,0
2,670,0.006,0
20,670,0,0
31,670,0,0
41,670,0,0
42,670,0.001,0
51,670,0,0
52,670,0.001,0
53,670,0.001,0
70,670,0.001,0
80,670,0,0
90,670,0.001,0
91,670,0,0
92,670,0,0
93,670,0.001,0
94,670,0,0
95,670,0,0
100,670,0,0
101,670,0,0
115,670,0,0
130,670,0,0
135,670,0.001,0
140,670,0.004,0
145,670,0,0
150,670,0,0
155,670,0.002,0
160,670,0.002,0
165,670,0,0
200,670,0.002,0
205,670,0,0
210,670,0.002,0
211,670,0,0
212,670,0,0
220,670,0.008,0
225,670,0.001,0
230,670,0.975,1
235,670,0,0
255,670,0.006,0
260,670,0,NA
290,670,0.004,0
305,670,0,0
310,670,0,0
316,670,0.001,0
317,670,0,0
325,670,0.991,1
338,670,0,0
339,670,0,0
343,670,0,0
344,670,0,0
345,670,0.001,0
346,670,0,0
349,670,0.002,0
350,670,0.003,0
352,670,0,0
355,670,0.003,0
359,670,0,0
360,670,0,0
365,670,0.992,1
366,670,0,0
367,670,0,0
368,670,0,0
369,670,0.016,0
370,670,0.001,0
371,670,0,0
372,670,0,0
373,670,0.002,0
375,670,0,0
380,670,0.909,1
385,670,0.001,0
390,670,0,0
395,670,0,0
402,670,0,0
404,670,0,0
411,670,0,0
420,670,0,0
432,670,0.001,0
433,670,0.001,0
434,670,0,0
435,670,0.002,0
436,670,0,0
437,670,0,0
438,670,0,0
439,670,0,0
450,670,0,0
451,670,0,0
452,670,0,0
461,670,0,0
471,670,0.001,0
475,670,0,0
481,670,0,0
482,670,0.002,0
483,670,0.001,0
484,670,0.001,0
490,670,0.001,0
500,670,0.001,0
501,670,0.001,0
510,670,0.001,0
516,670,0.001,0
517,670,0.001,0
522,670,0.007,0
530,670,0.001,0
540,670,0,0
541,670,0,0
551,670,0,0
552,670,0.001,0
553,670,0,0
560,670,0.998,1
565,670,0,0
570,670,0,0
571,670,0.001,0
572,670,0,0
580,670,0,0
590,670,0,0
600,670,0.001,0
615,670,0.001,0
616,670,0.002,0
625,670,0.005,0
630,670,0.001,0
640,670,0.027,0
645,670,0.007,0
651,670,0.006,0
652,670,0.006,0
660,670,0.003,0
663,670,0.009,0
666,670,0.001,0
2,679,0.006,0
20,679,0,0
31,679,0,0
41,679,0,0
42,679,0,0
51,679,0,0
52,679,0.001,0
53,679,0,0
70,679,0,0
80,679,0,0
90,679,0,0
91,679,0,0
92,679,0,0
93,679,0.001,0
94,679,0,0
95,679,0,0
100,679,0,0
101,679,0,0
115,679,0,0
130,679,0,0
135,679,0,0
140,679,0.007,0
145,679,0,0
150,679,0,0
155,679,0,0
160,679,0.001,0
165,679,0,0
200,679,0.002,0
205,679,0,0
210,679,0,0
211,679,0,0
212,679,0,0
220,679,0.002,0
225,679,0.001,0
230,679,0.007,0
235,679,0.001,0
255,679,0.007,0
260,679,0,NA
290,679,0.004,0
305,679,0.001,0
310,679,0,0
316,679,0.002,0
317,679,0,0
325,679,0.011,0
338,679,0,0
339,679,0,0
343,679,0,0
344,679,0,0
345,679,0.001,0
346,679,0,0
349,679,0,0
350,679,0,0
352,679,0,0
355,679,0,0
359,679,0,0
360,679,0.004,0
365,679,0.015,0
366,679,0,0
367,679,0,0
368,679,0,0
369,679,0.011,0
370,679,0,0
371,679,0,0
372,679,0.001,0
373,679,0,0
375,679,0,0
380,679,0.002,0
385,679,0,0
390,679,0,0
395,679,0,0
402,679,0,0
404,679,0,0
411,679,0,0
420,679,0,0
432,679,0,0
433,679,0,0
434,679,0,0
435,679,0.001,0
436,679,0,0
437,679,0,0
438,679,0,0
439,679,0.001,0
450,679,0,0
451,679,0.001,0
452,679,0,0
461,679,0,0
471,679,0,0
475,679,0,0
481,679,0,0
482,679,0,0
483,679,0,0
484,679,0,0
490,679,0,0
500,679,0,0
501,679,0,0
510,679,0,0
516,679,0,0
517,679,0,0
522,679,0.003,0
530,679,0.002,0
540,679,0,0
541,679,0,0
551,679,0,0
552,679,0,0
553,679,0,0
560,679,0.039,0
565,679,0,0
570,679,0,0
571,679,0,0
572,679,0,0
580,679,0,0
590,679,0,0
600,679,0,0
615,679,0.004,0
616,679,0.001,0
625,679,0.004,0
630,679,0.002,0
640,679,0.034,0
645,679,0.001,0
651,679,0.006,0
652,679,0.004,0
660,679,0,0
663,679,0.001,0
666,679,0,0
670,679,0.016,0
2,690,0.003,0
20,690,0,0
31,690,0,0
41,690,0,0
42,690,0,0
51,690,0,0
52,690,0,0
53,690,0,0
70,690,0,0
80,690,0,0
90,690,0,0
91,690,0,0
92,690,0,0
93,690,0,0
94,690,0.001,0
95,690,0,0
100,690,0,0
101,690,0,0
115,690,0,0
130,690,0,0
135,690,0.001,0
140,690,0.006,0
145,690,0,0
150,690,0,0
155,690,0.002,0
160,690,0.001,0
165,690,0.001,0
200,690,0.002,0
205,690,0,0
210,690,0.001,0
211,690,0,0
212,690,0,0
220,690,0.006,0
225,690,0.001,0
230,690,0.003,0
235,690,0,0
255,690,0.004,0
260,690,0,NA
290,690,0,0
305,690,0.001,0
310,690,0,0
316,690,0.002,0
317,690,0.002,0
325,690,0.013,0
338,690,0,0
339,690,0,0
343,690,0,0
344,690,0,0
345,690,0.002,0
346,690,0,0
349,690,0.001,0
350,690,0.001,0
352,690,0,0
355,690,0.001,0
359,690,0,0
360,690,0.001,0
365,690,0.012,0
366,690,0,0
367,690,0,0
368,690,0,0
369,690,0.015,0
370,690,0.001,0
371,690,0,0
372,690,0,0
373,690,0,0
375,690,0,0
380,690,0.001,0
385,690,0,0
390,690,0,0
395,690,0,0
402,690,0,0
404,690,0,0
411,690,0,0
420,690,0,0
432,690,0.001,0
433,690,0,0
434,690,0,0
435,690,0,0
436,690,0.001,0
437,690,0,0
438,690,0,0
439,690,0,0
450,690,0,0
451,690,0,0
452,690,0,0
461,690,0,0
471,690,0,0
475,690,0.001,0
481,690,0,0
482,690,0.001,0
483,690,0,0
484,690,0,0
490,690,0,0
500,690,0,0
501,690,0,0
510,690,0,0
516,690,0,0
517,690,0.001,0
522,690,0.003,0
530,690,0,0
540,690,0,0
541,690,0,0
551,690,0.001,0
552,690,0,0
553,690,0,0
560,690,0.974,1
565,690,0.001,0
570,690,0,0
571,690,0.001,0
572,690,0.001,0
580,690,0,0
590,690,0,0
600,690,0.002,0
615,690,0.001,0
616,690,0.001,0
625,690,0.002,0
630,690,0.871,1
640,690,0.018,0
645,690,0.005,0
651,690,0.003,0
652,690,0.004,0
660,690,0.001,0
663,690,0.003,0
666,690,0,0
670,690,0.022,0
679,690,0.002,0
2,692,0.005,0
20,692,0,0
31,692,0,0
41,692,0,0
42,692,0,0
51,692,0,0
52,692,0,0
53,692,0,0
70,692,0,0
80,692,0,0
90,692,0,0
91,692,0,0
92,692,0,0
93,692,0,0
94,692,0,0
95,692,0,0
100,692,0,0
101,692,0,0
115,692,0,0
130,692,0.001,0
135,692,0,0
140,692,0.007,0
145,692,0,0
150,692,0,0
155,692,0,0
160,692,0,0
165,692,0,0
200,692,0.005,0
205,692,0,0
210,692,0,0
211,692,0.001,0
212,692,0,0
220,692,0.003,0
225,692,0,0
230,692,0.004,0
235,692,0,0
255,692,0.001,0
260,692,0,NA
290,692,0.002,0
305,692,0,0
310,692,0.001,0
316,692,0.001,0
317,692,0,0
325,692,0.01,0
338,692,0,0
339,692,0.001,0
343,692,0,0
344,692,0,0
345,692,0,0
346,692,0,0
349,692,0,0
350,692,0.002,0
352,692,0,0
355,692,0,0
359,692,0,0
360,692,0.002,0
365,692,0.009,0
366,692,0,0
367,692,0,0
368,692,0,0
369,692,0.014,0
370,692,0.001,0
371,692,0,0
372,692,0,0
373,692,0,0
375,692,0.001,0
380,692,0.001,0
385,692,0,0
390,692,0,0
395,692,0,0
402,692,0,0
404,692,0,0
411,692,0,0
420,692,0,0
432,692,0.001,0
433,692,0.002,0
434,692,0,0
435,692,0.001,0
436,692,0.001,0
437,692,0.001,0
438,692,0,0
439,692,0,0
450,692,0,0
451,692,0,0
452,692,0,0
461,692,0,0
471,692,0,0
475,692,0,0
481,692,0,0
482,692,0,0
483,692,0,0
484,692,0,0
490,692,0,0
500,692,0.001,0
501,692,0.002,0
510,692,0,0
516,692,0,0
517,692,0.001,0
522,692,0,0
530,692,0.003,0
540,692,0,0
541,692,0,0
551,692,0,0
552,692,0,0
553,692,0,0
560,692,0.027,0
565,692,0,0
570,692,0,0
571,692,0,0
572,692,0,0
580,692,0,0
590,692,0,0
600,692,0,0
615,692,0,0
616,692,0,0
625,692,0,0
630,692,0.004,0
640,692,0.957,1
645,692,0.004,0
651,692,0.005,0
652,692,0,0
660,692,0,0
663,692,0.002,0
666,692,0,0
670,692,0.039,0
679,692,0.001,0
690,692,0.004,0
2,694,0.001,0
20,694,0,0
31,694,0,0
41,694,0,0
42,694,0,0
51,694,0,0
52,694,0,0
53,694,0,0
70,694,0,0
80,694,0,0
90,694,0,0
91,694,0,0
92,694,0,0
93,694,0,0
94,694,0,0
95,694,0,0
100,694,0,0
101,694,0,0
115,694,0,0
130,694,0,0
135,694,0,0
140,694,0.001,0
145,694,0,0
150,694,0,0
155,694,0,0
160,694,0,0
165,694,0,0
200,694,0.002,0
205,694,0,0
210,694,0.001,0
211,694,0,0
212,694,0,0
220,694,0.005,0
225,694,0,0
230,694,0.006,0
235,694,0,0
255,694,0.003,0
260,694,0,NA
290,694,0.004,0
305,694,0.001,0
310,694,0,0
316,694,0,0
317,694,0,0
325,694,0.006,0
338,694,0,0
339,694,0,0
343,694,0,0
344,694,0,0
345,694,0,0
346,694,0,0
349,694,0,0
350,694,0,0
352,694,0,0
355,694,0,0
359,694,0,0
360,694,0,0
365,694,0.006,0
366,694,0,0
367,694,0,0
368,694,0,0
369,694,0.005,0
370,694,0.695,1
371,694,0,0
372,694,0,0
373,694,0,0
375,694,0,0
380,694,0,0
385,694,0,0
390,694,0,0
395,694,0,0
402,694,0,0
404,694,0,0
411,694,0,0
420,694,0,0
432,694,0,0
433,694,0,0
434,694,0,0
435,694,0,0
436,694,0,0
437,694,0,0
438,694,0,0
439,694,0,0
450,694,0,0
451,694,0,0
452,694,0,0
461,694,0,0
471,694,0,0
475,694,0.001,0
481,694,0,0
482,694,0,0
483,694,0,0
484,694,0,0
490,694,0,0
500,694,0,0
501,694,0,0
510,694,0,0
516,694,0.001,0
517,694,0,0
522,694,0,0
530,694,0,0
540,694,0,0
541,694,0,0
551,694,0,0
552,694,0,0
553,694,0,0
560,694,0.989,1
565,694,0,0
570,694,0,0
571,694,0,0
572,694,0,0
580,694,0,0
590,694,0,0
600,694,0,0
615,694,0.002,0
616,694,0.003,0
625,694,0.001,0
630,694,0,0
640,694,0.994,1
645,694,0.003,0
651,694,0.002,0
652,694,0.002,0
660,694,0,0
663,694,0.001,0
666,694,0,0
670,694,0.011,0
679,694,0.005,0
690,694,0.003,0
692,694,0.012,0
2,696,0.002,0
20,696,0,0
31,696,0,0
41,696,0,0
42,696,0,0
51,696,0,0
52,696,0,0
53,696,0,0
70,696,0,0
80,696,0,0
90,696,0.001,0
91,696,0,0
92,696,0,0
93,696,0,0
94,696,0,0
95,696,0,0
100,696,0,0
101,696,0,0
115,696,0,0
130,696,0,0
135,696,0,0
140,696,0.002,0
145,696,0,0
150,696,0,0
155,696,0,0
160,696,0,0
165,696,0,0
200,696,0.001,0
205,696,0,0
210,696,0,0
211,696,0,0
212,696,0,0
220,696,0.005,0
225,696,0,0
230,696,0.003,0
235,696,0,0
255,696,0,0
260,696,0,NA
290,696,0.001,0
305,696,0,0
310,696,0.001,0
316,696,0.001,0
317,696,0.909,1
325,696,0.994,1
338,696,0,0
339,696,0,0
343,696,0,0
344,696,0,0
345,696,0,0
346,696,0,0
349,696,0,0
350,696,0,0
352,696,0,0
355,696,0,0
359,696,0,0
360,696,0,0
365,696,0.004,0
366,696,0,0
367,696,0,0
368,696,0,0
369,696,0.01,0
370,696,0,0
371,696,0,0
372,696,0,0
373,696,0,0
375,696,0.869,1
380,696,0,0
385,696,0,0
390,696,0,0
395,696,0.001,0
402,696,0,0
404,696,0,0
411,696,0,0
420,696,0,0
432,696,0,0
433,696,0,0
434,696,0.001,0
435,696,0.001,0
436,696,0,0
437,696,0,0
438,696,0,0
439,696,0,0
450,696,0,0
451,696,0,0
452,696,0,0
461,696,0,0
471,696,0,0
475,696,0.001,0
481,696,0,0
482,696,0.001,0
483,696,0,0
484,696,0,0
490,696,0.001,0
500,696,0.001,0
501,696,0,0
510,696,0.001,0
516,696,0,0
517,696,0,0
522,696,0.002,0
530,696,0.001,0
540,696,0,0
541,696,0,0
551,696,0.002,0
552,696,0,0
553,696,0.002,0
560,696,0.997,1
565,696,0,0
570,696,0,0
571,696,0,0
572,696,0,0
580,696,0,0
590,696,0,0
600,696,0,0
615,696,0,0
616,696,0.002,0
625,696,0.001,0
630,696,0.001,0
640,696,0.018,0
645,696,0.003,0
651,696,0.001,0
652,696,0.001,0
660,696,0.001,0
663,696,0.004,0
666,696,0,0
670,696,0.012,0
679,696,0.009,0
690,696,0.006,0
692,696,0.009,0
694,696,0.01,0
2,698,0.001,0
20,698,0.002,0
31,698,0,0
41,698,0,0
42,698,0,0
51,698,0,0
52,698,0,0
53,698,0,0
70,698,0.001,0
80,698,0,0
90,698,0,0
91,698,0,0
92,698,0,0
93,698,0,0
94,698,0.001,0
95,698,0,0
100,698,0,0
101,698,0.001,0
115,698,0,0
130,698,0.001,0
135,698,0,0
140,698,0.011,0
145,698,0,0
150,698,0,0
155,698,0,0
160,698,0,0
165,698,0,0
200,698,0,0
205,698,0,0
210,698,0,0
211,698,0,0
212,698,0.001,0
220,698,0.004,0
225,698,0,0
230,698,0,0
235,698,0,0
255,698,0.006,0
260,698,0,NA
290,698,0.002,0
305,698,0,0
310,698,0,0
316,698,0,0
317,698,0,0
325,698,0.013,0
338,698,0,0
339,698,0,0
343,698,0,0
344,698,0,0
345,698,0.002,0
346,698,0,0
349,698,0.002,0
350,698,0.001,0
352,698,0,0
355,698,0.001,0
359,698,0,0
360,698,0,0
365,698,0.017,0
366,698,0,0
367,698,0,0
368,698,0,0
369,698,0.015,0
370,698,0,0
371,698,0,0
372,698,0,0
373,698,0.001,0
375,698,0,0
380,698,0.001,0
385,698,0.001,0
390,698,0.001,0
395,698,0,0
402,698,0,0
404,698,0,0
411,698,0,0
420,698,0,0
432,698,0,0
433,698,0.001,0
434,698,0,0
435,698,0,0
436,698,0,0
437,698,0,0
438,698,0,0
439,698,0,0
450,698,0,0
451,698,0,0
452,698,0,0
461,698,0.001,0
471,698,0,0
475,698,0,0
481,698,0,0
482,698,0,0
483,698,0.001,0
484,698,0,0
490,698,0,0
500,698,0,0
501,698,0.001,0
510,698,0,0
516,698,0,0
517,698,0,0
522,698,0,0
530,698,0,0
540,698,0,0
541,698,0,0
551,698,0.001,0
552,698,0,0
553,698,0,0
560,698,0.026,0
565,698,0.001,0
570,698,0,0
571,698,0,0
572,698,0,0
580,698,0,0
590,698,0,0
600,698,0,0
615,698,0,0
616,698,0,0
625,698,0.001,0
630,698,0.004,0
640,698,0.028,0
645,698,0.005,0
651,698,0.002,0
652,698,0.001,0
660,698,0,0
663,698,0,0
666,698,0,0
670,698,0.016,0
679,698,0.003,0
690,698,0.005,0
692,698,0.003,0
694,698,0.002,0
696,698,0.018,0
2,701,0.01,0
20,701,0.001,0
31,701,0,0
41,701,0,0
42,701,0,0
51,701,0,0
52,701,0,0
53,701,0,0
70,701,0,0
80,701,0,0
90,701,0,0
91,701,0,0
92,701,0,0
93,701,0,0
94,701,0,0
95,701,0,0
100,701,0.001,0
101,701,0.001,0
115,701,0,0
130,701,0.001,0
135,701,0,0
140,701,0.003,0
145,701,0,0
150,701,0,0
155,701,0,0
160,701,0.001,0
165,701,0,0
200,701,0.005,0
205,701,0,0
210,701,0,0
211,701,0,0
212,701,0,0
220,701,0.01,0
225,701,0,0
230,701,0.008,0
235,701,0,0
255,701,0.014,0
260,701,0,NA
290,701,0.005,0
305,701,0.003,0
310,701,0.002,0
316,701,0.004,0
317,701,0.002,0
325,701,0.032,0
338,701,0,0
339,701,0,0
343,701,0,0
344,701,0.001,0
345,701,0.001,0
346,701,0.001,0
349,701,0,0
350,701,0.003,0
352,701,0,0
355,701,0.001,0
359,701,0,0
360,701,0.003,0
365,701,0.056,0
366,701,0,0
367,701,0,0
368,701,0.003,0
369,701,0.99,1
370,701,0,0
371,701,0.001,0
372,701,0.001,0
373,701,0.003,0
375,701,0.001,0
380,701,0.004,0
385,701,0.001,0
390,701,0,0
395,701,0,0
402,701,0,0
404,701,0,0
411,701,0,0
420,701,0,0
432,701,0,0
433,701,0,0
434,701,0,0
435,701,0,0
436,701,0,0
437,701,0,0
438,701,0,0
439,701,0,0
450,701,0,0
451,701,0,0
452,701,0,0
461,701,0,0
471,701,0,0
475,701,0,0
481,701,0,0
482,701,0,0
483,701,0,0
484,701,0,0
490,701,0,0
500,701,0,0
501,701,0,0
510,701,0,0
516,701,0,0
517,701,0,0
522,701,0,0
530,701,0,0
540,701,0,0
541,701,0,0
551,701,0.001,0
552,701,0,0
553,701,0,0
560,701,0.008,0
565,701,0,0
570,701,0,0
571,701,0,0
572,701,0,0
580,701,0,0
590,701,0,0
600,701,0,0
615,701,0,0
616,701,0,0
625,701,0,0
630,701,0.001,0
640,701,0.062,0
645,701,0,0
651,701,0,0
652,701,0.001,0
660,701,0,0
663,701,0,0
666,701,0,0
670,701,0.002,0
679,701,0,0
690,701,0,0
692,701,0,0
694,701,0,0
696,701,0.001,0
698,701,0,0
2,702,0.005,0
20,702,0,0
31,702,0,0
41,702,0,0
42,702,0,0
51,702,0,0
52,702,0,0
53,702,0,0
70,702,0.001,0
80,702,0,0
90,702,0,0
91,702,0,0
92,702,0,0
93,702,0,0
94,702,0,0
95,702,0,0
100,702,0.001,0
101,702,0,0
115,702,0,0
130,702,0,0
135,702,0.001,0
140,702,0.005,0
145,702,0,0
150,702,0,0
155,702,0,0
160,702,0,0
165,702,0,0
200,702,0.006,0
205,702,0,0
210,702,0.001,0
211,702,0.002,0
212,702,0,0
220,702,0.014,0
225,702,0.003,0
230,702,0.008,0
235,702,0,0
255,702,0.013,0
260,702,0,NA
290,702,0.984,1
305,702,0,0
310,702,0.001,0
316,702,0.002,0
317,702,0,0
325,702,0.023,0
338,702,0,0
339,702,0,0
343,702,0,0
344,702,0,0
345,702,0,0
346,702,0,0
349,702,0.002,0
350,702,0.001,0
352,702,0,0
355,702,0,0
359,702,0,0
360,702,0.005,0
365,702,1,1
366,702,0,0
367,702,0,0
368,702,0,0
369,702,0.998,1
370,702,0.967,1
371,702,0,0
372,702,0,0
373,702,0.991,1
375,702,0.001,0
380,702,0.001,0
385,702,0.001,0
390,702,0,0
395,702,0,0
402,702,0,0
404,702,0,0
411,702,0,0
420,702,0,0
432,702,0.001,0
433,702,0,0
434,702,0,0
435,702,0,0
436,702,0,0
437,702,0,0
438,702,0,0
439,702,0,0
450,702,0,0
451,702,0,0
452,702,0,0
461,702,0,0
471,702,0,0
475,702,0,0
481,702,0,0
482,702,0,0
483,702,0,0
484,702,0,0
490,702,0,0
500,702,0,0
501,702,0,0
510,702,0,0
516,702,0,0
517,702,0,0
522,702,0,0
530,702,0,0
540,702,0,0
541,702,0,0
551,702,0,0
552,702,0,0
553,702,0,0
560,702,0.011,0
565,702,0,0
570,702,0,0
571,702,0,0
572,702,0,0
580,702,0,0
590,702,0,0
600,702,0,0
615,702,0,0
616,702,0,0
625,702,0,0
630,702,0.802,1
640,702,0.065,0
645,702,0,0
651,702,0.001,0
652,702,0,0
660,702,0,0
663,702,0,0
666,702,0.001,0
670,702,0,0
679,702,0,0
690,702,0,0
692,702,0,0
694,702,0,0
696,702,0,0
698,702,0,0
701,702,0,0
2,703,0.005,0
20,703,0.001,0
31,703,0,0
41,703,0,0
42,703,0,0
51,703,0,0
52,703,0,0
53,703,0,0
70,703,0,0
80,703,0,0
90,703,0,0
91,703,0,0
92,703,0,0
93,703,0,0
94,703,0,0
95,703,0,0
100,703,0,0
101,703,0,0
115,703,0,0
130,703,0,0
135,703,0,0
140,703,0.002,0
145,703,0,0
150,703,0,0
155,703,0,0
160,703,0.001,0
165,703,0,0
200,703,0.956,1
205,703,0,0
210,703,0.001,0
211,703,0.001,0
212,703,0,0
220,703,0.01,0
225,703,0,0
230,703,0.004,0
235,703,0.001,0
255,703,0.014,0
260,703,0,NA
290,703,0.009,0
305,703,0,0
310,703,0,0
316,703,0.006,0
317,703,0.005,0
325,703,0.016,0
338,703,0,0
339,703,0,0
343,703,0,0
344,703,0,0
345,703,0.002,0
346,703,0,0
349,703,0,0
350,703,0.003,0
352,703,0,0
355,703,0.002,0
359,703,0.002,0
360,703,0.004,0
365,703,1,1
366,703,0,0
367,703,0,0
368,703,0.986,1
369,703,0.054,0
370,703,0.977,1
371,703,0.927,1
372,703,0.001,0
373,703,0.988,1
375,703,0,0
380,703,0.002,0
385,703,0,0
390,703,0.002,0
395,703,0.001,0
402,703,0,0
404,703,0,0
411,703,0,0
420,703,0,0
432,703,0,0
433,703,0,0
434,703,0,0
435,703,0,0
436,703,0,0
437,703,0,0
438,703,0,0
439,703,0.001,0
450,703,0,0
451,703,0,0
452,703,0.001,0
461,703,0,0
471,703,0,0
475,703,0,0
481,703,0,0
482,703,0,0
483,703,0,0
484,703,0,0
490,703,0,0
500,703,0,0
501,703,0,0
510,703,0,0
516,703,0,0
517,703,0,0
522,703,0,0
530,703,0,0
540,703,0,0
541,703,0,0
551,703,0,0
552,703,0,0
553,703,0,0
560,703,0.005,0
565,703,0,0
570,703,0,0
571,703,0,0
572,703,0,0
580,703,0,0
590,703,0,0
600,703,0,0
615,703,0,0
616,703,0,0
625,703,0,0
630,703,0,0
640,703,0.067,0
645,703,0,0
651,703,0,0
652,703,0,0
660,703,0,0
663,703,0,0
666,703,0,0
670,703,0,0
679,703,0,0
690,703,0,0
692,703,0,0
694,703,0,0
696,703,0,0
698,703,0,0
701,703,0,0
702,703,0.95,1
2,704,0.013,0
20,704,0,0
31,704,0,0
41,704,0,0
42,704,0.001,0
51,704,0,0
52,704,0,0
53,704,0,0
70,704,0,0
80,704,0,0
90,704,0,0
91,704,0,0
92,704,0,0
93,704,0,0
94,704,0,0
95,704,0,0
100,704,0,0
101,704,0,0
115,704,0,0
130,704,0.001,0
135,704,0,0
140,704,0.002,0
145,704,0,0
150,704,0,0
155,704,0,0
160,704,0,0
165,704,0,0
200,704,0.007,0
205,704,0,0
210,704,0.001,0
211,704,0.002,0
212,704,0,0
220,704,0.011,0
225,704,0.001,0
230,704,0.01,0
235,704,0.001,0
255,704,0.013,0
260,704,0,NA
290,704,0.007,0
305,704,0,0
310,704,0,0
316,704,0.005,0
317,704,0.004,0
325,704,1,1
338,704,0,0
339,704,0,0
343,704,0.001,0
344,704,0.003,0
345,704,0.001,0
346,704,0,0
349,704,0.002,0
350,704,0.01,0
352,704,0,0
355,704,0.002,0
359,704,0,0
360,704,0.001,0
365,704,0.999,1
366,704,0,0
367,704,0,0
368,704,0.929,1
369,704,1,1
370,704,0.001,0
371,704,0,0
372,704,0.005,0
373,704,0.002,0
375,704,0.003,0
380,704,0.002,0
385,704,0.001,0
390,704,0,0
395,704,0,0
402,704,0,0
404,704,0,0
411,704,0,0
420,704,0.001,0
432,704,0.002,0
433,704,0,0
434,704,0,0
435,704,0,0
436,704,0,0
437,704,0,0
438,704,0,0
439,704,0,0
450,704,0,0
451,704,0,0
452,704,0.001,0
461,704,0,0
471,704,0,0
475,704,0,0
481,704,0,0
482,704,0,0
483,704,0,0
484,704,0,0
490,704,0,0
500,704,0,0
501,704,0,0
510,704,0,0
516,704,0.001,0
517,704,0,0
522,704,0,0
530,704,0.001,0
540,704,0,0
541,704,0,0
551,704,0,0
552,704,0,0
553,704,0.001,0
560,704,0.013,0
565,704,0,0
570,704,0,0
571,704,0,0
572,704,0,0
580,704,0,0
590,704,0,0
600,704,0,0
615,704,0,0
616,704,0,0
625,704,0,0
630,704,0,0
640,704,0.079,0
645,704,0,0
651,704,0,0
652,704,0,0
660,704,0,0
663,704,0,0
666,704,0,0
670,704,0,0
679,704,0,0
690,704,0.001,0
692,704,0.001,0
694,704,0,0
696,704,0,0
698,704,0.001,0
701,704,0.005,0
702,704,0.009,0
703,704,0.004,0
2,705,0.015,0
20,705,0,0
31,705,0,0
41,705,0,0
42,705,0,0
51,705,0,0
52,705,0,0
53,705,0,0
70,705,0.001,0
80,705,0,0
90,705,0.001,0
91,705,0,0
92,705,0,0
93,705,0,0
94,705,0,0
95,705,0,0
100,705,0.001,0
101,705,0,0
115,705,0,0
130,705,0,0
135,705,0,0
140,705,0.008,0
145,705,0,0
150,705,0,0
155,705,0,0
160,705,0.002,0
165,705,0,0
200,705,0.999,1
205,705,0.001,0
210,705,0.003,0
211,705,0.001,0
212,705,0,0
220,705,0.039,0
225,705,0.002,0
230,705,0.022,0
235,705,0.003,0
255,705,0.999,1
260,705,0,NA
290,705,0.998,1
305,705,0.005,0
310,705,0.001,0
316,705,0.025,0
317,705,0.995,1
325,705,0.081,0
338,705,0,0
339,705,0.004,0
343,705,0,0
344,705,0.002,0
345,705,0.005,0
346,705,0,0
349,705,0.005,0
350,705,0.011,0
352,705,0,0
355,705,0.008,0
359,705,0.006,0
360,705,0.009,0
365,705,1,1
366,705,0.001,0
367,705,0.003,0
368,705,0.997,1
369,705,1,1
370,705,0.999,1
371,705,0.007,0
372,705,0.995,1
373,705,0.999,1
375,705,0.004,0
380,705,0.005,0
385,705,0.002,0
390,705,0.001,0
395,705,0.001,0
402,705,0,0
404,705,0.001,0
411,705,0.001,0
420,705,0,0
432,705,0.001,0
433,705,0,0
434,705,0.001,0
435,705,0,0
436,705,0.001,0
437,705,0,0
438,705,0.001,0
439,705,0,0
450,705,0.001,0
451,705,0,0
452,705,0.002,0
461,705,0,0
471,705,0,0
475,705,0.001,0
481,705,0,0
482,705,0.002,0
483,705,0,0
484,705,0.001,0
490,705,0,0
500,705,0,0
501,705,0,0
510,705,0.001,0
516,705,0,0
517,705,0.001,0
522,705,0,0
530,705,0,0
540,705,0,0
541,705,0,0
551,705,0,0
552,705,0,0
553,705,0.001,0
560,705,0.027,0
565,705,0,0
570,705,0,0
571,705,0,0
572,705,0,0
580,705,0,0
590,705,0,0
600,705,0,0
615,705,0.001,0
616,705,0.002,0
625,705,0,0
630,705,0.001,0
640,705,1,1
645,705,0,0
651,705,0,0
652,705,0.001,0
660,705,0,0
663,705,0.002,0
666,705,0,0
670,705,0,0
679,705,0,0
690,705,0,0
692,705,0,0
694,705,0,0
696,705,0,0
698,705,0,0
701,705,0.005,0
702,705,0.986,1
703,705,0.994,1
704,705,0.008,0
2,710,0.004,0
20,710,0.001,0
31,710,0.014,0
41,710,0.007,0
42,710,0.012,0
51,710,0.009,0
52,710,0.004,0
53,710,0.003,0
70,710,0.008,0
80,710,0.005,0
90,710,0.004,0
91,710,0.008,0
92,710,0.003,0
93,710,0.003,0
94,710,0.005,0
95,710,0.004,0
100,710,0.001,0
101,710,0.003,0
115,710,0.006,0
130,710,0.003,0
135,710,0.001,0
140,710,0.013,0
145,710,0.006,0
150,710,0.006,0
155,710,0.004,0
160,710,0.985,1
165,710,0.001,0
200,710,0.005,0
205,710,0,0
210,710,0,0
211,710,0.003,0
212,710,0.003,0
220,710,0.027,0
225,710,0,0
230,710,0.002,0
235,710,0.002,0
255,710,0.005,0
260,710,0,NA
290,710,0.008,0
305,710,0.001,0
310,710,0.002,0
316,710,0.018,0
317,710,0.996,1
325,710,0.008,0
338,710,0,0
339,710,0.968,1
343,710,0.002,0
344,710,0.002,0
345,710,0.987,1
346,710,0.001,0
349,710,0.985,1
350,710,0.005,0
352,710,0,0
355,710,0.008,0
359,710,0.007,0
360,710,0.003,0
365,710,0.031,0
366,710,0,0
367,710,0.981,1
368,710,0.997,1
369,710,0.052,0
370,710,0.005,0
371,710,0,0
372,710,0.002,0
373,710,0.006,0
375,710,0,0
380,710,0.002,0
385,710,0.001,0
390,710,0.001,0
395,710,0.004,0
402,710,0.005,0
404,710,0.012,0
411,710,0.006,0
420,710,0.003,0
432,710,0.025,0
433,710,0.006,0
434,710,0.015,0
435,710,0.007,0
436,710,0.008,0
437,710,0.008,0
438,710,0.03,0
439,710,0.009,0
450,710,0.01,0
451,710,0.004,0
452,710,0.035,0
461,710,0.01,0
471,710,0.008,0
475,710,0.02,0
481,710,0.012,0
482,710,0.002,0
483,710,0.005,0
484,710,0.009,0
490,710,0.007,0
500,710,0.011,0
501,710,0.007,0
510,710,0.031,0
516,710,0.004,0
517,710,0.016,0
522,710,0.007,0
530,710,0.01,0
540,710,0.002,0
541,710,0.002,0
551,710,0.019,0
552,710,0,0
553,710,0.011,0
560,710,0.033,0
565,710,0.012,0
570,710,0.003,0
571,710,0.005,0
572,710,0.004,0
580,710,0.006,0
590,710,0.014,0
600,710,0.015,0
615,710,0.007,0
616,710,0.008,0
625,710,0.001,0
630,710,0,0
640,710,0.028,0
645,710,0.011,0
651,710,0.002,0
652,710,0.001,0
660,710,0.001,0
663,710,0.005,0
666,710,0.002,0
670,710,0.024,0
679,710,0.017,0
690,710,0.008,0
692,710,0.008,0
694,710,0.005,0
696,710,0.004,0
698,710,0.014,0
701,710,0.008,0
702,710,0.029,0
703,710,0.969,1
704,710,0.04,0
705,710,0.067,0
2,712,0,0
20,712,0,0
31,712,0,0
41,712,0,0
42,712,0,0
51,712,0,0
52,712,0,0
53,712,0.001,0
70,712,0,0
80,712,0.001,0
90,712,0,0
91,712,0,0
92,712,0,0
93,712,0,0
94,712,0,0
95,712,0,0
100,712,0,0
101,712,0,0
115,712,0,0
130,712,0,0
135,712,0,0
140,712,0.003,0
145,712,0,0
150,712,0,0
155,712,0.001,0
160,712,0,0
165,712,0,0
200,712,0,0
205,712,0,0
210,712,0,0
211,712,0,0
212,712,0.001,0
220,712,0.003,0
225,712,0,0
230,712,0.001,0
235,712,0,0
255,712,0.922,1
260,712,0,NA
290,712,0.001,0
305,712,0,0
310,712,0,0
316,712,0.001,0
317,712,0,0
325,712,0.004,0
338,712,0,0
339,712,0,0
343,712,0,0
344,712,0,0
345,712,0,0
346,712,0,0
349,712,0,0
350,712,0,0
352,712,0,0
355,712,0.868,1
359,712,0,0
360,712,0,0
365,712,0.025,0
366,712,0,0
367,712,0,0
368,712,0,0
369,712,0.994,1
370,712,0.001,0
371,712,0,0
372,712,0,0
373,712,0,0
375,712,0.001,0
380,712,0.001,0
385,712,0,0
390,712,0.001,0
395,712,0,0
402,712,0,0
404,712,0,0
411,712,0.001,0
420,712,0,0
432,712,0,0
433,712,0,0
434,712,0.001,0
435,712,0,0
436,712,0,0
437,712,0,0
438,712,0,0
439,712,0,0
450,712,0.001,0
451,712,0,0
452,712,0,0
461,712,0,0
471,712,0,0
475,712,0,0
481,712,0,0
482,712,0,0
483,712,0,0
484,712,0.001,0
490,712,0,0
500,712,0,0
501,712,0,0
510,712,0,0
516,712,0,0
517,712,0,0
522,712,0,0
530,712,0,0
540,712,0,0
541,712,0,0
551,712,0,0
552,712,0,0
553,712,0,0
560,712,0.008,0
565,712,0,0
570,712,0,0
571,712,0.001,0
572,712,0,0
580,712,0,0
590,712,0,0
600,712,0,0
615,712,0,0
616,712,0,0
625,712,0,0
630,712,0,0
640,712,0.002,0
645,712,0.001,0
651,712,0,0
652,712,0,0
660,712,0,0
663,712,0,0
666,712,0,0
670,712,0,0
679,712,0.001,0
690,712,0,0
692,712,0,0
694,712,0,0
696,712,0,0
698,712,0,0
701,712,0,0
702,712,0,0
703,712,0.001,0
704,712,0,0
705,712,0.946,1
710,712,0.056,0
2,713,0.037,0
20,713,0,0
31,713,0.001,0
41,713,0.001,0
42,713,0.002,0
51,713,0,0
52,713,0,0
53,713,0,0
70,713,0.001,0
80,713,0.001,0
90,713,0,0
91,713,0.001,0
92,713,0,0
93,713,0,0
94,713,0.001,0
95,713,0,0
100,713,0.003,0
101,713,0.002,0
115,713,0.001,0
130,713,0.001,0
135,713,0.001,0
140,713,0.004,0
145,713,0.001,0
150,713,0.001,0
155,713,0.001,0
160,713,0.001,0
165,713,0,0
200,713,0.002,0
205,713,0,0
210,713,0.003,0
211,713,0.001,0
212,713,0.001,0
220,713,0.009,0
225,713,0.002,0
230,713,0.006,0
235,713,0,0
255,713,0.008,0
260,713,0,NA
290,713,0.004,0
305,713,0,0
310,713,0.002,0
316,713,0.005,0
317,713,0.002,0
325,713,0.018,0
338,713,0,0
339,713,0,0
343,713,0,0
344,713,0,0
345,713,0,0
346,713,0,0
349,713,0.002,0
350,713,0.003,0
352,713,0,0
355,713,0.001,0
359,713,0,0
360,713,0.003,0
365,713,0.013,0
366,713,0,0
367,713,0,0
368,713,0,0
369,713,0.016,0
370,713,0,0
371,713,0,0
372,713,0,0
373,713,0,0
375,713,0,0
380,713,0.002,0
385,713,0,0
390,713,0.001,0
395,713,0,0
402,713,0,0
404,713,0,0
411,713,0,0
420,713,0,0
432,713,0,0
433,713,0,0
434,713,0,0
435,713,0.001,0
436,713,0,0
437,713,0,0
438,713,0.001,0
439,713,0,0
450,713,0,0
451,713,0,0
452,713,0,0
461,713,0,0
471,713,0,0
475,713,0.002,0
481,713,0,0
482,713,0.001,0
483,713,0,0
484,713,0.001,0
490,713,0.002,0
500,713,0.001,0
501,713,0,0
510,713,0,0
516,713,0,0
517,713,0,0
522,713,0,0
530,713,0.002,0
540,713,0.001,0
541,713,0.001,0
551,713,0,0
552,713,0.001,0
553,713,0,0
560,713,0.018,0
565,713,0,0
570,713,0.001,0
571,713,0,0
572,713,0,0
580,713,0.002,0
590,713,0.001,0
600,713,0.002,0
615,713,0.001,0
616,713,0.001,0
625,713,0,0
630,713,0,0
640,713,0.018,0
645,713,0.001,0
651,713,0.001,0
652,713,0.002,0
660,713,0,0
663,713,0.001,0
666,713,0,0
670,713,0,0
679,713,0.002,0
690,713,0.002,0
692,713,0,0
694,713,0,0
696,713,0,0
698,713,0,0
701,713,0,0
702,713,0.001,0
703,713,0,0
704,713,0,0
705,713,0.001,0
710,713,0.036,0
712,713,0,0
2,732,1,1
20,732,0,0
31,732,0.003,0
41,732,0.002,0
42,732,0.001,0
51,732,0,0
52,732,0.003,0
53,732,0,0
70,732,0.005,0
80,732,0.002,0
90,732,0.001,0
91,732,0.004,0
92,732,0.001,0
93,732,0.002,0
94,732,0.002,0
95,732,0.003,0
100,732,0,0
101,732,0.001,0
115,732,0.001,0
130,732,0,0
135,732,0.001,0
140,732,0.007,0
145,732,0,0
150,732,0.001,0
155,732,0.003,0
160,732,0.003,0
165,732,0.002,0
200,732,0.004,0
205,732,0.001,0
210,732,0.001,0
211,732,0.002,0
212,732,0,0
220,732,0.032,0
225,732,0.002,0
230,732,1,1
235,732,0,0
255,732,0.005,0
260,732,0,NA
290,732,0.009,0
305,732,0,0
310,732,0.01,0
316,732,0.007,0
317,732,0.009,0
325,732,1,1
338,732,0.002,0
339,732,0,0
343,732,0,0
344,732,0,0
345,732,0.003,0
346,732,0.001,0
349,732,0.012,0
350,732,0.003,0
352,732,0.002,0
355,732,0.008,0
359,732,0.003,0
360,732,0.002,0
365,732,1,1
366,732,0.005,0
367,732,0.004,0
368,732,0.004,0
369,732,0.999,1
370,732,0,0
371,732,0.002,0
372,732,0,0
373,732,0.002,0
375,732,0.001,0
380,732,0,0
385,732,0.002,0
390,732,0.002,0
395,732,0.003,0
402,732,0.002,0
404,732,0.004,0
411,732,0.001,0
420,732,0.001,0
432,732,0.002,0
433,732,0.005,0
434,732,0.002,0
435,732,0.001,0
436,732,0.002,0
437,732,0.005,0
438,732,0.001,0
439,732,0.001,0
450,732,0.002,0
451,732,0,0
452,732,0.005,0
461,732,0.001,0
471,732,0.005,0
475,732,0.001,0
481,732,0.001,0
482,732,0.005,0
483,732,0.002,0
484,732,0.001,0
490,732,0.001,0
500,732,0.001,0
501,732,0.001,0
510,732,0,0
516,732,0.005,0
517,732,0.005,0
522,732,0.002,0
530,732,0.002,0
540,732,0,0
541,732,0,0
551,732,0.002,0
552,732,0,0
553,732,0.003,0
560,732,0.009,0
565,732,0.003,0
570,732,0,0
571,732,0.002,0
572,732,0,0
580,732,0,0
590,732,0.002,0
600,732,0.003,0
615,732,0.003,0
616,732,0.001,0
625,732,0,0
630,732,0,0
640,732,0.999,1
645,732,0.004,0
651,732,0.001,0
652,732,0.001,0
660,732,0.001,0
663,732,0.002,0
666,732,0,0
670,732,0.003,0
679,732,0.001,0
690,732,0,0
692,732,0.001,0
694,732,0.003,0
696,732,0.831,1
698,732,0.001,0
701,732,0.002,0
702,732,0,0
703,732,0.002,0
704,732,0.006,0
705,732,0.011,0
710,732,0.071,0
712,732,0.015,0
713,732,0.033,0
2,740,0.028,0
20,740,0,0
31,740,0.001,0
41,740,0,0
42,740,0.001,0
51,740,0.004,0
52,740,0.002,0
53,740,0.001,0
70,740,0.005,0
80,740,0.001,0
90,740,0.001,0
91,740,0.002,0
92,740,0.002,0
93,740,0,0
94,740,0.005,0
95,740,0.004,0
100,740,0.001,0
101,740,0.002,0
115,740,0.001,0
130,740,0,0
135,740,0.001,0
140,740,0.009,0
145,740,0.001,0
150,740,0.002,0
155,740,0,0
160,740,0.001,0
165,740,0.001,0
200,740,0.005,0
205,740,0.002,0
210,740,0.001,0
211,740,0.002,0
212,740,0.002,0
220,740,0.017,0
225,740,0,0
230,740,0.003,0
235,740,0,0
255,740,0.003,0
260,740,0,NA
290,740,0.005,0
305,740,0,0
310,740,0.002,0
316,740,0.004,0
317,740,0.001,0
325,740,0.01,0
338,740,0,0
339,740,0,0
343,740,0,0
344,740,0.001,0
345,740,0,0
346,740,0,0
349,740,0.002,0
350,740,0.002,0
352,740,0.001,0
355,740,0.003,0
359,740,0.003,0
360,740,0.004,0
365,740,0.019,0
366,740,0.001,0
367,740,0.001,0
368,740,0.002,0
369,740,0.005,0
370,740,0.001,0
371,740,0.002,0
372,740,0.002,0
373,740,0,0
375,740,0.002,0
380,740,0.002,0
385,740,0.001,0
390,740,0.001,0
395,740,0.006,0
402,740,0.004,0
404,740,0.001,0
411,740,0.001,0
420,740,0.003,0
432,740,0.001,0
433,740,0,0
434,740,0.003,0
435,740,0.001,0
436,740,0.001,0
437,740,0.001,0
438,740,0.001,0
439,740,0.002,0
450,740,0.002,0
451,740,0.003,0
452,740,0.003,0
461,740,0,0
471,740,0,0
475,740,0.006,0
481,740,0.002,0
482,740,0.003,0
483,740,0,0
484,740,0,0
490,740,0.002,0
500,740,0.002,0
501,740,0.002,0
510,740,0.002,0
516,740,0.003,0
517,740,0.001,0
522,740,0.001,0
530,740,0.001,0
540,740,0,0
541,740,0.003,0
551,740,0.005,0
552,740,0,0
553,740,0.001,0
560,740,0.013,0
565,740,0.003,0
570,740,0,0
571,740,0.001,0
572,740,0.001,0
580,740,0.002,0
590,740,0.003,0
600,740,0.001,0
615,740,0.004,0
616,740,0,0
625,740,0,0
630,740,0,0
640,740,0.016,0
645,740,0.002,0
651,740,0.001,0
652,740,0.002,0
660,740,0.001,0
663,740,0.001,0
666,740,0,0
670,740,0.002,0
679,740,0.001,0
690,740,0,0
692,740,0.002,0
694,740,0.001,0
696,740,0.001,0
698,740,0.002,0
701,740,0.004,0
702,740,0.001,0
703,740,0.003,0
704,740,0.002,0
705,740,0.003,0
710,740,0.052,0
712,740,0.009,0
713,740,0.017,0
732,740,0.105,0
2,750,0.997,1
20,750,0.002,0
31,750,0.022,0
41,750,0.019,0
42,750,0.026,0
51,750,0.029,0
52,750,0.021,0
53,750,0.016,0
70,750,0.015,0
80,750,0.015,0
90,750,0.011,0
91,750,0.009,0
92,750,0.01,0
93,750,0.011,0
94,750,0.011,0
95,750,0.024,0
100,750,0.008,0
101,750,0.008,0
115,750,0.028,0
130,750,0.015,0
135,750,0.004,0
140,750,0.999,1
145,750,0.014,0
150,750,0.03,0
155,750,0.994,1
160,750,0.021,0
165,750,0.003,0
200,750,0.008,0
205,750,0.003,0
210,750,0.003,0
211,750,0.006,0
212,750,0,0
220,750,0.998,1
225,750,0.007,0
230,750,0.018,0
235,750,0.007,0
255,750,0.017,0
260,750,0,NA
290,750,1,1
305,750,0.003,0
310,750,0.992,1
316,750,0.063,0
317,750,0.02,0
325,750,1,1
338,750,0.008,0
339,750,0.008,0
343,750,0.004,0
344,750,0.001,0
345,750,0.01,0
346,750,0.001,0
349,750,0.034,0
350,750,0.027,0
352,750,0.004,0
355,750,0.025,0
359,750,0.024,0
360,750,0.011,0
365,750,1,1
366,750,0.001,0
367,750,0.005,0
368,750,0.011,0
369,750,0.115,0
370,750,0.022,0
371,750,0.032,0
372,750,0.01,0
373,750,0.022,0
375,750,0,0
380,750,0.004,0
385,750,0.005,0
390,750,0.002,0
395,750,0.012,0
402,750,0.03,0
404,750,0.046,0
411,750,0.03,0
420,750,0.017,0
432,750,0.023,0
433,750,0.016,0
434,750,0.046,0
435,750,0.027,0
436,750,0.026,0
437,750,0.022,0
438,750,0.037,0
439,750,0.033,0
450,750,0.034,0
451,750,0.033,0
452,750,0.032,0
461,750,0.047,0
471,750,0.014,0
475,750,0.984,1
481,750,0.04,0
482,750,0.03,0
483,750,0.027,0
484,750,0.033,0
490,750,0.054,0
500,750,0.031,0
501,750,0.057,0
510,750,0.033,0
516,750,0.039,0
517,750,0.052,0
522,750,0.057,0
530,750,0.058,0
540,750,0.015,0
541,750,0.01,0
551,750,0.065,0
552,750,0.009,0
553,750,0.048,0
560,750,1,1
565,750,0.065,0
570,750,0.018,0
571,750,0.006,0
572,750,0.025,0
580,750,0.032,0
590,750,0.071,0
600,750,0.033,0
615,750,0.014,0
616,750,0.026,0
625,750,0.009,0
630,750,0.01,0
640,750,0.091,0
645,750,0.072,0
651,750,0.014,0
652,750,0.012,0
660,750,0.017,0
663,750,0.039,0
666,750,0.002,0
670,750,0.063,0
679,750,0.072,0
690,750,0.068,0
692,750,0.059,0
694,750,0.985,1
696,750,0.037,0
698,750,0.094,0
701,750,0.063,0
702,750,0.066,0
703,750,0.04,0
704,750,0.066,0
705,750,0.994,1
710,750,0.119,0
712,750,0.063,0
713,750,0.039,0
732,750,0.07,0
740,750,0.06,0
2,760,0.003,0
20,760,0,0
31,760,0,0
41,760,0,0
42,760,0,0
51,760,0,0
52,760,0,0
53,760,0,0
70,760,0.001,0
80,760,0,0
90,760,0,0
91,760,0,0
92,760,0,0
93,760,0,0
94,760,0,0
95,760,0,0
100,760,0.001,0
101,760,0,0
115,760,0,0
130,760,0,0
135,760,0.001,0
140,760,0.003,0
145,760,0,0
150,760,0,0
155,760,0,0
160,760,0,0
165,760,0,0
200,760,0.003,0
205,760,0,0
210,760,0,0
211,760,0,0
212,760,0,0
220,760,0.002,0
225,760,0,0
230,760,0.001,0
235,760,0,0
255,760,0.005,0
260,760,0,NA
290,760,0.002,0
305,760,0,0
310,760,0.001,0
316,760,0,0
317,760,0,0
325,760,0.005,0
338,760,0,0
339,760,0,0
343,760,0,0
344,760,0,0
345,760,0.001,0
346,760,0,0
349,760,0,0
350,760,0.002,0
352,760,0,0
355,760,0,0
359,760,0,0
360,760,0,0
365,760,0.008,0
366,760,0,0
367,760,0.001,0
368,760,0,0
369,760,0.012,0
370,760,0,0
371,760,0,0
372,760,0,0
373,760,0,0
375,760,0,0
380,760,0,0
385,760,0,0
390,760,0.001,0
395,760,0,0
402,760,0,0
404,760,0,0
411,760,0,0
420,760,0,0
432,760,0,0
433,760,0.001,0
434,760,0,0
435,760,0,0
436,760,0,0
437,760,0,0
438,760,0,0
439,760,0,0
450,760,0.001,0
451,760,0,0
452,760,0.002,0
461,760,0,0
471,760,0,0
475,760,0,0
481,760,0,0
482,760,0,0
483,760,0,0
484,760,0,0
490,760,0,0
500,760,0,0
501,760,0.001,0
510,760,0,0
516,760,0,0
517,760,0,0
522,760,0,0
530,760,0,0
540,760,0,0
541,760,0,0
551,760,0,0
552,760,0,0
553,760,0,0
560,760,0.009,0
565,760,0,0
570,760,0,0
571,760,0,0
572,760,0,0
580,760,0,0
590,760,0,0
600,760,0,0
615,760,0,0
616,760,0,0
625,760,0,0
630,760,0,0
640,760,0.008,0
645,760,0.001,0
651,760,0.001,0
652,760,0.001,0
660,760,0.001,0
663,760,0,0
666,760,0,0
670,760,0,0
679,760,0,0
690,760,0,0
692,760,0,0
694,760,0,0
696,760,0.001,0
698,760,0,0
701,760,0,0
702,760,0,0
703,760,0,0
704,760,0.002,0
705,760,0,0
710,760,0.021,0
712,760,0,0
713,760,0.001,0
732,760,0.005,0
740,760,0.004,0
750,760,0.157,0
2,770,0.001,0
20,770,0.001,0
31,770,0,0
41,770,0.003,0
42,770,0.003,0
51,770,0,0
52,770,0,0
53,770,0.003,0
70,770,0.002,0
80,770,0.002,0
90,770,0.001,0
91,770,0,0
92,770,0.002,0
93,770,0,0
94,770,0,0
95,770,0.001,0
100,770,0.001,0
101,770,0.001,0
115,770,0.003,0
130,770,0.001,0
135,770,0,0
140,770,0.002,0
145,770,0.002,0
150,770,0,0
155,770,0.003,0
160,770,0,0
165,770,0,0
200,770,0,0
205,770,0,0
210,770,0,0
211,770,0,0
212,770,0,0
220,770,0.006,0
225,770,0.001,0
230,770,0.001,0
235,770,0.001,0
255,770,0.004,0
260,770,0,NA
290,770,0.001,0
305,770,0,0
310,770,0.004,0
316,770,0.001,0
317,770,0.001,0
325,770,0.006,0
338,770,0,0
339,770,0.001,0
343,770,0,0
344,770,0.001,0
345,770,0.001,0
346,770,0.828,1
349,770,0,0
350,770,0.001,0
352,770,0,0
355,770,0.001,0
359,770,0.002,0
360,770,0.002,0
365,770,0.01,0
366,770,0.001,0
367,770,0.001,0
368,770,0.001,0
369,770,1,1
370,770,0.002,0
371,770,0.001,0
372,770,0,0
373,770,0.952,1
375,770,0,0
380,770,0.001,0
385,770,0.001,0
390,770,0,0
395,770,0,0
402,770,0.002,0
404,770,0.003,0
411,770,0.001,0
420,770,0.001,0
432,770,0.003,0
433,770,0.003,0
434,770,0.002,0
435,770,0.002,0
436,770,0.004,0
437,770,0.002,0
438,770,0.003,0
439,770,0.005,0
450,770,0.002,0
451,770,0.004,0
452,770,0.003,0
461,770,0.006,0
471,770,0.002,0
475,770,0.004,0
481,770,0.006,0
482,770,0.005,0
483,770,0.001,0
484,770,0.004,0
490,770,0.005,0
500,770,0.003,0
501,770,0.003,0
510,770,0.002,0
516,770,0.003,0
517,770,0.004,0
522,770,0.002,0
530,770,0.001,0
540,770,0.004,0
541,770,0.003,0
551,770,0.007,0
552,770,0.001,0
553,770,0.002,0
560,770,1,1
565,770,0.004,0
570,770,0.002,0
571,770,0.001,0
572,770,0,0
580,770,0.002,0
590,770,0.002,0
600,770,0.007,0
615,770,0.002,0
616,770,0.004,0
625,770,0,0
630,770,0.002,0
640,770,0.998,1
645,770,0.007,0
651,770,0.002,0
652,770,0,0
660,770,0.002,0
663,770,0.001,0
666,770,0,0
670,770,0.011,0
679,770,0.006,0
690,770,0.014,0
692,770,0.011,0
694,770,0.007,0
696,770,0.008,0
698,770,0.01,0
701,770,0.012,0
702,770,0.011,0
703,770,0.002,0
704,770,0.019,0
705,770,0.005,0
710,770,0.019,0
712,770,0.007,0
713,770,0.008,0
732,770,0.004,0
740,770,0.006,0
750,770,0.128,0
760,770,0.013,0
2,771,0.001,0
20,771,0.001,0
31,771,0,0
41,771,0,0
42,771,0,0
51,771,0.001,0
52,771,0.002,0
53,771,0,0
70,771,0,0
80,771,0,0
90,771,0,0
91,771,0,0
92,771,0,0
93,771,0,0
94,771,0.001,0
95,771,0,0
100,771,0,0
101,771,0,0
115,771,0,0
130,771,0,0
135,771,0,0
140,771,0.002,0
145,771,0,0
150,771,0,0
155,771,0,0
160,771,0,0
165,771,0,0
200,771,0,0
205,771,0,0
210,771,0.001,0
211,771,0,0
212,771,0,0
220,771,0.005,0
225,771,0,0
230,771,0.001,0
235,771,0,0
255,771,0.003,0
260,771,0,NA
290,771,0.002,0
305,771,0,0
310,771,0,0
316,771,0.002,0
317,771,0,0
325,771,0.005,0
338,771,0,0
339,771,0,0
343,771,0,0
344,771,0,0
345,771,0,0
346,771,0.001,0
349,771,0,0
350,771,0,0
352,771,0,0
355,771,0.001,0
359,771,0,0
360,771,0.001,0
365,771,0.019,0
366,771,0,0
367,771,0,0
368,771,0.001,0
369,771,0.004,0
370,771,0.002,0
371,771,0,0
372,771,0,0
373,771,0,0
375,771,0,0
380,771,0,0
385,771,0,0
390,771,0,0
395,771,0,0
402,771,0,0
404,771,0,0
411,771,0,0
420,771,0,0
432,771,0,0
433,771,0.001,0
434,771,0.002,0
435,771,0,0
436,771,0,0
437,771,0,0
438,771,0,0
439,771,0,0
450,771,0,0
451,771,0,0
452,771,0,0
461,771,0,0
471,771,0.001,0
475,771,0,0
481,771,0,0
482,771,0,0
483,771,0,0
484,771,0,0
490,771,0.002,0
500,771,0,0
501,771,0.001,0
510,771,0,0
516,771,0,0
517,771,0.001,0
522,771,0,0
530,771,0,0
540,771,0,0
541,771,0,0
551,771,0,0
552,771,0,0
553,771,0,0
560,771,0.005,0
565,771,0,0
570,771,0,0
571,771,0,0
572,771,0,0
580,771,0,0
590,771,0,0
600,771,0,0
615,771,0,0
616,771,0,0
625,771,0,0
630,771,0,0
640,771,0.982,1
645,771,0.002,0
651,771,0,0
652,771,0.001,0
660,771,0,0
663,771,0.001,0
666,771,0,0
670,771,0.002,0
679,771,0,0
690,771,0.002,0
692,771,0,0
694,771,0,0
696,771,0.001,0
698,771,0,0
701,771,0.001,0
702,771,0,0
703,771,0,0
704,771,0,0
705,771,0,0
710,771,0.992,1
712,771,0.003,0
713,771,0.002,0
732,771,0.959,1
740,771,0.004,0
750,771,0.196,0
760,771,0.003,0
770,771,0.024,0
2,775,0,0
20,775,0,0
31,775,0,0
41,775,0,0
42,775,0,0
51,775,0,0
52,775,0.001,0
53,775,0,0
70,775,0,0
80,775,0,0
90,775,0,0
91,775,0,0
92,775,0,0
93,775,0,0
94,775,0,0
95,775,0,0
100,775,0.001,0
101,775,0,0
115,775,0,0
130,775,0,0
135,775,0,0
140,775,0.001,0
145,775,0,0
150,775,0,0
155,775,0,0
160,775,0,0
165,775,0,0
200,775,0,0
205,775,0,0
210,775,0.001,0
211,775,0.001,0
212,775,0,0
220,775,0.003,0
225,775,0.001,0
230,775,0.001,0
235,775,0,0
255,775,0.004,0
260,775,0,NA
290,775,0.002,0
305,775,0,0
310,775,0,0
316,775,0,0
317,775,0,0
325,775,0.002,0
338,775,0,0
339,775,0,0
343,775,0,0
344,775,0,0
345,775,0,0
346,775,0,0
349,775,0,0
350,775,0,0
352,775,0,0
355,775,0,0
359,775,0,0
360,775,0.001,0
365,775,0.017,0
366,775,0,0
367,775,0,0
368,775,0,0
369,775,0.009,0
370,775,0,0
371,775,0,0
372,775,0,0
373,775,0,0
375,775,0,0
380,775,0.001,0
385,775,0,0
390,775,0,0
395,775,0,0
402,775,0,0
404,775,0,0
411,775,0,0
420,775,0,0
432,775,0,0
433,775,0,0
434,775,0,0
435,775,0,0
436,775,0,0
437,775,0,0
438,775,0,0
439,775,0,0
450,775,0.001,0
451,775,0.001,0
452,775,0,0
461,775,0,0
471,775,0,0
475,775,0,0
481,775,0,0
482,775,0,0
483,775,0,0
484,775,0,0
490,775,0,0
500,775,0,0
501,775,0.001,0
510,775,0,0
516,775,0,0
517,775,0,0
522,775,0,0
530,775,0,0
540,775,0,0
541,775,0,0
551,775,0.002,0
552,775,0,0
553,775,0,0
560,775,0.017,0
565,775,0,0
570,775,0,0
571,775,0,0
572,775,0,0
580,775,0,0
590,775,0,0
600,775,0,0
615,775,0,0
616,775,0,0
625,775,0,0
630,775,0.002,0
640,775,0.005,0
645,775,0,0
651,775,0,0
652,775,0,0
660,775,0,0
663,775,0,0
666,775,0,0
670,775,0,0
679,775,0,0
690,775,0,0
692,775,0,0
694,775,0.001,0
696,775,0,0
698,775,0,0
701,775,0,0
702,775,0,0
703,775,0,0
704,775,0,0
705,775,0,0
710,775,0.039,0
712,775,0,0
713,775,0.001,0
732,775,0.01,0
740,775,0.008,0
750,775,0.15,0
760,775,0,0
770,775,0.02,0
771,775,0.006,0
2,780,0.009,0
20,780,0.001,0
31,780,0.001,0
41,780,0.001,0
42,780,0,0
51,780,0,0
52,780,0,0
53,780,0,0
70,780,0,0
80,780,0.001,0
90,780,0,0
91,780,0,0
92,780,0,0
93,780,0,0
94,780,0.002,0
95,780,0,0
100,780,0.001,0
101,780,0,0
115,780,0,0
130,780,0.001,0
135,780,0,0
140,780,0.008,0
145,780,0.001,0
150,780,0.001,0
155,780,0,0
160,780,0,0
165,780,0.001,0
200,780,0.002,0
205,780,0,0
210,780,0,0
211,780,0.001,0
212,780,0,0
220,780,0.011,0
225,780,0.002,0
230,780,0,0
235,780,0.001,0
255,780,0.005,0
260,780,0,NA
290,780,0.002,0
305,780,0,0
310,780,0.001,0
316,780,0,0
317,780,0.001,0
325,780,0.008,0
338,780,0,0
339,780,0,0
343,780,0,0
344,780,0,0
345,780,0,0
346,780,0,0
349,780,0,0
350,780,0.001,0
352,780,0,0
355,780,0,0
359,780,0,0
360,780,0,0
365,780,0.034,0
366,780,0,0
367,780,0,0
368,780,0.001,0
369,780,0.011,0
370,780,0,0
371,780,0,0
372,780,0,0
373,780,0,0
375,780,0.001,0
380,780,0,0
385,780,0,0
390,780,0,0
395,780,0,0
402,780,0.001,0
404,780,0.001,0
411,780,0,0
420,780,0,0
432,780,0,0
433,780,0,0
434,780,0,0
435,780,0.001,0
436,780,0.001,0
437,780,0,0
438,780,0.001,0
439,780,0,0
450,780,0,0
451,780,0,0
452,780,0.001,0
461,780,0,0
471,780,0.001,0
475,780,0.002,0
481,780,0.001,0
482,780,0,0
483,780,0,0
484,780,0,0
490,780,0.002,0
500,780,0,0
501,780,0,0
510,780,0,0
516,780,0,0
517,780,0.002,0
522,780,0,0
530,780,0,0
540,780,0,0
541,780,0,0
551,780,0,0
552,780,0,0
553,780,0.001,0
560,780,0.028,0
565,780,0.001,0
570,780,0,0
571,780,0.001,0
572,780,0,0
580,780,0,0
590,780,0,0
600,780,0.001,0
615,780,0.002,0
616,780,0,0
625,780,0,0
630,780,0,0
640,780,0.013,0
645,780,0.001,0
651,780,0.001,0
652,780,0,0
660,780,0,0
663,780,0.002,0
666,780,0,0
670,780,0,0
679,780,0,0
690,780,0.001,0
692,780,0.001,0
694,780,0.001,0
696,780,0,0
698,780,0.001,0
701,780,0.001,0
702,780,0,0
703,780,0,0
704,780,0,0
705,780,0.002,0
710,780,0.048,0
712,780,0.001,0
713,780,0,0
732,780,0.012,0
740,780,0.003,0
750,780,0.994,1
760,780,0,0
770,780,0.028,0
771,780,0.007,0
775,780,0.002,0
2,781,0.002,0
20,781,0.001,0
31,781,0,0
41,781,0,0
42,781,0,0
51,781,0,0
52,781,0,0
53,781,0,0
70,781,0,0
80,781,0,0
90,781,0,0
91,781,0,0
92,781,0,0
93,781,0,0
94,781,0,0
95,781,0,0
100,781,0,0
101,781,0,0
115,781,0,0
130,781,0,0
135,781,0,0
140,781,0.006,0
145,781,0,0
150,781,0,0
155,781,0,0
160,781,0,0
165,781,0,0
200,781,0,0
205,781,0,0
210,781,0.001,0
211,781,0.001,0
212,781,0,0
220,781,0.001,0
225,781,0,0
230,781,0.005,0
235,781,0,0
255,781,0.003,0
260,781,0,NA
290,781,0,0
305,781,0,0
310,781,0,0
316,781,0.003,0
317,781,0,0
325,781,0.01,0
338,781,0,0
339,781,0,0
343,781,0,0
344,781,0,0
345,781,0,0
346,781,0,0
349,781,0,0
350,781,0,0
352,781,0,0
355,781,0,0
359,781,0,0
360,781,0,0
365,781,0.003,0
366,781,0,0
367,781,0,0
368,781,0,0
369,781,0.01,0
370,781,0,0
371,781,0,0
372,781,0.001,0
373,781,0.001,0
375,781,0.001,0
380,781,0.002,0
385,781,0,0
390,781,0,0
395,781,0,0
402,781,0,0
404,781,0,0
411,781,0,0
420,781,0,0
432,781,0.001,0
433,781,0,0
434,781,0,0
435,781,0,0
436,781,0,0
437,781,0,0
438,781,0,0
439,781,0,0
450,781,0,0
451,781,0.002,0
452,781,0,0
461,781,0,0
471,781,0,0
475,781,0,0
481,781,0,0
482,781,0,0
483,781,0,0
484,781,0,0
490,781,0,0
500,781,0,0
501,781,0.001,0
510,781,0,0
516,781,0,0
517,781,0,0
522,781,0,0
530,781,0.001,0
540,781,0,0
541,781,0,0
551,781,0,0
552,781,0,0
553,781,0,0
560,781,0.044,0
565,781,0,0
570,781,0,0
571,781,0.001,0
572,781,0,0
580,781,0.001,0
590,781,0,0
600,781,0,0
615,781,0,0
616,781,0,0
625,781,0,0
630,781,0,0
640,781,0.014,0
645,781,0,0
651,781,0,0
652,781,0,0
660,781,0,0
663,781,0,0
666,781,0,0
670,781,0,0
679,781,0.001,0
690,781,0,0
692,781,0,0
694,781,0.001,0
696,781,0,0
698,781,0,0
701,781,0,0
702,781,0,0
703,781,0,0
704,781,0.001,0
705,781,0.001,0
710,781,0.037,0
712,781,0.001,0
713,781,0,0
732,781,0.005,0
740,781,0.003,0
750,781,0.095,0
760,781,0,0
770,781,0.006,0
771,781,0.002,0
775,781,0.001,0
780,781,0.005,0
2,790,0.003,0
20,790,0,0
31,790,0.001,0
41,790,0,0
42,790,0,0
51,790,0,0
52,790,0,0
53,790,0,0
70,790,0,0
80,790,0,0
90,790,0,0
91,790,0,0
92,790,0.001,0
93,790,0,0
94,790,0,0
95,790,0,0
100,790,0,0
101,790,0.001,0
115,790,0,0
130,790,0,0
135,790,0,0
140,790,0,0
145,790,0,0
150,790,0,0
155,790,0,0
160,790,0.001,0
165,790,0,0
200,790,0.002,0
205,790,0,0
210,790,0.001,0
211,790,0.001,0
212,790,0,0
220,790,0,0
225,790,0.002,0
230,790,0.001,0
235,790,0,0
255,790,0.005,0
260,790,0,NA
290,790,0.001,0
305,790,0.001,0
310,790,0.001,0
316,790,0,0
317,790,0.002,0
325,790,0.009,0
338,790,0,0
339,790,0.001,0
343,790,0,0
344,790,0,0
345,790,0,0
346,790,0,0
349,790,0,0
350,790,0,0
352,790,0,0
355,790,0,0
359,790,0,0
360,790,0.001,0
365,790,0.011,0
366,790,0,0
367,790,0,0
368,790,0,0
369,790,0.014,0
370,790,0,0
371,790,0,0
372,790,0,0
373,790,0,0
375,790,0,0
380,790,0,0
385,790,0,0
390,790,0,0
395,790,0,0
402,790,0,0
404,790,0,0
411,790,0.001,0
420,790,0,0
432,790,0,0
433,790,0,0
434,790,0.001,0
435,790,0,0
436,790,0,0
437,790,0,0
438,790,0,0
439,790,0,0
450,790,0,0
451,790,0.001,0
452,790,0,0
461,790,0,0
471,790,0,0
475,790,0.001,0
481,790,0.001,0
482,790,0,0
483,790,0,0
484,790,0,0
490,790,0,0
500,790,0,0
501,790,0,0
510,790,0.001,0
516,790,0.002,0
517,790,0,0
522,790,0.001,0
530,790,0.001,0
540,790,0,0
541,790,0,0
551,790,0,0
552,790,0,0
553,790,0.001,0
560,790,0.016,0
565,790,0,0
570,790,0,0
571,790,0,0
572,790,0,0
580,790,0.001,0
590,790,0.001,0
600,790,0,0
615,790,0,0
616,790,0,0
625,790,0.001,0
630,790,0.001,0
640,790,0.012,0
645,790,0,0
651,790,0,0
652,790,0,0
660,790,0,0
663,790,0,0
666,790,0.001,0
670,790,0,0
679,790,0,0
690,790,0.001,0
692,790,0,0
694,790,0,0
696,790,0.001,0
698,790,0,0
701,790,0,0
702,790,0.001,0
703,790,0,0
704,790,0,0
705,790,0,0
710,790,0.061,0
712,790,0.002,0
713,790,0.001,0
732,790,0.004,0
740,790,0.002,0
750,790,0.173,0
760,790,0.003,0
770,790,0.004,0
771,790,0.007,0
775,790,0,0
780,790,0,0
781,790,0.001,0
2,800,0.009,0
20,800,0,0
31,800,0,0
41,800,0,0
42,800,0,0
51,800,0,0
52,800,0,0
53,800,0,0
70,800,0.001,0
80,800,0,0
90,800,0,0
91,800,0.001,0
92,800,0,0
93,800,0.001,0
94,800,0,0
95,800,0.001,0
100,800,0.002,0
101,800,0,0
115,800,0,0
130,800,0,0
135,800,0,0
140,800,0.005,0
145,800,0,0
150,800,0,0
155,800,0,0
160,800,0.001,0
165,800,0.001,0
200,800,0.002,0
205,800,0,0
210,800,0,0
211,800,0.001,0
212,800,0,0
220,800,0.008,0
225,800,0,0
230,800,0.003,0
235,800,0,0
255,800,0.003,0
260,800,0,NA
290,800,0.001,0
305,800,0,0
310,800,0.001,0
316,800,0,0
317,800,0,0
325,800,0.009,0
338,800,0,0
339,800,0,0
343,800,0,0
344,800,0,0
345,800,0,0
346,800,0,0
349,800,0,0
350,800,0.001,0
352,800,0,0
355,800,0.001,0
359,800,0,0
360,800,0,0
365,800,0.022,0
366,800,0,0
367,800,0,0
368,800,0,0
369,800,0.008,0
370,800,0,0
371,800,0,0
372,800,0,0
373,800,0,0
375,800,0.001,0
380,800,0,0
385,800,0,0
390,800,0,0
395,800,0,0
402,800,0.001,0
404,800,0,0
411,800,0.001,0
420,800,0,0
432,800,0,0
433,800,0,0
434,800,0,0
435,800,0.001,0
436,800,0,0
437,800,0,0
438,800,0,0
439,800,0.001,0
450,800,0.001,0
451,800,0.001,0
452,800,0,0
461,800,0,0
471,800,0,0
475,800,0,0
481,800,0,0
482,800,0,0
483,800,0,0
484,800,0,0
490,800,0,0
500,800,0,0
501,800,0.001,0
510,800,0,0
516,800,0,0
517,800,0,0
522,800,0,0
530,800,0,0
540,800,0,0
541,800,0.001,0
551,800,0,0
552,800,0,0
553,800,0,0
560,800,0.01,0
565,800,0,0
570,800,0,0
571,800,0,0
572,800,0,0
580,800,0,0
590,800,0,0
600,800,0,0
615,800,0,0
616,800,0,0
625,800,0,0
630,800,0,0
640,800,0.007,0
645,800,0,0
651,800,0.001,0
652,800,0,0
660,800,0,0
663,800,0,0
666,800,0,0
670,800,0,0
679,800,0,0
690,800,0,0
692,800,0,0
694,800,0,0
696,800,0.002,0
698,800,0.001,0
701,800,0,0
702,800,0,0
703,800,0,0
704,800,0.001,0
705,800,0,0
710,800,0.042,0
712,800,0.001,0
713,800,0.001,0
732,800,0.023,0
740,800,0.015,0
750,800,0.138,0
760,800,0.001,0
770,800,0.01,0
771,800,0.001,0
775,800,0.008,0
780,800,0.002,0
781,800,0,0
790,800,0.002,0
2,811,0.007,0
20,811,0,0
31,811,0,0
41,811,0,0
42,811,0,0
51,811,0,0
52,811,0,0
53,811,0,0
70,811,0,0
80,811,0,0
90,811,0,0
91,811,0,0
92,811,0,0
93,811,0,0
94,811,0,0
95,811,0,0
100,811,0,0
101,811,0,0
115,811,0,0
130,811,0,0
135,811,0,0
140,811,0.007,0
145,811,0,0
150,811,0,0
155,811,0,0
160,811,0,0
165,811,0,0
200,811,0.004,0
205,811,0,0
210,811,0.002,0
211,811,0,0
212,811,0,0
220,811,0.011,0
225,811,0,0
230,811,0.002,0
235,811,0,0
255,811,0.004,0
260,811,0,NA
290,811,0,0
305,811,0,0
310,811,0,0
316,811,0.001,0
317,811,0,0
325,811,0.006,0
338,811,0,0
339,811,0,0
343,811,0,0
344,811,0,0
345,811,0.002,0
346,811,0,0
349,811,0.001,0
350,811,0,0
352,811,0,0
355,811,0,0
359,811,0,0
360,811,0.002,0
365,811,0.021,0
366,811,0,0
367,811,0,0
368,811,0,0
369,811,0.006,0
370,811,0.001,0
371,811,0,0
372,811,0,0
373,811,0,0
375,811,0,0
380,811,0.001,0
385,811,0,0
390,811,0,0
395,811,0,0
402,811,0,0
404,811,0,0
411,811,0,0
420,811,0,0
432,811,0,0
433,811,0,0
434,811,0.001,0
435,811,0,0
436,811,0,0
437,811,0,0
438,811,0,0
439,811,0,0
450,811,0,0
451,811,0,0
452,811,0.001,0
461,811,0,0
471,811,0,0
475,811,0,0
481,811,0,0
482,811,0,0
483,811,0,0
484,811,0,0
490,811,0,0
500,811,0,0
501,811,0,0
510,811,0,0
516,811,0.001,0
517,811,0,0
522,811,0,0
530,811,0.001,0
540,811,0,0
541,811,0,0
551,811,0.001,0
552,811,0,0
553,811,0,0
560,811,0.015,0
565,811,0,0
570,811,0,0
571,811,0,0
572,811,0,0
580,811,0,0
590,811,0,0
600,811,0,0
615,811,0,0
616,811,0,0
625,811,0,0
630,811,0.002,0
640,811,0.015,0
645,811,0,0
651,811,0,0
652,811,0,0
660,811,0,0
663,811,0,0
666,811,0,0
670,811,0,0
679,811,0,0
690,811,0,0
692,811,0,0
694,811,0.001,0
696,811,0,0
698,811,0,0
701,811,0,0
702,811,0,0
703,811,0,0
704,811,0,0
705,811,0,0
710,811,0.075,0
712,811,0.001,0
713,811,0.004,0
732,811,0.011,0
740,811,0.013,0
750,811,0.984,1
760,811,0,0
770,811,0.016,0
771,811,0.006,0
775,811,0.004,0
780,811,0.006,0
781,811,0.002,0
790,811,0,0
800,811,0.009,0
2,812,0.001,0
20,812,0,0
31,812,0,0
41,812,0,0
42,812,0,0
51,812,0,0
52,812,0,0
53,812,0,0
70,812,0.001,0
80,812,0,0
90,812,0,0
91,812,0,0
92,812,0,0
93,812,0,0
94,812,0,0
95,812,0,0
100,812,0,0
101,812,0,0
115,812,0,0
130,812,0,0
135,812,0,0
140,812,0.001,0
145,812,0,0
150,812,0,0
155,812,0.001,0
160,812,0.001,0
165,812,0,0
200,812,0,0
205,812,0,0
210,812,0,0
211,812,0,0
212,812,0,0
220,812,0.002,0
225,812,0,0
230,812,0.002,0
235,812,0,0
255,812,0,0
260,812,0,NA
290,812,0.002,0
305,812,0,0
310,812,0,0
316,812,0.001,0
317,812,0,0
325,812,0.006,0
338,812,0,0
339,812,0,0
343,812,0,0
344,812,0,0
345,812,0.001,0
346,812,0.001,0
349,812,0,0
350,812,0.001,0
352,812,0,0
355,812,0,0
359,812,0,0
360,812,0,0
365,812,0.013,0
366,812,0,0
367,812,0,0
368,812,0,0
369,812,0.006,0
370,812,0,0
371,812,0,0
372,812,0,0
373,812,0,0
375,812,0,0
380,812,0.003,0
385,812,0,0
390,812,0,0
395,812,0,0
402,812,0,0
404,812,0,0
411,812,0,0
420,812,0,0
432,812,0,0
433,812,0.001,0
434,812,0,0
435,812,0,0
436,812,0,0
437,812,0,0
438,812,0,0
439,812,0,0
450,812,0,0
451,812,0,0
452,812,0,0
461,812,0,0
471,812,0,0
475,812,0.001,0
481,812,0,0
482,812,0,0
483,812,0,0
484,812,0,0
490,812,0,0
500,812,0,0
501,812,0,0
510,812,0,0
516,812,0,0
517,812,0,0
522,812,0,0
530,812,0,0
540,812,0,0
541,812,0,0
551,812,0,0
552,812,0,0
553,812,0,0
560,812,0.017,0
565,812,0,0
570,812,0,0
571,812,0,0
572,812,0,0
580,812,0,0
590,812,0,0
600,812,0,0
615,812,0,0
616,812,0,0
625,812,0,0
630,812,0,0
640,812,0.012,0
645,812,0,0
651,812,0,0
652,812,0.001,0
660,812,0,0
663,812,0,0
666,812,0,0
670,812,0,0
679,812,0.002,0
690,812,0,0
692,812,0,0
694,812,0,0
696,812,0,0
698,812,0,0
701,812,0,0
702,812,0,0
703,812,0,0
704,812,0.001,0
705,812,0,0
710,812,0.071,0
712,812,0,0
713,812,0.003,0
732,812,0.011,0
740,812,0.008,0
750,812,0.141,0
760,812,0,0
770,812,0.012,0
771,812,0.004,0
775,812,0.003,0
780,812,0.005,0
781,812,0,0
790,812,0.001,0
800,812,0.005,0
811,812,0.002,0
2,816,0.002,0
20,816,0,0
31,816,0,0
41,816,0,0
42,816,0,0
51,816,0.001,0
52,816,0,0
53,816,0,0
70,816,0,0
80,816,0,0
90,816,0,0
91,816,0,0
92,816,0,0
93,816,0.002,0
94,816,0,0
95,816,0,0
100,816,0,0
101,816,0.001,0
115,816,0,0
130,816,0,0
135,816,0,0
140,816,0,0
145,816,0,0
150,816,0,0
155,816,0,0
160,816,0.001,0
165,816,0,0
200,816,0,0
205,816,0,0
210,816,0,0
211,816,0.835,1
212,816,0,0
220,816,0.003,0
225,816,0.001,0
230,816,0,0
235,816,0,0
255,816,0.001,0
260,816,0,NA
290,816,0,0
305,816,0.001,0
310,816,0,0
316,816,0,0
317,816,0,0
325,816,0.994,1
338,816,0,0
339,816,0.001,0
343,816,0,0
344,816,0,0
345,816,0,0
346,816,0,0
349,816,0,0
350,816,0,0
352,816,0,0
355,816,0.789,1
359,816,0,0
360,816,0,0
365,816,0.008,0
366,816,0,0
367,816,0,0
368,816,0,0
369,816,0.004,0
370,816,0,0
371,816,0,0
372,816,0,0
373,816,0,0
375,816,0,0
380,816,0,0
385,816,0.001,0
390,816,0,0
395,816,0,0
402,816,0,0
404,816,0,0
411,816,0,0
420,816,0,0
432,816,0,0
433,816,0,0
434,816,0,0
435,816,0,0
436,816,0,0
437,816,0,0
438,816,0,0
439,816,0,0
450,816,0,0
451,816,0,0
452,816,0,0
461,816,0,0
471,816,0,0
475,816,0,0
481,816,0.002,0
482,816,0.001,0
483,816,0,0
484,816,0,0
490,816,0,0
500,816,0.001,0
501,816,0.001,0
510,816,0,0
516,816,0,0
517,816,0,0
522,816,0.001,0
530,816,0.001,0
540,816,0,0
541,816,0,0
551,816,0,0
552,816,0,0
553,816,0.001,0
560,816,0.996,1
565,816,0,0
570,816,0,0
571,816,0,0
572,816,0,0
580,816,0,0
590,816,0,0
600,816,0,0
615,816,0.001,0
616,816,0,0
625,816,0.001,0
630,816,0,0
640,816,0.004,0
645,816,0,0
651,816,0,0
652,816,0.001,0
660,816,0,0
663,816,0.001,0
666,816,0,0
670,816,0,0
679,816,0,0
690,816,0.002,0
692,816,0,0
694,816,0.001,0
696,816,0.001,0
698,816,0,0
701,816,0.001,0
702,816,0,0
703,816,0,0
704,816,0,0
705,816,0,0
710,816,0.022,0
712,816,0.001,0
713,816,0.003,0
732,816,0.003,0
740,816,0.005,0
750,816,0.052,0
760,816,0,0
770,816,0.004,0
771,816,0.004,0
775,816,0.009,0
780,816,0.008,0
781,816,0,0
790,816,0,0
800,816,0.001,0
811,816,0.006,0
812,816,0.012,0
2,820,0,0
20,820,0,0
31,820,0,0
41,820,0,0
42,820,0,0
51,820,0,0
52,820,0,0
53,820,0,0
70,820,0.001,0
80,820,0,0
90,820,0,0
91,820,0,0
92,820,0,0
93,820,0,0
94,820,0,0
95,820,0.001,0
100,820,0,0
101,820,0,0
115,820,0,0
130,820,0,0
135,820,0,0
140,820,0.002,0
145,820,0,0
150,820,0.001,0
155,820,0.769,1
160,820,0.001,0
165,820,0,0
200,820,0,0
205,820,0,0
210,820,0,0
211,820,0,0
212,820,0,0
220,820,0.003,0
225,820,0,0
230,820,0,0
235,820,0,0
255,820,0,0
260,820,0,NA
290,820,0,0
305,820,0.001,0
310,820,0,0
316,820,0.001,0
317,820,0.001,0
325,820,0.996,1
338,820,0,0
339,820,0,0
343,820,0,0
344,820,0.001,0
345,820,0,0
346,820,0,0
349,820,0,0
350,820,0,0
352,820,0,0
355,820,0,0
359,820,0,0
360,820,0.002,0
365,820,0.01,0
366,820,0,0
367,820,0,0
368,820,0.001,0
369,820,0.996,1
370,820,0,0
371,820,0,0
372,820,0,0
373,820,0,0
375,820,0,0
380,820,0.946,1
385,820,0,0
390,820,0,0
395,820,0,0
402,820,0,0
404,820,0.001,0
411,820,0,0
420,820,0,0
432,820,0.002,0
433,820,0,0
434,820,0.001,0
435,820,0,0
436,820,0,0
437,820,0,0
438,820,0,0
439,820,0,0
450,820,0,0
451,820,0,0
452,820,0,0
461,820,0,0
471,820,0,0
475,820,0.001,0
481,820,0,0
482,820,0,0
483,820,0.001,0
484,820,0,0
490,820,0,0
500,820,0,0
501,820,0,0
510,820,0,0
516,820,0,0
517,820,0,0
522,820,0.001,0
530,820,0.001,0
540,820,0,0
541,820,0,0
551,820,0,0
552,820,0,0
553,820,0,0
560,820,1,1
565,820,0,0
570,820,0,0
571,820,0,0
572,820,0,0
580,820,0,0
590,820,0,0
600,820,0,0
615,820,0,0
616,820,0,0
625,820,0.646,1
630,820,0,0
640,820,0.004,0
645,820,0,0
651,820,0,0
652,820,0,0
660,820,0,0
663,820,0,0
666,820,0,0
670,820,0,0
679,820,0.002,0
690,820,0.001,0
692,820,0,0
694,820,0,0
696,820,0.001,0
698,820,0.001,0
701,820,0,0
702,820,0,0
703,820,0,0
704,820,0,0
705,820,0,0
710,820,0.996,1
712,820,0.001,0
713,820,0,0
732,820,0.004,0
740,820,0.002,0
750,820,0.086,0
760,820,0,0
770,820,0.012,0
771,820,0.001,0
775,820,0.001,0
780,820,0.005,0
781,820,0.001,0
790,820,0,0
800,820,0.011,0
811,820,0.005,0
812,820,0.004,0
816,820,0.99,1
2,830,0.875,1
20,830,0.001,0
31,830,0,0
41,830,0,0
42,830,0,0
51,830,0,0
52,830,0,0
53,830,0,0
70,830,0.001,0
80,830,0,0
90,830,0,0
91,830,0,0
92,830,0,0
93,830,0,0
94,830,0,0
95,830,0,0
100,830,0,0
101,830,0,0
115,830,0,0
130,830,0,0
135,830,0,0
140,830,0.002,0
145,830,0,0
150,830,0,0
155,830,0,0
160,830,0.001,0
165,830,0,0
200,830,0,0
205,830,0,0
210,830,0.001,0
211,830,0.002,0
212,830,0,0
220,830,0.01,0
225,830,0,0
230,830,0.004,0
235,830,0,0
255,830,0.002,0
260,830,0,NA
290,830,0.003,0
305,830,0,0
310,830,0,0
316,830,0.001,0
317,830,0,0
325,830,0.012,0
338,830,0,0
339,830,0,0
343,830,0,0
344,830,0,0
345,830,0,0
346,830,0,0
349,830,0,0
350,830,0.001,0
352,830,0,0
355,830,0,0
359,830,0,0
360,830,0.001,0
365,830,0.033,0
366,830,0,0
367,830,0.001,0
368,830,0,0
369,830,0.005,0
370,830,0,0
371,830,0,0
372,830,0,0
373,830,0,0
375,830,0.001,0
380,830,0.001,0
385,830,0.001,0
390,830,0,0
395,830,0,0
402,830,0,0
404,830,0,0
411,830,0,0
420,830,0,0
432,830,0,0
433,830,0,0
434,830,0,0
435,830,0,0
436,830,0,0
437,830,0,0
438,830,0,0
439,830,0,0
450,830,0.001,0
451,830,0,0
452,830,0,0
461,830,0,0
471,830,0,0
475,830,0.001,0
481,830,0.001,0
482,830,0,0
483,830,0,0
484,830,0,0
490,830,0,0
500,830,0,0
501,830,0.001,0
510,830,0,0
516,830,0,0
517,830,0,0
522,830,0,0
530,830,0,0
540,830,0,0
541,830,0,0
551,830,0.001,0
552,830,0,0
553,830,0,0
560,830,0.03,0
565,830,0,0
570,830,0,0
571,830,0,0
572,830,0,0
580,830,0,0
590,830,0,0
600,830,0,0
615,830,0,0
616,830,0,0
625,830,0,0
630,830,0.001,0
640,830,0.013,0
645,830,0,0
651,830,0,0
652,830,0,0
660,830,0,0
663,830,0,0
666,830,0,0
670,830,0.001,0
679,830,0,0
690,830,0,0
692,830,0,0
694,830,0,0
696,830,0.001,0
698,830,0,0
701,830,0,0
702,830,0,0
703,830,0,0
704,830,0.001,0
705,830,0.003,0
710,830,0.993,1
712,830,0.001,0
713,830,0.003,0
732,830,0.019,0
740,830,0.015,0
750,830,0.999,1
760,830,0,0
770,830,0.016,0
771,830,0.001,0
775,830,0.004,0
780,830,0.003,0
781,830,0,0
790,830,0.002,0
800,830,0.009,0
811,830,0.009,0
812,830,0,0
816,830,0.003,0
820,830,0.022,0
2,835,0.002,0
20,835,0,0
31,835,0,0
41,835,0,0
42,835,0,0
51,835,0,0
52,835,0,0
53,835,0,0
70,835,0,0
80,835,0,0
90,835,0,0
91,835,0,0
92,835,0,0
93,835,0,0
94,835,0,0
95,835,0,0
100,835,0,0
101,835,0,0
115,835,0,0
130,835,0,0
135,835,0,0
140,835,0.003,0
145,835,0,0
150,835,0,0
155,835,0,0
160,835,0,0
165,835,0,0
200,835,0.003,0
205,835,0,0
210,835,0.001,0
211,835,0,0
212,835,0,0
220,835,0.002,0
225,835,0,0
230,835,0.003,0
235,835,0,0
255,835,0,0
260,835,0,NA
290,835,0,0
305,835,0,0
310,835,0,0
316,835,0,0
317,835,0,0
325,835,0.005,0
338,835,0,0
339,835,0,0
343,835,0,0
344,835,0,0
345,835,0,0
346,835,0,0
349,835,0,0
350,835,0,0
352,835,0,0
355,835,0,0
359,835,0,0
360,835,0.001,0
365,835,0.008,0
366,835,0,0
367,835,0,0
368,835,0,0
369,835,0.004,0
370,835,0.001,0
371,835,0,0
372,835,0,0
373,835,0,0
375,835,0,0
380,835,0,0
385,835,0,0
390,835,0,0
395,835,0,0
402,835,0,0
404,835,0,0
411,835,0,0
420,835,0,0
432,835,0,0
433,835,0,0
434,835,0,0
435,835,0,0
436,835,0,0
437,835,0,0
438,835,0,0
439,835,0,0
450,835,0,0
451,835,0,0
452,835,0,0
461,835,0,0
471,835,0,0
475,835,0,0
481,835,0,0
482,835,0,0
483,835,0,0
484,835,0,0
490,835,0,0
500,835,0,0
501,835,0,0
510,835,0,0
516,835,0,0
517,835,0,0
522,835,0,0
530,835,0,0
540,835,0,0
541,835,0,0
551,835,0,0
552,835,0,0
553,835,0,0
560,835,0.013,0
565,835,0,0
570,835,0,0
571,835,0,0
572,835,0,0
580,835,0,0
590,835,0,0
600,835,0,0
615,835,0.001,0
616,835,0,0
625,835,0,0
630,835,0.001,0
640,835,0.008,0
645,835,0,0
651,835,0,0
652,835,0,0
660,835,0,0
663,835,0,0
666,835,0,0
670,835,0,0
679,835,0.001,0
690,835,0,0
692,835,0,0
694,835,0,0
696,835,0,0
698,835,0,0
701,835,0,0
702,835,0,0
703,835,0,0
704,835,0,0
705,835,0,0
710,835,0.053,0
712,835,0,0
713,835,0.001,0
732,835,0.018,0
740,835,0.011,0
750,835,0.134,0
760,835,0,0
770,835,0.011,0
771,835,0.001,0
775,835,0,0
780,835,0.001,0
781,835,0,0
790,835,0,0
800,835,0.005,0
811,835,0.002,0
812,835,0,0
816,835,0.001,0
820,835,0.003,0
830,835,0.003,0
2,840,0.007,0
20,840,0.001,0
31,840,0,0
41,840,0.001,0
42,840,0.001,0
51,840,0,0
52,840,0,0
53,840,0.001,0
70,840,0.001,0
80,840,0,0
90,840,0.002,0
91,840,0,0
92,840,0,0
93,840,0,0
94,840,0.001,0
95,840,0,0
100,840,0,0
101,840,0,0
115,840,0.001,0
130,840,0.001,0
135,840,0,0
140,840,0.003,0
145,840,0.001,0
150,840,0.001,0
155,840,0,0
160,840,0,0
165,840,0,0
200,840,0,0
205,840,0,0
210,840,0,0
211,840,0,0
212,840,0.001,0
220,840,0.009,0
225,840,0,0
230,840,0.006,0
235,840,0,0
255,840,0.001,0
260,840,0,NA
290,840,0.002,0
305,840,0,0
310,840,0.002,0
316,840,0.974,1
317,840,0.002,0
325,840,0.998,1
338,840,0,0
339,840,0.003,0
343,840,0,0
344,840,0,0
345,840,0,0
346,840,0,0
349,840,0,0
350,840,0,0
352,840,0,0
355,840,0,0
359,840,0.001,0
360,840,0.001,0
365,840,0.025,0
366,840,0,0
367,840,0,0
368,840,0.001,0
369,840,0.007,0
370,840,0.001,0
371,840,0,0
372,840,0.001,0
373,840,0,0
375,840,0,0
380,840,0.001,0
385,840,0,0
390,840,0,0
395,840,0.001,0
402,840,0.001,0
404,840,0,0
411,840,0.001,0
420,840,0,0
432,840,0.001,0
433,840,0,0
434,840,0.001,0
435,840,0,0
436,840,0,0
437,840,0.001,0
438,840,0.001,0
439,840,0.001,0
450,840,0,0
451,840,0.001,0
452,840,0,0
461,840,0.001,0
471,840,0,0
475,840,0.001,0
481,840,0.002,0
482,840,0.003,0
483,840,0.001,0
484,840,0,0
490,840,0.003,0
500,840,0,0
501,840,0.001,0
510,840,0.003,0
516,840,0.001,0
517,840,0,0
522,840,0,0
530,840,0.001,0
540,840,0.001,0
541,840,0.001,0
551,840,0,0
552,840,0,0
553,840,0.004,0
560,840,0.02,0
565,840,0.003,0
570,840,0.002,0
571,840,0,0
572,840,0,0
580,840,0,0
590,840,0.002,0
600,840,0,0
615,840,0.001,0
616,840,0,0
625,840,0,0
630,840,0,0
640,840,0.018,0
645,840,0,0
651,840,0.002,0
652,840,0.001,0
660,840,0,0
663,840,0,0
666,840,0,0
670,840,0,0
679,840,0,0
690,840,0.002,0
692,840,0.001,0
694,840,0.001,0
696,840,0.002,0
698,840,0.002,0
701,840,0,0
702,840,0.001,0
703,840,0.001,0
704,840,0.001,0
705,840,0.001,0
710,840,0.059,0
712,840,0.004,0
713,840,0.01,0
732,840,0.996,1
740,840,0.013,0
750,840,1,1
760,840,0.003,0
770,840,0.015,0
771,840,0.008,0
775,840,0.008,0
780,840,0.01,0
781,840,0.002,0
790,840,0.005,0
800,840,0.972,1
811,840,0.026,0
812,840,0.015,0
816,840,0.008,0
820,840,0.98,1
830,840,0.034,0
835,840,0.829,1
2,850,0.002,0
20,850,0,0
31,850,0.001,0
41,850,0,0
42,850,0.002,0
51,850,0.001,0
52,850,0.003,0
53,850,0.003,0
70,850,0.001,0
80,850,0.001,0
90,850,0.001,0
91,850,0.001,0
92,850,0,0
93,850,0,0
94,850,0.003,0
95,850,0.001,0
100,850,0,0
101,850,0,0
115,850,0.003,0
130,850,0,0
135,850,0.002,0
140,850,0.001,0
145,850,0.001,0
150,850,0.001,0
155,850,0,0
160,850,0.001,0
165,850,0.001,0
200,850,0,0
205,850,0,0
210,850,0.001,0
211,850,0,0
212,850,0,0
220,850,0.012,0
225,850,0.003,0
230,850,0.002,0
235,850,0.002,0
255,850,0.007,0
260,850,0,NA
290,850,0.003,0
305,850,0.001,0
310,850,0.002,0
316,850,0.954,1
317,850,0.003,0
325,850,0.015,0
338,850,0,0
339,850,0,0
343,850,0,0
344,850,0,0
345,850,0,0
346,850,0,0
349,850,0.001,0
350,850,0.001,0
352,850,0,0
355,850,0.001,0
359,850,0,0
360,850,0.004,0
365,850,1,1
366,850,0,0
367,850,0,0
368,850,0,0
369,850,0.996,1
370,850,0.003,0
371,850,0.002,0
372,850,0.001,0
373,850,0,0
375,850,0,0
380,850,0.001,0
385,850,0.001,0
390,850,0,0
395,850,0,0
402,850,0.002,0
404,850,0.002,0
411,850,0.002,0
420,850,0.001,0
432,850,0,0
433,850,0,0
434,850,0.007,0
435,850,0.002,0
436,850,0.003,0
437,850,0,0
438,850,0,0
439,850,0.002,0
450,850,0.003,0
451,850,0.003,0
452,850,0,0
461,850,0.006,0
471,850,0.001,0
475,850,0.004,0
481,850,0.002,0
482,850,0.002,0
483,850,0,0
484,850,0.003,0
490,850,0.005,0
500,850,0.001,0
501,850,0.002,0
510,850,0.001,0
516,850,0,0
517,850,0.001,0
522,850,0.001,0
530,850,0.001,0
540,850,0,0
541,850,0.001,0
551,850,0.006,0
552,850,0.001,0
553,850,0.007,0
560,850,1,1
565,850,0.001,0
570,850,0,0
571,850,0.001,0
572,850,0,0
580,850,0.002,0
590,850,0.006,0
600,850,0.003,0
615,850,0.003,0
616,850,0.002,0
625,850,0,0
630,850,0.004,0
640,850,0.014,0
645,850,0.004,0
651,850,0.002,0
652,850,0.002,0
660,850,0.001,0
663,850,0,0
666,850,0,0
670,850,0.006,0
679,850,0.003,0
690,850,0.009,0
692,850,0.009,0
694,850,0.001,0
696,850,0.004,0
698,850,0.01,0
701,850,0.005,0
702,850,0.001,0
703,850,0.002,0
704,850,0.009,0
705,850,0.002,0
710,850,0.999,1
712,850,0.005,0
713,850,0.008,0
732,850,0.016,0
740,850,0.014,0
750,850,0.998,1
760,850,0.002,0
770,850,0.018,0
771,850,0.017,0
775,850,0.035,0
780,850,0.035,0
781,850,0.01,0
790,850,0.009,0
800,850,0.02,0
811,850,0.05,0
812,850,0.02,0
816,850,0.013,0
820,850,0.047,0
830,850,0.987,1
835,850,0.81,1
840,850,0.996,1
2,900,0.015,0
20,900,0.002,0
31,900,0,0
41,900,0,0
42,900,0,0
51,900,0,0
52,900,0,0
53,900,0,0
70,900,0,0
80,900,0,0
90,900,0,0
91,900,0,0
92,900,0.001,0
93,900,0.001,0
94,900,0.001,0
95,900,0,0
100,900,0,0
101,900,0,0
115,900,0,0
130,900,0,0
135,900,0,0
140,900,0.001,0
145,900,0,0
150,900,0,0
155,900,0.001,0
160,900,0,0
165,900,0,0
200,900,0.001,0
205,900,0,0
210,900,0,0
211,900,0,0
212,900,0,0
220,900,0.997,1
225,900,0,0
230,900,0.993,1
235,900,0.001,0
255,900,0.001,0
260,900,0,NA
290,900,0.002,0
305,900,0.001,0
310,900,0.001,0
316,900,0.003,0
317,900,0.001,0
325,900,0.005,0
338,900,0,0
339,900,0,0
343,900,0.001,0
344,900,0,0
345,900,0.001,0
346,900,0,0
349,900,0,0
350,900,0,0
352,900,0.001,0
355,900,0.001,0
359,900,0,0
360,900,0,0
365,900,0.002,0
366,900,0.001,0
367,900,0,0
368,900,0,0
369,900,0.003,0
370,900,0.001,0
371,900,0,0
372,900,0,0
373,900,0,0
375,900,0,0
380,900,0.968,1
385,900,0,0
390,900,0,0
395,900,0.002,0
402,900,0.001,0
404,900,0.001,0
411,900,0,0
420,900,0,0
432,900,0.001,0
433,900,0,0
434,900,0,0
435,900,0.001,0
436,900,0,0
437,900,0,0
438,900,0,0
439,900,0.001,0
450,900,0.001,0
451,900,0.001,0
452,900,0.002,0
461,900,0,0
471,900,0,0
475,900,0.002,0
481,900,0,0
482,900,0,0
483,900,0,0
484,900,0,0
490,900,0,0
500,900,0.001,0
501,900,0,0
510,900,0,0
516,900,0.002,0
517,900,0,0
522,900,0,0
530,900,0.001,0
540,900,0,0
541,900,0,0
551,900,0,0
552,900,0,0
553,900,0,0
560,900,0.004,0
565,900,0,0
570,900,0,0
571,900,0,0
572,900,0,0
580,900,0,0
590,900,0.001,0
600,900,0,0
615,900,0,0
616,900,0,0
625,900,0,0
630,900,0,0
640,900,0.998,1
645,900,0.001,0
651,900,0,0
652,900,0,0
660,900,0,0
663,900,0,0
666,900,0,0
670,900,0,0
679,900,0,0
690,900,0,0
692,900,0,0
694,900,0,0
696,900,0.684,1
698,900,0,0
701,900,0,0
702,900,0.001,0
703,900,0,0
704,900,0.001,0
705,900,0,0
710,900,0.005,0
712,900,0.001,0
713,900,0.004,0
732,900,0.008,0
740,900,0.005,0
750,900,0.015,0
760,900,0,0
770,900,0,0
771,900,0,0
775,900,0.001,0
780,900,0.003,0
781,900,0,0
790,900,0,0
800,900,0.003,0
811,900,0.002,0
812,900,0,0
816,900,0,0
820,900,0,0
830,900,0.881,1
835,900,0.004,0
840,900,0.976,1
850,900,0.981,1
2,920,0.014,0
20,920,0.001,0
31,920,0,0
41,920,0,0
42,920,0,0
51,920,0,0
52,920,0,0
53,920,0,0
70,920,0.002,0
80,920,0,0
90,920,0,0
91,920,0,0
92,920,0,0
93,920,0,0
94,920,0,0
95,920,0.001,0
100,920,0.002,0
101,920,0,0
115,920,0,0
130,920,0,0
135,920,0.002,0
140,920,0.007,0
145,920,0,0
150,920,0.001,0
155,920,0,0
160,920,0.001,0
165,920,0,0
200,920,0.004,0
205,920,0,0
210,920,0,0
211,920,0.001,0
212,920,0,0
220,920,0.01,0
225,920,0,0
230,920,0.006,0
235,920,0,0
255,920,0.007,0
260,920,0,NA
290,920,0.004,0
305,920,0,0
310,920,0,0
316,920,0.001,0
317,920,0.001,0
325,920,0.013,0
338,920,0,0
339,920,0,0
343,920,0,0
344,920,0,0
345,920,0,0
346,920,0,0
349,920,0,0
350,920,0.001,0
352,920,0,0
355,920,0.001,0
359,920,0,0
360,920,0.003,0
365,920,0.016,0
366,920,0,0
367,920,0,0
368,920,0,0
369,920,0.016,0
370,920,0,0
371,920,0,0
372,920,0,0
373,920,0,0
375,920,0,0
380,920,0.001,0
385,920,0,0
390,920,0,0
395,920,0,0
402,920,0,0
404,920,0,0
411,920,0,0
420,920,0,0
432,920,0,0
433,920,0,0
434,920,0,0
435,920,0,0
436,920,0,0
437,920,0,0
438,920,0,0
439,920,0,0
450,920,0,0
451,920,0,0
452,920,0,0
461,920,0,0
471,920,0,0
475,920,0,0
481,920,0,0
482,920,0,0
483,920,0.001,0
484,920,0,0
490,920,0.001,0
500,920,0,0
501,920,0,0
510,920,0,0
516,920,0,0
517,920,0,0
522,920,0,0
530,920,0,0
540,920,0,0
541,920,0,0
551,920,0.001,0
552,920,0,0
553,920,0,0
560,920,0.012,0
565,920,0,0
570,920,0,0
571,920,0,0
572,920,0,0
580,920,0,0
590,920,0.001,0
600,920,0,0
615,920,0,0
616,920,0,0
625,920,0,0
630,920,0,0
640,920,0.013,0
645,920,0,0
651,920,0,0
652,920,0,0
660,920,0,0
663,920,0,0
666,920,0,0
670,920,0,0
679,920,0,0
690,920,0,0
692,920,0,0
694,920,0,0
696,920,0,0
698,920,0,0
701,920,0.001,0
702,920,0,0
703,920,0,0
704,920,0,0
705,920,0,0
710,920,0.019,0
712,920,0,0
713,920,0.002,0
732,920,0.021,0
740,920,0.036,0
750,920,0.057,0
760,920,0,0
770,920,0.005,0
771,920,0,0
775,920,0,0
780,920,0,0
781,920,0,0
790,920,0,0
800,920,0.003,0
811,920,0.001,0
812,920,0.001,0
816,920,0,0
820,920,0.001,0
830,920,0.001,0
835,920,0,0
840,920,0.008,0
850,920,0.007,0
900,920,0.032,0
2,950,0.004,0
20,950,0.001,0
31,950,0,0
41,950,0,0
42,950,0,0
51,950,0,0
52,950,0,0
53,950,0,0
70,950,0.003,0
80,950,0,0
90,950,0.001,0
91,950,0,0
92,950,0,0
93,950,0,0
94,950,0,0
95,950,0,0
100,950,0,0
101,950,0,0
115,950,0,0
130,950,0,0
135,950,0.002,0
140,950,0.01,0
145,950,0.001,0
150,950,0,0
155,950,0.002,0
160,950,0.002,0
165,950,0.001,0
200,950,0.003,0
205,950,0,0
210,950,0,0
211,950,0.002,0
212,950,0,0
220,950,0.008,0
225,950,0.003,0
230,950,0.005,0
235,950,0.001,0
255,950,0.003,0
260,950,0,NA
290,950,0.005,0
305,950,0.001,0
310,950,0,0
316,950,0.002,0
317,950,0.003,0
325,950,0.015,0
338,950,0,0
339,950,0,0
343,950,0,0
344,950,0,0
345,950,0,0
346,950,0,0
349,950,0,0
350,950,0,0
352,950,0,0
355,950,0.001,0
359,950,0,0
360,950,0.002,0
365,950,0.01,0
366,950,0,0
367,950,0.001,0
368,950,0,0
369,950,0.005,0
370,950,0,0
371,950,0,0
372,950,0,0
373,950,0,0
375,950,0,0
380,950,0.001,0
385,950,0,0
390,950,0,0
395,950,0,0
402,950,0,0
404,950,0,0
411,950,0,0
420,950,0,0
432,950,0,0
433,950,0,0
434,950,0,0
435,950,0,0
436,950,0.001,0
437,950,0,0
438,950,0,0
439,950,0,0
450,950,0,0
451,950,0,0
452,950,0,0
461,950,0,0
471,950,0,0
475,950,0,0
481,950,0,0
482,950,0,0
483,950,0,0
484,950,0,0
490,950,0,0
500,950,0,0
501,950,0,0
510,950,0,0
516,950,0,0
517,950,0,0
522,950,0,0
530,950,0,0
540,950,0,0
541,950,0,0
551,950,0,0
552,950,0,0
553,950,0,0
560,950,0.018,0
565,950,0,0
570,950,0,0
571,950,0,0
572,950,0,0
580,950,0,0
590,950,0,0
600,950,0,0
615,950,0,0
616,950,0,0
625,950,0,0
630,950,0.001,0
640,950,0.011,0
645,950,0,0
651,950,0.001,0
652,950,0.001,0
660,950,0,0
663,950,0,0
666,950,0.001,0
670,950,0,0
679,950,0,0
690,950,0,0
692,950,0,0
694,950,0,0
696,950,0,0
698,950,0,0
701,950,0,0
702,950,0,0
703,950,0,0
704,950,0,0
705,950,0.001,0
710,950,0.045,0
712,950,0,0
713,950,0.002,0
732,950,0.009,0
740,950,0.013,0
750,950,0.042,0
760,950,0,0
770,950,0.002,0
771,950,0,0
775,950,0,0
780,950,0,0
781,950,0,0
790,950,0,0
800,950,0.002,0
811,950,0,0
812,950,0,0
816,950,0.001,0
820,950,0.001,0
830,950,0,0
835,950,0,0
840,950,0.001,0
850,950,0.006,0
900,950,0.008,0
920,950,0.001,0
