"ccode1","ccode2","eligible","origin","label","probability"
"2","20",TRUE,0,0,0
"2","31",TRUE,0,0,0.091
"20","31",TRUE,0,0,0.001
"2","41",TRUE,0,0,0.079
"20","41",TRUE,0,0,0.008
"31","41",TRUE,0,0,0
"2","42",TRUE,0,0,0.07
"20","42",TRUE,0,0,0.004
"31","42",TRUE,0,0,0.001
"41","42",TRUE,0,0,0.017
"2","51",TRUE,0,0,0.062
"20","51",TRUE,0,0,0.004
"31","51",TRUE,0,0,0.006
"41","51",TRUE,0,0,0.003
"42","51",TRUE,0,0,0.007
"2","52",TRUE,0,0,0.057
"20","52",TRUE,0,0,0.003
"31","52",TRUE,0,0,0.002
"41","52",TRUE,0,0,0.002
"42","52",TRUE,0,0,0.005
"51","52",TRUE,0,0,0.003
"2","53",TRUE,0,0,0.05
"20","53",TRUE,0,0,0.002
"31","53",TRUE,0,0,0
"41","53",TRUE,0,0,0
"42","53",TRUE,0,0,0.001
"51","53",TRUE,0,0,0.003
"52","53",TRUE,0,0,0.012
"2","70",TRUE,0,0,0.051
"20","70",TRUE,0,0,0.005
"31","70",TRUE,0,0,0.028
"41","70",TRUE,0,0,0.014
"42","70",TRUE,0,0,0.024
"51","70",TRUE,0,0,0.019
"52","70",TRUE,0,0,0.012
"53","70",TRUE,0,0,0.011
"2","80",TRUE,0,0,0.051
"20","80",TRUE,0,0,0
"31","80",TRUE,0,0,0
"41","80",TRUE,0,0,0
"42","80",TRUE,0,0,0.004
"51","80",TRUE,0,0,0.001
"52","80",TRUE,0,0,0.001
"53","80",TRUE,0,0,0
"70","80",TRUE,0,0,0.042
"2","90",TRUE,0,0,0.194
"20","90",TRUE,0,0,0
"31","90",TRUE,0,0,0.001
"41","90",TRUE,0,0,0.004
"42","90",TRUE,0,0,0.007
"51","90",TRUE,0,0,0.007
"52","90",TRUE,0,0,0.004
"53","90",TRUE,0,0,0.002
"70","90",TRUE,0,0,0.015
"80","90",TRUE,0,0,0.021
"2","91",TRUE,0,0,0.104
"20","91",TRUE,0,0,0.001
"31","91",TRUE,0,0,0.001
"41","91",TRUE,0,0,0.004
"42","91",TRUE,0,0,0.002
"51","91",TRUE,0,0,0.003
"52","91",TRUE,0,0,0
"53","91",TRUE,0,0,0.002
"70","91",TRUE,0,0,0.012
"80","91",TRUE,0,0,0.009
"90","91",TRUE,0,0,0.055
"2","92",TRUE,0,0,0.053
"20","92",TRUE,0,0,0.002
"31","92",TRUE,0,0,0
"41","92",TRUE,0,0,0.001
"42","92",TRUE,0,0,0.002
"51","92",TRUE,0,0,0.003
"52","92",TRUE,0,0,0.001
"53","92",TRUE,0,0,0.002
"70","92",TRUE,0,0,0.011
"80","92",TRUE,0,0,0.005
"90","92",TRUE,0,0,0.057
"91","92",TRUE,0,0,0.043
"2","93",TRUE,0,0,0.078
"20","93",TRUE,0,0,0.002
"31","93",TRUE,0,0,0.001
"41","93",TRUE,0,0,0.003
"42","93",TRUE,0,0,0.002
"51","93",TRUE,0,0,0.003
"52","93",TRUE,0,0,0
"53","93",TRUE,0,0,0.001
"70","93",TRUE,0,0,0.012
"80","93",TRUE,0,0,0.003
"90","93",TRUE,0,0,0.031
"91","93",TRUE,0,0,0.044
"92","93",TRUE,0,0,0.011
"2","94",TRUE,0,0,0.054
"20","94",TRUE,0,0,0.004
"31","94",TRUE,0,0,0.002
"41","94",TRUE,0,0,0
"42","94",TRUE,0,0,0.002
"51","94",TRUE,0,0,0
"52","94",TRUE,0,0,0.004
"53","94",TRUE,0,0,0.002
"70","94",TRUE,0,0,0.028
"80","94",TRUE,0,0,0.005
"90","94",TRUE,0,0,0.014
"91","94",TRUE,0,0,0.001
"92","94",TRUE,0,0,0.004
"93","94",TRUE,0,0,0.005
"2","95",TRUE,0,0,0.048
"20","95",TRUE,0,0,0.003
"31","95",TRUE,0,0,0.001
"41","95",TRUE,0,0,0
"42","95",TRUE,0,0,0.004
"51","95",TRUE,0,0,0.005
"52","95",TRUE,0,0,0.004
"53","95",TRUE,0,0,0
"70","95",TRUE,0,0,0.025
"80","95",TRUE,0,0,0
"90","95",TRUE,0,0,0.004
"91","95",TRUE,0,0,0.006
"92","95",TRUE,0,0,0.002
"93","95",TRUE,0,0,0.008
"94","95",TRUE,0,0,0.006
"2","100",TRUE,0,0,0.044
"20","100",TRUE,0,0,0
"31","100",TRUE,0,0,0.01
"41","100",TRUE,0,0,0.018
"42","100",TRUE,0,0,0.028
"51","100",TRUE,0,0,0.024
"52","100",TRUE,0,0,0.016
"53","100",TRUE,0,0,0.025
"70","100",TRUE,0,0,0.02
"80","100",TRUE,0,0,0.017
"90","100",TRUE,0,0,0.032
"91","100",TRUE,0,0,0.003
"92","100",TRUE,0,0,0.002
"93","100",TRUE,0,0,0.004
"94","100",TRUE,0,0,0.033
"95","100",TRUE,0,0,0.047
"2","101",TRUE,0,0,0.036
"20","101",TRUE,0,0,0
"31","101",TRUE,0,0,0.002
"41","101",TRUE,0,0,0.003
"42","101",TRUE,0,0,0.002
"51","101",TRUE,0,0,0.003
"52","101",TRUE,0,0,0.008
"53","101",TRUE,0,0,0.003
"70","101",TRUE,0,0,0.001
"80","101",TRUE,0,0,0
"90","101",TRUE,0,0,0.002
"91","101",TRUE,0,0,0.011
"92","101",TRUE,0,0,0.003
"93","101",TRUE,0,0,0.002
"94","101",TRUE,0,0,0.002
"95","101",TRUE,0,0,0.002
"100","101",TRUE,0,0,0.006
"2","115",TRUE,0,0,0.034
"20","115",TRUE,0,0,0.001
"31","115",TRUE,0,0,0
"41","115",TRUE,0,0,0
"42","115",TRUE,0,0,0.002
"51","115",TRUE,0,0,0.001
"52","115",TRUE,0,0,0.005
"53","115",TRUE,0,0,0
"70","115",TRUE,0,0,0.008
"80","115",TRUE,0,0,0
"90","115",TRUE,0,0,0.004
"91","115",TRUE,0,0,0.001
"92","115",TRUE,0,0,0.001
"93","115",TRUE,0,0,0.001
"94","115",TRUE,0,0,0.001
"95","115",TRUE,0,0,0
"100","115",TRUE,0,0,0.023
"101","115",TRUE,0,0,0.004
"2","130",TRUE,0,0,0.042
"20","130",TRUE,0,0,0
"31","130",TRUE,0,0,0.002
"41","130",TRUE,0,0,0.004
"42","130",TRUE,0,0,0.01
"51","130",TRUE,0,0,0.005
"52","130",TRUE,0,0,0.004
"53","130",TRUE,0,0,0.003
"70","130",TRUE,0,0,0.026
"80","130",TRUE,0,0,0.002
"90","130",TRUE,0,0,0.003
"91","130",TRUE,0,0,0.002
"92","130",TRUE,0,0,0.005
"93","130",TRUE,0,0,0
"94","130",TRUE,0,0,0.006
"95","130",TRUE,0,0,0.007
"100","130",TRUE,0,0,0.053
"101","130",TRUE,0,0,0.004
"115","130",TRUE,0,0,0.001
"2","135",TRUE,0,0,0.056
"20","135",TRUE,0,0,0
"31","135",TRUE,0,0,0.005
"41","135",TRUE,0,0,0.006
"42","135",TRUE,0,0,0.004
"51","135",TRUE,0,0,0.001
"52","135",TRUE,0,0,0.008
"53","135",TRUE,0,0,0.005
"70","135",TRUE,0,0,0.007
"80","135",TRUE,0,0,0.001
"90","135",TRUE,0,0,0.037
"91","135",TRUE,0,0,0.021
"92","135",TRUE,0,0,0.006
"93","135",TRUE,0,0,0.013
"94","135",TRUE,0,0,0.007
"95","135",TRUE,0,0,0.011
"100","135",TRUE,0,0,0.024
"101","135",TRUE,0,0,0.024
"115","135",TRUE,0,0,0.008
"130","135",TRUE,0,0,0.018
"2","140",TRUE,1,1,1
"20","140",TRUE,0,0,0
"31","140",TRUE,0,0,0.035
"41","140",TRUE,0,0,0.039
"42","140",TRUE,0,0,0.038
"51","140",TRUE,0,0,0.039
"52","140",TRUE,0,0,0.049
"53","140",TRUE,0,0,0.041
"70","140",TRUE,0,0,0.028
"80","140",TRUE,0,0,0.022
"90","140",TRUE,1,1,0.882
"91","140",TRUE,0,1,0.073
"92","140",TRUE,0,1,0.009
"93","140",TRUE,0,0,0.009
"94","140",TRUE,0,0,0.048
"95","140",TRUE,0,0,0.04
"100","140",TRUE,1,1,0.968
"101","140",TRUE,0,0,0.041
"115","140",TRUE,0,0,0.058
"130","140",TRUE,0,1,0.039
"135","140",TRUE,1,1,0.962
"2","145",TRUE,0,0,0.032
"20","145",TRUE,0,0,0.001
"31","145",TRUE,0,0,0.002
"41","145",TRUE,0,0,0.001
"42","145",TRUE,0,0,0.002
"51","145",TRUE,0,0,0.001
"52","145",TRUE,0,0,0.005
"53","145",TRUE,0,0,0.002
"70","145",TRUE,0,0,0.005
"80","145",TRUE,0,0,0.003
"90","145",TRUE,0,0,0.004
"91","145",TRUE,0,0,0.003
"92","145",TRUE,0,0,0.003
"93","145",TRUE,0,0,0.003
"94","145",TRUE,0,0,0.001
"95","145",TRUE,0,0,0.001
"100","145",TRUE,0,0,0.005
"101","145",TRUE,0,0,0.002
"115","145",TRUE,0,0,0.002
"130","145",TRUE,0,0,0.005
"135","145",TRUE,0,0,0.03
"140","145",TRUE,0,1,0.018
"2","150",TRUE,0,0,0.036
"20","150",TRUE,0,0,0.001
"31","150",TRUE,0,0,0
"41","150",TRUE,0,0,0.002
"42","150",TRUE,0,0,0.002
"51","150",TRUE,0,0,0.001
"52","150",TRUE,0,0,0.002
"53","150",TRUE,0,0,0.001
"70","150",TRUE,0,0,0.01
"80","150",TRUE,0,0,0.001
"90","150",TRUE,0,0,0.001
"91","150",TRUE,0,0,0.001
"92","150",TRUE,0,0,0
"93","150",TRUE,0,0,0.001
"94","150",TRUE,0,0,0.002
"95","150",TRUE,0,0,0
"100","150",TRUE,0,0,0.01
"101","150",TRUE,0,0,0.003
"115","150",TRUE,0,0,0.002
"130","150",TRUE,0,0,0
"135","150",TRUE,0,0,0.007
"140","150",TRUE,0,1,0.107
"145","150",TRUE,0,0,0.001
"2","155",TRUE,0,0,0.054
"20","155",TRUE,0,0,0.001
"31","155",TRUE,0,0,0.003
"41","155",TRUE,0,0,0
"42","155",TRUE,0,0,0.006
"51","155",TRUE,0,0,0.003
"52","155",TRUE,0,0,0.002
"53","155",TRUE,0,0,0.007
"70","155",TRUE,0,0,0.005
"80","155",TRUE,0,0,0.003
"90","155",TRUE,1,1,0.96
"91","155",TRUE,0,0,0.015
"92","155",TRUE,0,0,0.004
"93","155",TRUE,0,0,0.011
"94","155",TRUE,0,0,0.002
"95","155",TRUE,0,0,0.008
"100","155",TRUE,0,0,0.001
"101","155",TRUE,0,0,0.009
"115","155",TRUE,0,0,0.003
"130","155",TRUE,0,0,0.006
"135","155",TRUE,0,0,0.103
"140","155",TRUE,0,1,0.054
"145","155",TRUE,0,0,0.016
"150","155",TRUE,0,0,0.014
"2","160",TRUE,0,0,0.091
"20","160",TRUE,0,0,0
"31","160",TRUE,0,0,0.001
"41","160",TRUE,0,0,0.008
"42","160",TRUE,0,0,0.007
"51","160",TRUE,0,0,0.006
"52","160",TRUE,0,0,0.006
"53","160",TRUE,0,0,0.008
"70","160",TRUE,0,0,0.008
"80","160",TRUE,0,0,0.004
"90","160",TRUE,0,0,0.035
"91","160",TRUE,1,1,0.969
"92","160",TRUE,0,0,0.01
"93","160",TRUE,0,0,0.01
"94","160",TRUE,0,0,0.005
"95","160",TRUE,0,0,0.01
"100","160",TRUE,0,0,0.051
"101","160",TRUE,1,1,0.963
"115","160",TRUE,0,0,0.01
"130","160",TRUE,0,1,0.005
"135","160",TRUE,0,0,0.084
"140","160",TRUE,1,1,0.999
"145","160",TRUE,0,0,0.028
"150","160",TRUE,0,0,0.061
"155","160",TRUE,0,0,0.136
"2","165",TRUE,0,0,0.004
"20","165",TRUE,0,0,0
"31","165",TRUE,0,0,0.001
"41","165",TRUE,0,0,0
"42","165",TRUE,0,0,0
"51","165",TRUE,0,0,0
"52","165",TRUE,0,0,0.001
"53","165",TRUE,0,0,0
"70","165",TRUE,0,0,0.003
"80","165",TRUE,0,0,0.001
"90","165",TRUE,0,0,0
"91","165",TRUE,0,0,0.001
"92","165",TRUE,0,0,0
"93","165",TRUE,0,0,0.001
"94","165",TRUE,0,0,0
"95","165",TRUE,0,0,0.002
"100","165",TRUE,0,0,0.005
"101","165",TRUE,0,0,0
"115","165",TRUE,0,0,0
"130","165",TRUE,0,0,0
"135","165",TRUE,0,0,0.009
"140","165",TRUE,0,0,0.037
"145","165",TRUE,0,0,0.001
"150","165",TRUE,0,0,0.007
"155","165",TRUE,0,0,0.033
"160","165",TRUE,0,0,0.059
"2","200",TRUE,1,1,0.999
"20","200",TRUE,0,0,0.001
"31","200",TRUE,0,0,0.003
"41","200",TRUE,0,0,0.002
"42","200",TRUE,0,0,0.002
"51","200",TRUE,0,0,0.004
"52","200",TRUE,0,0,0.002
"53","200",TRUE,0,0,0.005
"70","200",TRUE,0,0,0.004
"80","200",TRUE,0,0,0.006
"90","200",TRUE,0,0,0.006
"91","200",TRUE,0,0,0.029
"92","200",TRUE,0,0,0.002
"93","200",TRUE,0,0,0.005
"94","200",TRUE,0,0,0.002
"95","200",TRUE,0,0,0.001
"100","200",TRUE,0,0,0.005
"101","200",TRUE,0,0,0.012
"115","200",TRUE,0,0,0.003
"130","200",TRUE,0,0,0.002
"135","200",TRUE,0,0,0.007
"140","200",TRUE,0,0,0.04
"145","200",TRUE,0,0,0.008
"150","200",TRUE,0,0,0.001
"155","200",TRUE,0,0,0.005
"160","200",TRUE,1,1,0.998
"165","200",TRUE,0,0,0.001
"2","205",TRUE,0,0,0.019
"20","205",TRUE,0,0,0.005
"31","205",TRUE,0,0,0
"41","205",TRUE,0,0,0
"42","205",TRUE,0,0,0
"51","205",TRUE,0,0,0
"52","205",TRUE,0,0,0
"53","205",TRUE,0,0,0
"70","205",TRUE,0,0,0
"80","205",TRUE,0,0,0
"90","205",TRUE,0,0,0
"91","205",TRUE,0,0,0
"92","205",TRUE,0,0,0
"93","205",TRUE,0,0,0
"94","205",TRUE,0,0,0
"95","205",TRUE,0,0,0
"100","205",TRUE,0,0,0.001
"101","205",TRUE,0,0,0
"115","205",TRUE,0,0,0.001
"130","205",TRUE,0,0,0
"135","205",TRUE,0,0,0
"140","205",TRUE,0,0,0.001
"145","205",TRUE,0,0,0
"150","205",TRUE,0,0,0
"155","205",TRUE,0,0,0.001
"160","205",TRUE,0,0,0
"165","205",TRUE,0,0,0.001
"200","205",TRUE,0,0,0.066
"2","210",TRUE,0,0,0
"20","210",TRUE,0,0,0
"31","210",TRUE,0,0,0
"41","210",TRUE,0,0,0
"42","210",TRUE,0,0,0.001
"51","210",TRUE,0,0,0.001
"52","210",TRUE,0,0,0.001
"53","210",TRUE,0,0,0
"70","210",TRUE,0,0,0
"80","210",TRUE,0,0,0.001
"90","210",TRUE,0,0,0.001
"91","210",TRUE,0,0,0.001
"92","210",TRUE,0,0,0
"93","210",TRUE,0,0,0.001
"94","210",TRUE,0,0,0.001
"95","210",TRUE,0,0,0.002
"100","210",TRUE,0,0,0.001
"101","210",TRUE,0,0,0
"115","210",TRUE,0,0,0
"130","210",TRUE,0,0,0.001
"135","210",TRUE,0,0,0
"140","210",TRUE,0,0,0.001
"145","210",TRUE,0,0,0
"150","210",TRUE,0,0,0
"155","210",TRUE,0,0,0.001
"160","210",TRUE,0,0,0.001
"165","210",TRUE,0,0,0
"200","210",TRUE,0,0,0.023
"205","210",TRUE,0,0,0.009
"2","211",TRUE,0,0,0
"20","211",TRUE,1,1,0.609
"31","211",TRUE,0,0,0
"41","211",TRUE,0,0,0
"42","211",TRUE,0,0,0.001
"51","211",TRUE,0,0,0
"52","211",TRUE,0,0,0
"53","211",TRUE,0,0,0.001
"70","211",TRUE,0,0,0.002
"80","211",TRUE,0,0,0.001
"90","211",TRUE,0,0,0
"91","211",TRUE,0,0,0.002
"92","211",TRUE,0,0,0
"93","211",TRUE,0,0,0.001
"94","211",TRUE,0,0,0.001
"95","211",TRUE,0,0,0
"100","211",TRUE,0,0,0
"101","211",TRUE,0,0,0
"115","211",TRUE,0,0,0.002
"130","211",TRUE,0,0,0
"135","211",TRUE,0,0,0
"140","211",TRUE,0,0,0.001
"145","211",TRUE,0,0,0
"150","211",TRUE,0,0,0.002
"155","211",TRUE,0,0,0.003
"160","211",TRUE,1,1,0.821
"165","211",TRUE,0,0,0
"200","211",TRUE,0,0,0.021
"205","211",TRUE,0,0,0.01
"210","211",TRUE,0,0,0.003
"2","212",TRUE,0,0,0
"20","212",TRUE,0,0,0
"31","212",TRUE,0,0,0
"41","212",TRUE,0,0,0
"42","212",TRUE,0,0,0
"51","212",TRUE,0,0,0
"52","212",TRUE,0,0,0
"53","212",TRUE,0,0,0
"70","212",TRUE,0,0,0.001
"80","212",TRUE,0,0,0
"90","212",TRUE,0,0,0
"91","212",TRUE,0,0,0
"92","212",TRUE,0,0,0
"93","212",TRUE,0,0,0
"94","212",TRUE,0,0,0
"95","212",TRUE,0,0,0
"100","212",TRUE,0,0,0
"101","212",TRUE,0,0,0
"115","212",TRUE,0,0,0
"130","212",TRUE,0,0,0
"135","212",TRUE,0,0,0
"140","212",TRUE,0,0,0.002
"145","212",TRUE,0,0,0
"150","212",TRUE,0,0,0
"155","212",TRUE,0,0,0
"160","212",TRUE,0,0,0
"165","212",TRUE,0,0,0
"200","212",TRUE,0,0,0.004
"205","212",TRUE,0,0,0.003
"210","212",TRUE,0,0,0
"211","212",TRUE,0,0,0.001
"2","220",TRUE,0,0,0.011
"20","220",TRUE,0,0,0.001
"31","220",TRUE,0,0,0.002
"41","220",TRUE,0,0,0.002
"42","220",TRUE,0,0,0.004
"51","220",TRUE,0,0,0.004
"52","220",TRUE,0,0,0.005
"53","220",TRUE,0,0,0.004
"70","220",TRUE,0,0,0
"80","220",TRUE,0,0,0.008
"90","220",TRUE,0,0,0.002
"91","220",TRUE,0,0,0.026
"92","220",TRUE,0,0,0.008
"93","220",TRUE,0,0,0.007
"94","220",TRUE,0,0,0.003
"95","220",TRUE,0,0,0.003
"100","220",TRUE,1,1,0.955
"101","220",TRUE,0,0,0.01
"115","220",TRUE,0,0,0.001
"130","220",TRUE,0,0,0.006
"135","220",TRUE,0,0,0.011
"140","220",TRUE,0,0,0.048
"145","220",TRUE,0,0,0.006
"150","220",TRUE,0,0,0.005
"155","220",TRUE,0,0,0.016
"160","220",TRUE,1,1,1
"165","220",TRUE,0,0,0.003
"200","220",TRUE,0,0,0.087
"205","220",TRUE,0,0,0.053
"210","220",TRUE,0,0,0.022
"211","220",TRUE,0,0,0.03
"212","220",TRUE,0,0,0.002
"2","225",TRUE,1,1,0.999
"20","225",TRUE,0,0,0.001
"31","225",TRUE,0,0,0
"41","225",TRUE,0,0,0.002
"42","225",TRUE,0,0,0.001
"51","225",TRUE,0,0,0.001
"52","225",TRUE,0,0,0.001
"53","225",TRUE,0,0,0
"70","225",TRUE,0,0,0.001
"80","225",TRUE,0,0,0.001
"90","225",TRUE,0,0,0
"91","225",TRUE,0,0,0.001
"92","225",TRUE,0,0,0
"93","225",TRUE,0,0,0.001
"94","225",TRUE,0,0,0
"95","225",TRUE,0,0,0
"100","225",TRUE,0,0,0.002
"101","225",TRUE,0,0,0.001
"115","225",TRUE,0,0,0
"130","225",TRUE,0,0,0.003
"135","225",TRUE,0,0,0.002
"140","225",TRUE,0,0,0.003
"145","225",TRUE,0,0,0
"150","225",TRUE,0,0,0
"155","225",TRUE,0,0,0
"160","225",TRUE,0,0,0.007
"165","225",TRUE,0,0,0
"200","225",TRUE,1,1,1
"205","225",TRUE,0,0,0.008
"210","225",TRUE,1,1,0.987
"211","225",TRUE,0,1,0.004
"212","225",TRUE,0,0,0.006
"220","225",TRUE,1,1,1
"2","230",TRUE,1,1,0.997
"20","230",TRUE,0,0,0
"31","230",TRUE,0,0,0.003
"41","230",TRUE,0,0,0.004
"42","230",TRUE,0,0,0.004
"51","230",TRUE,0,0,0.001
"52","230",TRUE,0,0,0.006
"53","230",TRUE,0,0,0.005
"70","230",TRUE,0,0,0.002
"80","230",TRUE,0,0,0.003
"90","230",TRUE,1,1,0.975
"91","230",TRUE,1,1,0.963
"92","230",TRUE,1,1,0.673
"93","230",TRUE,1,1,0.677
"94","230",TRUE,0,0,0.01
"95","230",TRUE,0,0,0.007
"100","230",TRUE,0,0,0.003
"101","230",TRUE,1,1,0.956
"115","230",TRUE,0,0,0.003
"130","230",TRUE,0,0,0.003
"135","230",TRUE,1,1,0.984
"140","230",TRUE,0,0,0.031
"145","230",TRUE,1,1,0.637
"150","230",TRUE,0,0,0.004
"155","230",TRUE,1,1,0.999
"160","230",TRUE,1,1,1
"165","230",TRUE,0,0,0.002
"200","230",TRUE,1,1,1
"205","230",TRUE,0,0,0.047
"210","230",TRUE,0,0,0.004
"211","230",TRUE,0,0,0.001
"212","230",TRUE,0,0,0.005
"220","230",TRUE,1,1,0.999
"225","230",TRUE,1,1,1
"2","235",TRUE,0,0,0
"20","235",TRUE,0,0,0
"31","235",TRUE,0,0,0
"41","235",TRUE,0,0,0.001
"42","235",TRUE,0,0,0
"51","235",TRUE,0,0,0.001
"52","235",TRUE,0,0,0
"53","235",TRUE,0,0,0.003
"70","235",TRUE,0,0,0.002
"80","235",TRUE,0,0,0
"90","235",TRUE,0,0,0
"91","235",TRUE,0,0,0
"92","235",TRUE,0,0,0
"93","235",TRUE,0,0,0
"94","235",TRUE,0,0,0.001
"95","235",TRUE,0,0,0
"100","235",TRUE,0,0,0.009
"101","235",TRUE,0,0,0.003
"115","235",TRUE,0,0,0.001
"130","235",TRUE,0,0,0
"135","235",TRUE,0,0,0
"140","235",TRUE,1,1,0.993
"145","235",TRUE,0,0,0.002
"150","235",TRUE,0,0,0
"155","235",TRUE,0,0,0
"160","235",TRUE,1,1,0.995
"165","235",TRUE,0,1,0
"200","235",TRUE,0,0,0.004
"205","235",TRUE,0,0,0.003
"210","235",TRUE,0,0,0
"211","235",TRUE,0,0,0.002
"212","235",TRUE,0,0,0
"220","235",TRUE,1,1,0.998
"225","235",TRUE,0,0,0.013
"230","235",TRUE,0,0,0.009
"2","255",TRUE,0,0,0.001
"20","255",TRUE,0,0,0
"31","255",TRUE,0,0,0.002
"41","255",TRUE,0,0,0.004
"42","255",TRUE,0,0,0.004
"51","255",TRUE,0,0,0.003
"52","255",TRUE,0,0,0.001
"53","255",TRUE,0,0,0.003
"70","255",TRUE,0,0,0.003
"80","255",TRUE,0,0,0.003
"90","255",TRUE,0,0,0.002
"91","255",TRUE,0,0,0
"92","255",TRUE,0,0,0.002
"93","255",TRUE,0,0,0.002
"94","255",TRUE,0,0,0
"95","255",TRUE,0,0,0.001
"100","255",TRUE,0,0,0.008
"101","255",TRUE,0,0,0.001
"115","255",TRUE,0,0,0.003
"130","255",TRUE,0,0,0.003
"135","255",TRUE,0,0,0
"140","255",TRUE,0,0,0.012
"145","255",TRUE,0,0,0.001
"150","255",TRUE,0,0,0.002
"155","255",TRUE,0,0,0.002
"160","255",TRUE,0,0,0.004
"165","255",TRUE,0,0,0.002
"200","255",TRUE,0,0,0.021
"205","255",TRUE,0,0,0.043
"210","255",TRUE,0,0,0.016
"211","255",TRUE,0,0,0.007
"212","255",TRUE,0,0,0.01
"220","255",TRUE,0,0,0.025
"225","255",TRUE,0,0,0.169
"230","255",TRUE,0,0,0.004
"235","255",TRUE,0,0,0.006
"2","260",FALSE,NA,NA,0
"20","260",FALSE,NA,NA,0
"31","260",FALSE,NA,NA,0
"41","260",FALSE,NA,NA,0
"42","260",FALSE,NA,NA,0
"51","260",FALSE,NA,NA,0
"52","260",FALSE,NA,NA,0
"53","260",FALSE,NA,NA,0
"70","260",FALSE,NA,NA,0
"80","260",FALSE,NA,NA,0
"90","260",FALSE,NA,NA,0
"91","260",FALSE,NA,NA,0
"92","260",FALSE,NA,NA,0
"93","260",FALSE,NA,NA,0
"94","260",FALSE,NA,NA,0
"95","260",FALSE,NA,NA,0
"100","260",FALSE,NA,NA,0
"101","260",FALSE,NA,NA,0
"115","260",FALSE,NA,NA,0
"130","260",FALSE,NA,NA,0
"135","260",FALSE,NA,NA,0
"140","260",FALSE,NA,NA,0
"145","260",FALSE,NA,NA,0
"150","260",FALSE,NA,NA,0
"155","260",FALSE,NA,NA,0
"160","260",FALSE,NA,NA,0
"165","260",FALSE,NA,NA,0
"200","260",FALSE,NA,NA,0
"205","260",FALSE,NA,NA,0
"210","260",FALSE,NA,NA,0
"211","260",FALSE,NA,NA,0
"212","260",FALSE,NA,NA,0
"220","260",FALSE,NA,NA,0
"225","260",FALSE,NA,NA,0
"230","260",FALSE,NA,NA,0
"235","260",FALSE,NA,NA,0
"255","260",FALSE,NA,NA,0
"2","290",TRUE,0,0,0.002
"20","290",TRUE,0,0,0
"31","290",TRUE,0,0,0.001
"41","290",TRUE,0,0,0.002
"42","290",TRUE,0,0,0.001
"51","290",TRUE,0,0,0
"52","290",TRUE,0,0,0
"53","290",TRUE,0,0,0.001
"70","290",TRUE,0,0,0.002
"80","290",TRUE,0,0,0.002
"90","290",TRUE,0,0,0.004
"91","290",TRUE,0,0,0.006
"92","290",TRUE,0,0,0.002
"93","290",TRUE,0,0,0.002
"94","290",TRUE,0,0,0.003
"95","290",TRUE,0,0,0.003
"100","290",TRUE,0,0,0.003
"101","290",TRUE,0,0,0.002
"115","290",TRUE,0,0,0.004
"130","290",TRUE,0,0,0.001
"135","290",TRUE,0,0,0.006
"140","290",TRUE,0,0,0.004
"145","290",TRUE,0,0,0.001
"150","290",TRUE,0,0,0.002
"155","290",TRUE,0,0,0.01
"160","290",TRUE,0,0,0.012
"165","290",TRUE,0,0,0.001
"200","290",TRUE,0,0,0.015
"205","290",TRUE,0,0,0.009
"210","290",TRUE,0,0,0.005
"211","290",TRUE,0,0,0.001
"212","290",TRUE,0,0,0
"220","290",TRUE,1,1,1
"225","290",TRUE,0,0,0.123
"230","290",TRUE,1,1,0.999
"235","290",TRUE,0,0,0.002
"255","290",TRUE,1,1,1
"260","290",FALSE,NA,NA,0
"2","305",TRUE,0,0,0.001
"20","305",TRUE,0,0,0
"31","305",TRUE,0,0,0.001
"41","305",TRUE,0,0,0.001
"42","305",TRUE,0,0,0
"51","305",TRUE,0,0,0
"52","305",TRUE,0,0,0
"53","305",TRUE,0,0,0
"70","305",TRUE,0,0,0
"80","305",TRUE,0,0,0
"90","305",TRUE,0,0,0
"91","305",TRUE,0,0,0
"92","305",TRUE,0,0,0.001
"93","305",TRUE,0,0,0
"94","305",TRUE,0,0,0.002
"95","305",TRUE,0,0,0
"100","305",TRUE,0,0,0
"101","305",TRUE,0,0,0
"115","305",TRUE,0,0,0
"130","305",TRUE,0,0,0
"135","305",TRUE,0,0,0
"140","305",TRUE,0,0,0
"145","305",TRUE,0,0,0
"150","305",TRUE,0,0,0
"155","305",TRUE,0,0,0
"160","305",TRUE,0,0,0
"165","305",TRUE,0,0,0
"200","305",TRUE,0,0,0.074
"205","305",TRUE,0,0,0.003
"210","305",TRUE,0,0,0.003
"211","305",TRUE,0,0,0.017
"212","305",TRUE,0,0,0.003
"220","305",TRUE,0,0,0.05
"225","305",TRUE,0,0,0.005
"230","305",TRUE,0,0,0.004
"235","305",TRUE,0,0,0.006
"255","305",TRUE,0,0,0.187
"260","305",FALSE,NA,NA,0
"290","305",TRUE,0,0,0.083
"2","310",TRUE,0,0,0.002
"20","310",TRUE,0,0,0
"31","310",TRUE,0,0,0
"41","310",TRUE,0,0,0
"42","310",TRUE,0,0,0
"51","310",TRUE,0,0,0
"52","310",TRUE,0,0,0
"53","310",TRUE,0,0,0
"70","310",TRUE,0,0,0.001
"80","310",TRUE,0,0,0
"90","310",TRUE,0,0,0
"91","310",TRUE,0,0,0
"92","310",TRUE,0,0,0
"93","310",TRUE,0,0,0
"94","310",TRUE,0,0,0.002
"95","310",TRUE,0,0,0.001
"100","310",TRUE,0,0,0.002
"101","310",TRUE,0,0,0
"115","310",TRUE,0,0,0.002
"130","310",TRUE,0,0,0
"135","310",TRUE,0,0,0.001
"140","310",TRUE,0,0,0.007
"145","310",TRUE,0,0,0
"150","310",TRUE,0,0,0
"155","310",TRUE,0,0,0
"160","310",TRUE,0,0,0.003
"165","310",TRUE,0,0,0
"200","310",TRUE,0,0,0.007
"205","310",TRUE,0,0,0.003
"210","310",TRUE,0,0,0.001
"211","310",TRUE,1,1,0.984
"212","310",TRUE,0,0,0
"220","310",TRUE,0,0,0.01
"225","310",TRUE,0,0,0.047
"230","310",TRUE,0,0,0
"235","310",TRUE,1,1,0.988
"255","310",TRUE,0,0,0.016
"260","310",FALSE,NA,NA,0
"290","310",TRUE,0,0,0.014
"305","310",TRUE,0,0,0.106
"2","316",TRUE,0,0,0.003
"20","316",TRUE,1,1,0.797
"31","316",TRUE,0,0,0.002
"41","316",TRUE,0,0,0.003
"42","316",TRUE,0,0,0.002
"51","316",TRUE,0,0,0.001
"52","316",TRUE,0,0,0
"53","316",TRUE,0,0,0.001
"70","316",TRUE,0,0,0
"80","316",TRUE,0,0,0.002
"90","316",TRUE,0,0,0
"91","316",TRUE,0,0,0.001
"92","316",TRUE,0,0,0
"93","316",TRUE,0,0,0
"94","316",TRUE,0,0,0
"95","316",TRUE,0,0,0.001
"100","316",TRUE,1,1,0.929
"101","316",TRUE,0,0,0.001
"115","316",TRUE,0,0,0
"130","316",TRUE,0,0,0.001
"135","316",TRUE,0,0,0.005
"140","316",TRUE,0,0,0.012
"145","316",TRUE,0,0,0
"150","316",TRUE,0,0,0
"155","316",TRUE,0,0,0.006
"160","316",TRUE,0,0,0.015
"165","316",TRUE,0,0,0
"200","316",TRUE,1,1,0.999
"205","316",TRUE,0,0,0.013
"210","316",TRUE,1,1,0.981
"211","316",TRUE,0,0,0.003
"212","316",TRUE,0,0,0.001
"220","316",TRUE,1,1,0.999
"225","316",TRUE,0,0,0.132
"230","316",TRUE,0,0,0.004
"235","316",TRUE,1,1,0.998
"255","316",TRUE,1,1,1
"260","316",FALSE,NA,NA,0
"290","316",TRUE,1,1,1
"305","316",TRUE,0,0,0.158
"310","316",TRUE,1,1,0.998
"2","317",TRUE,0,0,0.001
"20","317",TRUE,0,0,0
"31","317",TRUE,0,0,0
"41","317",TRUE,0,0,0
"42","317",TRUE,0,0,0.002
"51","317",TRUE,0,0,0
"52","317",TRUE,0,0,0
"53","317",TRUE,0,0,0.001
"70","317",TRUE,0,0,0.002
"80","317",TRUE,0,0,0
"90","317",TRUE,0,0,0.001
"91","317",TRUE,0,0,0.001
"92","317",TRUE,0,0,0
"93","317",TRUE,0,0,0
"94","317",TRUE,0,0,0.001
"95","317",TRUE,0,0,0
"100","317",TRUE,0,0,0.003
"101","317",TRUE,0,0,0.001
"115","317",TRUE,0,0,0
"130","317",TRUE,0,0,0.001
"135","317",TRUE,0,0,0.003
"140","317",TRUE,1,1,0.975
"145","317",TRUE,0,0,0
"150","317",TRUE,0,0,0.003
"155","317",TRUE,0,0,0.006
"160","317",TRUE,0,0,0.003
"165","317",TRUE,0,0,0
"200","317",TRUE,1,1,0.998
"205","317",TRUE,0,0,0.002
"210","317",TRUE,0,0,0.003
"211","317",TRUE,0,0,0.003
"212","317",TRUE,1,1,0.882
"220","317",TRUE,0,0,0.011
"225","317",TRUE,0,0,0.055
"230","317",TRUE,1,1,1
"235","317",TRUE,1,1,0.993
"255","317",TRUE,1,1,1
"260","317",FALSE,NA,NA,0
"290","317",TRUE,0,0,0.01
"305","317",TRUE,0,0,0.33
"310","317",TRUE,0,0,0.01
"316","317",TRUE,1,1,1
"2","325",TRUE,0,0,0.003
"20","325",TRUE,0,0,0.001
"31","325",TRUE,0,0,0.012
"41","325",TRUE,0,0,0.007
"42","325",TRUE,0,0,0.004
"51","325",TRUE,0,0,0.005
"52","325",TRUE,0,0,0.009
"53","325",TRUE,0,0,0.005
"70","325",TRUE,0,0,0.009
"80","325",TRUE,0,0,0.012
"90","325",TRUE,0,0,0.028
"91","325",TRUE,0,0,0.039
"92","325",TRUE,0,0,0.007
"93","325",TRUE,0,0,0.009
"94","325",TRUE,0,0,0.01
"95","325",TRUE,0,0,0.007
"100","325",TRUE,0,0,0.01
"101","325",TRUE,0,0,0.026
"115","325",TRUE,0,0,0.008
"130","325",TRUE,0,0,0.008
"135","325",TRUE,1,1,0.996
"140","325",TRUE,0,0,0.039
"145","325",TRUE,0,0,0.008
"150","325",TRUE,0,0,0.008
"155","325",TRUE,1,1,1
"160","325",TRUE,1,1,1
"165","325",TRUE,0,0,0.004
"200","325",TRUE,0,0,0.025
"205","325",TRUE,0,0,0.035
"210","325",TRUE,0,0,0.014
"211","325",TRUE,0,0,0.012
"212","325",TRUE,0,0,0.004
"220","325",TRUE,0,0,0.023
"225","325",TRUE,1,1,1
"230","325",TRUE,1,1,1
"235","325",TRUE,0,0,0.011
"255","325",TRUE,0,0,0.021
"260","325",FALSE,NA,NA,0
"290","325",TRUE,0,0,0.022
"305","325",TRUE,0,0,0.151
"310","325",TRUE,0,0,0.023
"316","325",TRUE,1,1,1
"317","325",TRUE,0,0,0.021
"2","338",TRUE,0,0,0.018
"20","338",TRUE,0,0,0.002
"31","338",TRUE,0,0,0
"41","338",TRUE,0,0,0
"42","338",TRUE,0,0,0
"51","338",TRUE,0,0,0
"52","338",TRUE,0,0,0
"53","338",TRUE,0,0,0
"70","338",TRUE,0,0,0.001
"80","338",TRUE,0,0,0
"90","338",TRUE,0,0,0
"91","338",TRUE,0,0,0
"92","338",TRUE,0,0,0.001
"93","338",TRUE,0,0,0
"94","338",TRUE,0,0,0
"95","338",TRUE,0,0,0
"100","338",TRUE,0,0,0
"101","338",TRUE,0,0,0
"115","338",TRUE,0,0,0
"130","338",TRUE,0,0,0
"135","338",TRUE,0,0,0
"140","338",TRUE,0,0,0.003
"145","338",TRUE,0,0,0
"150","338",TRUE,0,0,0
"155","338",TRUE,0,0,0
"160","338",TRUE,0,0,0
"165","338",TRUE,0,0,0
"200","338",TRUE,0,0,0.021
"205","338",TRUE,0,0,0
"210","338",TRUE,0,0,0.005
"211","338",TRUE,0,0,0.009
"212","338",TRUE,0,0,0
"220","338",TRUE,0,0,0.022
"225","338",TRUE,0,0,0.006
"230","338",TRUE,0,0,0.026
"235","338",TRUE,0,0,0
"255","338",TRUE,0,0,0.026
"260","338",FALSE,NA,NA,0
"290","338",TRUE,0,0,0.009
"305","338",TRUE,0,0,0.003
"310","338",TRUE,0,0,0
"316","338",TRUE,0,0,0.014
"317","338",TRUE,0,0,0.004
"325","338",TRUE,0,0,0.111
"2","339",TRUE,0,0,0.014
"20","339",TRUE,0,0,0.012
"31","339",TRUE,0,0,0
"41","339",TRUE,0,0,0.001
"42","339",TRUE,0,0,0
"51","339",TRUE,0,0,0
"52","339",TRUE,0,0,0
"53","339",TRUE,0,0,0
"70","339",TRUE,0,0,0
"80","339",TRUE,0,0,0
"90","339",TRUE,0,0,0
"91","339",TRUE,0,0,0
"92","339",TRUE,0,0,0
"93","339",TRUE,0,0,0
"94","339",TRUE,0,0,0.001
"95","339",TRUE,0,0,0
"100","339",TRUE,0,0,0.001
"101","339",TRUE,0,0,0
"115","339",TRUE,0,0,0
"130","339",TRUE,0,0,0
"135","339",TRUE,0,0,0
"140","339",TRUE,0,0,0
"145","339",TRUE,0,0,0
"150","339",TRUE,0,0,0
"155","339",TRUE,0,0,0.001
"160","339",TRUE,0,0,0.004
"165","339",TRUE,0,0,0
"200","339",TRUE,0,0,0.083
"205","339",TRUE,0,0,0.002
"210","339",TRUE,0,0,0.008
"211","339",TRUE,1,1,1
"212","339",TRUE,0,0,0.003
"220","339",TRUE,1,1,1
"225","339",TRUE,0,0,0.014
"230","339",TRUE,0,0,0.073
"235","339",TRUE,0,0,0.022
"255","339",TRUE,0,0,0.138
"260","339",FALSE,NA,NA,0
"290","339",TRUE,1,1,1
"305","339",TRUE,0,0,0.013
"310","339",TRUE,0,0,0.053
"316","339",TRUE,1,1,1
"317","339",TRUE,0,0,0.054
"325","339",TRUE,1,1,1
"338","339",TRUE,0,0,0
"2","343",TRUE,0,0,0.006
"20","343",TRUE,0,0,0
"31","343",TRUE,0,0,0
"41","343",TRUE,0,0,0
"42","343",TRUE,0,0,0
"51","343",TRUE,0,0,0
"52","343",TRUE,0,0,0
"53","343",TRUE,0,0,0
"70","343",TRUE,0,0,0
"80","343",TRUE,0,0,0
"90","343",TRUE,0,0,0
"91","343",TRUE,0,0,0
"92","343",TRUE,0,0,0
"93","343",TRUE,0,0,0
"94","343",TRUE,0,0,0
"95","343",TRUE,0,0,0
"100","343",TRUE,0,0,0.001
"101","343",TRUE,0,0,0
"115","343",TRUE,0,0,0.001
"130","343",TRUE,0,0,0
"135","343",TRUE,0,0,0
"140","343",TRUE,0,0,0
"145","343",TRUE,0,0,0
"150","343",TRUE,0,0,0
"155","343",TRUE,0,0,0
"160","343",TRUE,0,0,0
"165","343",TRUE,0,0,0
"200","343",TRUE,0,0,0.048
"205","343",TRUE,0,0,0
"210","343",TRUE,0,0,0.004
"211","343",TRUE,0,0,0.012
"212","343",TRUE,0,0,0.001
"220","343",TRUE,0,0,0.051
"225","343",TRUE,0,0,0.005
"230","343",TRUE,0,0,0.043
"235","343",TRUE,0,0,0.01
"255","343",TRUE,0,0,0.088
"260","343",FALSE,NA,NA,0
"290","343",TRUE,1,1,1
"305","343",TRUE,0,0,0.006
"310","343",TRUE,0,0,0.038
"316","343",TRUE,1,1,1
"317","343",TRUE,0,0,0.026
"325","343",TRUE,1,1,1
"338","343",TRUE,0,0,0
"339","343",TRUE,1,1,1
"2","344",TRUE,0,0,0.032
"20","344",TRUE,0,0,0.001
"31","344",TRUE,0,0,0
"41","344",TRUE,0,0,0
"42","344",TRUE,0,0,0.002
"51","344",TRUE,0,0,0
"52","344",TRUE,0,0,0
"53","344",TRUE,0,0,0
"70","344",TRUE,0,0,0.001
"80","344",TRUE,0,0,0
"90","344",TRUE,0,0,0
"91","344",TRUE,0,0,0
"92","344",TRUE,0,0,0
"93","344",TRUE,0,0,0
"94","344",TRUE,0,0,0
"95","344",TRUE,0,0,0
"100","344",TRUE,0,0,0
"101","344",TRUE,0,0,0
"115","344",TRUE,0,0,0
"130","344",TRUE,0,0,0
"135","344",TRUE,0,0,0
"140","344",TRUE,0,0,0
"145","344",TRUE,0,0,0
"150","344",TRUE,0,0,0
"155","344",TRUE,0,0,0.001
"160","344",TRUE,0,0,0.002
"165","344",TRUE,0,0,0
"200","344",TRUE,1,1,1
"205","344",TRUE,0,0,0
"210","344",TRUE,0,0,0.009
"211","344",TRUE,1,1,1
"212","344",TRUE,0,0,0
"220","344",TRUE,0,0,0.09
"225","344",TRUE,0,0,0.017
"230","344",TRUE,0,0,0.054
"235","344",TRUE,0,0,0.011
"255","344",TRUE,0,0,0.136
"260","344",FALSE,NA,NA,0
"290","344",TRUE,0,0,0.141
"305","344",TRUE,0,0,0.023
"310","344",TRUE,0,0,0.1
"316","344",TRUE,1,1,1
"317","344",TRUE,0,0,0.108
"325","344",TRUE,1,1,1
"338","344",TRUE,0,0,0.005
"339","344",TRUE,1,1,1
"343","344",TRUE,1,0,1
"2","345",TRUE,0,0,0.029
"20","345",TRUE,0,0,0.003
"31","345",TRUE,0,0,0
"41","345",TRUE,0,0,0.001
"42","345",TRUE,0,0,0.001
"51","345",TRUE,0,0,0
"52","345",TRUE,0,0,0
"53","345",TRUE,0,0,0.001
"70","345",TRUE,0,0,0
"80","345",TRUE,0,0,0
"90","345",TRUE,0,0,0.001
"91","345",TRUE,0,0,0
"92","345",TRUE,0,0,0
"93","345",TRUE,0,0,0
"94","345",TRUE,0,0,0
"95","345",TRUE,0,0,0.001
"100","345",TRUE,0,0,0.001
"101","345",TRUE,0,0,0
"115","345",TRUE,0,0,0
"130","345",TRUE,0,0,0.001
"135","345",TRUE,0,0,0
"140","345",TRUE,0,0,0.001
"145","345",TRUE,0,0,0
"150","345",TRUE,0,0,0
"155","345",TRUE,0,0,0.002
"160","345",TRUE,0,0,0.006
"165","345",TRUE,0,0,0.001
"200","345",TRUE,1,1,1
"205","345",TRUE,0,0,0.001
"210","345",TRUE,0,0,0.014
"211","345",TRUE,1,1,1
"212","345",TRUE,0,0,0.012
"220","345",TRUE,0,0,0.107
"225","345",TRUE,0,0,0.028
"230","345",TRUE,0,0,0.083
"235","345",TRUE,0,0,0.021
"255","345",TRUE,1,1,1
"260","345",FALSE,NA,NA,0
"290","345",TRUE,0,0,0.161
"305","345",TRUE,1,1,1
"310","345",TRUE,0,0,0.18
"316","345",TRUE,1,1,1
"317","345",TRUE,1,1,1
"325","345",TRUE,1,1,1
"338","345",TRUE,0,0,0.007
"339","345",TRUE,0,0,0.061
"343","345",TRUE,0,0,0.05
"344","345",TRUE,0,0,0.047
"2","346",TRUE,0,0,0.006
"20","346",TRUE,0,0,0.001
"31","346",TRUE,0,0,0
"41","346",TRUE,0,0,0.001
"42","346",TRUE,0,0,0
"51","346",TRUE,0,0,0
"52","346",TRUE,0,0,0
"53","346",TRUE,0,0,0
"70","346",TRUE,0,0,0
"80","346",TRUE,0,0,0
"90","346",TRUE,0,0,0
"91","346",TRUE,0,0,0
"92","346",TRUE,0,0,0
"93","346",TRUE,0,0,0
"94","346",TRUE,0,0,0
"95","346",TRUE,0,0,0
"100","346",TRUE,0,0,0
"101","346",TRUE,0,0,0
"115","346",TRUE,0,0,0
"130","346",TRUE,0,0,0
"135","346",TRUE,0,0,0.001
"140","346",TRUE,0,0,0
"145","346",TRUE,0,0,0
"150","346",TRUE,0,0,0
"155","346",TRUE,0,0,0
"160","346",TRUE,0,0,0
"165","346",TRUE,0,0,0
"200","346",TRUE,0,0,0.047
"205","346",TRUE,0,0,0
"210","346",TRUE,0,0,0
"211","346",TRUE,0,0,0.011
"212","346",TRUE,0,0,0
"220","346",TRUE,0,0,0.036
"225","346",TRUE,0,0,0.001
"230","346",TRUE,1,1,0.999
"235","346",TRUE,0,0,0.006
"255","346",TRUE,0,0,0.032
"260","346",FALSE,NA,NA,0
"290","346",TRUE,0,0,0.042
"305","346",TRUE,0,0,0.007
"310","346",TRUE,0,0,0.041
"316","346",TRUE,0,0,0.045
"317","346",TRUE,0,0,0.032
"325","346",TRUE,0,0,0.204
"338","346",TRUE,0,0,0
"339","346",TRUE,0,0,0.023
"343","346",TRUE,1,1,1
"344","346",TRUE,1,1,1
"345","346",TRUE,1,1,1
"2","349",TRUE,0,0,0.002
"20","349",TRUE,0,0,0
"31","349",TRUE,0,0,0
"41","349",TRUE,0,0,0
"42","349",TRUE,0,0,0
"51","349",TRUE,0,0,0
"52","349",TRUE,0,0,0
"53","349",TRUE,0,0,0
"70","349",TRUE,0,0,0
"80","349",TRUE,0,0,0
"90","349",TRUE,0,0,0
"91","349",TRUE,0,0,0
"92","349",TRUE,0,0,0
"93","349",TRUE,0,0,0
"94","349",TRUE,0,0,0.001
"95","349",TRUE,0,0,0
"100","349",TRUE,0,0,0.001
"101","349",TRUE,0,0,0
"115","349",TRUE,0,0,0.002
"130","349",TRUE,0,0,0
"135","349",TRUE,0,0,0.001
"140","349",TRUE,0,0,0.005
"145","349",TRUE,0,0,0
"150","349",TRUE,0,0,0
"155","349",TRUE,0,0,0.002
"160","349",TRUE,0,0,0.003
"165","349",TRUE,0,0,0
"200","349",TRUE,1,1,0.995
"205","349",TRUE,0,0,0.004
"210","349",TRUE,0,0,0
"211","349",TRUE,1,1,0.995
"212","349",TRUE,0,0,0
"220","349",TRUE,1,1,0.994
"225","349",TRUE,0,0,0.058
"230","349",TRUE,0,0,0.002
"235","349",TRUE,1,1,0.994
"255","349",TRUE,1,1,0.993
"260","349",FALSE,NA,NA,0
"290","349",TRUE,1,1,0.998
"305","349",TRUE,1,1,1
"310","349",TRUE,1,1,0.998
"316","349",TRUE,1,1,1
"317","349",TRUE,1,1,0.999
"325","349",TRUE,1,1,1
"338","349",TRUE,0,0,0.001
"339","349",TRUE,1,1,1
"343","349",TRUE,1,1,1
"344","349",TRUE,1,1,1
"345","349",TRUE,0,0,0.082
"346","349",TRUE,1,1,1
"2","350",TRUE,1,1,0.997
"20","350",TRUE,0,0,0
"31","350",TRUE,0,0,0.001
"41","350",TRUE,0,0,0.001
"42","350",TRUE,0,0,0.003
"51","350",TRUE,0,0,0.001
"52","350",TRUE,0,0,0.001
"53","350",TRUE,0,0,0
"70","350",TRUE,0,0,0.001
"80","350",TRUE,0,0,0
"90","350",TRUE,0,0,0.003
"91","350",TRUE,0,0,0
"92","350",TRUE,0,0,0
"93","350",TRUE,0,0,0.001
"94","350",TRUE,0,0,0
"95","350",TRUE,0,0,0
"100","350",TRUE,0,0,0
"101","350",TRUE,0,0,0.003
"115","350",TRUE,0,0,0.001
"130","350",TRUE,0,0,0
"135","350",TRUE,0,0,0.001
"140","350",TRUE,0,0,0.007
"145","350",TRUE,0,0,0
"150","350",TRUE,0,0,0
"155","350",TRUE,0,0,0.003
"160","350",TRUE,0,0,0.01
"165","350",TRUE,0,0,0.003
"200","350",TRUE,0,0,0.009
"205","350",TRUE,0,0,0.009
"210","350",TRUE,0,0,0
"211","350",TRUE,0,0,0.003
"212","350",TRUE,0,0,0.001
"220","350",TRUE,0,0,0.011
"225","350",TRUE,0,0,0.08
"230","350",TRUE,1,1,0.999
"235","350",TRUE,0,0,0
"255","350",TRUE,0,0,0.015
"260","350",FALSE,NA,NA,0
"290","350",TRUE,1,1,0.999
"305","350",TRUE,0,0,0.054
"310","350",TRUE,1,1,0.998
"316","350",TRUE,0,0,0.004
"317","350",TRUE,0,0,0.005
"325","350",TRUE,0,0,0.029
"338","350",TRUE,0,0,0.01
"339","350",TRUE,1,1,1
"343","350",TRUE,1,0,1
"344","350",TRUE,1,0,1
"345","350",TRUE,1,1,1
"346","350",TRUE,1,1,1
"349","350",TRUE,1,1,0.996
"2","352",TRUE,0,0,0.008
"20","352",TRUE,0,0,0
"31","352",TRUE,0,0,0
"41","352",TRUE,0,0,0
"42","352",TRUE,0,0,0
"51","352",TRUE,0,0,0
"52","352",TRUE,0,0,0
"53","352",TRUE,0,0,0
"70","352",TRUE,0,0,0
"80","352",TRUE,0,0,0
"90","352",TRUE,0,0,0
"91","352",TRUE,0,0,0
"92","352",TRUE,0,0,0
"93","352",TRUE,0,0,0
"94","352",TRUE,0,0,0
"95","352",TRUE,0,0,0
"100","352",TRUE,0,0,0
"101","352",TRUE,0,0,0
"115","352",TRUE,0,0,0
"130","352",TRUE,0,0,0
"135","352",TRUE,0,0,0
"140","352",TRUE,0,0,0
"145","352",TRUE,0,0,0
"150","352",TRUE,0,0,0
"155","352",TRUE,0,0,0.001
"160","352",TRUE,0,0,0
"165","352",TRUE,0,0,0
"200","352",TRUE,0,0,0.027
"205","352",TRUE,0,0,0
"210","352",TRUE,0,0,0.003
"211","352",TRUE,0,0,0.002
"212","352",TRUE,0,0,0
"220","352",TRUE,0,1,0.036
"225","352",TRUE,0,0,0
"230","352",TRUE,0,0,0.014
"235","352",TRUE,0,0,0.001
"255","352",TRUE,0,0,0.019
"260","352",FALSE,NA,NA,0
"290","352",TRUE,0,0,0.045
"305","352",TRUE,0,0,0
"310","352",TRUE,0,0,0.001
"316","352",TRUE,0,0,0.014
"317","352",TRUE,0,0,0.008
"325","352",TRUE,0,0,0.033
"338","352",TRUE,0,0,0
"339","352",TRUE,0,0,0
"343","352",TRUE,0,0,0.002
"344","352",TRUE,0,0,0
"345","352",TRUE,0,0,0.001
"346","352",TRUE,0,0,0.001
"349","352",TRUE,0,0,0.002
"350","352",TRUE,0,0,0.01
"2","355",TRUE,0,0,0.005
"20","355",TRUE,0,0,0
"31","355",TRUE,0,0,0
"41","355",TRUE,0,0,0
"42","355",TRUE,0,0,0.001
"51","355",TRUE,0,0,0
"52","355",TRUE,0,0,0.001
"53","355",TRUE,0,0,0
"70","355",TRUE,0,0,0.001
"80","355",TRUE,0,0,0
"90","355",TRUE,0,0,0.001
"91","355",TRUE,0,0,0
"92","355",TRUE,0,0,0.001
"93","355",TRUE,0,0,0
"94","355",TRUE,0,0,0
"95","355",TRUE,0,0,0.001
"100","355",TRUE,0,0,0
"101","355",TRUE,0,0,0.002
"115","355",TRUE,0,0,0
"130","355",TRUE,0,0,0.001
"135","355",TRUE,0,0,0.004
"140","355",TRUE,0,0,0.007
"145","355",TRUE,0,0,0
"150","355",TRUE,0,0,0
"155","355",TRUE,0,0,0.004
"160","355",TRUE,0,0,0.006
"165","355",TRUE,0,0,0
"200","355",TRUE,0,0,0.008
"205","355",TRUE,0,0,0.004
"210","355",TRUE,0,0,0.005
"211","355",TRUE,0,0,0.003
"212","355",TRUE,0,0,0.001
"220","355",TRUE,0,0,0.01
"225","355",TRUE,0,0,0.064
"230","355",TRUE,1,1,1
"235","355",TRUE,0,0,0.002
"255","355",TRUE,0,0,0.01
"260","355",FALSE,NA,NA,0
"290","355",TRUE,0,0,0.009
"305","355",TRUE,0,0,0.06
"310","355",TRUE,0,0,0.005
"316","355",TRUE,1,1,1
"317","355",TRUE,0,0,0.007
"325","355",TRUE,1,1,1
"338","355",TRUE,0,0,0.007
"339","355",TRUE,1,1,1
"343","355",TRUE,0,0,0.152
"344","355",TRUE,0,0,0.073
"345","355",TRUE,0,1,0.224
"346","355",TRUE,0,1,0.039
"349","355",TRUE,1,1,0.998
"350","355",TRUE,1,1,1
"352","355",TRUE,0,0,0.012
"2","359",TRUE,1,1,1
"20","359",TRUE,0,0,0.001
"31","359",TRUE,0,0,0
"41","359",TRUE,0,0,0
"42","359",TRUE,0,0,0
"51","359",TRUE,0,0,0
"52","359",TRUE,0,0,0.001
"53","359",TRUE,0,0,0
"70","359",TRUE,0,0,0
"80","359",TRUE,0,0,0.001
"90","359",TRUE,0,0,0
"91","359",TRUE,0,0,0
"92","359",TRUE,0,0,0
"93","359",TRUE,0,0,0
"94","359",TRUE,0,0,0
"95","359",TRUE,0,0,0
"100","359",TRUE,0,0,0
"101","359",TRUE,0,0,0
"115","359",TRUE,0,0,0
"130","359",TRUE,0,0,0
"135","359",TRUE,0,0,0.002
"140","359",TRUE,0,0,0.005
"145","359",TRUE,0,0,0
"150","359",TRUE,0,0,0
"155","359",TRUE,0,0,0.001
"160","359",TRUE,0,0,0
"165","359",TRUE,0,0,0
"200","359",TRUE,1,1,0.998
"205","359",TRUE,0,0,0.001
"210","359",TRUE,0,0,0.002
"211","359",TRUE,0,0,0.01
"212","359",TRUE,0,0,0.004
"220","359",TRUE,0,0,0.093
"225","359",TRUE,0,0,0.019
"230","359",TRUE,0,0,0.089
"235","359",TRUE,0,0,0.018
"255","359",TRUE,1,1,1
"260","359",FALSE,NA,NA,0
"290","359",TRUE,1,1,1
"305","359",TRUE,0,0,0.009
"310","359",TRUE,0,0,0.037
"316","359",TRUE,0,0,0.071
"317","359",TRUE,1,1,1
"325","359",TRUE,1,1,1
"338","359",TRUE,0,0,0
"339","359",TRUE,0,0,0.017
"343","359",TRUE,0,0,0.009
"344","359",TRUE,0,0,0.023
"345","359",TRUE,0,0,0.036
"346","359",TRUE,0,0,0.006
"349","359",TRUE,0,0,0.026
"350","359",TRUE,1,1,1
"352","359",TRUE,0,0,0
"355","359",TRUE,0,0,0.067
"2","360",TRUE,0,0,0.003
"20","360",TRUE,1,1,0.675
"31","360",TRUE,0,0,0.002
"41","360",TRUE,0,0,0.004
"42","360",TRUE,0,0,0
"51","360",TRUE,0,0,0.002
"52","360",TRUE,0,0,0.002
"53","360",TRUE,0,0,0
"70","360",TRUE,0,0,0.001
"80","360",TRUE,0,0,0.001
"90","360",TRUE,0,0,0
"91","360",TRUE,0,0,0
"92","360",TRUE,0,0,0
"93","360",TRUE,0,0,0
"94","360",TRUE,0,0,0.001
"95","360",TRUE,0,0,0
"100","360",TRUE,0,0,0.001
"101","360",TRUE,0,0,0
"115","360",TRUE,0,0,0
"130","360",TRUE,0,0,0
"135","360",TRUE,0,0,0
"140","360",TRUE,0,0,0.005
"145","360",TRUE,0,0,0
"150","360",TRUE,0,0,0.001
"155","360",TRUE,0,0,0.005
"160","360",TRUE,0,0,0.004
"165","360",TRUE,0,0,0.001
"200","360",TRUE,0,0,0.001
"205","360",TRUE,0,0,0.005
"210","360",TRUE,0,0,0.003
"211","360",TRUE,0,0,0.003
"212","360",TRUE,0,0,0.002
"220","360",TRUE,1,1,0.997
"225","360",TRUE,0,0,0.015
"230","360",TRUE,0,0,0.004
"235","360",TRUE,1,1,0.997
"255","360",TRUE,0,0,0.01
"260","360",FALSE,NA,NA,0
"290","360",TRUE,0,0,0.008
"305","360",TRUE,0,0,0.046
"310","360",TRUE,1,1,0.998
"316","360",TRUE,0,0,0.005
"317","360",TRUE,1,1,1
"325","360",TRUE,0,0,0.023
"338","360",TRUE,0,0,0.01
"339","360",TRUE,1,1,1
"343","360",TRUE,0,0,0.075
"344","360",TRUE,0,0,0.06
"345","360",TRUE,1,1,1
"346","360",TRUE,1,1,1
"349","360",TRUE,1,1,0.999
"350","360",TRUE,1,1,0.999
"352","360",TRUE,0,0,0.009
"355","360",TRUE,0,0,0.014
"359","360",TRUE,1,1,1
"2","365",TRUE,0,0,0.04
"20","365",TRUE,0,0,0.001
"31","365",TRUE,0,0,0.003
"41","365",TRUE,0,0,0.005
"42","365",TRUE,0,0,0.003
"51","365",TRUE,0,0,0.002
"52","365",TRUE,0,0,0.003
"53","365",TRUE,0,0,0.001
"70","365",TRUE,0,0,0.001
"80","365",TRUE,0,0,0.003
"90","365",TRUE,0,0,0.014
"91","365",TRUE,0,0,0.001
"92","365",TRUE,0,0,0.001
"93","365",TRUE,0,0,0
"94","365",TRUE,0,0,0.003
"95","365",TRUE,0,0,0.008
"100","365",TRUE,0,0,0.044
"101","365",TRUE,1,1,0.725
"115","365",TRUE,0,0,0.003
"130","365",TRUE,0,0,0.007
"135","365",TRUE,1,1,0.905
"140","365",TRUE,0,0,0.027
"145","365",TRUE,0,0,0.002
"150","365",TRUE,0,0,0.011
"155","365",TRUE,1,1,0.998
"160","365",TRUE,0,0,0.014
"165","365",TRUE,1,1,0.659
"200","365",TRUE,0,0,0.145
"205","365",TRUE,0,0,0.011
"210","365",TRUE,0,0,0.078
"211","365",TRUE,0,0,0.046
"212","365",TRUE,0,0,0.026
"220","365",TRUE,1,1,1
"225","365",TRUE,0,0,0.019
"230","365",TRUE,0,0,0.088
"235","365",TRUE,1,1,1
"255","365",TRUE,0,0,0.245
"260","365",FALSE,NA,NA,0
"290","365",TRUE,1,1,1
"305","365",TRUE,0,0,0.013
"310","365",TRUE,1,1,1
"316","365",TRUE,1,1,1
"317","365",TRUE,1,1,1
"325","365",TRUE,0,0,0.195
"338","365",TRUE,0,0,0.008
"339","365",TRUE,0,0,0.032
"343","365",TRUE,1,1,1
"344","365",TRUE,0,0,0.037
"345","365",TRUE,0,0,0.04
"346","365",TRUE,0,0,0.02
"349","365",TRUE,1,1,1
"350","365",TRUE,1,1,1
"352","365",TRUE,1,1,1
"355","365",TRUE,1,1,1
"359","365",TRUE,1,1,1
"360","365",TRUE,0,0,0.14
"2","366",TRUE,0,0,0
"20","366",TRUE,0,0,0
"31","366",TRUE,0,0,0
"41","366",TRUE,0,0,0
"42","366",TRUE,0,0,0
"51","366",TRUE,0,0,0
"52","366",TRUE,0,0,0
"53","366",TRUE,0,0,0
"70","366",TRUE,0,0,0
"80","366",TRUE,0,0,0
"90","366",TRUE,0,0,0
"91","366",TRUE,0,0,0
"92","366",TRUE,0,0,0
"93","366",TRUE,0,0,0
"94","366",TRUE,0,0,0
"95","366",TRUE,0,0,0
"100","366",TRUE,0,0,0.001
"101","366",TRUE,0,0,0
"115","366",TRUE,0,0,0
"130","366",TRUE,0,0,0
"135","366",TRUE,0,0,0
"140","366",TRUE,0,0,0
"145","366",TRUE,0,0,0
"150","366",TRUE,0,0,0
"155","366",TRUE,0,0,0.001
"160","366",TRUE,0,0,0.002
"165","366",TRUE,0,0,0
"200","366",TRUE,0,0,0.001
"205","366",TRUE,0,0,0.002
"210","366",TRUE,0,0,0
"211","366",TRUE,1,1,0.971
"212","366",TRUE,0,0,0
"220","366",TRUE,1,1,0.977
"225","366",TRUE,0,0,0.009
"230","366",TRUE,0,0,0.002
"235","366",TRUE,0,0,0.001
"255","366",TRUE,0,0,0.004
"260","366",FALSE,NA,NA,0
"290","366",TRUE,0,0,0.001
"305","366",TRUE,0,0,0.012
"310","366",TRUE,0,0,0
"316","366",TRUE,1,1,0.995
"317","366",TRUE,1,1,0.994
"325","366",TRUE,1,1,0.999
"338","366",TRUE,0,0,0
"339","366",TRUE,0,0,0.002
"343","366",TRUE,0,0,0.002
"344","366",TRUE,0,0,0.004
"345","366",TRUE,0,0,0.019
"346","366",TRUE,0,0,0.001
"349","366",TRUE,1,1,0.995
"350","366",TRUE,0,0,0
"352","366",TRUE,0,0,0
"355","366",TRUE,1,0,0.99
"359","366",TRUE,0,0,0.007
"360","366",TRUE,0,0,0.002
"365","366",TRUE,0,0,0.094
"2","367",TRUE,0,0,0.007
"20","367",TRUE,0,0,0
"31","367",TRUE,0,0,0
"41","367",TRUE,0,0,0
"42","367",TRUE,0,0,0
"51","367",TRUE,0,0,0
"52","367",TRUE,0,0,0
"53","367",TRUE,0,0,0
"70","367",TRUE,0,0,0
"80","367",TRUE,0,0,0.001
"90","367",TRUE,0,0,0
"91","367",TRUE,0,0,0.001
"92","367",TRUE,0,0,0
"93","367",TRUE,0,0,0
"94","367",TRUE,0,0,0
"95","367",TRUE,0,0,0.001
"100","367",TRUE,0,0,0
"101","367",TRUE,0,0,0
"115","367",TRUE,0,0,0
"130","367",TRUE,0,0,0
"135","367",TRUE,0,0,0
"140","367",TRUE,0,0,0.001
"145","367",TRUE,0,0,0
"150","367",TRUE,0,0,0
"155","367",TRUE,0,0,0
"160","367",TRUE,0,0,0
"165","367",TRUE,0,0,0.001
"200","367",TRUE,0,0,0.004
"205","367",TRUE,0,0,0
"210","367",TRUE,0,0,0
"211","367",TRUE,0,0,0.002
"212","367",TRUE,0,0,0
"220","367",TRUE,0,0,0.008
"225","367",TRUE,0,0,0.019
"230","367",TRUE,0,0,0.006
"235","367",TRUE,0,0,0
"255","367",TRUE,0,0,0.021
"260","367",FALSE,NA,NA,0
"290","367",TRUE,1,1,0.999
"305","367",TRUE,0,0,0.029
"310","367",TRUE,0,0,0.004
"316","367",TRUE,1,1,0.999
"317","367",TRUE,1,0,0.999
"325","367",TRUE,0,0,0.006
"338","367",TRUE,0,0,0.001
"339","367",TRUE,1,1,1
"343","367",TRUE,0,0,0.008
"344","367",TRUE,1,1,1
"345","367",TRUE,0,0,0.071
"346","367",TRUE,0,0,0.022
"349","367",TRUE,1,1,0.995
"350","367",TRUE,1,1,0.99
"352","367",TRUE,0,0,0.001
"355","367",TRUE,0,0,0
"359","367",TRUE,1,1,1
"360","367",TRUE,1,1,0.998
"365","367",TRUE,0,0,0.225
"366","367",TRUE,0,0,0.002
"2","368",TRUE,0,0,0.001
"20","368",TRUE,0,0,0.001
"31","368",TRUE,0,0,0
"41","368",TRUE,0,0,0
"42","368",TRUE,0,0,0
"51","368",TRUE,0,0,0
"52","368",TRUE,0,0,0
"53","368",TRUE,0,0,0
"70","368",TRUE,0,0,0
"80","368",TRUE,0,0,0
"90","368",TRUE,0,0,0
"91","368",TRUE,0,0,0.001
"92","368",TRUE,0,0,0.001
"93","368",TRUE,0,0,0.001
"94","368",TRUE,0,0,0
"95","368",TRUE,0,0,0
"100","368",TRUE,0,0,0
"101","368",TRUE,0,0,0
"115","368",TRUE,0,0,0
"130","368",TRUE,0,0,0
"135","368",TRUE,0,0,0
"140","368",TRUE,0,0,0.005
"145","368",TRUE,0,0,0.001
"150","368",TRUE,0,0,0
"155","368",TRUE,0,0,0.003
"160","368",TRUE,0,0,0.007
"165","368",TRUE,0,0,0
"200","368",TRUE,1,1,0.993
"205","368",TRUE,0,0,0.003
"210","368",TRUE,0,0,0
"211","368",TRUE,0,0,0.001
"212","368",TRUE,1,1,0.754
"220","368",TRUE,0,0,0.004
"225","368",TRUE,0,0,0.026
"230","368",TRUE,1,1,0.997
"235","368",TRUE,1,1,0.985
"255","368",TRUE,1,1,0.997
"260","368",FALSE,NA,NA,0
"290","368",TRUE,1,1,1
"305","368",TRUE,0,0,0.018
"310","368",TRUE,0,0,0.001
"316","368",TRUE,1,1,1
"317","368",TRUE,1,1,1
"325","368",TRUE,1,1,1
"338","368",TRUE,0,0,0.001
"339","368",TRUE,1,1,1
"343","368",TRUE,0,0,0.013
"344","368",TRUE,0,0,0.037
"345","368",TRUE,0,0,0.057
"346","368",TRUE,0,0,0.008
"349","368",TRUE,1,1,0.998
"350","368",TRUE,0,0,0.003
"352","368",TRUE,0,0,0.002
"355","368",TRUE,1,0,0.997
"359","368",TRUE,1,1,1
"360","368",TRUE,1,1,0.999
"365","368",TRUE,0,0,0.185
"366","368",TRUE,0,0,0
"367","368",TRUE,0,0,0.007
"2","369",TRUE,0,0,0.093
"20","369",TRUE,0,0,0.008
"31","369",TRUE,0,0,0.008
"41","369",TRUE,0,0,0.006
"42","369",TRUE,0,0,0.004
"51","369",TRUE,0,0,0.004
"52","369",TRUE,0,0,0.007
"53","369",TRUE,0,0,0.004
"70","369",TRUE,0,0,0.007
"80","369",TRUE,0,0,0.009
"90","369",TRUE,0,0,0.004
"91","369",TRUE,0,0,0.016
"92","369",TRUE,0,0,0.001
"93","369",TRUE,0,0,0.002
"94","369",TRUE,0,0,0.003
"95","369",TRUE,0,0,0.012
"100","369",TRUE,0,0,0.026
"101","369",TRUE,0,0,0.013
"115","369",TRUE,0,0,0.004
"130","369",TRUE,0,0,0.007
"135","369",TRUE,0,0,0.032
"140","369",TRUE,0,0,0.052
"145","369",TRUE,0,0,0.002
"150","369",TRUE,0,0,0.004
"155","369",TRUE,0,0,0.027
"160","369",TRUE,1,1,0.998
"165","369",TRUE,0,0,0.004
"200","369",TRUE,1,1,1
"205","369",TRUE,0,0,0.05
"210","369",TRUE,0,0,0.328
"211","369",TRUE,0,0,0.21
"212","369",TRUE,0,0,0.126
"220","369",TRUE,1,1,1
"225","369",TRUE,1,1,1
"230","369",TRUE,0,0,0.251
"235","369",TRUE,0,0,0.208
"255","369",TRUE,1,1,1
"260","369",FALSE,NA,NA,0
"290","369",TRUE,1,1,1
"305","369",TRUE,1,1,1
"310","369",TRUE,1,1,1
"316","369",TRUE,1,1,1
"317","369",TRUE,1,1,1
"325","369",TRUE,1,1,1
"338","369",TRUE,0,0,0.042
"339","369",TRUE,1,1,1
"343","369",TRUE,1,1,1
"344","369",TRUE,1,1,1
"345","369",TRUE,1,1,1
"346","369",TRUE,0,1,0.083
"349","369",TRUE,0,1,0.275
"350","369",TRUE,1,1,1
"352","369",TRUE,0,0,0.164
"355","369",TRUE,1,1,1
"359","369",TRUE,1,1,1
"360","369",TRUE,1,1,1
"365","369",TRUE,1,1,1
"366","369",TRUE,1,1,1
"367","369",TRUE,1,1,1
"368","369",TRUE,1,1,1
"2","370",TRUE,0,0,0.005
"20","370",TRUE,0,0,0
"31","370",TRUE,0,0,0.001
"41","370",TRUE,0,0,0
"42","370",TRUE,0,0,0
"51","370",TRUE,0,0,0
"52","370",TRUE,0,0,0
"53","370",TRUE,0,0,0
"70","370",TRUE,0,0,0
"80","370",TRUE,0,0,0
"90","370",TRUE,0,0,0
"91","370",TRUE,0,0,0
"92","370",TRUE,0,0,0
"93","370",TRUE,0,0,0
"94","370",TRUE,0,0,0
"95","370",TRUE,0,0,0.001
"100","370",TRUE,0,0,0.001
"101","370",TRUE,0,0,0
"115","370",TRUE,0,0,0.001
"130","370",TRUE,0,0,0
"135","370",TRUE,0,0,0
"140","370",TRUE,0,0,0
"145","370",TRUE,0,0,0
"150","370",TRUE,0,0,0
"155","370",TRUE,0,0,0.002
"160","370",TRUE,0,0,0
"165","370",TRUE,0,0,0
"200","370",TRUE,0,0,0.045
"205","370",TRUE,0,0,0
"210","370",TRUE,0,0,0.008
"211","370",TRUE,0,0,0.006
"212","370",TRUE,0,0,0.001
"220","370",TRUE,0,1,0.058
"225","370",TRUE,0,0,0.003
"230","370",TRUE,0,0,0.007
"235","370",TRUE,0,0,0.002
"255","370",TRUE,0,0,0.108
"260","370",FALSE,NA,NA,0
"290","370",TRUE,0,0,0.123
"305","370",TRUE,0,0,0.001
"310","370",TRUE,0,0,0.021
"316","370",TRUE,1,0,1
"317","370",TRUE,0,0,0.02
"325","370",TRUE,0,0,0.06
"338","370",TRUE,0,0,0.001
"339","370",TRUE,0,0,0.004
"343","370",TRUE,0,0,0.003
"344","370",TRUE,0,0,0.001
"345","370",TRUE,0,0,0.005
"346","370",TRUE,0,0,0
"349","370",TRUE,0,0,0.004
"350","370",TRUE,0,0,0.008
"352","370",TRUE,0,0,0.004
"355","370",TRUE,0,0,0.014
"359","370",TRUE,0,0,0.006
"360","370",TRUE,0,0,0.022
"365","370",TRUE,1,1,1
"366","370",TRUE,0,0,0.006
"367","370",TRUE,0,0,0.03
"368","370",TRUE,0,0,0.057
"369","370",TRUE,1,1,1
"2","371",TRUE,1,1,0.989
"20","371",TRUE,0,0,0
"31","371",TRUE,0,0,0
"41","371",TRUE,0,0,0
"42","371",TRUE,0,0,0
"51","371",TRUE,0,0,0
"52","371",TRUE,0,0,0
"53","371",TRUE,0,0,0
"70","371",TRUE,0,0,0
"80","371",TRUE,0,0,0
"90","371",TRUE,0,0,0
"91","371",TRUE,0,0,0
"92","371",TRUE,0,0,0
"93","371",TRUE,0,0,0
"94","371",TRUE,0,0,0
"95","371",TRUE,0,0,0
"100","371",TRUE,0,0,0
"101","371",TRUE,0,0,0
"115","371",TRUE,0,0,0
"130","371",TRUE,0,0,0
"135","371",TRUE,0,0,0
"140","371",TRUE,0,0,0.001
"145","371",TRUE,0,0,0
"150","371",TRUE,0,0,0
"155","371",TRUE,0,0,0.001
"160","371",TRUE,0,0,0
"165","371",TRUE,0,0,0
"200","371",TRUE,1,1,1
"205","371",TRUE,0,0,0
"210","371",TRUE,0,0,0
"211","371",TRUE,0,0,0
"212","371",TRUE,0,0,0.001
"220","371",TRUE,0,0,0.02
"225","371",TRUE,0,0,0.002
"230","371",TRUE,0,0,0.016
"235","371",TRUE,0,0,0.001
"255","371",TRUE,0,1,0.028
"260","371",FALSE,NA,NA,0
"290","371",TRUE,1,1,1
"305","371",TRUE,0,0,0.001
"310","371",TRUE,0,0,0.005
"316","371",TRUE,0,0,0.015
"317","371",TRUE,0,0,0.006
"325","371",TRUE,0,0,0.063
"338","371",TRUE,0,0,0
"339","371",TRUE,0,0,0.002
"343","371",TRUE,0,0,0
"344","371",TRUE,0,0,0.001
"345","371",TRUE,0,0,0.005
"346","371",TRUE,0,0,0
"349","371",TRUE,0,0,0.002
"350","371",TRUE,0,0,0.022
"352","371",TRUE,1,1,0.985
"355","371",TRUE,0,0,0.009
"359","371",TRUE,0,0,0.004
"360","371",TRUE,0,0,0.016
"365","371",TRUE,1,1,1
"366","371",TRUE,1,1,0.999
"367","371",TRUE,1,1,0.998
"368","371",TRUE,1,1,0.999
"369","371",TRUE,1,1,1
"370","371",TRUE,1,1,1
"2","372",TRUE,0,0,0.005
"20","372",TRUE,0,0,0.002
"31","372",TRUE,0,0,0
"41","372",TRUE,0,0,0
"42","372",TRUE,0,0,0.001
"51","372",TRUE,0,0,0
"52","372",TRUE,0,0,0
"53","372",TRUE,0,0,0
"70","372",TRUE,0,0,0
"80","372",TRUE,0,0,0
"90","372",TRUE,0,0,0
"91","372",TRUE,0,0,0
"92","372",TRUE,0,0,0
"93","372",TRUE,0,0,0
"94","372",TRUE,0,0,0.001
"95","372",TRUE,0,0,0
"100","372",TRUE,0,0,0
"101","372",TRUE,0,0,0
"115","372",TRUE,0,0,0
"130","372",TRUE,0,0,0.001
"135","372",TRUE,0,0,0
"140","372",TRUE,0,0,0
"145","372",TRUE,0,0,0
"150","372",TRUE,0,0,0
"155","372",TRUE,0,0,0
"160","372",TRUE,0,0,0
"165","372",TRUE,0,0,0.001
"200","372",TRUE,0,0,0.05
"205","372",TRUE,0,0,0.002
"210","372",TRUE,0,0,0.003
"211","372",TRUE,0,0,0.002
"212","372",TRUE,0,0,0
"220","372",TRUE,0,0,0.051
"225","372",TRUE,0,0,0.009
"230","372",TRUE,0,0,0.034
"235","372",TRUE,0,0,0.011
"255","372",TRUE,0,0,0.083
"260","372",FALSE,NA,NA,0
"290","372",TRUE,1,1,1
"305","372",TRUE,0,0,0.003
"310","372",TRUE,0,0,0.018
"316","372",TRUE,1,1,1
"317","372",TRUE,0,0,0.02
"325","372",TRUE,1,1,1
"338","372",TRUE,0,0,0.001
"339","372",TRUE,0,0,0.009
"343","372",TRUE,0,0,0.005
"344","372",TRUE,0,0,0.005
"345","372",TRUE,0,0,0.008
"346","372",TRUE,0,0,0.002
"349","372",TRUE,0,0,0.007
"350","372",TRUE,0,0,0.032
"352","372",TRUE,0,0,0.01
"355","372",TRUE,1,1,1
"359","372",TRUE,0,0,0.009
"360","372",TRUE,1,1,0.999
"365","372",TRUE,1,1,1
"366","372",TRUE,1,1,0.999
"367","372",TRUE,1,1,1
"368","372",TRUE,1,1,1
"369","372",TRUE,1,1,1
"370","372",TRUE,0,0,0.006
"371","372",TRUE,1,1,1
"2","373",TRUE,0,0,0.007
"20","373",TRUE,0,0,0
"31","373",TRUE,0,0,0
"41","373",TRUE,0,0,0.001
"42","373",TRUE,0,0,0
"51","373",TRUE,0,0,0
"52","373",TRUE,0,0,0
"53","373",TRUE,0,0,0
"70","373",TRUE,0,0,0
"80","373",TRUE,0,0,0
"90","373",TRUE,0,0,0
"91","373",TRUE,0,0,0
"92","373",TRUE,0,0,0
"93","373",TRUE,0,0,0
"94","373",TRUE,0,0,0
"95","373",TRUE,0,0,0
"100","373",TRUE,0,0,0
"101","373",TRUE,0,0,0
"115","373",TRUE,0,0,0
"130","373",TRUE,0,0,0.001
"135","373",TRUE,0,0,0
"140","373",TRUE,0,0,0
"145","373",TRUE,0,0,0
"150","373",TRUE,0,0,0
"155","373",TRUE,0,0,0.001
"160","373",TRUE,0,0,0.001
"165","373",TRUE,0,0,0
"200","373",TRUE,1,1,0.999
"205","373",TRUE,0,0,0
"210","373",TRUE,0,0,0
"211","373",TRUE,0,0,0.001
"212","373",TRUE,0,0,0.001
"220","373",TRUE,0,0,0.028
"225","373",TRUE,0,0,0.005
"230","373",TRUE,0,0,0.028
"235","373",TRUE,0,0,0.002
"255","373",TRUE,1,1,0.999
"260","373",FALSE,NA,NA,0
"290","373",TRUE,1,1,1
"305","373",TRUE,0,0,0.001
"310","373",TRUE,0,0,0.005
"316","373",TRUE,0,0,0.014
"317","373",TRUE,0,0,0.011
"325","373",TRUE,0,0,0.082
"338","373",TRUE,0,0,0.001
"339","373",TRUE,0,0,0.003
"343","373",TRUE,0,0,0.001
"344","373",TRUE,0,0,0.002
"345","373",TRUE,0,0,0.012
"346","373",TRUE,0,0,0
"349","373",TRUE,0,0,0.005
"350","373",TRUE,0,0,0.031
"352","373",TRUE,0,0,0
"355","373",TRUE,1,1,1
"359","373",TRUE,0,0,0.003
"360","373",TRUE,1,1,1
"365","373",TRUE,1,1,1
"366","373",TRUE,0,0,0
"367","373",TRUE,1,1,1
"368","373",TRUE,1,1,0.999
"369","373",TRUE,1,1,1
"370","373",TRUE,1,1,1
"371","373",TRUE,0,0,0.012
"372","373",TRUE,1,1,1
"2","375",TRUE,1,1,0.999
"20","375",TRUE,0,0,0
"31","375",TRUE,0,0,0.005
"41","375",TRUE,0,0,0
"42","375",TRUE,0,0,0
"51","375",TRUE,0,0,0
"52","375",TRUE,0,0,0.002
"53","375",TRUE,0,0,0
"70","375",TRUE,0,0,0.001
"80","375",TRUE,0,0,0.001
"90","375",TRUE,0,0,0
"91","375",TRUE,0,0,0
"92","375",TRUE,0,0,0
"93","375",TRUE,0,0,0
"94","375",TRUE,0,0,0
"95","375",TRUE,0,0,0
"100","375",TRUE,0,0,0
"101","375",TRUE,0,0,0
"115","375",TRUE,0,0,0
"130","375",TRUE,0,0,0.001
"135","375",TRUE,0,0,0
"140","375",TRUE,0,0,0.003
"145","375",TRUE,0,0,0
"150","375",TRUE,0,0,0.001
"155","375",TRUE,0,0,0.002
"160","375",TRUE,0,0,0.001
"165","375",TRUE,0,0,0
"200","375",TRUE,0,0,0.114
"205","375",TRUE,0,0,0.004
"210","375",TRUE,0,0,0.015
"211","375",TRUE,0,0,0.01
"212","375",TRUE,0,0,0.025
"220","375",TRUE,0,0,0.086
"225","375",TRUE,1,1,1
"230","375",TRUE,0,0,0.07
"235","375",TRUE,0,0,0.016
"255","375",TRUE,1,1,1
"260","375",FALSE,NA,NA,0
"290","375",TRUE,1,1,1
"305","375",TRUE,0,0,0.004
"310","375",TRUE,1,1,0.999
"316","375",TRUE,0,0,0.094
"317","375",TRUE,1,1,1
"325","375",TRUE,1,1,1
"338","375",TRUE,0,0,0.002
"339","375",TRUE,0,0,0.013
"343","375",TRUE,0,0,0.005
"344","375",TRUE,0,0,0.01
"345","375",TRUE,0,0,0.028
"346","375",TRUE,0,0,0
"349","375",TRUE,0,0,0.028
"350","375",TRUE,1,1,1
"352","375",TRUE,0,0,0
"355","375",TRUE,1,1,1
"359","375",TRUE,0,0,0.024
"360","375",TRUE,0,0,0.066
"365","375",TRUE,0,0,0.074
"366","375",TRUE,0,0,0.246
"367","375",TRUE,1,1,1
"368","375",TRUE,1,1,1
"369","375",TRUE,1,1,1
"370","375",TRUE,0,0,0.004
"371","375",TRUE,0,0,0.007
"372","375",TRUE,0,0,0.011
"373","375",TRUE,0,0,0.01
"2","380",TRUE,1,1,1
"20","380",TRUE,1,1,0.985
"31","380",TRUE,0,0,0.002
"41","380",TRUE,0,0,0.001
"42","380",TRUE,0,0,0.002
"51","380",TRUE,0,0,0.001
"52","380",TRUE,0,0,0.001
"53","380",TRUE,0,0,0.002
"70","380",TRUE,0,0,0.001
"80","380",TRUE,0,0,0
"90","380",TRUE,0,0,0.005
"91","380",TRUE,0,0,0.001
"92","380",TRUE,0,0,0
"93","380",TRUE,0,0,0.003
"94","380",TRUE,0,0,0
"95","380",TRUE,0,0,0.001
"100","380",TRUE,0,0,0.005
"101","380",TRUE,0,0,0.002
"115","380",TRUE,0,0,0.001
"130","380",TRUE,0,0,0.002
"135","380",TRUE,0,0,0.003
"140","380",TRUE,1,1,0.983
"145","380",TRUE,0,0,0
"150","380",TRUE,0,0,0.001
"155","380",TRUE,0,0,0.003
"160","380",TRUE,0,0,0.002
"165","380",TRUE,0,0,0.001
"200","380",TRUE,1,1,1
"205","380",TRUE,0,0,0.008
"210","380",TRUE,0,0,0.054
"211","380",TRUE,0,0,0.029
"212","380",TRUE,0,0,0.001
"220","380",TRUE,1,1,1
"225","380",TRUE,1,1,1
"230","380",TRUE,1,1,1
"235","380",TRUE,0,0,0.023
"255","380",TRUE,1,1,1
"260","380",FALSE,NA,NA,0
"290","380",TRUE,0,0,0.192
"305","380",TRUE,0,0,0.001
"310","380",TRUE,1,1,0.998
"316","380",TRUE,0,0,0.124
"317","380",TRUE,0,0,0.072
"325","380",TRUE,1,1,1
"338","380",TRUE,0,0,0.002
"339","380",TRUE,0,0,0.013
"343","380",TRUE,0,0,0.003
"344","380",TRUE,0,1,0.01
"345","380",TRUE,0,0,0.014
"346","380",TRUE,0,0,0.003
"349","380",TRUE,0,0,0.045
"350","380",TRUE,0,0,0.061
"352","380",TRUE,0,0,0.003
"355","380",TRUE,1,1,1
"359","380",TRUE,0,0,0.034
"360","380",TRUE,0,0,0.051
"365","380",TRUE,0,0,0.06
"366","380",TRUE,0,0,0.068
"367","380",TRUE,0,0,0.022
"368","380",TRUE,0,0,0.096
"369","380",TRUE,0,0,0.213
"370","380",TRUE,0,0,0.002
"371","380",TRUE,0,0,0.002
"372","380",TRUE,0,0,0.011
"373","380",TRUE,0,0,0.013
"375","380",TRUE,0,0,0.088
"2","385",TRUE,0,0,0
"20","385",TRUE,0,0,0
"31","385",TRUE,0,0,0
"41","385",TRUE,0,0,0
"42","385",TRUE,0,0,0.001
"51","385",TRUE,0,0,0
"52","385",TRUE,0,0,0
"53","385",TRUE,0,0,0
"70","385",TRUE,0,0,0
"80","385",TRUE,0,0,0
"90","385",TRUE,0,0,0
"91","385",TRUE,0,0,0
"92","385",TRUE,0,0,0
"93","385",TRUE,0,0,0
"94","385",TRUE,0,0,0
"95","385",TRUE,0,0,0
"100","385",TRUE,0,0,0.001
"101","385",TRUE,0,0,0
"115","385",TRUE,0,0,0
"130","385",TRUE,0,0,0
"135","385",TRUE,0,0,0
"140","385",TRUE,0,0,0
"145","385",TRUE,0,0,0.001
"150","385",TRUE,0,0,0
"155","385",TRUE,0,0,0
"160","385",TRUE,0,0,0
"165","385",TRUE,0,0,0
"200","385",TRUE,0,0,0.01
"205","385",TRUE,0,0,0.005
"210","385",TRUE,0,0,0.001
"211","385",TRUE,0,0,0.001
"212","385",TRUE,0,0,0
"220","385",TRUE,0,0,0.009
"225","385",TRUE,1,1,0.997
"230","385",TRUE,1,1,0.975
"235","385",TRUE,0,0,0
"255","385",TRUE,0,0,0.005
"260","385",FALSE,NA,NA,0
"290","385",TRUE,0,0,0.005
"305","385",TRUE,0,0,0.026
"310","385",TRUE,0,0,0.001
"316","385",TRUE,1,1,0.996
"317","385",TRUE,0,0,0.001
"325","385",TRUE,0,0,0.004
"338","385",TRUE,0,0,0.004
"339","385",TRUE,0,0,0.01
"343","385",TRUE,0,0,0.003
"344","385",TRUE,0,0,0.018
"345","385",TRUE,1,1,1
"346","385",TRUE,0,0,0.009
"349","385",TRUE,1,1,0.97
"350","385",TRUE,0,0,0
"352","385",TRUE,0,0,0
"355","385",TRUE,0,0,0
"359","385",TRUE,0,0,0.004
"360","385",TRUE,0,0,0.002
"365","385",TRUE,0,0,0.078
"366","385",TRUE,0,0,0
"367","385",TRUE,0,0,0
"368","385",TRUE,0,0,0.002
"369","385",TRUE,0,0,0.279
"370","385",TRUE,0,0,0.007
"371","385",TRUE,0,0,0.001
"372","385",TRUE,0,0,0.002
"373","385",TRUE,0,0,0
"375","385",TRUE,0,0,0.023
"380","385",TRUE,0,0,0.073
"2","390",TRUE,1,1,0.678
"20","390",TRUE,0,0,0
"31","390",TRUE,0,0,0
"41","390",TRUE,0,0,0
"42","390",TRUE,0,0,0
"51","390",TRUE,0,0,0
"52","390",TRUE,0,0,0.001
"53","390",TRUE,0,0,0
"70","390",TRUE,0,0,0
"80","390",TRUE,0,0,0
"90","390",TRUE,0,0,0.001
"91","390",TRUE,0,0,0
"92","390",TRUE,0,0,0
"93","390",TRUE,0,0,0
"94","390",TRUE,0,0,0
"95","390",TRUE,0,0,0
"100","390",TRUE,0,0,0
"101","390",TRUE,0,0,0
"115","390",TRUE,0,0,0
"130","390",TRUE,0,0,0
"135","390",TRUE,0,0,0
"140","390",TRUE,0,0,0.001
"145","390",TRUE,0,0,0
"150","390",TRUE,0,0,0.001
"155","390",TRUE,0,0,0
"160","390",TRUE,0,0,0
"165","390",TRUE,0,0,0
"200","390",TRUE,0,0,0.002
"205","390",TRUE,0,0,0.003
"210","390",TRUE,0,0,0
"211","390",TRUE,0,0,0
"212","390",TRUE,0,0,0
"220","390",TRUE,0,0,0
"225","390",TRUE,0,1,0.001
"230","390",TRUE,0,0,0
"235","390",TRUE,0,0,0
"255","390",TRUE,0,0,0.002
"260","390",FALSE,NA,NA,0
"290","390",TRUE,0,0,0.005
"305","390",TRUE,0,0,0.002
"310","390",TRUE,0,0,0
"316","390",TRUE,0,0,0.003
"317","390",TRUE,0,0,0
"325","390",TRUE,0,0,0.001
"338","390",TRUE,0,0,0.001
"339","390",TRUE,0,0,0.009
"343","390",TRUE,0,0,0.005
"344","390",TRUE,1,1,1
"345","390",TRUE,0,0,0
"346","390",TRUE,0,0,0.001
"349","390",TRUE,0,0,0
"350","390",TRUE,0,0,0.002
"352","390",TRUE,0,0,0.001
"355","390",TRUE,0,0,0
"359","390",TRUE,0,0,0.012
"360","390",TRUE,0,0,0
"365","390",TRUE,1,1,1
"366","390",TRUE,1,1,0.619
"367","390",TRUE,1,1,0.977
"368","390",TRUE,1,1,0.832
"369","390",TRUE,0,0,0.092
"370","390",TRUE,0,0,0
"371","390",TRUE,0,0,0
"372","390",TRUE,0,0,0.007
"373","390",TRUE,0,0,0.001
"375","390",TRUE,0,0,0.019
"380","390",TRUE,0,0,0.001
"385","390",TRUE,0,0,0
"2","395",TRUE,0,0,0.001
"20","395",TRUE,0,0,0.001
"31","395",TRUE,0,0,0
"41","395",TRUE,0,0,0
"42","395",TRUE,0,0,0
"51","395",TRUE,0,0,0
"52","395",TRUE,0,0,0
"53","395",TRUE,0,0,0
"70","395",TRUE,0,0,0.001
"80","395",TRUE,0,0,0
"90","395",TRUE,0,0,0
"91","395",TRUE,0,0,0
"92","395",TRUE,0,0,0
"93","395",TRUE,0,0,0
"94","395",TRUE,0,0,0
"95","395",TRUE,0,0,0
"100","395",TRUE,0,0,0
"101","395",TRUE,0,0,0
"115","395",TRUE,0,0,0
"130","395",TRUE,0,0,0
"135","395",TRUE,0,0,0
"140","395",TRUE,0,0,0.001
"145","395",TRUE,0,0,0
"150","395",TRUE,0,0,0
"155","395",TRUE,0,0,0
"160","395",TRUE,0,0,0
"165","395",TRUE,0,0,0
"200","395",TRUE,0,0,0.003
"205","395",TRUE,0,0,0.006
"210","395",TRUE,0,0,0
"211","395",TRUE,0,0,0
"212","395",TRUE,0,0,0
"220","395",TRUE,0,0,0
"225","395",TRUE,0,0,0.007
"230","395",TRUE,0,0,0.001
"235","395",TRUE,0,0,0
"255","395",TRUE,0,0,0.002
"260","395",FALSE,NA,NA,0
"290","395",TRUE,0,0,0.002
"305","395",TRUE,0,0,0.013
"310","395",TRUE,0,0,0
"316","395",TRUE,0,0,0
"317","395",TRUE,0,0,0
"325","395",TRUE,0,0,0
"338","395",TRUE,0,0,0
"339","395",TRUE,0,0,0.005
"343","395",TRUE,0,0,0.001
"344","395",TRUE,0,0,0.005
"345","395",TRUE,0,0,0.009
"346","395",TRUE,0,0,0.002
"349","395",TRUE,0,0,0
"350","395",TRUE,0,0,0
"352","395",TRUE,0,0,0
"355","395",TRUE,0,0,0
"359","395",TRUE,0,0,0.001
"360","395",TRUE,0,0,0
"365","395",TRUE,0,0,0.017
"366","395",TRUE,0,0,0.001
"367","395",TRUE,0,0,0
"368","395",TRUE,0,0,0
"369","395",TRUE,0,0,0.114
"370","395",TRUE,0,0,0.001
"371","395",TRUE,0,0,0
"372","395",TRUE,0,0,0.003
"373","395",TRUE,0,0,0
"375","395",TRUE,0,0,0.013
"380","395",TRUE,0,0,0.016
"385","395",TRUE,0,0,0
"390","395",TRUE,0,0,0
"2","402",TRUE,0,0,0.007
"20","402",TRUE,0,0,0
"31","402",TRUE,0,0,0
"41","402",TRUE,0,0,0
"42","402",TRUE,0,0,0.001
"51","402",TRUE,0,0,0
"52","402",TRUE,0,0,0.001
"53","402",TRUE,0,0,0
"70","402",TRUE,0,0,0.006
"80","402",TRUE,0,0,0
"90","402",TRUE,0,0,0
"91","402",TRUE,0,0,0
"92","402",TRUE,0,0,0
"93","402",TRUE,0,0,0.001
"94","402",TRUE,0,0,0
"95","402",TRUE,0,0,0
"100","402",TRUE,0,0,0.005
"101","402",TRUE,0,0,0
"115","402",TRUE,0,0,0
"130","402",TRUE,0,0,0.002
"135","402",TRUE,0,0,0.001
"140","402",TRUE,0,0,0.013
"145","402",TRUE,0,0,0
"150","402",TRUE,0,0,0
"155","402",TRUE,0,0,0.001
"160","402",TRUE,0,0,0.001
"165","402",TRUE,0,0,0.001
"200","402",TRUE,0,0,0.003
"205","402",TRUE,0,0,0
"210","402",TRUE,0,0,0.001
"211","402",TRUE,0,0,0
"212","402",TRUE,0,0,0
"220","402",TRUE,0,0,0.005
"225","402",TRUE,0,0,0.001
"230","402",TRUE,0,0,0.013
"235","402",TRUE,0,0,0.001
"255","402",TRUE,0,0,0.004
"260","402",FALSE,NA,NA,0
"290","402",TRUE,0,0,0.003
"305","402",TRUE,0,0,0.001
"310","402",TRUE,0,0,0
"316","402",TRUE,0,0,0.004
"317","402",TRUE,0,0,0.001
"325","402",TRUE,0,0,0.026
"338","402",TRUE,0,0,0
"339","402",TRUE,0,0,0
"343","402",TRUE,0,0,0.001
"344","402",TRUE,0,0,0
"345","402",TRUE,0,0,0.002
"346","402",TRUE,0,0,0
"349","402",TRUE,0,0,0
"350","402",TRUE,0,0,0.001
"352","402",TRUE,0,0,0
"355","402",TRUE,0,0,0.004
"359","402",TRUE,0,0,0
"360","402",TRUE,0,0,0
"365","402",TRUE,0,0,0.002
"366","402",TRUE,0,0,0
"367","402",TRUE,0,0,0.001
"368","402",TRUE,0,0,0.001
"369","402",TRUE,0,0,0.008
"370","402",TRUE,0,0,0
"371","402",TRUE,0,0,0
"372","402",TRUE,0,0,0
"373","402",TRUE,0,0,0
"375","402",TRUE,0,0,0.001
"380","402",TRUE,0,0,0
"385","402",TRUE,0,0,0
"390","402",TRUE,0,0,0.001
"395","402",TRUE,0,0,0
"2","404",TRUE,0,0,0.006
"20","404",TRUE,0,0,0.001
"31","404",TRUE,0,0,0
"41","404",TRUE,0,0,0
"42","404",TRUE,0,0,0
"51","404",TRUE,0,0,0
"52","404",TRUE,0,0,0
"53","404",TRUE,0,0,0
"70","404",TRUE,0,0,0.003
"80","404",TRUE,0,0,0
"90","404",TRUE,0,0,0
"91","404",TRUE,0,0,0
"92","404",TRUE,0,0,0
"93","404",TRUE,0,0,0
"94","404",TRUE,0,0,0
"95","404",TRUE,0,0,0
"100","404",TRUE,0,0,0.002
"101","404",TRUE,0,0,0
"115","404",TRUE,0,0,0
"130","404",TRUE,0,0,0
"135","404",TRUE,0,0,0.002
"140","404",TRUE,0,0,0.01
"145","404",TRUE,0,0,0.001
"150","404",TRUE,0,0,0.001
"155","404",TRUE,0,0,0
"160","404",TRUE,0,0,0.002
"165","404",TRUE,0,0,0
"200","404",TRUE,0,0,0.007
"205","404",TRUE,0,0,0.002
"210","404",TRUE,0,0,0.001
"211","404",TRUE,0,0,0
"212","404",TRUE,0,0,0
"220","404",TRUE,0,0,0.003
"225","404",TRUE,0,0,0.001
"230","404",TRUE,0,0,0.008
"235","404",TRUE,0,0,0.001
"255","404",TRUE,0,0,0.003
"260","404",FALSE,NA,NA,0
"290","404",TRUE,0,0,0.006
"305","404",TRUE,0,0,0
"310","404",TRUE,0,0,0.001
"316","404",TRUE,0,0,0.002
"317","404",TRUE,0,0,0
"325","404",TRUE,0,0,0.014
"338","404",TRUE,0,0,0
"339","404",TRUE,0,0,0
"343","404",TRUE,0,0,0
"344","404",TRUE,0,0,0
"345","404",TRUE,0,0,0
"346","404",TRUE,0,0,0
"349","404",TRUE,0,0,0
"350","404",TRUE,0,0,0.001
"352","404",TRUE,0,0,0
"355","404",TRUE,0,0,0.001
"359","404",TRUE,0,0,0
"360","404",TRUE,0,0,0.001
"365","404",TRUE,0,0,0.009
"366","404",TRUE,0,0,0
"367","404",TRUE,0,0,0.001
"368","404",TRUE,0,0,0
"369","404",TRUE,0,0,0.007
"370","404",TRUE,0,0,0
"371","404",TRUE,0,0,0
"372","404",TRUE,0,0,0
"373","404",TRUE,0,0,0
"375","404",TRUE,0,0,0.002
"380","404",TRUE,0,0,0.003
"385","404",TRUE,0,0,0
"390","404",TRUE,0,0,0
"395","404",TRUE,0,0,0
"402","404",TRUE,0,0,0
"2","411",TRUE,0,0,0.011
"20","411",TRUE,0,0,0.008
"31","411",TRUE,0,0,0
"41","411",TRUE,0,0,0
"42","411",TRUE,0,0,0
"51","411",TRUE,0,0,0
"52","411",TRUE,0,0,0
"53","411",TRUE,0,0,0
"70","411",TRUE,0,0,0
"80","411",TRUE,0,0,0
"90","411",TRUE,0,0,0
"91","411",TRUE,0,0,0
"92","411",TRUE,0,0,0
"93","411",TRUE,0,0,0
"94","411",TRUE,0,0,0
"95","411",TRUE,0,0,0
"100","411",TRUE,0,0,0
"101","411",TRUE,0,0,0
"115","411",TRUE,0,0,0
"130","411",TRUE,0,0,0
"135","411",TRUE,0,0,0
"140","411",TRUE,0,0,0.013
"145","411",TRUE,0,0,0.001
"150","411",TRUE,0,0,0
"155","411",TRUE,0,0,0
"160","411",TRUE,0,0,0.002
"165","411",TRUE,0,0,0.002
"200","411",TRUE,0,0,0.005
"205","411",TRUE,0,0,0
"210","411",TRUE,0,0,0.001
"211","411",TRUE,0,0,0.001
"212","411",TRUE,0,0,0
"220","411",TRUE,0,0,0.005
"225","411",TRUE,0,0,0
"230","411",TRUE,0,0,0.01
"235","411",TRUE,0,0,0.001
"255","411",TRUE,0,0,0.007
"260","411",FALSE,NA,NA,0
"290","411",TRUE,0,0,0.004
"305","411",TRUE,0,0,0.001
"310","411",TRUE,0,0,0.001
"316","411",TRUE,0,0,0.003
"317","411",TRUE,0,0,0.002
"325","411",TRUE,0,0,0.025
"338","411",TRUE,0,0,0
"339","411",TRUE,0,0,0
"343","411",TRUE,0,0,0
"344","411",TRUE,0,0,0
"345","411",TRUE,0,0,0.002
"346","411",TRUE,0,0,0.001
"349","411",TRUE,0,0,0.002
"350","411",TRUE,0,0,0.002
"352","411",TRUE,0,0,0
"355","411",TRUE,0,0,0.001
"359","411",TRUE,0,0,0
"360","411",TRUE,0,0,0.002
"365","411",TRUE,0,0,0.005
"366","411",TRUE,0,0,0.001
"367","411",TRUE,0,0,0
"368","411",TRUE,0,0,0
"369","411",TRUE,0,0,0.013
"370","411",TRUE,0,0,0
"371","411",TRUE,0,0,0.001
"372","411",TRUE,0,0,0
"373","411",TRUE,0,0,0
"375","411",TRUE,0,0,0.003
"380","411",TRUE,0,0,0.003
"385","411",TRUE,0,0,0
"390","411",TRUE,0,0,0.001
"395","411",TRUE,0,0,0
"402","411",TRUE,0,0,0
"404","411",TRUE,0,0,0
"2","420",TRUE,0,0,0.019
"20","420",TRUE,0,0,0.001
"31","420",TRUE,0,0,0
"41","420",TRUE,0,0,0
"42","420",TRUE,0,0,0
"51","420",TRUE,0,0,0
"52","420",TRUE,0,0,0
"53","420",TRUE,0,0,0
"70","420",TRUE,0,0,0.001
"80","420",TRUE,0,0,0
"90","420",TRUE,0,0,0
"91","420",TRUE,0,0,0
"92","420",TRUE,0,0,0
"93","420",TRUE,0,0,0
"94","420",TRUE,0,0,0
"95","420",TRUE,0,0,0
"100","420",TRUE,0,0,0.001
"101","420",TRUE,0,0,0
"115","420",TRUE,0,0,0
"130","420",TRUE,0,0,0
"135","420",TRUE,0,0,0
"140","420",TRUE,0,0,0.006
"145","420",TRUE,0,0,0
"150","420",TRUE,0,0,0
"155","420",TRUE,0,0,0
"160","420",TRUE,0,0,0.003
"165","420",TRUE,0,0,0
"200","420",TRUE,0,0,0.005
"205","420",TRUE,0,0,0
"210","420",TRUE,0,0,0.002
"211","420",TRUE,0,0,0.002
"212","420",TRUE,0,0,0
"220","420",TRUE,0,0,0.034
"225","420",TRUE,0,0,0
"230","420",TRUE,0,0,0.004
"235","420",TRUE,0,0,0
"255","420",TRUE,0,0,0.012
"260","420",FALSE,NA,NA,0
"290","420",TRUE,0,0,0.012
"305","420",TRUE,0,0,0.002
"310","420",TRUE,0,0,0
"316","420",TRUE,0,0,0.009
"317","420",TRUE,0,0,0.009
"325","420",TRUE,0,0,0.019
"338","420",TRUE,0,0,0
"339","420",TRUE,0,0,0.002
"343","420",TRUE,0,0,0
"344","420",TRUE,0,0,0.007
"345","420",TRUE,0,0,0.005
"346","420",TRUE,0,0,0
"349","420",TRUE,0,0,0
"350","420",TRUE,0,0,0.003
"352","420",TRUE,0,0,0
"355","420",TRUE,0,0,0.011
"359","420",TRUE,0,0,0
"360","420",TRUE,0,0,0.016
"365","420",TRUE,0,0,0.033
"366","420",TRUE,0,0,0
"367","420",TRUE,0,0,0.002
"368","420",TRUE,0,0,0.002
"369","420",TRUE,1,1,0.946
"370","420",TRUE,0,0,0.003
"371","420",TRUE,0,0,0.001
"372","420",TRUE,0,0,0
"373","420",TRUE,0,0,0.001
"375","420",TRUE,0,0,0.003
"380","420",TRUE,0,0,0.003
"385","420",TRUE,0,0,0.001
"390","420",TRUE,0,0,0
"395","420",TRUE,0,0,0
"402","420",TRUE,0,0,0
"404","420",TRUE,0,0,0
"411","420",TRUE,0,0,0
"2","432",TRUE,0,0,0.005
"20","432",TRUE,0,0,0
"31","432",TRUE,0,0,0.002
"41","432",TRUE,0,0,0
"42","432",TRUE,0,0,0
"51","432",TRUE,0,0,0
"52","432",TRUE,0,0,0
"53","432",TRUE,0,0,0.001
"70","432",TRUE,0,0,0
"80","432",TRUE,0,0,0
"90","432",TRUE,0,0,0
"91","432",TRUE,0,0,0
"92","432",TRUE,0,0,0
"93","432",TRUE,0,0,0
"94","432",TRUE,0,0,0.001
"95","432",TRUE,0,0,0
"100","432",TRUE,0,0,0
"101","432",TRUE,0,0,0
"115","432",TRUE,0,0,0
"130","432",TRUE,0,0,0
"135","432",TRUE,0,0,0
"140","432",TRUE,0,0,0.003
"145","432",TRUE,0,0,0
"150","432",TRUE,0,0,0
"155","432",TRUE,0,0,0.004
"160","432",TRUE,0,0,0
"165","432",TRUE,0,0,0.001
"200","432",TRUE,0,0,0.01
"205","432",TRUE,0,0,0
"210","432",TRUE,0,0,0.001
"211","432",TRUE,0,0,0.003
"212","432",TRUE,0,0,0
"220","432",TRUE,0,0,0.025
"225","432",TRUE,0,0,0
"230","432",TRUE,0,0,0.008
"235","432",TRUE,0,0,0
"255","432",TRUE,0,0,0.017
"260","432",FALSE,NA,NA,0
"290","432",TRUE,0,0,0.019
"305","432",TRUE,0,0,0
"310","432",TRUE,0,0,0
"316","432",TRUE,0,0,0.01
"317","432",TRUE,0,0,0.004
"325","432",TRUE,0,0,0.01
"338","432",TRUE,0,0,0.001
"339","432",TRUE,0,0,0
"343","432",TRUE,0,0,0
"344","432",TRUE,0,0,0
"345","432",TRUE,0,0,0.001
"346","432",TRUE,0,0,0
"349","432",TRUE,0,0,0.001
"350","432",TRUE,0,0,0.001
"352","432",TRUE,0,0,0
"355","432",TRUE,0,0,0.006
"359","432",TRUE,0,0,0
"360","432",TRUE,0,0,0.01
"365","432",TRUE,0,0,0.018
"366","432",TRUE,0,0,0
"367","432",TRUE,0,0,0
"368","432",TRUE,0,0,0
"369","432",TRUE,0,0,0.037
"370","432",TRUE,0,0,0.001
"371","432",TRUE,0,0,0
"372","432",TRUE,0,0,0
"373","432",TRUE,0,0,0
"375","432",TRUE,0,0,0
"380","432",TRUE,0,0,0.003
"385","432",TRUE,0,0,0.001
"390","432",TRUE,0,0,0
"395","432",TRUE,0,0,0
"402","432",TRUE,0,0,0.002
"404","432",TRUE,0,0,0.008
"411","432",TRUE,0,0,0.001
"420","432",TRUE,0,0,0.007
"2","433",TRUE,0,0,0.023
"20","433",TRUE,0,0,0.004
"31","433",TRUE,0,0,0
"41","433",TRUE,0,0,0
"42","433",TRUE,0,0,0
"51","433",TRUE,0,0,0.001
"52","433",TRUE,0,0,0
"53","433",TRUE,0,0,0.002
"70","433",TRUE,0,0,0.002
"80","433",TRUE,0,0,0
"90","433",TRUE,0,0,0
"91","433",TRUE,0,0,0
"92","433",TRUE,0,0,0
"93","433",TRUE,0,0,0
"94","433",TRUE,0,0,0
"95","433",TRUE,0,0,0
"100","433",TRUE,0,0,0.002
"101","433",TRUE,0,0,0
"115","433",TRUE,0,0,0
"130","433",TRUE,0,0,0
"135","433",TRUE,0,0,0.001
"140","433",TRUE,0,0,0.008
"145","433",TRUE,0,0,0
"150","433",TRUE,0,0,0
"155","433",TRUE,0,0,0.003
"160","433",TRUE,0,0,0.003
"165","433",TRUE,0,0,0
"200","433",TRUE,0,0,0.002
"205","433",TRUE,0,0,0
"210","433",TRUE,0,0,0
"211","433",TRUE,0,0,0.003
"212","433",TRUE,0,0,0
"220","433",TRUE,0,0,0.095
"225","433",TRUE,0,0,0
"230","433",TRUE,0,0,0.001
"235","433",TRUE,0,0,0.002
"255","433",TRUE,0,0,0
"260","433",FALSE,NA,NA,0
"290","433",TRUE,0,0,0.005
"305","433",TRUE,0,0,0
"310","433",TRUE,0,0,0.001
"316","433",TRUE,0,0,0.002
"317","433",TRUE,0,0,0.009
"325","433",TRUE,0,0,0.004
"338","433",TRUE,0,0,0
"339","433",TRUE,0,0,0.001
"343","433",TRUE,0,0,0
"344","433",TRUE,0,0,0
"345","433",TRUE,0,0,0.003
"346","433",TRUE,0,0,0
"349","433",TRUE,0,0,0.004
"350","433",TRUE,0,0,0.004
"352","433",TRUE,0,0,0
"355","433",TRUE,0,0,0.001
"359","433",TRUE,0,0,0.001
"360","433",TRUE,1,1,0.867
"365","433",TRUE,0,0,0.015
"366","433",TRUE,0,0,0.001
"367","433",TRUE,0,0,0.001
"368","433",TRUE,0,0,0.001
"369","433",TRUE,0,0,0.049
"370","433",TRUE,0,0,0
"371","433",TRUE,0,0,0
"372","433",TRUE,0,0,0
"373","433",TRUE,0,0,0
"375","433",TRUE,0,0,0
"380","433",TRUE,0,0,0.001
"385","433",TRUE,0,0,0
"390","433",TRUE,0,0,0
"395","433",TRUE,0,0,0
"402","433",TRUE,0,0,0.014
"404","433",TRUE,0,0,0.014
"411","433",TRUE,0,0,0.001
"420","433",TRUE,0,0,0.075
"432","433",TRUE,0,0,0.015
"2","434",TRUE,0,0,0.007
"20","434",TRUE,0,0,0.001
"31","434",TRUE,0,0,0
"41","434",TRUE,0,0,0
"42","434",TRUE,0,0,0
"51","434",TRUE,0,0,0
"52","434",TRUE,0,0,0
"53","434",TRUE,0,0,0
"70","434",TRUE,0,0,0.003
"80","434",TRUE,0,0,0
"90","434",TRUE,0,0,0
"91","434",TRUE,0,0,0
"92","434",TRUE,0,0,0
"93","434",TRUE,0,0,0
"94","434",TRUE,0,0,0
"95","434",TRUE,0,0,0.001
"100","434",TRUE,0,0,0.003
"101","434",TRUE,0,0,0.001
"115","434",TRUE,0,0,0.001
"130","434",TRUE,0,0,0.001
"135","434",TRUE,0,0,0
"140","434",TRUE,0,0,0.009
"145","434",TRUE,0,0,0.001
"150","434",TRUE,0,0,0
"155","434",TRUE,0,0,0
"160","434",TRUE,0,0,0.003
"165","434",TRUE,0,0,0.001
"200","434",TRUE,0,0,0.002
"205","434",TRUE,0,0,0
"210","434",TRUE,0,0,0
"211","434",TRUE,0,0,0.001
"212","434",TRUE,0,0,0.001
"220","434",TRUE,0,0,0.002
"225","434",TRUE,0,0,0
"230","434",TRUE,0,0,0.003
"235","434",TRUE,0,0,0.002
"255","434",TRUE,0,0,0.01
"260","434",FALSE,NA,NA,0
"290","434",TRUE,0,0,0.002
"305","434",TRUE,0,0,0.001
"310","434",TRUE,0,0,0
"316","434",TRUE,0,0,0.001
"317","434",TRUE,0,0,0
"325","434",TRUE,0,0,0.021
"338","434",TRUE,0,0,0
"339","434",TRUE,0,0,0
"343","434",TRUE,0,0,0
"344","434",TRUE,0,0,0
"345","434",TRUE,0,0,0.002
"346","434",TRUE,0,0,0
"349","434",TRUE,0,0,0
"350","434",TRUE,0,0,0
"352","434",TRUE,0,0,0.001
"355","434",TRUE,0,0,0
"359","434",TRUE,0,0,0.001
"360","434",TRUE,0,0,0.003
"365","434",TRUE,0,0,0.004
"366","434",TRUE,0,0,0
"367","434",TRUE,0,0,0
"368","434",TRUE,0,0,0
"369","434",TRUE,0,0,0.01
"370","434",TRUE,0,0,0
"371","434",TRUE,0,0,0
"372","434",TRUE,0,0,0
"373","434",TRUE,0,0,0
"375","434",TRUE,0,0,0.001
"380","434",TRUE,0,0,0
"385","434",TRUE,0,0,0
"390","434",TRUE,0,0,0
"395","434",TRUE,0,0,0
"402","434",TRUE,0,0,0
"404","434",TRUE,0,0,0.002
"411","434",TRUE,0,0,0.001
"420","434",TRUE,0,0,0.001
"432","434",TRUE,0,0,0.003
"433","434",TRUE,0,0,0.007
"2","435",TRUE,0,0,0.008
"20","435",TRUE,0,0,0.001
"31","435",TRUE,0,0,0
"41","435",TRUE,0,0,0
"42","435",TRUE,0,0,0
"51","435",TRUE,0,0,0
"52","435",TRUE,0,0,0
"53","435",TRUE,0,0,0
"70","435",TRUE,0,0,0.006
"80","435",TRUE,0,0,0
"90","435",TRUE,0,0,0.001
"91","435",TRUE,0,0,0
"92","435",TRUE,0,0,0.002
"93","435",TRUE,0,0,0
"94","435",TRUE,0,0,0
"95","435",TRUE,0,0,0
"100","435",TRUE,0,0,0
"101","435",TRUE,0,0,0.001
"115","435",TRUE,0,0,0
"130","435",TRUE,0,0,0
"135","435",TRUE,0,0,0
"140","435",TRUE,0,0,0.013
"145","435",TRUE,0,0,0
"150","435",TRUE,0,0,0
"155","435",TRUE,0,0,0.001
"160","435",TRUE,0,0,0.003
"165","435",TRUE,0,0,0
"200","435",TRUE,0,0,0.004
"205","435",TRUE,0,0,0
"210","435",TRUE,0,0,0
"211","435",TRUE,0,0,0.002
"212","435",TRUE,0,0,0
"220","435",TRUE,0,0,0.007
"225","435",TRUE,0,0,0
"230","435",TRUE,0,0,0.011
"235","435",TRUE,0,0,0.001
"255","435",TRUE,0,0,0.005
"260","435",FALSE,NA,NA,0
"290","435",TRUE,0,0,0.003
"305","435",TRUE,0,0,0
"310","435",TRUE,0,0,0
"316","435",TRUE,0,0,0
"317","435",TRUE,0,0,0.001
"325","435",TRUE,0,0,0.007
"338","435",TRUE,0,0,0
"339","435",TRUE,0,0,0.003
"343","435",TRUE,0,0,0
"344","435",TRUE,0,0,0.001
"345","435",TRUE,0,0,0.001
"346","435",TRUE,0,0,0
"349","435",TRUE,0,0,0
"350","435",TRUE,0,0,0.003
"352","435",TRUE,0,0,0
"355","435",TRUE,0,0,0
"359","435",TRUE,0,0,0
"360","435",TRUE,0,0,0.001
"365","435",TRUE,0,0,0.007
"366","435",TRUE,0,0,0
"367","435",TRUE,0,0,0
"368","435",TRUE,0,0,0.001
"369","435",TRUE,0,0,0.008
"370","435",TRUE,0,0,0.001
"371","435",TRUE,0,0,0
"372","435",TRUE,0,0,0
"373","435",TRUE,0,0,0
"375","435",TRUE,0,0,0
"380","435",TRUE,0,0,0.003
"385","435",TRUE,0,0,0.001
"390","435",TRUE,0,0,0.002
"395","435",TRUE,0,0,0
"402","435",TRUE,0,0,0.001
"404","435",TRUE,0,0,0
"411","435",TRUE,0,0,0
"420","435",TRUE,0,0,0
"432","435",TRUE,0,0,0.003
"433","435",TRUE,0,0,0.012
"434","435",TRUE,0,0,0.003
"2","436",TRUE,0,0,0.006
"20","436",TRUE,0,0,0.001
"31","436",TRUE,0,0,0
"41","436",TRUE,0,0,0
"42","436",TRUE,0,0,0
"51","436",TRUE,0,0,0.001
"52","436",TRUE,0,0,0
"53","436",TRUE,0,0,0
"70","436",TRUE,0,0,0.001
"80","436",TRUE,0,0,0
"90","436",TRUE,0,0,0
"91","436",TRUE,0,0,0
"92","436",TRUE,0,0,0
"93","436",TRUE,0,0,0
"94","436",TRUE,0,0,0
"95","436",TRUE,0,0,0
"100","436",TRUE,0,0,0.002
"101","436",TRUE,0,0,0
"115","436",TRUE,0,0,0
"130","436",TRUE,0,0,0
"135","436",TRUE,0,0,0.002
"140","436",TRUE,0,0,0.001
"145","436",TRUE,0,0,0.001
"150","436",TRUE,0,0,0
"155","436",TRUE,0,0,0.002
"160","436",TRUE,0,0,0.002
"165","436",TRUE,0,0,0
"200","436",TRUE,0,0,0.011
"205","436",TRUE,0,0,0
"210","436",TRUE,0,0,0
"211","436",TRUE,0,0,0.001
"212","436",TRUE,0,0,0.001
"220","436",TRUE,0,0,0.006
"225","436",TRUE,0,0,0
"230","436",TRUE,0,0,0.01
"235","436",TRUE,0,0,0.001
"255","436",TRUE,0,0,0.004
"260","436",FALSE,NA,NA,0
"290","436",TRUE,0,0,0.004
"305","436",TRUE,0,0,0
"310","436",TRUE,0,0,0.001
"316","436",TRUE,0,0,0.003
"317","436",TRUE,0,0,0.002
"325","436",TRUE,0,0,0.023
"338","436",TRUE,0,0,0
"339","436",TRUE,0,0,0
"343","436",TRUE,0,0,0
"344","436",TRUE,0,0,0.002
"345","436",TRUE,0,0,0
"346","436",TRUE,0,0,0
"349","436",TRUE,0,0,0
"350","436",TRUE,0,0,0.002
"352","436",TRUE,0,0,0
"355","436",TRUE,0,0,0.001
"359","436",TRUE,0,0,0
"360","436",TRUE,0,0,0.002
"365","436",TRUE,0,0,0.009
"366","436",TRUE,0,0,0
"367","436",TRUE,0,0,0
"368","436",TRUE,0,0,0
"369","436",TRUE,0,0,0.009
"370","436",TRUE,0,0,0.001
"371","436",TRUE,0,0,0
"372","436",TRUE,0,0,0
"373","436",TRUE,0,0,0
"375","436",TRUE,0,0,0
"380","436",TRUE,0,0,0.001
"385","436",TRUE,0,0,0
"390","436",TRUE,0,0,0
"395","436",TRUE,0,0,0
"402","436",TRUE,0,0,0.001
"404","436",TRUE,0,0,0.002
"411","436",TRUE,0,0,0.002
"420","436",TRUE,0,0,0
"432","436",TRUE,0,0,0.004
"433","436",TRUE,0,0,0.003
"434","436",TRUE,0,0,0.006
"435","436",TRUE,0,0,0.002
"2","437",TRUE,0,0,0.009
"20","437",TRUE,0,0,0.001
"31","437",TRUE,0,0,0
"41","437",TRUE,0,0,0
"42","437",TRUE,0,0,0
"51","437",TRUE,0,0,0
"52","437",TRUE,0,0,0
"53","437",TRUE,0,0,0
"70","437",TRUE,0,0,0.001
"80","437",TRUE,0,0,0
"90","437",TRUE,0,0,0
"91","437",TRUE,0,0,0.001
"92","437",TRUE,0,0,0
"93","437",TRUE,0,0,0
"94","437",TRUE,0,0,0
"95","437",TRUE,0,0,0.001
"100","437",TRUE,0,0,0.002
"101","437",TRUE,0,0,0
"115","437",TRUE,0,0,0.001
"130","437",TRUE,0,0,0
"135","437",TRUE,0,0,0.001
"140","437",TRUE,0,0,0.028
"145","437",TRUE,0,0,0
"150","437",TRUE,0,0,0
"155","437",TRUE,0,0,0.001
"160","437",TRUE,0,0,0.003
"165","437",TRUE,0,0,0.001
"200","437",TRUE,0,0,0.006
"205","437",TRUE,0,0,0
"210","437",TRUE,0,0,0.004
"211","437",TRUE,0,0,0
"212","437",TRUE,0,0,0
"220","437",TRUE,0,0,0.004
"225","437",TRUE,0,0,0.001
"230","437",TRUE,0,0,0.006
"235","437",TRUE,0,0,0.002
"255","437",TRUE,0,0,0.006
"260","437",FALSE,NA,NA,0
"290","437",TRUE,0,0,0.005
"305","437",TRUE,0,0,0
"310","437",TRUE,0,0,0
"316","437",TRUE,0,0,0.001
"317","437",TRUE,0,0,0
"325","437",TRUE,0,0,0.011
"338","437",TRUE,0,0,0
"339","437",TRUE,0,0,0
"343","437",TRUE,0,0,0
"344","437",TRUE,0,0,0
"345","437",TRUE,0,0,0.002
"346","437",TRUE,0,0,0
"349","437",TRUE,0,0,0
"350","437",TRUE,0,0,0.002
"352","437",TRUE,0,0,0
"355","437",TRUE,0,0,0.001
"359","437",TRUE,0,0,0
"360","437",TRUE,0,0,0.001
"365","437",TRUE,0,0,0.009
"366","437",TRUE,0,0,0.001
"367","437",TRUE,0,0,0
"368","437",TRUE,0,0,0
"369","437",TRUE,0,0,0.018
"370","437",TRUE,0,0,0
"371","437",TRUE,0,0,0.001
"372","437",TRUE,0,0,0
"373","437",TRUE,0,0,0.001
"375","437",TRUE,0,0,0.001
"380","437",TRUE,0,0,0
"385","437",TRUE,0,0,0.001
"390","437",TRUE,0,0,0
"395","437",TRUE,0,0,0
"402","437",TRUE,0,0,0
"404","437",TRUE,0,0,0
"411","437",TRUE,0,0,0.001
"420","437",TRUE,0,0,0
"432","437",TRUE,0,0,0.004
"433","437",TRUE,0,0,0.003
"434","437",TRUE,0,0,0.002
"435","437",TRUE,0,0,0
"436","437",TRUE,0,0,0.002
"2","438",TRUE,0,0,0.01
"20","438",TRUE,0,0,0.002
"31","438",TRUE,0,0,0
"41","438",TRUE,0,0,0
"42","438",TRUE,0,0,0
"51","438",TRUE,0,0,0
"52","438",TRUE,0,0,0
"53","438",TRUE,0,0,0
"70","438",TRUE,0,0,0.001
"80","438",TRUE,0,0,0
"90","438",TRUE,0,0,0
"91","438",TRUE,0,0,0
"92","438",TRUE,0,0,0
"93","438",TRUE,0,0,0
"94","438",TRUE,0,0,0.001
"95","438",TRUE,0,0,0
"100","438",TRUE,0,0,0.002
"101","438",TRUE,0,0,0.001
"115","438",TRUE,0,0,0
"130","438",TRUE,0,0,0.001
"135","438",TRUE,0,0,0.001
"140","438",TRUE,0,0,0.008
"145","438",TRUE,0,0,0
"150","438",TRUE,0,0,0.001
"155","438",TRUE,0,0,0
"160","438",TRUE,0,0,0.001
"165","438",TRUE,0,0,0.002
"200","438",TRUE,0,0,0.005
"205","438",TRUE,0,0,0
"210","438",TRUE,0,0,0.001
"211","438",TRUE,0,0,0.001
"212","438",TRUE,0,0,0
"220","438",TRUE,0,0,0.008
"225","438",TRUE,0,0,0
"230","438",TRUE,0,0,0.003
"235","438",TRUE,0,0,0
"255","438",TRUE,0,0,0.002
"260","438",FALSE,NA,NA,0
"290","438",TRUE,0,0,0.004
"305","438",TRUE,0,0,0
"310","438",TRUE,0,0,0
"316","438",TRUE,0,0,0.001
"317","438",TRUE,0,0,0
"325","438",TRUE,0,0,0.019
"338","438",TRUE,0,0,0
"339","438",TRUE,0,0,0
"343","438",TRUE,0,0,0
"344","438",TRUE,0,0,0
"345","438",TRUE,0,0,0
"346","438",TRUE,0,0,0
"349","438",TRUE,0,0,0
"350","438",TRUE,0,0,0.001
"352","438",TRUE,0,0,0
"355","438",TRUE,0,0,0.001
"359","438",TRUE,0,0,0
"360","438",TRUE,0,0,0.004
"365","438",TRUE,0,0,0.002
"366","438",TRUE,0,0,0
"367","438",TRUE,0,0,0.001
"368","438",TRUE,0,0,0
"369","438",TRUE,0,0,0.01
"370","438",TRUE,0,0,0
"371","438",TRUE,0,0,0
"372","438",TRUE,0,0,0
"373","438",TRUE,0,0,0
"375","438",TRUE,0,0,0
"380","438",TRUE,0,0,0
"385","438",TRUE,0,0,0.001
"390","438",TRUE,0,0,0
"395","438",TRUE,0,0,0
"402","438",TRUE,0,0,0
"404","438",TRUE,0,0,0.002
"411","438",TRUE,0,0,0.001
"420","438",TRUE,0,0,0.002
"432","438",TRUE,0,0,0.004
"433","438",TRUE,0,0,0.006
"434","438",TRUE,0,0,0.003
"435","438",TRUE,0,0,0.001
"436","438",TRUE,0,0,0.003
"437","438",TRUE,0,0,0.002
"2","439",TRUE,0,0,0.008
"20","439",TRUE,0,0,0
"31","439",TRUE,0,0,0
"41","439",TRUE,0,0,0
"42","439",TRUE,0,0,0
"51","439",TRUE,0,0,0
"52","439",TRUE,0,0,0
"53","439",TRUE,0,0,0
"70","439",TRUE,0,0,0.003
"80","439",TRUE,0,0,0
"90","439",TRUE,0,0,0
"91","439",TRUE,0,0,0.001
"92","439",TRUE,0,0,0
"93","439",TRUE,0,0,0
"94","439",TRUE,0,0,0
"95","439",TRUE,0,0,0
"100","439",TRUE,0,0,0
"101","439",TRUE,0,0,0
"115","439",TRUE,0,0,0
"130","439",TRUE,0,0,0.002
"135","439",TRUE,0,0,0.001
"140","439",TRUE,0,0,0.009
"145","439",TRUE,0,0,0.001
"150","439",TRUE,0,0,0
"155","439",TRUE,0,0,0.001
"160","439",TRUE,0,0,0.002
"165","439",TRUE,0,0,0
"200","439",TRUE,0,0,0.002
"205","439",TRUE,0,0,0.001
"210","439",TRUE,0,0,0.002
"211","439",TRUE,0,0,0.001
"212","439",TRUE,0,0,0.001
"220","439",TRUE,0,0,0.006
"225","439",TRUE,0,0,0
"230","439",TRUE,0,0,0.006
"235","439",TRUE,0,0,0
"255","439",TRUE,0,0,0.004
"260","439",FALSE,NA,NA,0
"290","439",TRUE,0,0,0.004
"305","439",TRUE,0,0,0.001
"310","439",TRUE,0,0,0
"316","439",TRUE,0,0,0
"317","439",TRUE,0,0,0.002
"325","439",TRUE,0,0,0.019
"338","439",TRUE,0,0,0
"339","439",TRUE,0,0,0
"343","439",TRUE,0,0,0
"344","439",TRUE,0,0,0
"345","439",TRUE,0,0,0
"346","439",TRUE,0,0,0.001
"349","439",TRUE,0,0,0
"350","439",TRUE,0,0,0.002
"352","439",TRUE,0,0,0
"355","439",TRUE,0,0,0.002
"359","439",TRUE,0,0,0
"360","439",TRUE,0,0,0.001
"365","439",TRUE,0,0,0.005
"366","439",TRUE,0,0,0
"367","439",TRUE,0,0,0
"368","439",TRUE,0,0,0.003
"369","439",TRUE,0,0,0.008
"370","439",TRUE,0,0,0.001
"371","439",TRUE,0,0,0
"372","439",TRUE,0,0,0.001
"373","439",TRUE,0,0,0.001
"375","439",TRUE,0,0,0.001
"380","439",TRUE,0,0,0.001
"385","439",TRUE,0,0,0
"390","439",TRUE,0,0,0
"395","439",TRUE,0,0,0
"402","439",TRUE,0,0,0
"404","439",TRUE,0,0,0
"411","439",TRUE,0,0,0.001
"420","439",TRUE,0,0,0
"432","439",TRUE,0,0,0.006
"433","439",TRUE,0,0,0.002
"434","439",TRUE,0,0,0.005
"435","439",TRUE,0,0,0.002
"436","439",TRUE,0,0,0.009
"437","439",TRUE,0,0,0.004
"438","439",TRUE,0,0,0.001
"2","450",TRUE,0,0,0.022
"20","450",TRUE,0,0,0.001
"31","450",TRUE,0,0,0
"41","450",TRUE,0,0,0
"42","450",TRUE,0,0,0.001
"51","450",TRUE,0,0,0.001
"52","450",TRUE,0,0,0
"53","450",TRUE,0,0,0
"70","450",TRUE,0,0,0.001
"80","450",TRUE,0,0,0
"90","450",TRUE,0,0,0.001
"91","450",TRUE,0,0,0.001
"92","450",TRUE,0,0,0
"93","450",TRUE,0,0,0
"94","450",TRUE,0,0,0.002
"95","450",TRUE,0,0,0
"100","450",TRUE,0,0,0.001
"101","450",TRUE,0,0,0
"115","450",TRUE,0,0,0.002
"130","450",TRUE,0,0,0
"135","450",TRUE,0,0,0
"140","450",TRUE,0,0,0.016
"145","450",TRUE,0,0,0.001
"150","450",TRUE,0,0,0
"155","450",TRUE,0,0,0
"160","450",TRUE,0,0,0.003
"165","450",TRUE,0,0,0.001
"200","450",TRUE,0,0,0.004
"205","450",TRUE,0,0,0
"210","450",TRUE,0,0,0.001
"211","450",TRUE,0,0,0
"212","450",TRUE,0,0,0
"220","450",TRUE,0,0,0.005
"225","450",TRUE,0,0,0
"230","450",TRUE,0,0,0.01
"235","450",TRUE,0,0,0.001
"255","450",TRUE,0,0,0.004
"260","450",FALSE,NA,NA,0
"290","450",TRUE,0,0,0.003
"305","450",TRUE,0,0,0
"310","450",TRUE,0,0,0
"316","450",TRUE,0,0,0.001
"317","450",TRUE,0,0,0.002
"325","450",TRUE,0,0,0.018
"338","450",TRUE,0,0,0.001
"339","450",TRUE,0,0,0
"343","450",TRUE,0,0,0
"344","450",TRUE,0,0,0
"345","450",TRUE,0,0,0.003
"346","450",TRUE,0,0,0
"349","450",TRUE,0,0,0.001
"350","450",TRUE,0,0,0.003
"352","450",TRUE,0,0,0
"355","450",TRUE,0,0,0.001
"359","450",TRUE,0,0,0
"360","450",TRUE,0,0,0.001
"365","450",TRUE,0,0,0.003
"366","450",TRUE,0,0,0
"367","450",TRUE,0,0,0
"368","450",TRUE,0,0,0
"369","450",TRUE,0,0,0.009
"370","450",TRUE,0,0,0
"371","450",TRUE,0,0,0
"372","450",TRUE,0,0,0
"373","450",TRUE,0,0,0
"375","450",TRUE,0,0,0
"380","450",TRUE,0,0,0.003
"385","450",TRUE,0,0,0.002
"390","450",TRUE,0,0,0
"395","450",TRUE,0,0,0.001
"402","450",TRUE,0,0,0
"404","450",TRUE,0,0,0.004
"411","450",TRUE,0,0,0.001
"420","450",TRUE,0,0,0
"432","450",TRUE,0,0,0.009
"433","450",TRUE,0,0,0.006
"434","450",TRUE,0,0,0
"435","450",TRUE,0,0,0.002
"436","450",TRUE,0,0,0.006
"437","450",TRUE,0,0,0
"438","450",TRUE,0,0,0.01
"439","450",TRUE,0,0,0.004
"2","451",TRUE,0,0,0.012
"20","451",TRUE,0,0,0.001
"31","451",TRUE,0,0,0
"41","451",TRUE,0,0,0
"42","451",TRUE,0,0,0.001
"51","451",TRUE,0,0,0
"52","451",TRUE,0,0,0.001
"53","451",TRUE,0,0,0
"70","451",TRUE,0,0,0.002
"80","451",TRUE,0,0,0
"90","451",TRUE,0,0,0.001
"91","451",TRUE,0,0,0.002
"92","451",TRUE,0,0,0
"93","451",TRUE,0,0,0
"94","451",TRUE,0,0,0
"95","451",TRUE,0,0,0
"100","451",TRUE,0,0,0.001
"101","451",TRUE,0,0,0
"115","451",TRUE,0,0,0.002
"130","451",TRUE,0,0,0
"135","451",TRUE,0,0,0
"140","451",TRUE,0,0,0.008
"145","451",TRUE,0,0,0
"150","451",TRUE,0,0,0
"155","451",TRUE,0,0,0.001
"160","451",TRUE,0,0,0.003
"165","451",TRUE,0,0,0
"200","451",TRUE,0,0,0.004
"205","451",TRUE,0,0,0
"210","451",TRUE,0,0,0.001
"211","451",TRUE,0,0,0.004
"212","451",TRUE,0,0,0
"220","451",TRUE,0,0,0.009
"225","451",TRUE,0,0,0
"230","451",TRUE,0,0,0.003
"235","451",TRUE,0,0,0
"255","451",TRUE,0,0,0.005
"260","451",FALSE,NA,NA,0
"290","451",TRUE,0,0,0.003
"305","451",TRUE,0,0,0
"310","451",TRUE,0,0,0
"316","451",TRUE,0,0,0
"317","451",TRUE,0,0,0.001
"325","451",TRUE,0,0,0.008
"338","451",TRUE,0,0,0
"339","451",TRUE,0,0,0
"343","451",TRUE,0,0,0.001
"344","451",TRUE,0,0,0
"345","451",TRUE,0,0,0
"346","451",TRUE,0,0,0
"349","451",TRUE,0,0,0
"350","451",TRUE,0,0,0.002
"352","451",TRUE,0,0,0
"355","451",TRUE,0,0,0
"359","451",TRUE,0,0,0
"360","451",TRUE,0,0,0.001
"365","451",TRUE,0,0,0.005
"366","451",TRUE,0,0,0
"367","451",TRUE,0,0,0
"368","451",TRUE,0,0,0.001
"369","451",TRUE,0,0,0.007
"370","451",TRUE,0,0,0
"371","451",TRUE,0,0,0
"372","451",TRUE,0,0,0.001
"373","451",TRUE,0,0,0
"375","451",TRUE,0,0,0
"380","451",TRUE,0,0,0.001
"385","451",TRUE,0,0,0
"390","451",TRUE,0,0,0.001
"395","451",TRUE,0,0,0
"402","451",TRUE,0,0,0.003
"404","451",TRUE,0,0,0.004
"411","451",TRUE,0,0,0.002
"420","451",TRUE,0,0,0.001
"432","451",TRUE,0,0,0.008
"433","451",TRUE,0,0,0.007
"434","451",TRUE,0,0,0.001
"435","451",TRUE,0,0,0.003
"436","451",TRUE,0,0,0.005
"437","451",TRUE,0,0,0.001
"438","451",TRUE,0,0,0.016
"439","451",TRUE,0,0,0.001
"450","451",TRUE,0,0,0.016
"2","452",TRUE,0,0,0.008
"20","452",TRUE,0,0,0.001
"31","452",TRUE,0,0,0
"41","452",TRUE,0,0,0.003
"42","452",TRUE,0,0,0
"51","452",TRUE,0,0,0.001
"52","452",TRUE,0,0,0.001
"53","452",TRUE,0,0,0.001
"70","452",TRUE,0,0,0.002
"80","452",TRUE,0,0,0
"90","452",TRUE,0,0,0
"91","452",TRUE,0,0,0.001
"92","452",TRUE,0,0,0
"93","452",TRUE,0,0,0.001
"94","452",TRUE,0,0,0.001
"95","452",TRUE,0,0,0
"100","452",TRUE,0,0,0.002
"101","452",TRUE,0,0,0
"115","452",TRUE,0,0,0
"130","452",TRUE,0,0,0.002
"135","452",TRUE,0,0,0.001
"140","452",TRUE,0,0,0.007
"145","452",TRUE,0,0,0
"150","452",TRUE,0,0,0
"155","452",TRUE,0,0,0
"160","452",TRUE,0,0,0.003
"165","452",TRUE,0,0,0
"200","452",TRUE,0,0,0.006
"205","452",TRUE,0,0,0
"210","452",TRUE,0,0,0
"211","452",TRUE,0,0,0
"212","452",TRUE,0,0,0
"220","452",TRUE,0,0,0.014
"225","452",TRUE,0,0,0.002
"230","452",TRUE,0,0,0.008
"235","452",TRUE,0,0,0
"255","452",TRUE,0,0,0.002
"260","452",FALSE,NA,NA,0
"290","452",TRUE,0,0,0.003
"305","452",TRUE,0,0,0
"310","452",TRUE,0,0,0.001
"316","452",TRUE,0,0,0.006
"317","452",TRUE,0,0,0
"325","452",TRUE,0,0,0.013
"338","452",TRUE,0,0,0
"339","452",TRUE,0,0,0
"343","452",TRUE,0,0,0
"344","452",TRUE,0,0,0.001
"345","452",TRUE,0,0,0
"346","452",TRUE,0,0,0
"349","452",TRUE,0,0,0
"350","452",TRUE,0,0,0.004
"352","452",TRUE,0,0,0
"355","452",TRUE,0,0,0.003
"359","452",TRUE,0,0,0
"360","452",TRUE,0,0,0.003
"365","452",TRUE,0,0,0.009
"366","452",TRUE,0,0,0
"367","452",TRUE,0,0,0
"368","452",TRUE,0,0,0
"369","452",TRUE,0,0,0.006
"370","452",TRUE,0,0,0
"371","452",TRUE,0,0,0
"372","452",TRUE,0,0,0
"373","452",TRUE,0,0,0
"375","452",TRUE,0,0,0
"380","452",TRUE,0,0,0.001
"385","452",TRUE,0,0,0
"390","452",TRUE,0,0,0
"395","452",TRUE,0,0,0
"402","452",TRUE,0,0,0.003
"404","452",TRUE,0,0,0.005
"411","452",TRUE,0,0,0.004
"420","452",TRUE,0,0,0
"432","452",TRUE,0,0,0.006
"433","452",TRUE,0,0,0.002
"434","452",TRUE,0,0,0.025
"435","452",TRUE,0,0,0.003
"436","452",TRUE,0,0,0.009
"437","452",TRUE,0,0,0.018
"438","452",TRUE,0,0,0.005
"439","452",TRUE,0,0,0.01
"450","452",TRUE,0,0,0.01
"451","452",TRUE,0,0,0.007
"2","461",TRUE,0,0,0.003
"20","461",TRUE,0,0,0
"31","461",TRUE,0,0,0
"41","461",TRUE,0,0,0
"42","461",TRUE,0,0,0
"51","461",TRUE,0,0,0
"52","461",TRUE,0,0,0
"53","461",TRUE,0,0,0
"70","461",TRUE,0,0,0
"80","461",TRUE,0,0,0
"90","461",TRUE,0,0,0
"91","461",TRUE,0,0,0
"92","461",TRUE,0,0,0
"93","461",TRUE,0,0,0
"94","461",TRUE,0,0,0
"95","461",TRUE,0,0,0
"100","461",TRUE,0,0,0
"101","461",TRUE,0,0,0
"115","461",TRUE,0,0,0
"130","461",TRUE,0,0,0
"135","461",TRUE,0,0,0
"140","461",TRUE,0,0,0.001
"145","461",TRUE,0,0,0
"150","461",TRUE,0,0,0
"155","461",TRUE,0,0,0.001
"160","461",TRUE,0,0,0.001
"165","461",TRUE,0,0,0
"200","461",TRUE,0,0,0.014
"205","461",TRUE,0,0,0
"210","461",TRUE,0,0,0.003
"211","461",TRUE,0,0,0.002
"212","461",TRUE,0,0,0
"220","461",TRUE,0,0,0.04
"225","461",TRUE,0,0,0.001
"230","461",TRUE,0,0,0.018
"235","461",TRUE,0,0,0
"255","461",TRUE,0,0,0.013
"260","461",FALSE,NA,NA,0
"290","461",TRUE,0,0,0.012
"305","461",TRUE,0,0,0.001
"310","461",TRUE,0,0,0.002
"316","461",TRUE,0,0,0.007
"317","461",TRUE,0,0,0.002
"325","461",TRUE,0,0,0.029
"338","461",TRUE,0,0,0
"339","461",TRUE,0,0,0
"343","461",TRUE,0,0,0.001
"344","461",TRUE,0,0,0
"345","461",TRUE,0,0,0.001
"346","461",TRUE,0,0,0
"349","461",TRUE,0,0,0
"350","461",TRUE,0,0,0
"352","461",TRUE,0,0,0
"355","461",TRUE,0,0,0.005
"359","461",TRUE,0,0,0
"360","461",TRUE,0,0,0.004
"365","461",TRUE,0,0,0.018
"366","461",TRUE,0,0,0
"367","461",TRUE,0,0,0
"368","461",TRUE,0,0,0.001
"369","461",TRUE,0,0,0.033
"370","461",TRUE,0,0,0.001
"371","461",TRUE,0,0,0
"372","461",TRUE,0,0,0
"373","461",TRUE,0,0,0
"375","461",TRUE,0,0,0
"380","461",TRUE,0,0,0.003
"385","461",TRUE,0,0,0
"390","461",TRUE,0,0,0
"395","461",TRUE,0,0,0
"402","461",TRUE,0,0,0
"404","461",TRUE,0,0,0.001
"411","461",TRUE,0,0,0.001
"420","461",TRUE,0,0,0
"432","461",TRUE,0,0,0.01
"433","461",TRUE,0,0,0.002
"434","461",TRUE,0,0,0.008
"435","461",TRUE,0,0,0
"436","461",TRUE,0,0,0.005
"437","461",TRUE,0,0,0.003
"438","461",TRUE,0,0,0.001
"439","461",TRUE,0,0,0
"450","461",TRUE,0,0,0.001
"451","461",TRUE,0,0,0.001
"452","461",TRUE,0,0,0.008
"2","471",TRUE,0,0,0.009
"20","471",TRUE,0,0,0
"31","471",TRUE,0,0,0
"41","471",TRUE,0,0,0
"42","471",TRUE,0,0,0.001
"51","471",TRUE,0,0,0
"52","471",TRUE,0,0,0
"53","471",TRUE,0,0,0
"70","471",TRUE,0,0,0
"80","471",TRUE,0,0,0
"90","471",TRUE,0,0,0.001
"91","471",TRUE,0,0,0
"92","471",TRUE,0,0,0.001
"93","471",TRUE,0,0,0
"94","471",TRUE,0,0,0
"95","471",TRUE,0,0,0
"100","471",TRUE,0,0,0
"101","471",TRUE,0,0,0
"115","471",TRUE,0,0,0
"130","471",TRUE,0,0,0.001
"135","471",TRUE,0,0,0.001
"140","471",TRUE,0,0,0.008
"145","471",TRUE,0,0,0
"150","471",TRUE,0,0,0.001
"155","471",TRUE,0,0,0.001
"160","471",TRUE,0,0,0.002
"165","471",TRUE,0,0,0
"200","471",TRUE,0,0,0.011
"205","471",TRUE,0,0,0
"210","471",TRUE,0,0,0
"211","471",TRUE,0,0,0
"212","471",TRUE,0,0,0
"220","471",TRUE,0,0,0.012
"225","471",TRUE,0,0,0.001
"230","471",TRUE,0,0,0.012
"235","471",TRUE,0,0,0.001
"255","471",TRUE,0,0,0.01
"260","471",FALSE,NA,NA,0
"290","471",TRUE,0,0,0.008
"305","471",TRUE,0,0,0.001
"310","471",TRUE,0,0,0
"316","471",TRUE,0,0,0.002
"317","471",TRUE,0,0,0.001
"325","471",TRUE,0,0,0.022
"338","471",TRUE,0,0,0
"339","471",TRUE,0,0,0
"343","471",TRUE,0,0,0.001
"344","471",TRUE,0,0,0.001
"345","471",TRUE,0,0,0.003
"346","471",TRUE,0,0,0
"349","471",TRUE,0,0,0.002
"350","471",TRUE,0,0,0.005
"352","471",TRUE,0,0,0
"355","471",TRUE,0,0,0.001
"359","471",TRUE,0,0,0
"360","471",TRUE,0,0,0.003
"365","471",TRUE,0,0,0.011
"366","471",TRUE,0,0,0
"367","471",TRUE,0,0,0
"368","471",TRUE,0,0,0
"369","471",TRUE,0,0,0.013
"370","471",TRUE,0,0,0.002
"371","471",TRUE,0,0,0.001
"372","471",TRUE,0,0,0
"373","471",TRUE,0,0,0.001
"375","471",TRUE,0,0,0
"380","471",TRUE,0,0,0.003
"385","471",TRUE,0,0,0.002
"390","471",TRUE,0,0,0
"395","471",TRUE,0,0,0
"402","471",TRUE,0,0,0
"404","471",TRUE,0,0,0.001
"411","471",TRUE,0,0,0.001
"420","471",TRUE,0,0,0
"432","471",TRUE,0,0,0.001
"433","471",TRUE,0,0,0
"434","471",TRUE,0,0,0.003
"435","471",TRUE,0,0,0
"436","471",TRUE,0,0,0.001
"437","471",TRUE,0,0,0.001
"438","471",TRUE,0,0,0
"439","471",TRUE,0,0,0
"450","471",TRUE,0,0,0
"451","471",TRUE,0,0,0.001
"452","471",TRUE,0,0,0.005
"461","471",TRUE,0,0,0
"2","475",TRUE,0,0,0.006
"20","475",TRUE,0,0,0.001
"31","475",TRUE,0,0,0
"41","475",TRUE,0,0,0
"42","475",TRUE,0,0,0
"51","475",TRUE,0,0,0.001
"52","475",TRUE,0,0,0
"53","475",TRUE,0,0,0
"70","475",TRUE,0,0,0.001
"80","475",TRUE,0,0,0
"90","475",TRUE,0,0,0
"91","475",TRUE,0,0,0
"92","475",TRUE,0,0,0.002
"93","475",TRUE,0,0,0.001
"94","475",TRUE,0,0,0
"95","475",TRUE,0,0,0
"100","475",TRUE,0,0,0
"101","475",TRUE,0,0,0
"115","475",TRUE,0,0,0
"130","475",TRUE,0,0,0
"135","475",TRUE,0,0,0
"140","475",TRUE,0,0,0.004
"145","475",TRUE,0,0,0
"150","475",TRUE,0,0,0
"155","475",TRUE,0,0,0.005
"160","475",TRUE,0,0,0
"165","475",TRUE,0,0,0
"200","475",TRUE,0,0,0.009
"205","475",TRUE,0,0,0
"210","475",TRUE,0,0,0.004
"211","475",TRUE,0,0,0.005
"212","475",TRUE,0,0,0
"220","475",TRUE,0,0,0.016
"225","475",TRUE,0,0,0
"230","475",TRUE,0,0,0.025
"235","475",TRUE,0,0,0.002
"255","475",TRUE,0,0,0.016
"260","475",FALSE,NA,NA,0
"290","475",TRUE,0,0,0.009
"305","475",TRUE,0,0,0
"310","475",TRUE,0,0,0.001
"316","475",TRUE,0,0,0.009
"317","475",TRUE,0,0,0.006
"325","475",TRUE,0,0,0.052
"338","475",TRUE,0,0,0
"339","475",TRUE,0,0,0
"343","475",TRUE,0,0,0
"344","475",TRUE,0,0,0
"345","475",TRUE,0,0,0
"346","475",TRUE,0,0,0
"349","475",TRUE,0,0,0.001
"350","475",TRUE,0,0,0
"352","475",TRUE,0,0,0.002
"355","475",TRUE,0,0,0.003
"359","475",TRUE,0,0,0
"360","475",TRUE,0,0,0.009
"365","475",TRUE,0,0,0.017
"366","475",TRUE,0,0,0
"367","475",TRUE,0,0,0
"368","475",TRUE,0,0,0
"369","475",TRUE,0,0,0.036
"370","475",TRUE,0,0,0
"371","475",TRUE,0,0,0
"372","475",TRUE,0,0,0
"373","475",TRUE,0,0,0
"375","475",TRUE,0,0,0
"380","475",TRUE,0,0,0.003
"385","475",TRUE,0,0,0
"390","475",TRUE,0,0,0
"395","475",TRUE,0,0,0
"402","475",TRUE,0,0,0.002
"404","475",TRUE,0,0,0.003
"411","475",TRUE,0,0,0.008
"420","475",TRUE,0,0,0
"432","475",TRUE,0,0,0.016
"433","475",TRUE,0,0,0.001
"434","475",TRUE,0,0,0.015
"435","475",TRUE,0,0,0.001
"436","475",TRUE,0,0,0.004
"437","475",TRUE,0,0,0.009
"438","475",TRUE,0,0,0.003
"439","475",TRUE,0,0,0.005
"450","475",TRUE,0,0,0.003
"451","475",TRUE,0,0,0.001
"452","475",TRUE,0,0,0.009
"461","475",TRUE,0,0,0.025
"471","475",TRUE,0,0,0.004
"2","481",TRUE,0,0,0.005
"20","481",TRUE,0,0,0
"31","481",TRUE,0,0,0
"41","481",TRUE,0,0,0
"42","481",TRUE,0,0,0
"51","481",TRUE,0,0,0
"52","481",TRUE,0,0,0
"53","481",TRUE,0,0,0.001
"70","481",TRUE,0,0,0
"80","481",TRUE,0,0,0
"90","481",TRUE,0,0,0
"91","481",TRUE,0,0,0
"92","481",TRUE,0,0,0
"93","481",TRUE,0,0,0
"94","481",TRUE,0,0,0
"95","481",TRUE,0,0,0
"100","481",TRUE,0,0,0
"101","481",TRUE,0,0,0
"115","481",TRUE,0,0,0
"130","481",TRUE,0,0,0
"135","481",TRUE,0,0,0
"140","481",TRUE,0,0,0.003
"145","481",TRUE,0,0,0
"150","481",TRUE,0,0,0
"155","481",TRUE,0,0,0.002
"160","481",TRUE,0,0,0.001
"165","481",TRUE,0,0,0
"200","481",TRUE,0,0,0.009
"205","481",TRUE,0,0,0
"210","481",TRUE,0,0,0.002
"211","481",TRUE,0,0,0.003
"212","481",TRUE,0,0,0
"220","481",TRUE,0,0,0.028
"225","481",TRUE,0,0,0
"230","481",TRUE,0,0,0.019
"235","481",TRUE,0,0,0.003
"255","481",TRUE,0,0,0.019
"260","481",FALSE,NA,NA,0
"290","481",TRUE,0,0,0.012
"305","481",TRUE,0,0,0
"310","481",TRUE,0,0,0
"316","481",TRUE,0,0,0.006
"317","481",TRUE,0,0,0.004
"325","481",TRUE,0,0,0.034
"338","481",TRUE,0,0,0
"339","481",TRUE,0,0,0
"343","481",TRUE,0,0,0
"344","481",TRUE,0,0,0.001
"345","481",TRUE,0,0,0
"346","481",TRUE,0,0,0
"349","481",TRUE,0,0,0
"350","481",TRUE,0,0,0.002
"352","481",TRUE,0,0,0
"355","481",TRUE,0,0,0.004
"359","481",TRUE,0,0,0
"360","481",TRUE,0,0,0.003
"365","481",TRUE,0,0,0.019
"366","481",TRUE,0,0,0
"367","481",TRUE,0,0,0
"368","481",TRUE,0,0,0.001
"369","481",TRUE,0,0,0.026
"370","481",TRUE,0,0,0
"371","481",TRUE,0,0,0
"372","481",TRUE,0,0,0
"373","481",TRUE,0,0,0
"375","481",TRUE,0,0,0
"380","481",TRUE,0,0,0.001
"385","481",TRUE,0,0,0
"390","481",TRUE,0,0,0
"395","481",TRUE,0,0,0
"402","481",TRUE,0,0,0
"404","481",TRUE,0,0,0
"411","481",TRUE,0,0,0
"420","481",TRUE,0,0,0
"432","481",TRUE,0,0,0.005
"433","481",TRUE,0,0,0
"434","481",TRUE,0,0,0.001
"435","481",TRUE,0,0,0.001
"436","481",TRUE,0,0,0.001
"437","481",TRUE,0,0,0.001
"438","481",TRUE,0,0,0
"439","481",TRUE,0,0,0
"450","481",TRUE,0,0,0.001
"451","481",TRUE,0,0,0.001
"452","481",TRUE,0,0,0.001
"461","481",TRUE,0,0,0.003
"471","481",TRUE,0,0,0.002
"475","481",TRUE,0,0,0.028
"2","482",TRUE,0,0,0
"20","482",TRUE,0,0,0
"31","482",TRUE,0,0,0
"41","482",TRUE,0,0,0
"42","482",TRUE,0,0,0
"51","482",TRUE,0,0,0
"52","482",TRUE,0,0,0.001
"53","482",TRUE,0,0,0
"70","482",TRUE,0,0,0.002
"80","482",TRUE,0,0,0
"90","482",TRUE,0,0,0.001
"91","482",TRUE,0,0,0
"92","482",TRUE,0,0,0
"93","482",TRUE,0,0,0
"94","482",TRUE,0,0,0
"95","482",TRUE,0,0,0
"100","482",TRUE,0,0,0
"101","482",TRUE,0,0,0
"115","482",TRUE,0,0,0
"130","482",TRUE,0,0,0
"135","482",TRUE,0,0,0
"140","482",TRUE,0,0,0.008
"145","482",TRUE,0,0,0
"150","482",TRUE,0,0,0
"155","482",TRUE,0,0,0
"160","482",TRUE,0,0,0.001
"165","482",TRUE,0,0,0
"200","482",TRUE,0,0,0.004
"205","482",TRUE,0,0,0
"210","482",TRUE,0,0,0
"211","482",TRUE,0,0,0.001
"212","482",TRUE,0,0,0
"220","482",TRUE,0,0,0.011
"225","482",TRUE,0,0,0.003
"230","482",TRUE,0,0,0.004
"235","482",TRUE,0,0,0
"255","482",TRUE,0,0,0.004
"260","482",FALSE,NA,NA,0
"290","482",TRUE,0,0,0.003
"305","482",TRUE,0,0,0
"310","482",TRUE,0,0,0
"316","482",TRUE,0,0,0.003
"317","482",TRUE,0,0,0
"325","482",TRUE,0,0,0.013
"338","482",TRUE,0,0,0
"339","482",TRUE,0,0,0
"343","482",TRUE,0,0,0
"344","482",TRUE,0,0,0
"345","482",TRUE,0,0,0
"346","482",TRUE,0,0,0
"349","482",TRUE,0,0,0
"350","482",TRUE,0,0,0.005
"352","482",TRUE,0,0,0.001
"355","482",TRUE,0,0,0.001
"359","482",TRUE,0,0,0
"360","482",TRUE,0,0,0.001
"365","482",TRUE,0,0,0.004
"366","482",TRUE,0,0,0
"367","482",TRUE,0,0,0
"368","482",TRUE,0,0,0.001
"369","482",TRUE,0,0,0.018
"370","482",TRUE,0,0,0.001
"371","482",TRUE,0,0,0
"372","482",TRUE,0,0,0
"373","482",TRUE,0,0,0
"375","482",TRUE,0,0,0.002
"380","482",TRUE,0,0,0.001
"385","482",TRUE,0,0,0
"390","482",TRUE,0,0,0.001
"395","482",TRUE,0,0,0
"402","482",TRUE,0,0,0
"404","482",TRUE,0,0,0.001
"411","482",TRUE,0,0,0
"420","482",TRUE,0,0,0
"432","482",TRUE,0,0,0.002
"433","482",TRUE,0,0,0
"434","482",TRUE,0,0,0.001
"435","482",TRUE,0,0,0
"436","482",TRUE,0,0,0
"437","482",TRUE,0,0,0
"438","482",TRUE,0,0,0
"439","482",TRUE,0,0,0
"450","482",TRUE,0,0,0.001
"451","482",TRUE,0,0,0
"452","482",TRUE,0,0,0.005
"461","482",TRUE,0,0,0
"471","482",TRUE,0,0,0.001
"475","482",TRUE,0,0,0.008
"481","482",TRUE,0,0,0
"2","483",TRUE,0,0,0.007
"20","483",TRUE,0,0,0
"31","483",TRUE,0,0,0
"41","483",TRUE,0,0,0
"42","483",TRUE,0,0,0.001
"51","483",TRUE,0,0,0
"52","483",TRUE,0,0,0
"53","483",TRUE,0,0,0
"70","483",TRUE,0,0,0.001
"80","483",TRUE,0,0,0
"90","483",TRUE,0,0,0
"91","483",TRUE,0,0,0
"92","483",TRUE,0,0,0
"93","483",TRUE,0,0,0
"94","483",TRUE,0,0,0
"95","483",TRUE,0,0,0
"100","483",TRUE,0,0,0.001
"101","483",TRUE,0,0,0
"115","483",TRUE,0,0,0
"130","483",TRUE,0,0,0.001
"135","483",TRUE,0,0,0.001
"140","483",TRUE,0,0,0.006
"145","483",TRUE,0,0,0
"150","483",TRUE,0,0,0
"155","483",TRUE,0,0,0
"160","483",TRUE,0,0,0.001
"165","483",TRUE,0,0,0
"200","483",TRUE,0,0,0.007
"205","483",TRUE,0,0,0
"210","483",TRUE,0,0,0.001
"211","483",TRUE,0,0,0
"212","483",TRUE,0,0,0
"220","483",TRUE,0,0,0.011
"225","483",TRUE,0,0,0
"230","483",TRUE,0,0,0.004
"235","483",TRUE,0,0,0
"255","483",TRUE,0,0,0.006
"260","483",FALSE,NA,NA,0
"290","483",TRUE,0,0,0.004
"305","483",TRUE,0,0,0.001
"310","483",TRUE,0,0,0
"316","483",TRUE,0,0,0.002
"317","483",TRUE,0,0,0.003
"325","483",TRUE,0,0,0.014
"338","483",TRUE,0,0,0
"339","483",TRUE,0,0,0
"343","483",TRUE,0,0,0
"344","483",TRUE,0,0,0.001
"345","483",TRUE,0,0,0
"346","483",TRUE,0,0,0
"349","483",TRUE,0,0,0.001
"350","483",TRUE,0,0,0.002
"352","483",TRUE,0,0,0
"355","483",TRUE,0,0,0.002
"359","483",TRUE,0,0,0
"360","483",TRUE,0,0,0.002
"365","483",TRUE,0,0,0.007
"366","483",TRUE,0,0,0
"367","483",TRUE,0,0,0
"368","483",TRUE,0,0,0
"369","483",TRUE,0,0,0.016
"370","483",TRUE,0,0,0
"371","483",TRUE,0,0,0
"372","483",TRUE,0,0,0
"373","483",TRUE,0,0,0
"375","483",TRUE,0,0,0.001
"380","483",TRUE,0,0,0.001
"385","483",TRUE,0,0,0
"390","483",TRUE,0,0,0.001
"395","483",TRUE,0,0,0
"402","483",TRUE,0,0,0
"404","483",TRUE,0,0,0
"411","483",TRUE,0,0,0
"420","483",TRUE,0,0,0
"432","483",TRUE,0,0,0.001
"433","483",TRUE,0,0,0.001
"434","483",TRUE,0,0,0.003
"435","483",TRUE,0,0,0
"436","483",TRUE,0,0,0.002
"437","483",TRUE,0,0,0.002
"438","483",TRUE,0,0,0.002
"439","483",TRUE,0,0,0.001
"450","483",TRUE,0,0,0
"451","483",TRUE,0,0,0.001
"452","483",TRUE,0,0,0.008
"461","483",TRUE,0,0,0
"471","483",TRUE,0,0,0.002
"475","483",TRUE,0,0,0.01
"481","483",TRUE,0,0,0
"482","483",TRUE,0,0,0
"2","484",TRUE,0,0,0.005
"20","484",TRUE,0,0,0
"31","484",TRUE,0,0,0
"41","484",TRUE,0,0,0
"42","484",TRUE,0,0,0
"51","484",TRUE,0,0,0
"52","484",TRUE,0,0,0
"53","484",TRUE,0,0,0
"70","484",TRUE,0,0,0
"80","484",TRUE,0,0,0
"90","484",TRUE,0,0,0
"91","484",TRUE,0,0,0
"92","484",TRUE,0,0,0
"93","484",TRUE,0,0,0
"94","484",TRUE,0,0,0
"95","484",TRUE,0,0,0
"100","484",TRUE,0,0,0.001
"101","484",TRUE,0,0,0.001
"115","484",TRUE,0,0,0
"130","484",TRUE,0,0,0
"135","484",TRUE,0,0,0
"140","484",TRUE,0,0,0.006
"145","484",TRUE,0,0,0
"150","484",TRUE,0,0,0
"155","484",TRUE,0,0,0.001
"160","484",TRUE,0,0,0.001
"165","484",TRUE,0,0,0
"200","484",TRUE,0,0,0.001
"205","484",TRUE,0,0,0
"210","484",TRUE,0,0,0
"211","484",TRUE,0,0,0
"212","484",TRUE,0,0,0
"220","484",TRUE,0,0,0
"225","484",TRUE,0,0,0.001
"230","484",TRUE,0,0,0.006
"235","484",TRUE,0,0,0
"255","484",TRUE,0,0,0.005
"260","484",FALSE,NA,NA,0
"290","484",TRUE,0,0,0.002
"305","484",TRUE,0,0,0
"310","484",TRUE,0,0,0.001
"316","484",TRUE,0,0,0.001
"317","484",TRUE,0,0,0
"325","484",TRUE,0,0,0.008
"338","484",TRUE,0,0,0
"339","484",TRUE,0,0,0
"343","484",TRUE,0,0,0
"344","484",TRUE,0,0,0
"345","484",TRUE,0,0,0
"346","484",TRUE,0,0,0
"349","484",TRUE,0,0,0
"350","484",TRUE,0,0,0.001
"352","484",TRUE,0,0,0
"355","484",TRUE,0,0,0
"359","484",TRUE,0,0,0
"360","484",TRUE,0,0,0
"365","484",TRUE,0,0,0.012
"366","484",TRUE,0,0,0
"367","484",TRUE,0,0,0
"368","484",TRUE,0,0,0
"369","484",TRUE,0,0,0.007
"370","484",TRUE,0,0,0
"371","484",TRUE,0,0,0
"372","484",TRUE,0,0,0
"373","484",TRUE,0,0,0
"375","484",TRUE,0,0,0
"380","484",TRUE,0,0,0.002
"385","484",TRUE,0,0,0
"390","484",TRUE,0,0,0
"395","484",TRUE,0,0,0
"402","484",TRUE,0,0,0
"404","484",TRUE,0,0,0.001
"411","484",TRUE,0,0,0.001
"420","484",TRUE,0,0,0
"432","484",TRUE,0,0,0.001
"433","484",TRUE,0,0,0.001
"434","484",TRUE,0,0,0.001
"435","484",TRUE,0,0,0
"436","484",TRUE,0,0,0.001
"437","484",TRUE,0,0,0
"438","484",TRUE,0,0,0.001
"439","484",TRUE,0,0,0
"450","484",TRUE,0,0,0.001
"451","484",TRUE,0,0,0.001
"452","484",TRUE,0,0,0.004
"461","484",TRUE,0,0,0
"471","484",TRUE,0,0,0
"475","484",TRUE,0,0,0.002
"481","484",TRUE,0,0,0
"482","484",TRUE,0,0,0.001
"483","484",TRUE,0,0,0
"2","490",TRUE,0,0,0.005
"20","490",TRUE,0,0,0.001
"31","490",TRUE,0,0,0
"41","490",TRUE,0,0,0
"42","490",TRUE,0,0,0
"51","490",TRUE,0,0,0
"52","490",TRUE,0,0,0.001
"53","490",TRUE,0,0,0.001
"70","490",TRUE,0,0,0
"80","490",TRUE,0,0,0
"90","490",TRUE,0,0,0
"91","490",TRUE,0,0,0
"92","490",TRUE,0,0,0
"93","490",TRUE,0,0,0.001
"94","490",TRUE,0,0,0
"95","490",TRUE,0,0,0
"100","490",TRUE,0,0,0
"101","490",TRUE,0,0,0
"115","490",TRUE,0,0,0
"130","490",TRUE,0,0,0
"135","490",TRUE,0,0,0.001
"140","490",TRUE,0,0,0.003
"145","490",TRUE,0,0,0
"150","490",TRUE,0,0,0
"155","490",TRUE,0,0,0.001
"160","490",TRUE,0,0,0
"165","490",TRUE,0,0,0
"200","490",TRUE,0,0,0.011
"205","490",TRUE,0,0,0
"210","490",TRUE,0,0,0.003
"211","490",TRUE,0,0,0.003
"212","490",TRUE,0,0,0
"220","490",TRUE,0,0,0.009
"225","490",TRUE,0,0,0
"230","490",TRUE,0,0,0.014
"235","490",TRUE,0,0,0
"255","490",TRUE,0,0,0.007
"260","490",FALSE,NA,NA,0
"290","490",TRUE,0,0,0.008
"305","490",TRUE,0,0,0
"310","490",TRUE,0,0,0
"316","490",TRUE,0,0,0.01
"317","490",TRUE,0,0,0.002
"325","490",TRUE,0,0,0.037
"338","490",TRUE,0,0,0
"339","490",TRUE,0,0,0
"343","490",TRUE,0,0,0
"344","490",TRUE,0,0,0
"345","490",TRUE,0,0,0.001
"346","490",TRUE,0,0,0.001
"349","490",TRUE,0,0,0
"350","490",TRUE,0,0,0
"352","490",TRUE,0,0,0.001
"355","490",TRUE,0,0,0.001
"359","490",TRUE,0,0,0
"360","490",TRUE,0,0,0.003
"365","490",TRUE,0,0,0.013
"366","490",TRUE,0,0,0
"367","490",TRUE,0,0,0
"368","490",TRUE,0,0,0
"369","490",TRUE,0,0,0.03
"370","490",TRUE,0,0,0.002
"371","490",TRUE,0,0,0
"372","490",TRUE,0,0,0
"373","490",TRUE,0,0,0
"375","490",TRUE,0,0,0
"380","490",TRUE,0,0,0.001
"385","490",TRUE,0,0,0.001
"390","490",TRUE,0,0,0
"395","490",TRUE,0,0,0
"402","490",TRUE,0,0,0.001
"404","490",TRUE,0,0,0.001
"411","490",TRUE,0,0,0.001
"420","490",TRUE,0,0,0.001
"432","490",TRUE,0,0,0.008
"433","490",TRUE,0,0,0
"434","490",TRUE,0,0,0.007
"435","490",TRUE,0,0,0.002
"436","490",TRUE,0,0,0.003
"437","490",TRUE,0,0,0
"438","490",TRUE,0,0,0.002
"439","490",TRUE,0,0,0.001
"450","490",TRUE,0,0,0.002
"451","490",TRUE,0,0,0.002
"452","490",TRUE,0,0,0.002
"461","490",TRUE,0,0,0.005
"471","490",TRUE,0,0,0.001
"475","490",TRUE,0,0,0.021
"481","490",TRUE,0,0,0.015
"482","490",TRUE,0,0,0.006
"483","490",TRUE,0,0,0.002
"484","490",TRUE,0,0,0.214
"2","500",TRUE,0,0,0.008
"20","500",TRUE,0,0,0.003
"31","500",TRUE,0,0,0.001
"41","500",TRUE,0,0,0
"42","500",TRUE,0,0,0
"51","500",TRUE,0,0,0
"52","500",TRUE,0,0,0
"53","500",TRUE,0,0,0
"70","500",TRUE,0,0,0.003
"80","500",TRUE,0,0,0
"90","500",TRUE,0,0,0
"91","500",TRUE,0,0,0
"92","500",TRUE,0,0,0
"93","500",TRUE,0,0,0
"94","500",TRUE,0,0,0
"95","500",TRUE,0,0,0
"100","500",TRUE,0,0,0.001
"101","500",TRUE,0,0,0
"115","500",TRUE,0,0,0
"130","500",TRUE,0,0,0.001
"135","500",TRUE,0,0,0
"140","500",TRUE,0,0,0.01
"145","500",TRUE,0,0,0
"150","500",TRUE,0,0,0
"155","500",TRUE,0,0,0
"160","500",TRUE,0,0,0.001
"165","500",TRUE,0,0,0
"200","500",TRUE,0,0,0.004
"205","500",TRUE,0,0,0
"210","500",TRUE,0,0,0.001
"211","500",TRUE,0,0,0.003
"212","500",TRUE,0,0,0.001
"220","500",TRUE,0,0,0.001
"225","500",TRUE,0,0,0.002
"230","500",TRUE,0,0,0.008
"235","500",TRUE,0,0,0.001
"255","500",TRUE,0,0,0.003
"260","500",FALSE,NA,NA,0
"290","500",TRUE,0,0,0.006
"305","500",TRUE,0,0,0
"310","500",TRUE,0,0,0.001
"316","500",TRUE,0,0,0.001
"317","500",TRUE,0,0,0
"325","500",TRUE,0,0,0.016
"338","500",TRUE,0,0,0
"339","500",TRUE,0,0,0
"343","500",TRUE,0,0,0
"344","500",TRUE,0,0,0.001
"345","500",TRUE,0,0,0
"346","500",TRUE,0,0,0
"349","500",TRUE,0,0,0
"350","500",TRUE,0,0,0.008
"352","500",TRUE,0,0,0
"355","500",TRUE,0,0,0.001
"359","500",TRUE,0,0,0
"360","500",TRUE,0,0,0.003
"365","500",TRUE,0,0,0.011
"366","500",TRUE,0,0,0
"367","500",TRUE,0,0,0
"368","500",TRUE,0,0,0
"369","500",TRUE,0,0,0.009
"370","500",TRUE,0,0,0
"371","500",TRUE,0,0,0.001
"372","500",TRUE,0,0,0
"373","500",TRUE,0,0,0
"375","500",TRUE,0,0,0.001
"380","500",TRUE,0,0,0.003
"385","500",TRUE,0,0,0.001
"390","500",TRUE,0,0,0
"395","500",TRUE,0,0,0
"402","500",TRUE,0,0,0
"404","500",TRUE,0,0,0
"411","500",TRUE,0,0,0
"420","500",TRUE,0,0,0
"432","500",TRUE,0,0,0.002
"433","500",TRUE,0,0,0
"434","500",TRUE,0,0,0.001
"435","500",TRUE,0,0,0
"436","500",TRUE,0,0,0.003
"437","500",TRUE,0,0,0
"438","500",TRUE,0,0,0.001
"439","500",TRUE,0,0,0
"450","500",TRUE,0,0,0
"451","500",TRUE,0,0,0
"452","500",TRUE,0,0,0.002
"461","500",TRUE,0,0,0
"471","500",TRUE,0,0,0
"475","500",TRUE,0,0,0
"481","500",TRUE,0,0,0.001
"482","500",TRUE,0,0,0
"483","500",TRUE,0,0,0.002
"484","500",TRUE,0,0,0.001
"490","500",TRUE,0,0,0
"2","501",TRUE,0,0,0.006
"20","501",TRUE,0,0,0.002
"31","501",TRUE,0,0,0
"41","501",TRUE,0,0,0
"42","501",TRUE,0,0,0.001
"51","501",TRUE,0,0,0
"52","501",TRUE,0,0,0.001
"53","501",TRUE,0,0,0.001
"70","501",TRUE,0,0,0.004
"80","501",TRUE,0,0,0
"90","501",TRUE,0,0,0
"91","501",TRUE,0,0,0
"92","501",TRUE,0,0,0.001
"93","501",TRUE,0,0,0.001
"94","501",TRUE,0,0,0
"95","501",TRUE,0,0,0.001
"100","501",TRUE,0,0,0
"101","501",TRUE,0,0,0
"115","501",TRUE,0,0,0
"130","501",TRUE,0,0,0.001
"135","501",TRUE,0,0,0
"140","501",TRUE,0,0,0.003
"145","501",TRUE,0,0,0
"150","501",TRUE,0,0,0.001
"155","501",TRUE,0,0,0.001
"160","501",TRUE,0,0,0
"165","501",TRUE,0,0,0
"200","501",TRUE,0,0,0.003
"205","501",TRUE,0,0,0
"210","501",TRUE,0,0,0
"211","501",TRUE,0,0,0.001
"212","501",TRUE,0,0,0.001
"220","501",TRUE,0,0,0.006
"225","501",TRUE,0,0,0.002
"230","501",TRUE,0,0,0.006
"235","501",TRUE,0,0,0
"255","501",TRUE,0,0,0.008
"260","501",FALSE,NA,NA,0
"290","501",TRUE,0,0,0.002
"305","501",TRUE,0,0,0.001
"310","501",TRUE,0,0,0.001
"316","501",TRUE,0,0,0
"317","501",TRUE,0,0,0.002
"325","501",TRUE,0,0,0.015
"338","501",TRUE,0,0,0
"339","501",TRUE,0,0,0
"343","501",TRUE,0,0,0
"344","501",TRUE,0,0,0
"345","501",TRUE,0,0,0.001
"346","501",TRUE,0,0,0
"349","501",TRUE,0,0,0
"350","501",TRUE,0,0,0.003
"352","501",TRUE,0,0,0
"355","501",TRUE,0,0,0.005
"359","501",TRUE,0,0,0.001
"360","501",TRUE,0,0,0
"365","501",TRUE,0,0,0.006
"366","501",TRUE,0,0,0
"367","501",TRUE,0,0,0
"368","501",TRUE,0,0,0
"369","501",TRUE,0,0,0.007
"370","501",TRUE,0,0,0
"371","501",TRUE,0,0,0
"372","501",TRUE,0,0,0
"373","501",TRUE,0,0,0
"375","501",TRUE,0,0,0.001
"380","501",TRUE,0,0,0.001
"385","501",TRUE,0,0,0
"390","501",TRUE,0,0,0
"395","501",TRUE,0,0,0
"402","501",TRUE,0,0,0.003
"404","501",TRUE,0,0,0.002
"411","501",TRUE,0,0,0.003
"420","501",TRUE,0,0,0.001
"432","501",TRUE,0,0,0
"433","501",TRUE,0,0,0.002
"434","501",TRUE,0,0,0.001
"435","501",TRUE,0,0,0.003
"436","501",TRUE,0,0,0.001
"437","501",TRUE,0,0,0.004
"438","501",TRUE,0,0,0.002
"439","501",TRUE,0,0,0.003
"450","501",TRUE,0,0,0.003
"451","501",TRUE,0,0,0.006
"452","501",TRUE,0,0,0.003
"461","501",TRUE,0,0,0
"471","501",TRUE,0,0,0.001
"475","501",TRUE,0,0,0.001
"481","501",TRUE,0,0,0
"482","501",TRUE,0,0,0.004
"483","501",TRUE,0,0,0.005
"484","501",TRUE,0,0,0.001
"490","501",TRUE,0,0,0.003
"500","501",TRUE,0,0,0.024
"2","510",TRUE,0,0,0.004
"20","510",TRUE,0,0,0
"31","510",TRUE,0,0,0
"41","510",TRUE,0,0,0
"42","510",TRUE,0,0,0
"51","510",TRUE,0,0,0
"52","510",TRUE,0,0,0
"53","510",TRUE,0,0,0
"70","510",TRUE,0,0,0
"80","510",TRUE,0,0,0
"90","510",TRUE,0,0,0
"91","510",TRUE,0,0,0
"92","510",TRUE,0,0,0
"93","510",TRUE,0,0,0
"94","510",TRUE,0,0,0
"95","510",TRUE,0,0,0
"100","510",TRUE,0,0,0
"101","510",TRUE,0,0,0
"115","510",TRUE,0,0,0
"130","510",TRUE,0,0,0
"135","510",TRUE,0,0,0.001
"140","510",TRUE,0,0,0.007
"145","510",TRUE,0,0,0.001
"150","510",TRUE,0,0,0
"155","510",TRUE,0,0,0.001
"160","510",TRUE,0,0,0.002
"165","510",TRUE,0,0,0
"200","510",TRUE,0,0,0.002
"205","510",TRUE,0,0,0
"210","510",TRUE,0,0,0.002
"211","510",TRUE,0,0,0.002
"212","510",TRUE,0,0,0
"220","510",TRUE,0,0,0.003
"225","510",TRUE,0,0,0
"230","510",TRUE,0,0,0.003
"235","510",TRUE,0,0,0
"255","510",TRUE,0,0,0.002
"260","510",FALSE,NA,NA,0
"290","510",TRUE,0,0,0.003
"305","510",TRUE,0,0,0
"310","510",TRUE,0,0,0
"316","510",TRUE,0,0,0.002
"317","510",TRUE,0,0,0.001
"325","510",TRUE,0,0,0.012
"338","510",TRUE,0,0,0
"339","510",TRUE,0,0,0
"343","510",TRUE,0,0,0.001
"344","510",TRUE,0,0,0.001
"345","510",TRUE,0,0,0.001
"346","510",TRUE,0,0,0
"349","510",TRUE,0,0,0.001
"350","510",TRUE,0,0,0.001
"352","510",TRUE,0,0,0
"355","510",TRUE,0,0,0.001
"359","510",TRUE,0,0,0.001
"360","510",TRUE,0,0,0.001
"365","510",TRUE,0,0,0.005
"366","510",TRUE,0,0,0
"367","510",TRUE,0,0,0
"368","510",TRUE,0,0,0.001
"369","510",TRUE,0,0,0.009
"370","510",TRUE,0,0,0
"371","510",TRUE,0,0,0
"372","510",TRUE,0,0,0
"373","510",TRUE,0,0,0.001
"375","510",TRUE,0,0,0.001
"380","510",TRUE,0,0,0
"385","510",TRUE,0,0,0.001
"390","510",TRUE,0,0,0
"395","510",TRUE,0,0,0
"402","510",TRUE,0,0,0
"404","510",TRUE,0,0,0
"411","510",TRUE,0,0,0
"420","510",TRUE,0,0,0
"432","510",TRUE,0,0,0.001
"433","510",TRUE,0,0,0.001
"434","510",TRUE,0,0,0.001
"435","510",TRUE,0,0,0
"436","510",TRUE,0,0,0.003
"437","510",TRUE,0,0,0
"438","510",TRUE,0,0,0
"439","510",TRUE,0,0,0
"450","510",TRUE,0,0,0
"451","510",TRUE,0,0,0.001
"452","510",TRUE,0,0,0.001
"461","510",TRUE,0,0,0
"471","510",TRUE,0,0,0
"475","510",TRUE,0,0,0.002
"481","510",TRUE,0,0,0
"482","510",TRUE,0,0,0.002
"483","510",TRUE,0,0,0.002
"484","510",TRUE,0,0,0.001
"490","510",TRUE,0,0,0.002
"500","510",TRUE,0,0,0.003
"501","510",TRUE,0,0,0.014
"2","516",TRUE,0,0,0.008
"20","516",TRUE,0,0,0
"31","516",TRUE,0,0,0
"41","516",TRUE,0,0,0
"42","516",TRUE,0,0,0
"51","516",TRUE,0,0,0
"52","516",TRUE,0,0,0.001
"53","516",TRUE,0,0,0
"70","516",TRUE,0,0,0
"80","516",TRUE,0,0,0
"90","516",TRUE,0,0,0.001
"91","516",TRUE,0,0,0.001
"92","516",TRUE,0,0,0
"93","516",TRUE,0,0,0.001
"94","516",TRUE,0,0,0
"95","516",TRUE,0,0,0
"100","516",TRUE,0,0,0
"101","516",TRUE,0,0,0
"115","516",TRUE,0,0,0
"130","516",TRUE,0,0,0.001
"135","516",TRUE,0,0,0
"140","516",TRUE,0,0,0.005
"145","516",TRUE,0,0,0.002
"150","516",TRUE,0,0,0.001
"155","516",TRUE,0,0,0
"160","516",TRUE,0,0,0.002
"165","516",TRUE,0,0,0
"200","516",TRUE,0,0,0.01
"205","516",TRUE,0,0,0
"210","516",TRUE,0,0,0.005
"211","516",TRUE,0,0,0.001
"212","516",TRUE,0,0,0
"220","516",TRUE,0,0,0.004
"225","516",TRUE,0,0,0
"230","516",TRUE,0,0,0.008
"235","516",TRUE,0,0,0.001
"255","516",TRUE,0,0,0.003
"260","516",FALSE,NA,NA,0
"290","516",TRUE,0,0,0.002
"305","516",TRUE,0,0,0
"310","516",TRUE,0,0,0
"316","516",TRUE,0,0,0.001
"317","516",TRUE,0,0,0
"325","516",TRUE,0,0,0.013
"338","516",TRUE,0,0,0
"339","516",TRUE,0,0,0
"343","516",TRUE,0,0,0
"344","516",TRUE,0,0,0.001
"345","516",TRUE,0,0,0
"346","516",TRUE,0,0,0
"349","516",TRUE,0,0,0.001
"350","516",TRUE,0,0,0.003
"352","516",TRUE,0,0,0
"355","516",TRUE,0,0,0.002
"359","516",TRUE,0,0,0
"360","516",TRUE,0,0,0.003
"365","516",TRUE,0,0,0.016
"366","516",TRUE,0,0,0
"367","516",TRUE,0,0,0
"368","516",TRUE,0,0,0
"369","516",TRUE,0,0,0.024
"370","516",TRUE,0,0,0
"371","516",TRUE,0,0,0
"372","516",TRUE,0,0,0
"373","516",TRUE,0,0,0
"375","516",TRUE,0,0,0
"380","516",TRUE,0,0,0.003
"385","516",TRUE,0,0,0
"390","516",TRUE,0,0,0
"395","516",TRUE,0,0,0
"402","516",TRUE,0,0,0.001
"404","516",TRUE,0,0,0.001
"411","516",TRUE,0,0,0.004
"420","516",TRUE,0,0,0
"432","516",TRUE,0,0,0.003
"433","516",TRUE,0,0,0
"434","516",TRUE,0,0,0.002
"435","516",TRUE,0,0,0.002
"436","516",TRUE,0,0,0.004
"437","516",TRUE,0,0,0.002
"438","516",TRUE,0,0,0.001
"439","516",TRUE,0,0,0.001
"450","516",TRUE,0,0,0.001
"451","516",TRUE,0,0,0.002
"452","516",TRUE,0,0,0.006
"461","516",TRUE,0,0,0.001
"471","516",TRUE,0,0,0.006
"475","516",TRUE,0,0,0.002
"481","516",TRUE,0,0,0.003
"482","516",TRUE,0,0,0.005
"483","516",TRUE,0,0,0.001
"484","516",TRUE,0,0,0.001
"490","516",TRUE,0,0,0.005
"500","516",TRUE,0,0,0.011
"501","516",TRUE,0,0,0.007
"510","516",TRUE,0,0,0.002
"2","517",TRUE,0,0,0.006
"20","517",TRUE,0,0,0
"31","517",TRUE,0,0,0
"41","517",TRUE,0,0,0
"42","517",TRUE,0,0,0
"51","517",TRUE,0,0,0
"52","517",TRUE,0,0,0.001
"53","517",TRUE,0,0,0
"70","517",TRUE,0,0,0
"80","517",TRUE,0,0,0
"90","517",TRUE,0,0,0
"91","517",TRUE,0,0,0
"92","517",TRUE,0,0,0
"93","517",TRUE,0,0,0
"94","517",TRUE,0,0,0
"95","517",TRUE,0,0,0
"100","517",TRUE,0,0,0
"101","517",TRUE,0,0,0
"115","517",TRUE,0,0,0
"130","517",TRUE,0,0,0
"135","517",TRUE,0,0,0
"140","517",TRUE,0,0,0.004
"145","517",TRUE,0,0,0
"150","517",TRUE,0,0,0
"155","517",TRUE,0,0,0.004
"160","517",TRUE,0,0,0.002
"165","517",TRUE,0,0,0
"200","517",TRUE,0,0,0.013
"205","517",TRUE,0,0,0
"210","517",TRUE,0,0,0.004
"211","517",TRUE,0,0,0.003
"212","517",TRUE,0,0,0
"220","517",TRUE,0,0,0.016
"225","517",TRUE,0,0,0
"230","517",TRUE,0,0,0.011
"235","517",TRUE,0,0,0
"255","517",TRUE,0,0,0.009
"260","517",FALSE,NA,NA,0
"290","517",TRUE,0,0,0.009
"305","517",TRUE,0,0,0
"310","517",TRUE,0,0,0
"316","517",TRUE,0,0,0.006
"317","517",TRUE,0,0,0.003
"325","517",TRUE,0,0,0.036
"338","517",TRUE,0,0,0
"339","517",TRUE,0,0,0
"343","517",TRUE,0,0,0
"344","517",TRUE,0,0,0
"345","517",TRUE,0,0,0.001
"346","517",TRUE,0,0,0
"349","517",TRUE,0,0,0.001
"350","517",TRUE,0,0,0
"352","517",TRUE,0,0,0
"355","517",TRUE,0,0,0.002
"359","517",TRUE,0,0,0
"360","517",TRUE,0,0,0.006
"365","517",TRUE,0,0,0.021
"366","517",TRUE,0,0,0
"367","517",TRUE,0,0,0
"368","517",TRUE,0,0,0.001
"369","517",TRUE,0,0,0.03
"370","517",TRUE,0,0,0
"371","517",TRUE,0,0,0
"372","517",TRUE,0,0,0
"373","517",TRUE,0,0,0.001
"375","517",TRUE,0,0,0
"380","517",TRUE,0,0,0.003
"385","517",TRUE,0,0,0.001
"390","517",TRUE,0,0,0
"395","517",TRUE,0,0,0
"402","517",TRUE,0,0,0
"404","517",TRUE,0,0,0
"411","517",TRUE,0,0,0
"420","517",TRUE,0,0,0
"432","517",TRUE,0,0,0.001
"433","517",TRUE,0,0,0
"434","517",TRUE,0,0,0
"435","517",TRUE,0,0,0
"436","517",TRUE,0,0,0
"437","517",TRUE,0,0,0
"438","517",TRUE,0,0,0
"439","517",TRUE,0,0,0
"450","517",TRUE,0,0,0.001
"451","517",TRUE,0,0,0.001
"452","517",TRUE,0,0,0.001
"461","517",TRUE,0,0,0.001
"471","517",TRUE,0,0,0
"475","517",TRUE,0,0,0.011
"481","517",TRUE,0,0,0.002
"482","517",TRUE,0,0,0.002
"483","517",TRUE,0,0,0.001
"484","517",TRUE,0,0,0
"490","517",TRUE,0,0,0.008
"500","517",TRUE,0,0,0.003
"501","517",TRUE,0,0,0.013
"510","517",TRUE,0,0,0.005
"516","517",TRUE,0,0,0.016
"2","522",TRUE,0,0,0
"20","522",TRUE,0,0,0.002
"31","522",TRUE,0,0,0
"41","522",TRUE,0,0,0
"42","522",TRUE,0,0,0
"51","522",TRUE,0,0,0
"52","522",TRUE,0,0,0
"53","522",TRUE,0,0,0
"70","522",TRUE,0,0,0
"80","522",TRUE,0,0,0
"90","522",TRUE,0,0,0
"91","522",TRUE,0,0,0
"92","522",TRUE,0,0,0.001
"93","522",TRUE,0,0,0
"94","522",TRUE,0,0,0
"95","522",TRUE,0,0,0
"100","522",TRUE,0,0,0
"101","522",TRUE,0,0,0
"115","522",TRUE,0,0,0
"130","522",TRUE,0,0,0
"135","522",TRUE,0,0,0
"140","522",TRUE,0,0,0.001
"145","522",TRUE,0,0,0
"150","522",TRUE,0,0,0
"155","522",TRUE,0,0,0
"160","522",TRUE,0,0,0
"165","522",TRUE,0,0,0
"200","522",TRUE,0,0,0.001
"205","522",TRUE,0,0,0
"210","522",TRUE,0,0,0.001
"211","522",TRUE,0,0,0.001
"212","522",TRUE,0,0,0
"220","522",TRUE,0,0,0.006
"225","522",TRUE,0,0,0.001
"230","522",TRUE,0,0,0.008
"235","522",TRUE,0,0,0
"255","522",TRUE,0,0,0.001
"260","522",FALSE,NA,NA,0
"290","522",TRUE,0,0,0
"305","522",TRUE,0,0,0.001
"310","522",TRUE,0,0,0
"316","522",TRUE,0,0,0
"317","522",TRUE,0,0,0.003
"325","522",TRUE,1,1,0.596
"338","522",TRUE,0,0,0
"339","522",TRUE,0,0,0.001
"343","522",TRUE,0,0,0
"344","522",TRUE,0,0,0
"345","522",TRUE,0,0,0.002
"346","522",TRUE,0,0,0
"349","522",TRUE,0,0,0.001
"350","522",TRUE,0,0,0
"352","522",TRUE,0,0,0
"355","522",TRUE,0,0,0.003
"359","522",TRUE,0,0,0
"360","522",TRUE,0,0,0.001
"365","522",TRUE,0,0,0.006
"366","522",TRUE,0,0,0
"367","522",TRUE,0,0,0
"368","522",TRUE,0,0,0
"369","522",TRUE,0,0,0.018
"370","522",TRUE,0,0,0
"371","522",TRUE,0,0,0
"372","522",TRUE,0,0,0
"373","522",TRUE,0,0,0
"375","522",TRUE,0,0,0
"380","522",TRUE,0,0,0.003
"385","522",TRUE,0,0,0
"390","522",TRUE,0,0,0
"395","522",TRUE,0,0,0
"402","522",TRUE,0,0,0
"404","522",TRUE,0,0,0
"411","522",TRUE,0,0,0
"420","522",TRUE,0,0,0
"432","522",TRUE,0,0,0.001
"433","522",TRUE,0,0,0
"434","522",TRUE,0,0,0
"435","522",TRUE,0,0,0
"436","522",TRUE,0,0,0
"437","522",TRUE,0,0,0
"438","522",TRUE,0,0,0
"439","522",TRUE,0,0,0
"450","522",TRUE,0,0,0
"451","522",TRUE,0,0,0
"452","522",TRUE,0,0,0.001
"461","522",TRUE,0,0,0
"471","522",TRUE,0,0,0.001
"475","522",TRUE,0,0,0
"481","522",TRUE,0,0,0
"482","522",TRUE,0,0,0
"483","522",TRUE,0,0,0.001
"484","522",TRUE,0,0,0
"490","522",TRUE,0,0,0
"500","522",TRUE,0,0,0
"501","522",TRUE,0,0,0.002
"510","522",TRUE,0,0,0
"516","522",TRUE,0,0,0.001
"517","522",TRUE,0,0,0
"2","530",TRUE,0,0,0.004
"20","530",TRUE,0,0,0
"31","530",TRUE,0,0,0
"41","530",TRUE,0,0,0
"42","530",TRUE,0,0,0
"51","530",TRUE,0,0,0.002
"52","530",TRUE,0,0,0.002
"53","530",TRUE,0,0,0.001
"70","530",TRUE,0,0,0.004
"80","530",TRUE,0,0,0
"90","530",TRUE,0,0,0
"91","530",TRUE,0,0,0
"92","530",TRUE,0,0,0
"93","530",TRUE,0,0,0.001
"94","530",TRUE,0,0,0
"95","530",TRUE,0,0,0
"100","530",TRUE,0,0,0
"101","530",TRUE,0,0,0
"115","530",TRUE,0,0,0
"130","530",TRUE,0,0,0
"135","530",TRUE,0,0,0
"140","530",TRUE,0,0,0.007
"145","530",TRUE,0,0,0
"150","530",TRUE,0,0,0
"155","530",TRUE,0,0,0
"160","530",TRUE,0,0,0.002
"165","530",TRUE,0,0,0
"200","530",TRUE,0,0,0.003
"205","530",TRUE,0,0,0.001
"210","530",TRUE,0,0,0.004
"211","530",TRUE,0,0,0
"212","530",TRUE,0,0,0
"220","530",TRUE,0,0,0.004
"225","530",TRUE,0,0,0.001
"230","530",TRUE,0,0,0.005
"235","530",TRUE,0,0,0.001
"255","530",TRUE,0,0,0.004
"260","530",FALSE,NA,NA,0
"290","530",TRUE,0,0,0.005
"305","530",TRUE,0,0,0.001
"310","530",TRUE,0,0,0.003
"316","530",TRUE,0,0,0
"317","530",TRUE,0,0,0.003
"325","530",TRUE,0,0,0.023
"338","530",TRUE,0,0,0
"339","530",TRUE,0,0,0
"343","530",TRUE,0,0,0
"344","530",TRUE,0,0,0.001
"345","530",TRUE,0,0,0
"346","530",TRUE,0,0,0.001
"349","530",TRUE,0,0,0
"350","530",TRUE,0,0,0.002
"352","530",TRUE,0,0,0
"355","530",TRUE,0,0,0
"359","530",TRUE,0,0,0.001
"360","530",TRUE,0,0,0.002
"365","530",TRUE,0,0,0.025
"366","530",TRUE,0,0,0
"367","530",TRUE,0,0,0
"368","530",TRUE,0,0,0.001
"369","530",TRUE,0,0,0.017
"370","530",TRUE,0,0,0
"371","530",TRUE,0,0,0.001
"372","530",TRUE,0,0,0
"373","530",TRUE,0,0,0
"375","530",TRUE,0,0,0
"380","530",TRUE,0,0,0.002
"385","530",TRUE,0,0,0
"390","530",TRUE,0,0,0
"395","530",TRUE,0,0,0.001
"402","530",TRUE,0,0,0
"404","530",TRUE,0,0,0.002
"411","530",TRUE,0,0,0
"420","530",TRUE,0,0,0
"432","530",TRUE,0,0,0
"433","530",TRUE,0,0,0.001
"434","530",TRUE,0,0,0.001
"435","530",TRUE,0,0,0.001
"436","530",TRUE,0,0,0.002
"437","530",TRUE,0,0,0.001
"438","530",TRUE,0,0,0
"439","530",TRUE,0,0,0
"450","530",TRUE,0,0,0
"451","530",TRUE,0,0,0.004
"452","530",TRUE,0,0,0.005
"461","530",TRUE,0,0,0
"471","530",TRUE,0,0,0
"475","530",TRUE,0,0,0.002
"481","530",TRUE,0,0,0
"482","530",TRUE,0,0,0.006
"483","530",TRUE,0,0,0.002
"484","530",TRUE,0,0,0.001
"490","530",TRUE,0,0,0.002
"500","530",TRUE,0,0,0.004
"501","530",TRUE,0,0,0.015
"510","530",TRUE,0,0,0.003
"516","530",TRUE,0,0,0.004
"517","530",TRUE,0,0,0.001
"522","530",TRUE,0,0,0.002
"2","540",TRUE,0,0,0.001
"20","540",TRUE,0,0,0
"31","540",TRUE,0,0,0
"41","540",TRUE,0,0,0
"42","540",TRUE,0,0,0
"51","540",TRUE,0,0,0
"52","540",TRUE,0,0,0
"53","540",TRUE,0,0,0.001
"70","540",TRUE,0,0,0
"80","540",TRUE,0,0,0.001
"90","540",TRUE,0,0,0
"91","540",TRUE,0,0,0
"92","540",TRUE,0,0,0
"93","540",TRUE,0,0,0
"94","540",TRUE,0,0,0
"95","540",TRUE,0,0,0
"100","540",TRUE,0,0,0
"101","540",TRUE,0,0,0
"115","540",TRUE,0,0,0
"130","540",TRUE,0,0,0
"135","540",TRUE,0,0,0
"140","540",TRUE,0,0,0.001
"145","540",TRUE,0,0,0
"150","540",TRUE,0,0,0
"155","540",TRUE,0,0,0.004
"160","540",TRUE,0,0,0
"165","540",TRUE,0,0,0
"200","540",TRUE,0,0,0.007
"205","540",TRUE,0,0,0
"210","540",TRUE,0,0,0.001
"211","540",TRUE,0,0,0
"212","540",TRUE,0,0,0
"220","540",TRUE,0,0,0.005
"225","540",TRUE,0,0,0
"230","540",TRUE,0,0,0.011
"235","540",TRUE,0,0,0
"255","540",TRUE,0,0,0.005
"260","540",FALSE,NA,NA,0
"290","540",TRUE,0,0,0.001
"305","540",TRUE,0,0,0
"310","540",TRUE,0,0,0
"316","540",TRUE,0,0,0.003
"317","540",TRUE,0,0,0.003
"325","540",TRUE,0,0,0.022
"338","540",TRUE,0,0,0
"339","540",TRUE,0,0,0
"343","540",TRUE,0,0,0
"344","540",TRUE,0,0,0
"345","540",TRUE,0,0,0
"346","540",TRUE,0,0,0
"349","540",TRUE,0,0,0
"350","540",TRUE,0,0,0
"352","540",TRUE,0,0,0
"355","540",TRUE,0,0,0
"359","540",TRUE,0,0,0
"360","540",TRUE,0,0,0.002
"365","540",TRUE,0,0,0.011
"366","540",TRUE,0,0,0
"367","540",TRUE,0,0,0
"368","540",TRUE,0,0,0
"369","540",TRUE,0,0,0.009
"370","540",TRUE,0,0,0
"371","540",TRUE,0,0,0
"372","540",TRUE,0,0,0
"373","540",TRUE,0,0,0.001
"375","540",TRUE,0,0,0
"380","540",TRUE,0,0,0.002
"385","540",TRUE,0,0,0
"390","540",TRUE,0,0,0
"395","540",TRUE,0,0,0
"402","540",TRUE,0,0,0
"404","540",TRUE,0,0,0
"411","540",TRUE,0,0,0.001
"420","540",TRUE,0,0,0
"432","540",TRUE,0,0,0.005
"433","540",TRUE,0,0,0.001
"434","540",TRUE,0,0,0.002
"435","540",TRUE,0,0,0
"436","540",TRUE,0,0,0.002
"437","540",TRUE,0,0,0.002
"438","540",TRUE,0,0,0
"439","540",TRUE,0,0,0
"450","540",TRUE,0,0,0.001
"451","540",TRUE,0,0,0
"452","540",TRUE,0,0,0.001
"461","540",TRUE,0,0,0.002
"471","540",TRUE,0,0,0.002
"475","540",TRUE,0,0,0.011
"481","540",TRUE,0,0,0.01
"482","540",TRUE,0,0,0
"483","540",TRUE,0,0,0.001
"484","540",TRUE,0,0,0.003
"490","540",TRUE,0,0,0.017
"500","540",TRUE,0,0,0.002
"501","540",TRUE,0,0,0.002
"510","540",TRUE,0,0,0.002
"516","540",TRUE,0,0,0.004
"517","540",TRUE,0,0,0.006
"522","540",TRUE,0,0,0
"530","540",TRUE,0,0,0
"2","541",TRUE,0,0,0.003
"20","541",TRUE,0,0,0.001
"31","541",TRUE,0,0,0
"41","541",TRUE,0,0,0
"42","541",TRUE,0,0,0
"51","541",TRUE,0,0,0
"52","541",TRUE,0,0,0
"53","541",TRUE,0,0,0
"70","541",TRUE,0,0,0.001
"80","541",TRUE,0,0,0
"90","541",TRUE,0,0,0
"91","541",TRUE,0,0,0
"92","541",TRUE,0,0,0
"93","541",TRUE,0,0,0
"94","541",TRUE,0,0,0
"95","541",TRUE,0,0,0
"100","541",TRUE,0,0,0
"101","541",TRUE,0,0,0
"115","541",TRUE,0,0,0
"130","541",TRUE,0,0,0
"135","541",TRUE,0,0,0
"140","541",TRUE,0,0,0.004
"145","541",TRUE,0,0,0
"150","541",TRUE,0,0,0.001
"155","541",TRUE,0,0,0
"160","541",TRUE,0,0,0
"165","541",TRUE,0,0,0
"200","541",TRUE,0,0,0.014
"205","541",TRUE,0,0,0
"210","541",TRUE,0,0,0.001
"211","541",TRUE,0,0,0.002
"212","541",TRUE,0,0,0
"220","541",TRUE,0,0,0.015
"225","541",TRUE,0,0,0.001
"230","541",TRUE,0,0,0.015
"235","541",TRUE,0,0,0
"255","541",TRUE,0,0,0.016
"260","541",FALSE,NA,NA,0
"290","541",TRUE,0,0,0.015
"305","541",TRUE,0,0,0
"310","541",TRUE,0,0,0
"316","541",TRUE,0,0,0.008
"317","541",TRUE,0,0,0.003
"325","541",TRUE,0,0,0.034
"338","541",TRUE,0,0,0
"339","541",TRUE,0,0,0
"343","541",TRUE,0,0,0
"344","541",TRUE,0,0,0
"345","541",TRUE,0,0,0
"346","541",TRUE,0,0,0
"349","541",TRUE,0,0,0
"350","541",TRUE,0,0,0
"352","541",TRUE,0,0,0
"355","541",TRUE,0,0,0.006
"359","541",TRUE,0,0,0
"360","541",TRUE,0,0,0.006
"365","541",TRUE,0,0,0.044
"366","541",TRUE,0,0,0
"367","541",TRUE,0,0,0
"368","541",TRUE,0,0,0
"369","541",TRUE,0,0,0.027
"370","541",TRUE,0,0,0
"371","541",TRUE,0,0,0
"372","541",TRUE,0,0,0
"373","541",TRUE,0,0,0
"375","541",TRUE,0,0,0.001
"380","541",TRUE,0,0,0
"385","541",TRUE,0,0,0
"390","541",TRUE,0,0,0
"395","541",TRUE,0,0,0
"402","541",TRUE,0,0,0
"404","541",TRUE,0,0,0
"411","541",TRUE,0,0,0
"420","541",TRUE,0,0,0
"432","541",TRUE,0,0,0.004
"433","541",TRUE,0,0,0
"434","541",TRUE,0,0,0
"435","541",TRUE,0,0,0
"436","541",TRUE,0,0,0
"437","541",TRUE,0,0,0.001
"438","541",TRUE,0,0,0
"439","541",TRUE,0,0,0
"450","541",TRUE,0,0,0
"451","541",TRUE,0,0,0.001
"452","541",TRUE,0,0,0.002
"461","541",TRUE,0,0,0
"471","541",TRUE,0,0,0.001
"475","541",TRUE,0,0,0.008
"481","541",TRUE,0,0,0.002
"482","541",TRUE,0,0,0.001
"483","541",TRUE,0,0,0.002
"484","541",TRUE,0,0,0
"490","541",TRUE,0,0,0.008
"500","541",TRUE,0,0,0
"501","541",TRUE,0,0,0.001
"510","541",TRUE,0,0,0.003
"516","541",TRUE,0,0,0
"517","541",TRUE,0,0,0.004
"522","541",TRUE,0,0,0
"530","541",TRUE,0,0,0
"540","541",TRUE,0,0,0.002
"2","551",TRUE,0,0,0.003
"20","551",TRUE,0,0,0
"31","551",TRUE,0,0,0
"41","551",TRUE,0,0,0
"42","551",TRUE,0,0,0
"51","551",TRUE,0,0,0
"52","551",TRUE,0,0,0
"53","551",TRUE,0,0,0
"70","551",TRUE,0,0,0.001
"80","551",TRUE,0,0,0
"90","551",TRUE,0,0,0
"91","551",TRUE,0,0,0.001
"92","551",TRUE,0,0,0
"93","551",TRUE,0,0,0
"94","551",TRUE,0,0,0
"95","551",TRUE,0,0,0
"100","551",TRUE,0,0,0.001
"101","551",TRUE,0,0,0
"115","551",TRUE,0,0,0
"130","551",TRUE,0,0,0.001
"135","551",TRUE,0,0,0
"140","551",TRUE,0,0,0.008
"145","551",TRUE,0,0,0
"150","551",TRUE,0,0,0
"155","551",TRUE,0,0,0.003
"160","551",TRUE,0,0,0
"165","551",TRUE,0,0,0
"200","551",TRUE,0,0,0.011
"205","551",TRUE,0,0,0
"210","551",TRUE,0,0,0.002
"211","551",TRUE,0,0,0.003
"212","551",TRUE,0,0,0
"220","551",TRUE,0,0,0.018
"225","551",TRUE,0,0,0
"230","551",TRUE,0,0,0.014
"235","551",TRUE,0,0,0.001
"255","551",TRUE,0,0,0.025
"260","551",FALSE,NA,NA,0
"290","551",TRUE,0,0,0.011
"305","551",TRUE,0,0,0
"310","551",TRUE,0,0,0
"316","551",TRUE,0,0,0.007
"317","551",TRUE,0,0,0.002
"325","551",TRUE,0,0,0.035
"338","551",TRUE,0,0,0
"339","551",TRUE,0,0,0
"343","551",TRUE,0,0,0
"344","551",TRUE,0,0,0
"345","551",TRUE,0,0,0
"346","551",TRUE,0,0,0
"349","551",TRUE,0,0,0
"350","551",TRUE,0,0,0.002
"352","551",TRUE,0,0,0.001
"355","551",TRUE,0,0,0.005
"359","551",TRUE,0,0,0
"360","551",TRUE,0,0,0.005
"365","551",TRUE,0,0,0.014
"366","551",TRUE,0,0,0
"367","551",TRUE,0,0,0
"368","551",TRUE,0,0,0.002
"369","551",TRUE,0,0,0.028
"370","551",TRUE,0,0,0.001
"371","551",TRUE,0,0,0
"372","551",TRUE,0,0,0
"373","551",TRUE,0,0,0
"375","551",TRUE,0,0,0.001
"380","551",TRUE,0,0,0.003
"385","551",TRUE,0,0,0
"390","551",TRUE,0,0,0.001
"395","551",TRUE,0,0,0
"402","551",TRUE,0,0,0
"404","551",TRUE,0,0,0
"411","551",TRUE,0,0,0.001
"420","551",TRUE,0,0,0
"432","551",TRUE,0,0,0.005
"433","551",TRUE,0,0,0
"434","551",TRUE,0,0,0.001
"435","551",TRUE,0,0,0
"436","551",TRUE,0,0,0
"437","551",TRUE,0,0,0
"438","551",TRUE,0,0,0
"439","551",TRUE,0,0,0
"450","551",TRUE,0,0,0.001
"451","551",TRUE,0,0,0
"452","551",TRUE,0,0,0
"461","551",TRUE,0,0,0.002
"471","551",TRUE,0,0,0
"475","551",TRUE,0,0,0.008
"481","551",TRUE,0,0,0.002
"482","551",TRUE,0,0,0
"483","551",TRUE,0,0,0
"484","551",TRUE,0,0,0
"490","551",TRUE,0,0,0.011
"500","551",TRUE,0,0,0.001
"501","551",TRUE,0,0,0.006
"510","551",TRUE,0,0,0
"516","551",TRUE,0,0,0.002
"517","551",TRUE,0,0,0.002
"522","551",TRUE,0,0,0.001
"530","551",TRUE,0,0,0.001
"540","551",TRUE,0,0,0.006
"541","551",TRUE,0,0,0.004
"2","552",TRUE,0,0,0
"20","552",TRUE,0,0,0
"31","552",TRUE,0,0,0
"41","552",TRUE,0,0,0
"42","552",TRUE,0,0,0
"51","552",TRUE,0,0,0
"52","552",TRUE,0,0,0
"53","552",TRUE,0,0,0
"70","552",TRUE,0,0,0
"80","552",TRUE,0,0,0
"90","552",TRUE,0,0,0
"91","552",TRUE,0,0,0
"92","552",TRUE,0,0,0
"93","552",TRUE,0,0,0
"94","552",TRUE,0,0,0
"95","552",TRUE,0,0,0
"100","552",TRUE,0,0,0.001
"101","552",TRUE,0,0,0
"115","552",TRUE,0,0,0
"130","552",TRUE,0,0,0
"135","552",TRUE,0,0,0
"140","552",TRUE,0,0,0.002
"145","552",TRUE,0,0,0
"150","552",TRUE,0,0,0
"155","552",TRUE,0,0,0
"160","552",TRUE,0,0,0
"165","552",TRUE,0,0,0
"200","552",TRUE,0,0,0
"205","552",TRUE,0,0,0
"210","552",TRUE,0,0,0
"211","552",TRUE,0,0,0.001
"212","552",TRUE,0,0,0
"220","552",TRUE,0,0,0.002
"225","552",TRUE,0,0,0
"230","552",TRUE,0,0,0.001
"235","552",TRUE,0,0,0
"255","552",TRUE,0,0,0.001
"260","552",FALSE,NA,NA,0
"290","552",TRUE,0,0,0
"305","552",TRUE,0,0,0
"310","552",TRUE,0,0,0
"316","552",TRUE,0,0,0
"317","552",TRUE,0,0,0
"325","552",TRUE,0,0,0.004
"338","552",TRUE,0,0,0
"339","552",TRUE,0,0,0
"343","552",TRUE,0,0,0
"344","552",TRUE,0,0,0
"345","552",TRUE,0,0,0
"346","552",TRUE,0,0,0
"349","552",TRUE,0,0,0
"350","552",TRUE,0,0,0
"352","552",TRUE,0,0,0
"355","552",TRUE,0,0,0.002
"359","552",TRUE,0,0,0
"360","552",TRUE,0,0,0
"365","552",TRUE,0,0,0.003
"366","552",TRUE,0,0,0
"367","552",TRUE,0,0,0
"368","552",TRUE,0,0,0
"369","552",TRUE,0,0,0.004
"370","552",TRUE,0,0,0
"371","552",TRUE,0,0,0
"372","552",TRUE,0,0,0
"373","552",TRUE,0,0,0
"375","552",TRUE,0,0,0.001
"380","552",TRUE,0,0,0
"385","552",TRUE,0,0,0
"390","552",TRUE,0,0,0
"395","552",TRUE,0,0,0
"402","552",TRUE,0,0,0
"404","552",TRUE,0,0,0
"411","552",TRUE,0,0,0
"420","552",TRUE,0,0,0
"432","552",TRUE,0,0,0
"433","552",TRUE,0,0,0.002
"434","552",TRUE,0,0,0
"435","552",TRUE,0,0,0
"436","552",TRUE,0,0,0
"437","552",TRUE,0,0,0
"438","552",TRUE,0,0,0
"439","552",TRUE,0,0,0
"450","552",TRUE,0,0,0
"451","552",TRUE,0,0,0
"452","552",TRUE,0,0,0.001
"461","552",TRUE,0,0,0.001
"471","552",TRUE,0,0,0
"475","552",TRUE,0,0,0.003
"481","552",TRUE,0,0,0
"482","552",TRUE,0,0,0
"483","552",TRUE,0,0,0
"484","552",TRUE,0,0,0
"490","552",TRUE,0,0,0.002
"500","552",TRUE,0,0,0.001
"501","552",TRUE,0,0,0.001
"510","552",TRUE,0,0,0
"516","552",TRUE,0,0,0.003
"517","552",TRUE,0,0,0
"522","552",TRUE,0,0,0
"530","552",TRUE,0,0,0.002
"540","552",TRUE,1,1,0.335
"541","552",TRUE,0,0,0.002
"551","552",TRUE,0,0,0.004
"2","553",TRUE,0,0,0.007
"20","553",TRUE,0,0,0.003
"31","553",TRUE,0,0,0
"41","553",TRUE,0,0,0
"42","553",TRUE,0,0,0
"51","553",TRUE,0,0,0
"52","553",TRUE,0,0,0
"53","553",TRUE,0,0,0
"70","553",TRUE,0,0,0
"80","553",TRUE,0,0,0
"90","553",TRUE,0,0,0.002
"91","553",TRUE,0,0,0
"92","553",TRUE,0,0,0.001
"93","553",TRUE,0,0,0
"94","553",TRUE,0,0,0
"95","553",TRUE,0,0,0
"100","553",TRUE,0,0,0.001
"101","553",TRUE,0,0,0
"115","553",TRUE,0,0,0
"130","553",TRUE,0,0,0
"135","553",TRUE,0,0,0.001
"140","553",TRUE,0,0,0.007
"145","553",TRUE,0,0,0
"150","553",TRUE,0,0,0
"155","553",TRUE,0,0,0.001
"160","553",TRUE,0,0,0.003
"165","553",TRUE,0,0,0
"200","553",TRUE,0,0,0.005
"205","553",TRUE,0,0,0
"210","553",TRUE,0,0,0
"211","553",TRUE,0,0,0.001
"212","553",TRUE,0,0,0
"220","553",TRUE,0,0,0.007
"225","553",TRUE,0,0,0
"230","553",TRUE,0,0,0.008
"235","553",TRUE,0,0,0.001
"255","553",TRUE,0,0,0.006
"260","553",FALSE,NA,NA,0
"290","553",TRUE,0,0,0.002
"305","553",TRUE,0,0,0.001
"310","553",TRUE,0,0,0.001
"316","553",TRUE,0,0,0.002
"317","553",TRUE,0,0,0.005
"325","553",TRUE,0,0,0.017
"338","553",TRUE,0,0,0
"339","553",TRUE,0,0,0
"343","553",TRUE,0,0,0
"344","553",TRUE,0,0,0
"345","553",TRUE,0,0,0.003
"346","553",TRUE,0,0,0
"349","553",TRUE,0,0,0
"350","553",TRUE,0,0,0.002
"352","553",TRUE,0,0,0
"355","553",TRUE,0,0,0
"359","553",TRUE,0,0,0.001
"360","553",TRUE,0,0,0.005
"365","553",TRUE,0,0,0.008
"366","553",TRUE,0,0,0.001
"367","553",TRUE,0,0,0
"368","553",TRUE,0,0,0
"369","553",TRUE,0,0,0.006
"370","553",TRUE,0,0,0
"371","553",TRUE,0,0,0
"372","553",TRUE,0,0,0
"373","553",TRUE,0,0,0
"375","553",TRUE,0,0,0
"380","553",TRUE,0,0,0.001
"385","553",TRUE,0,0,0.001
"390","553",TRUE,0,0,0
"395","553",TRUE,0,0,0
"402","553",TRUE,0,0,0
"404","553",TRUE,0,0,0.002
"411","553",TRUE,0,0,0.002
"420","553",TRUE,0,0,0
"432","553",TRUE,0,0,0
"433","553",TRUE,0,0,0.001
"434","553",TRUE,0,0,0.003
"435","553",TRUE,0,0,0.001
"436","553",TRUE,0,0,0.003
"437","553",TRUE,0,0,0.001
"438","553",TRUE,0,0,0.003
"439","553",TRUE,0,0,0.002
"450","553",TRUE,0,0,0
"451","553",TRUE,0,0,0.001
"452","553",TRUE,0,0,0.002
"461","553",TRUE,0,0,0
"471","553",TRUE,0,0,0.002
"475","553",TRUE,0,0,0.002
"481","553",TRUE,0,0,0
"482","553",TRUE,0,0,0.003
"483","553",TRUE,0,0,0
"484","553",TRUE,0,0,0
"490","553",TRUE,0,0,0.001
"500","553",TRUE,0,0,0.003
"501","553",TRUE,0,0,0.01
"510","553",TRUE,0,0,0.007
"516","553",TRUE,0,0,0.006
"517","553",TRUE,0,0,0.002
"522","553",TRUE,0,0,0
"530","553",TRUE,0,0,0
"540","553",TRUE,0,0,0.001
"541","553",TRUE,0,0,0.001
"551","553",TRUE,0,0,0.01
"552","553",TRUE,0,0,0.005
"2","560",TRUE,0,0,0.038
"20","560",TRUE,0,0,0.007
"31","560",TRUE,0,0,0.004
"41","560",TRUE,0,0,0.004
"42","560",TRUE,0,0,0.008
"51","560",TRUE,0,0,0.011
"52","560",TRUE,0,0,0.003
"53","560",TRUE,0,0,0.007
"70","560",TRUE,0,0,0.004
"80","560",TRUE,0,0,0.005
"90","560",TRUE,0,0,0.02
"91","560",TRUE,0,0,0.01
"92","560",TRUE,0,0,0.01
"93","560",TRUE,0,0,0.005
"94","560",TRUE,0,0,0.002
"95","560",TRUE,0,0,0.006
"100","560",TRUE,0,0,0.039
"101","560",TRUE,0,0,0.021
"115","560",TRUE,0,0,0.015
"130","560",TRUE,0,0,0.008
"135","560",TRUE,0,0,0.04
"140","560",TRUE,0,0,0.062
"145","560",TRUE,0,0,0.009
"150","560",TRUE,0,0,0.009
"155","560",TRUE,1,1,1
"160","560",TRUE,0,0,0.046
"165","560",TRUE,0,0,0.011
"200","560",TRUE,1,1,0.999
"205","560",TRUE,0,0,0
"210","560",TRUE,1,1,0.992
"211","560",TRUE,1,1,0.998
"212","560",TRUE,0,0,0.002
"220","560",TRUE,1,1,1
"225","560",TRUE,0,0,0.014
"230","560",TRUE,1,1,1
"235","560",TRUE,0,0,0.019
"255","560",TRUE,1,1,1
"260","560",FALSE,NA,NA,0
"290","560",TRUE,1,1,1
"305","560",TRUE,0,0,0.005
"310","560",TRUE,0,0,0.013
"316","560",TRUE,1,1,1
"317","560",TRUE,1,1,1
"325","560",TRUE,1,1,1
"338","560",TRUE,0,0,0.003
"339","560",TRUE,0,0,0.009
"343","560",TRUE,0,0,0.002
"344","560",TRUE,0,0,0.008
"345","560",TRUE,0,0,0.006
"346","560",TRUE,0,0,0.001
"349","560",TRUE,0,0,0.007
"350","560",TRUE,0,0,0.038
"352","560",TRUE,1,1,0.991
"355","560",TRUE,1,1,1
"359","560",TRUE,0,0,0.009
"360","560",TRUE,1,1,0.999
"365","560",TRUE,1,1,1
"366","560",TRUE,0,0,0.008
"367","560",TRUE,0,0,0.019
"368","560",TRUE,0,0,0.012
"369","560",TRUE,1,1,1
"370","560",TRUE,1,1,0.998
"371","560",TRUE,0,0,0.007
"372","560",TRUE,0,0,0.006
"373","560",TRUE,0,0,0.024
"375","560",TRUE,0,0,0.009
"380","560",TRUE,1,1,0.999
"385","560",TRUE,0,0,0.007
"390","560",TRUE,0,0,0
"395","560",TRUE,0,0,0
"402","560",TRUE,0,0,0.028
"404","560",TRUE,0,1,0.041
"411","560",TRUE,0,0,0.034
"420","560",TRUE,0,0,0.05
"432","560",TRUE,1,1,0.941
"433","560",TRUE,0,0,0.062
"434","560",TRUE,0,0,0.044
"435","560",TRUE,0,0,0.036
"436","560",TRUE,0,0,0.037
"437","560",TRUE,0,0,0.028
"438","560",TRUE,0,0,0.037
"439","560",TRUE,0,0,0.041
"450","560",TRUE,0,0,0.039
"451","560",TRUE,0,0,0.035
"452","560",TRUE,0,0,0.044
"461","560",TRUE,1,1,0.845
"471","560",TRUE,0,0,0.05
"475","560",TRUE,1,1,0.917
"481","560",TRUE,1,1,0.866
"482","560",TRUE,0,1,0.056
"483","560",TRUE,0,0,0.054
"484","560",TRUE,0,0,0.07
"490","560",TRUE,1,1,0.917
"500","560",TRUE,0,0,0.058
"501","560",TRUE,0,0,0.062
"510","560",TRUE,0,0,0.07
"516","560",TRUE,0,0,0.063
"517","560",TRUE,1,1,0.922
"522","560",TRUE,0,0,0.044
"530","560",TRUE,0,0,0.052
"540","560",TRUE,1,1,0.967
"541","560",TRUE,1,0,0.982
"551","560",TRUE,1,1,0.961
"552","560",TRUE,0,0,0.089
"553","560",TRUE,0,0,0.105
"2","565",TRUE,0,0,0.002
"20","565",TRUE,0,0,0
"31","565",TRUE,0,0,0
"41","565",TRUE,0,0,0
"42","565",TRUE,0,0,0
"51","565",TRUE,0,0,0
"52","565",TRUE,0,0,0
"53","565",TRUE,0,0,0.001
"70","565",TRUE,0,0,0.001
"80","565",TRUE,0,0,0
"90","565",TRUE,0,0,0
"91","565",TRUE,0,0,0
"92","565",TRUE,0,0,0
"93","565",TRUE,0,0,0
"94","565",TRUE,0,0,0
"95","565",TRUE,0,0,0
"100","565",TRUE,0,0,0
"101","565",TRUE,0,0,0
"115","565",TRUE,0,0,0
"130","565",TRUE,0,0,0
"135","565",TRUE,0,0,0.001
"140","565",TRUE,0,0,0.008
"145","565",TRUE,0,0,0.001
"150","565",TRUE,0,0,0
"155","565",TRUE,0,0,0.007
"160","565",TRUE,0,0,0
"165","565",TRUE,0,0,0.001
"200","565",TRUE,0,0,0.019
"205","565",TRUE,0,0,0
"210","565",TRUE,0,0,0.001
"211","565",TRUE,0,0,0.004
"212","565",TRUE,0,0,0
"220","565",TRUE,0,0,0.02
"225","565",TRUE,0,0,0
"230","565",TRUE,0,0,0.012
"235","565",TRUE,0,0,0
"255","565",TRUE,0,0,0.013
"260","565",FALSE,NA,NA,0
"290","565",TRUE,0,0,0.011
"305","565",TRUE,0,0,0.001
"310","565",TRUE,0,0,0.001
"316","565",TRUE,0,0,0.006
"317","565",TRUE,0,0,0.003
"325","565",TRUE,0,0,0.035
"338","565",TRUE,0,0,0
"339","565",TRUE,0,0,0
"343","565",TRUE,0,0,0
"344","565",TRUE,0,0,0
"345","565",TRUE,0,0,0
"346","565",TRUE,0,0,0
"349","565",TRUE,0,0,0
"350","565",TRUE,0,0,0.002
"352","565",TRUE,0,0,0
"355","565",TRUE,0,0,0.005
"359","565",TRUE,0,0,0
"360","565",TRUE,0,0,0.005
"365","565",TRUE,0,0,0.017
"366","565",TRUE,0,0,0
"367","565",TRUE,0,0,0
"368","565",TRUE,0,0,0
"369","565",TRUE,0,0,0.026
"370","565",TRUE,0,0,0
"371","565",TRUE,0,0,0
"372","565",TRUE,0,0,0
"373","565",TRUE,0,0,0
"375","565",TRUE,0,0,0
"380","565",TRUE,0,0,0.003
"385","565",TRUE,0,0,0
"390","565",TRUE,0,0,0.001
"395","565",TRUE,0,0,0
"402","565",TRUE,0,0,0
"404","565",TRUE,0,0,0
"411","565",TRUE,0,0,0
"420","565",TRUE,0,0,0
"432","565",TRUE,0,0,0
"433","565",TRUE,0,0,0
"434","565",TRUE,0,0,0
"435","565",TRUE,0,0,0
"436","565",TRUE,0,0,0.001
"437","565",TRUE,0,0,0.003
"438","565",TRUE,0,0,0
"439","565",TRUE,0,0,0
"450","565",TRUE,0,0,0.002
"451","565",TRUE,0,0,0
"452","565",TRUE,0,0,0
"461","565",TRUE,0,0,0
"471","565",TRUE,0,0,0
"475","565",TRUE,0,0,0.007
"481","565",TRUE,0,0,0
"482","565",TRUE,0,0,0.001
"483","565",TRUE,0,0,0.001
"484","565",TRUE,0,0,0
"490","565",TRUE,0,0,0.009
"500","565",TRUE,0,0,0
"501","565",TRUE,0,0,0.001
"510","565",TRUE,0,0,0
"516","565",TRUE,0,0,0
"517","565",TRUE,0,0,0
"522","565",TRUE,0,0,0
"530","565",TRUE,0,0,0
"540","565",TRUE,0,0,0.008
"541","565",TRUE,0,0,0.009
"551","565",TRUE,0,0,0.002
"552","565",TRUE,0,0,0.001
"553","565",TRUE,0,0,0.002
"560","565",TRUE,1,1,0.936
"2","570",TRUE,0,0,0.009
"20","570",TRUE,0,0,0.001
"31","570",TRUE,0,0,0
"41","570",TRUE,0,0,0.001
"42","570",TRUE,0,0,0
"51","570",TRUE,0,0,0
"52","570",TRUE,0,0,0
"53","570",TRUE,0,0,0
"70","570",TRUE,0,0,0.001
"80","570",TRUE,0,0,0
"90","570",TRUE,0,0,0
"91","570",TRUE,0,0,0
"92","570",TRUE,0,0,0
"93","570",TRUE,0,0,0
"94","570",TRUE,0,0,0
"95","570",TRUE,0,0,0
"100","570",TRUE,0,0,0.001
"101","570",TRUE,0,0,0
"115","570",TRUE,0,0,0.001
"130","570",TRUE,0,0,0
"135","570",TRUE,0,0,0
"140","570",TRUE,0,0,0.004
"145","570",TRUE,0,0,0
"150","570",TRUE,0,0,0.001
"155","570",TRUE,0,0,0
"160","570",TRUE,0,0,0
"165","570",TRUE,0,0,0
"200","570",TRUE,0,0,0.007
"205","570",TRUE,0,0,0
"210","570",TRUE,0,0,0
"211","570",TRUE,0,0,0.002
"212","570",TRUE,0,0,0
"220","570",TRUE,0,0,0.002
"225","570",TRUE,0,0,0
"230","570",TRUE,0,0,0.002
"235","570",TRUE,0,0,0
"255","570",TRUE,0,0,0.001
"260","570",FALSE,NA,NA,0
"290","570",TRUE,0,0,0.003
"305","570",TRUE,0,0,0
"310","570",TRUE,0,0,0.001
"316","570",TRUE,0,0,0.003
"317","570",TRUE,0,0,0
"325","570",TRUE,0,0,0.007
"338","570",TRUE,0,0,0
"339","570",TRUE,0,0,0
"343","570",TRUE,0,0,0
"344","570",TRUE,0,0,0.001
"345","570",TRUE,0,0,0.001
"346","570",TRUE,0,0,0
"349","570",TRUE,0,0,0
"350","570",TRUE,0,0,0.001
"352","570",TRUE,0,0,0
"355","570",TRUE,0,0,0
"359","570",TRUE,0,0,0
"360","570",TRUE,0,0,0.003
"365","570",TRUE,0,0,0.001
"366","570",TRUE,0,0,0
"367","570",TRUE,0,0,0
"368","570",TRUE,0,0,0.001
"369","570",TRUE,0,0,0.007
"370","570",TRUE,0,0,0
"371","570",TRUE,0,0,0.001
"372","570",TRUE,0,0,0
"373","570",TRUE,0,0,0
"375","570",TRUE,0,0,0
"380","570",TRUE,0,0,0.001
"385","570",TRUE,0,0,0
"390","570",TRUE,0,0,0.001
"395","570",TRUE,0,0,0
"402","570",TRUE,0,0,0
"404","570",TRUE,0,0,0
"411","570",TRUE,0,0,0
"420","570",TRUE,0,0,0
"432","570",TRUE,0,0,0.001
"433","570",TRUE,0,0,0.002
"434","570",TRUE,0,0,0
"435","570",TRUE,0,0,0
"436","570",TRUE,0,0,0.001
"437","570",TRUE,0,0,0
"438","570",TRUE,0,0,0.001
"439","570",TRUE,0,0,0
"450","570",TRUE,0,0,0
"451","570",TRUE,0,0,0
"452","570",TRUE,0,0,0.002
"461","570",TRUE,0,0,0
"471","570",TRUE,0,0,0
"475","570",TRUE,0,0,0.001
"481","570",TRUE,0,0,0
"482","570",TRUE,0,0,0
"483","570",TRUE,0,0,0.001
"484","570",TRUE,0,0,0
"490","570",TRUE,0,0,0
"500","570",TRUE,0,0,0.001
"501","570",TRUE,0,0,0.001
"510","570",TRUE,0,0,0.001
"516","570",TRUE,0,0,0
"517","570",TRUE,0,0,0.003
"522","570",TRUE,0,0,0.001
"530","570",TRUE,0,0,0.001
"540","570",TRUE,0,0,0.001
"541","570",TRUE,0,0,0.003
"551","570",TRUE,0,0,0.003
"552","570",TRUE,0,0,0.003
"553","570",TRUE,0,0,0.003
"560","570",TRUE,0,0,0.238
"565","570",TRUE,0,0,0.001
"2","571",TRUE,0,0,0.002
"20","571",TRUE,0,0,0
"31","571",TRUE,0,0,0
"41","571",TRUE,0,0,0
"42","571",TRUE,0,0,0
"51","571",TRUE,0,0,0
"52","571",TRUE,0,0,0.001
"53","571",TRUE,0,0,0
"70","571",TRUE,0,0,0
"80","571",TRUE,0,0,0
"90","571",TRUE,0,0,0
"91","571",TRUE,0,0,0
"92","571",TRUE,0,0,0
"93","571",TRUE,0,0,0
"94","571",TRUE,0,0,0
"95","571",TRUE,0,0,0
"100","571",TRUE,0,0,0.001
"101","571",TRUE,0,0,0
"115","571",TRUE,0,0,0
"130","571",TRUE,0,0,0
"135","571",TRUE,0,0,0
"140","571",TRUE,0,0,0.003
"145","571",TRUE,0,0,0
"150","571",TRUE,0,0,0
"155","571",TRUE,0,0,0
"160","571",TRUE,0,0,0
"165","571",TRUE,0,0,0
"200","571",TRUE,0,0,0.006
"205","571",TRUE,0,0,0
"210","571",TRUE,0,0,0.002
"211","571",TRUE,0,0,0.001
"212","571",TRUE,0,0,0
"220","571",TRUE,0,0,0.003
"225","571",TRUE,0,0,0.001
"230","571",TRUE,0,0,0.001
"235","571",TRUE,0,0,0
"255","571",TRUE,0,0,0.011
"260","571",FALSE,NA,NA,0
"290","571",TRUE,0,0,0.002
"305","571",TRUE,0,0,0
"310","571",TRUE,0,0,0
"316","571",TRUE,0,0,0.004
"317","571",TRUE,0,0,0.001
"325","571",TRUE,0,0,0.012
"338","571",TRUE,0,0,0
"339","571",TRUE,0,0,0
"343","571",TRUE,0,0,0
"344","571",TRUE,0,0,0
"345","571",TRUE,0,0,0
"346","571",TRUE,0,0,0
"349","571",TRUE,0,0,0.001
"350","571",TRUE,0,0,0.001
"352","571",TRUE,0,0,0
"355","571",TRUE,0,0,0.002
"359","571",TRUE,0,0,0
"360","571",TRUE,0,0,0.001
"365","571",TRUE,0,0,0.003
"366","571",TRUE,0,0,0
"367","571",TRUE,0,0,0
"368","571",TRUE,0,0,0
"369","571",TRUE,0,0,0.011
"370","571",TRUE,0,0,0
"371","571",TRUE,0,0,0
"372","571",TRUE,0,0,0
"373","571",TRUE,0,0,0
"375","571",TRUE,0,0,0
"380","571",TRUE,0,0,0.002
"385","571",TRUE,0,0,0
"390","571",TRUE,0,0,0
"395","571",TRUE,0,0,0
"402","571",TRUE,0,0,0
"404","571",TRUE,0,0,0
"411","571",TRUE,0,0,0
"420","571",TRUE,0,0,0
"432","571",TRUE,0,0,0.003
"433","571",TRUE,0,0,0
"434","571",TRUE,0,0,0
"435","571",TRUE,0,0,0
"436","571",TRUE,0,0,0.001
"437","571",TRUE,0,0,0.001
"438","571",TRUE,0,0,0
"439","571",TRUE,0,0,0
"450","571",TRUE,0,0,0
"451","571",TRUE,0,0,0
"452","571",TRUE,0,0,0
"461","571",TRUE,0,0,0
"471","571",TRUE,0,0,0.001
"475","571",TRUE,0,0,0
"481","571",TRUE,0,0,0.002
"482","571",TRUE,0,0,0.002
"483","571",TRUE,0,0,0
"484","571",TRUE,0,0,0
"490","571",TRUE,0,0,0.003
"500","571",TRUE,0,0,0.001
"501","571",TRUE,0,0,0.003
"510","571",TRUE,0,0,0.003
"516","571",TRUE,0,0,0.001
"517","571",TRUE,0,0,0
"522","571",TRUE,0,0,0
"530","571",TRUE,0,0,0.001
"540","571",TRUE,0,0,0.002
"541","571",TRUE,0,0,0.003
"551","571",TRUE,0,0,0.004
"552","571",TRUE,0,0,0
"553","571",TRUE,0,0,0.002
"560","571",TRUE,0,0,0.264
"565","571",TRUE,0,0,0.001
"570","571",TRUE,0,0,0.003
"2","572",TRUE,0,0,0.001
"20","572",TRUE,0,0,0
"31","572",TRUE,0,0,0
"41","572",TRUE,0,0,0
"42","572",TRUE,0,0,0
"51","572",TRUE,0,0,0
"52","572",TRUE,0,0,0
"53","572",TRUE,0,0,0
"70","572",TRUE,0,0,0.001
"80","572",TRUE,0,0,0
"90","572",TRUE,0,0,0
"91","572",TRUE,0,0,0.001
"92","572",TRUE,0,0,0
"93","572",TRUE,0,0,0
"94","572",TRUE,0,0,0
"95","572",TRUE,0,0,0.001
"100","572",TRUE,0,0,0.001
"101","572",TRUE,0,0,0
"115","572",TRUE,0,0,0
"130","572",TRUE,0,0,0
"135","572",TRUE,0,0,0
"140","572",TRUE,0,0,0.005
"145","572",TRUE,0,0,0
"150","572",TRUE,0,0,0
"155","572",TRUE,0,0,0.001
"160","572",TRUE,0,0,0.003
"165","572",TRUE,0,0,0
"200","572",TRUE,0,0,0.001
"205","572",TRUE,0,0,0
"210","572",TRUE,0,0,0
"211","572",TRUE,0,0,0
"212","572",TRUE,0,0,0
"220","572",TRUE,0,0,0.008
"225","572",TRUE,0,0,0.002
"230","572",TRUE,0,0,0.001
"235","572",TRUE,0,0,0
"255","572",TRUE,0,0,0.01
"260","572",FALSE,NA,NA,0
"290","572",TRUE,0,0,0.006
"305","572",TRUE,0,0,0
"310","572",TRUE,0,0,0.001
"316","572",TRUE,0,0,0.002
"317","572",TRUE,0,0,0.001
"325","572",TRUE,0,0,0.005
"338","572",TRUE,0,0,0
"339","572",TRUE,0,0,0
"343","572",TRUE,0,0,0.001
"344","572",TRUE,0,0,0.001
"345","572",TRUE,0,0,0
"346","572",TRUE,0,0,0
"349","572",TRUE,0,0,0
"350","572",TRUE,0,0,0.001
"352","572",TRUE,0,0,0
"355","572",TRUE,0,0,0
"359","572",TRUE,0,0,0
"360","572",TRUE,0,0,0.002
"365","572",TRUE,0,0,0.005
"366","572",TRUE,0,0,0
"367","572",TRUE,0,0,0
"368","572",TRUE,0,0,0
"369","572",TRUE,0,0,0.006
"370","572",TRUE,0,0,0
"371","572",TRUE,0,0,0
"372","572",TRUE,0,0,0
"373","572",TRUE,0,0,0
"375","572",TRUE,0,0,0
"380","572",TRUE,0,0,0.002
"385","572",TRUE,0,0,0
"390","572",TRUE,0,0,0
"395","572",TRUE,0,0,0
"402","572",TRUE,0,0,0
"404","572",TRUE,0,0,0
"411","572",TRUE,0,0,0
"420","572",TRUE,0,0,0
"432","572",TRUE,0,0,0
"433","572",TRUE,0,0,0.001
"434","572",TRUE,0,0,0
"435","572",TRUE,0,0,0
"436","572",TRUE,0,0,0.002
"437","572",TRUE,0,0,0
"438","572",TRUE,0,0,0
"439","572",TRUE,0,0,0
"450","572",TRUE,0,0,0
"451","572",TRUE,0,0,0
"452","572",TRUE,0,0,0.003
"461","572",TRUE,0,0,0
"471","572",TRUE,0,0,0
"475","572",TRUE,0,0,0
"481","572",TRUE,0,0,0
"482","572",TRUE,0,0,0
"483","572",TRUE,0,0,0
"484","572",TRUE,0,0,0
"490","572",TRUE,0,0,0.001
"500","572",TRUE,0,0,0
"501","572",TRUE,0,0,0.003
"510","572",TRUE,0,0,0.001
"516","572",TRUE,0,0,0.001
"517","572",TRUE,0,0,0
"522","572",TRUE,0,0,0
"530","572",TRUE,0,0,0
"540","572",TRUE,0,0,0.001
"541","572",TRUE,0,0,0.01
"551","572",TRUE,0,0,0
"552","572",TRUE,0,0,0
"553","572",TRUE,0,0,0.001
"560","572",TRUE,0,0,0.257
"565","572",TRUE,0,0,0.001
"570","572",TRUE,0,0,0
"571","572",TRUE,0,0,0.002
"2","580",TRUE,0,0,0.003
"20","580",TRUE,0,0,0.001
"31","580",TRUE,0,0,0
"41","580",TRUE,0,0,0
"42","580",TRUE,0,0,0
"51","580",TRUE,0,0,0
"52","580",TRUE,0,0,0.001
"53","580",TRUE,0,0,0
"70","580",TRUE,0,0,0
"80","580",TRUE,0,0,0
"90","580",TRUE,0,0,0
"91","580",TRUE,0,0,0
"92","580",TRUE,0,0,0
"93","580",TRUE,0,0,0
"94","580",TRUE,0,0,0
"95","580",TRUE,0,0,0
"100","580",TRUE,0,0,0.002
"101","580",TRUE,0,0,0
"115","580",TRUE,0,0,0
"130","580",TRUE,0,0,0.001
"135","580",TRUE,0,0,0.001
"140","580",TRUE,0,0,0.01
"145","580",TRUE,0,0,0
"150","580",TRUE,0,0,0.002
"155","580",TRUE,0,0,0.001
"160","580",TRUE,0,0,0.002
"165","580",TRUE,0,0,0
"200","580",TRUE,0,0,0.003
"205","580",TRUE,0,0,0
"210","580",TRUE,0,0,0
"211","580",TRUE,0,0,0
"212","580",TRUE,0,0,0
"220","580",TRUE,0,0,0.004
"225","580",TRUE,0,0,0
"230","580",TRUE,0,0,0.003
"235","580",TRUE,0,0,0.002
"255","580",TRUE,0,0,0.004
"260","580",FALSE,NA,NA,0
"290","580",TRUE,0,0,0.001
"305","580",TRUE,0,0,0.001
"310","580",TRUE,0,0,0
"316","580",TRUE,0,0,0.003
"317","580",TRUE,0,0,0
"325","580",TRUE,0,0,0.012
"338","580",TRUE,0,0,0
"339","580",TRUE,0,0,0
"343","580",TRUE,0,0,0
"344","580",TRUE,0,0,0
"345","580",TRUE,0,0,0.001
"346","580",TRUE,0,0,0
"349","580",TRUE,0,0,0
"350","580",TRUE,0,0,0.003
"352","580",TRUE,0,0,0
"355","580",TRUE,0,0,0.002
"359","580",TRUE,0,0,0
"360","580",TRUE,0,0,0.002
"365","580",TRUE,0,0,0.006
"366","580",TRUE,0,0,0
"367","580",TRUE,0,0,0
"368","580",TRUE,0,0,0
"369","580",TRUE,0,0,0.012
"370","580",TRUE,0,0,0
"371","580",TRUE,0,0,0
"372","580",TRUE,0,0,0
"373","580",TRUE,0,0,0
"375","580",TRUE,0,0,0
"380","580",TRUE,0,0,0.005
"385","580",TRUE,0,0,0
"390","580",TRUE,0,0,0
"395","580",TRUE,0,0,0
"402","580",TRUE,0,0,0.001
"404","580",TRUE,0,0,0.002
"411","580",TRUE,0,0,0
"420","580",TRUE,0,0,0
"432","580",TRUE,0,0,0.003
"433","580",TRUE,0,0,0.001
"434","580",TRUE,0,0,0.001
"435","580",TRUE,0,0,0.001
"436","580",TRUE,0,0,0.001
"437","580",TRUE,0,0,0.002
"438","580",TRUE,0,0,0.002
"439","580",TRUE,0,0,0.001
"450","580",TRUE,0,0,0.001
"451","580",TRUE,0,0,0.001
"452","580",TRUE,0,0,0.001
"461","580",TRUE,0,0,0.001
"471","580",TRUE,0,0,0.002
"475","580",TRUE,0,0,0.002
"481","580",TRUE,0,0,0
"482","580",TRUE,0,0,0.001
"483","580",TRUE,0,0,0.001
"484","580",TRUE,0,0,0.001
"490","580",TRUE,0,0,0
"500","580",TRUE,0,0,0.003
"501","580",TRUE,0,0,0.008
"510","580",TRUE,0,0,0.003
"516","580",TRUE,0,0,0.004
"517","580",TRUE,0,0,0
"522","580",TRUE,0,0,0
"530","580",TRUE,0,0,0.002
"540","580",TRUE,0,0,0.001
"541","580",TRUE,0,0,0.002
"551","580",TRUE,0,0,0.002
"552","580",TRUE,0,0,0.003
"553","580",TRUE,0,0,0.005
"560","580",TRUE,0,0,0.089
"565","580",TRUE,0,0,0.001
"570","580",TRUE,0,0,0.004
"571","580",TRUE,0,0,0.001
"572","580",TRUE,0,0,0.003
"2","590",TRUE,0,0,0.007
"20","590",TRUE,0,0,0
"31","590",TRUE,0,0,0
"41","590",TRUE,0,0,0
"42","590",TRUE,0,0,0
"51","590",TRUE,0,0,0
"52","590",TRUE,0,0,0
"53","590",TRUE,0,0,0
"70","590",TRUE,0,0,0.002
"80","590",TRUE,0,0,0
"90","590",TRUE,0,0,0
"91","590",TRUE,0,0,0
"92","590",TRUE,0,0,0
"93","590",TRUE,0,0,0
"94","590",TRUE,0,0,0
"95","590",TRUE,0,0,0
"100","590",TRUE,0,0,0.001
"101","590",TRUE,0,0,0.001
"115","590",TRUE,0,0,0
"130","590",TRUE,0,0,0
"135","590",TRUE,0,0,0.001
"140","590",TRUE,0,0,0.005
"145","590",TRUE,0,0,0
"150","590",TRUE,0,0,0
"155","590",TRUE,0,0,0.002
"160","590",TRUE,0,0,0.001
"165","590",TRUE,0,0,0
"200","590",TRUE,0,0,0.004
"205","590",TRUE,0,0,0
"210","590",TRUE,0,0,0
"211","590",TRUE,0,0,0.002
"212","590",TRUE,0,0,0
"220","590",TRUE,0,0,0.003
"225","590",TRUE,0,0,0
"230","590",TRUE,0,0,0.002
"235","590",TRUE,0,0,0
"255","590",TRUE,0,0,0.008
"260","590",FALSE,NA,NA,0
"290","590",TRUE,0,0,0.005
"305","590",TRUE,0,0,0.002
"310","590",TRUE,0,0,0
"316","590",TRUE,0,0,0.002
"317","590",TRUE,0,0,0
"325","590",TRUE,0,0,0.008
"338","590",TRUE,0,0,0
"339","590",TRUE,0,0,0
"343","590",TRUE,0,0,0
"344","590",TRUE,0,0,0
"345","590",TRUE,0,0,0.001
"346","590",TRUE,0,0,0
"349","590",TRUE,0,0,0
"350","590",TRUE,0,0,0
"352","590",TRUE,0,0,0
"355","590",TRUE,0,0,0
"359","590",TRUE,0,0,0
"360","590",TRUE,0,0,0.003
"365","590",TRUE,0,0,0.007
"366","590",TRUE,0,0,0
"367","590",TRUE,0,0,0
"368","590",TRUE,0,0,0
"369","590",TRUE,0,0,0.005
"370","590",TRUE,0,0,0
"371","590",TRUE,0,0,0
"372","590",TRUE,0,0,0
"373","590",TRUE,0,0,0
"375","590",TRUE,0,0,0.002
"380","590",TRUE,0,0,0.001
"385","590",TRUE,0,0,0
"390","590",TRUE,0,0,0
"395","590",TRUE,0,0,0
"402","590",TRUE,0,0,0
"404","590",TRUE,0,0,0
"411","590",TRUE,0,0,0
"420","590",TRUE,0,0,0
"432","590",TRUE,0,0,0.001
"433","590",TRUE,0,0,0.001
"434","590",TRUE,0,0,0
"435","590",TRUE,0,0,0
"436","590",TRUE,0,0,0.001
"437","590",TRUE,0,0,0
"438","590",TRUE,0,0,0
"439","590",TRUE,0,0,0
"450","590",TRUE,0,0,0.001
"451","590",TRUE,0,0,0.001
"452","590",TRUE,0,0,0.001
"461","590",TRUE,0,0,0
"471","590",TRUE,0,0,0
"475","590",TRUE,0,0,0.003
"481","590",TRUE,0,0,0
"482","590",TRUE,0,0,0
"483","590",TRUE,0,0,0
"484","590",TRUE,0,0,0
"490","590",TRUE,0,0,0.002
"500","590",TRUE,0,0,0
"501","590",TRUE,0,0,0.005
"510","590",TRUE,0,0,0.001
"516","590",TRUE,0,0,0.002
"517","590",TRUE,0,0,0
"522","590",TRUE,0,0,0
"530","590",TRUE,0,0,0
"540","590",TRUE,0,0,0.001
"541","590",TRUE,0,0,0
"551","590",TRUE,0,0,0
"552","590",TRUE,0,0,0.001
"553","590",TRUE,0,0,0.002
"560","590",TRUE,0,0,0.058
"565","590",TRUE,0,0,0
"570","590",TRUE,0,0,0
"571","590",TRUE,0,0,0
"572","590",TRUE,0,0,0
"580","590",TRUE,0,0,0.007
"2","600",TRUE,0,0,0.005
"20","600",TRUE,0,0,0.001
"31","600",TRUE,0,0,0.001
"41","600",TRUE,0,0,0
"42","600",TRUE,0,0,0
"51","600",TRUE,0,0,0
"52","600",TRUE,0,0,0.001
"53","600",TRUE,0,0,0
"70","600",TRUE,0,0,0.002
"80","600",TRUE,0,0,0
"90","600",TRUE,0,0,0
"91","600",TRUE,0,0,0.001
"92","600",TRUE,0,0,0.001
"93","600",TRUE,0,0,0
"94","600",TRUE,0,0,0
"95","600",TRUE,0,0,0
"100","600",TRUE,0,0,0.003
"101","600",TRUE,0,0,0.001
"115","600",TRUE,0,0,0
"130","600",TRUE,0,0,0
"135","600",TRUE,0,0,0
"140","600",TRUE,0,0,0.003
"145","600",TRUE,0,0,0
"150","600",TRUE,0,0,0
"155","600",TRUE,0,0,0
"160","600",TRUE,0,0,0.001
"165","600",TRUE,0,0,0
"200","600",TRUE,0,0,0.008
"205","600",TRUE,0,0,0.001
"210","600",TRUE,0,0,0.001
"211","600",TRUE,0,0,0.002
"212","600",TRUE,0,0,0
"220","600",TRUE,0,0,0.019
"225","600",TRUE,0,0,0.005
"230","600",TRUE,0,0,0.068
"235","600",TRUE,0,0,0.005
"255","600",TRUE,0,0,0.009
"260","600",FALSE,NA,NA,0
"290","600",TRUE,0,0,0.004
"305","600",TRUE,0,0,0
"310","600",TRUE,0,0,0.002
"316","600",TRUE,0,0,0.004
"317","600",TRUE,0,0,0.004
"325","600",TRUE,0,0,0.026
"338","600",TRUE,0,0,0
"339","600",TRUE,0,0,0
"343","600",TRUE,0,0,0
"344","600",TRUE,0,0,0
"345","600",TRUE,0,0,0
"346","600",TRUE,0,0,0
"349","600",TRUE,0,0,0.001
"350","600",TRUE,0,0,0.003
"352","600",TRUE,0,0,0
"355","600",TRUE,0,0,0.002
"359","600",TRUE,0,0,0
"360","600",TRUE,0,0,0.002
"365","600",TRUE,0,0,0.008
"366","600",TRUE,0,0,0.001
"367","600",TRUE,0,0,0.001
"368","600",TRUE,0,0,0
"369","600",TRUE,0,0,0.019
"370","600",TRUE,0,0,0.001
"371","600",TRUE,0,0,0
"372","600",TRUE,0,0,0
"373","600",TRUE,0,0,0
"375","600",TRUE,0,0,0
"380","600",TRUE,0,0,0.001
"385","600",TRUE,0,0,0
"390","600",TRUE,0,0,0
"395","600",TRUE,0,0,0
"402","600",TRUE,0,0,0
"404","600",TRUE,0,0,0.001
"411","600",TRUE,0,0,0
"420","600",TRUE,0,0,0
"432","600",TRUE,0,0,0.001
"433","600",TRUE,0,0,0.003
"434","600",TRUE,0,0,0.001
"435","600",TRUE,0,0,0
"436","600",TRUE,0,0,0.001
"437","600",TRUE,0,0,0
"438","600",TRUE,0,0,0.001
"439","600",TRUE,0,0,0
"450","600",TRUE,0,0,0.002
"451","600",TRUE,0,0,0
"452","600",TRUE,0,0,0
"461","600",TRUE,0,0,0.001
"471","600",TRUE,0,0,0.003
"475","600",TRUE,0,0,0.001
"481","600",TRUE,0,0,0
"482","600",TRUE,0,0,0
"483","600",TRUE,0,0,0.002
"484","600",TRUE,0,0,0.001
"490","600",TRUE,0,0,0
"500","600",TRUE,0,0,0
"501","600",TRUE,0,0,0.002
"510","600",TRUE,0,0,0
"516","600",TRUE,0,0,0
"517","600",TRUE,0,0,0
"522","600",TRUE,0,0,0.001
"530","600",TRUE,0,0,0.001
"540","600",TRUE,0,0,0
"541","600",TRUE,0,0,0
"551","600",TRUE,0,0,0
"552","600",TRUE,0,0,0
"553","600",TRUE,0,0,0
"560","600",TRUE,0,0,0.009
"565","600",TRUE,0,0,0.001
"570","600",TRUE,0,0,0.001
"571","600",TRUE,0,0,0.001
"572","600",TRUE,0,0,0
"580","600",TRUE,0,0,0
"590","600",TRUE,0,0,0
"2","615",TRUE,0,0,0.001
"20","615",TRUE,0,0,0
"31","615",TRUE,0,0,0
"41","615",TRUE,0,0,0
"42","615",TRUE,0,0,0.001
"51","615",TRUE,0,0,0
"52","615",TRUE,0,0,0.001
"53","615",TRUE,0,0,0
"70","615",TRUE,0,0,0.001
"80","615",TRUE,0,0,0
"90","615",TRUE,0,0,0
"91","615",TRUE,0,0,0
"92","615",TRUE,0,0,0
"93","615",TRUE,0,0,0
"94","615",TRUE,0,0,0
"95","615",TRUE,0,0,0
"100","615",TRUE,0,0,0
"101","615",TRUE,0,0,0
"115","615",TRUE,0,0,0
"130","615",TRUE,0,0,0
"135","615",TRUE,0,0,0
"140","615",TRUE,0,0,0.002
"145","615",TRUE,0,0,0
"150","615",TRUE,0,0,0
"155","615",TRUE,0,0,0
"160","615",TRUE,0,0,0.006
"165","615",TRUE,0,0,0
"200","615",TRUE,0,0,0.003
"205","615",TRUE,0,0,0
"210","615",TRUE,0,0,0
"211","615",TRUE,0,0,0
"212","615",TRUE,0,0,0
"220","615",TRUE,0,0,0.01
"225","615",TRUE,0,0,0.003
"230","615",TRUE,0,0,0.027
"235","615",TRUE,1,1,0.602
"255","615",TRUE,0,0,0.001
"260","615",FALSE,NA,NA,0
"290","615",TRUE,0,0,0
"305","615",TRUE,0,0,0
"310","615",TRUE,0,0,0
"316","615",TRUE,0,0,0.014
"317","615",TRUE,0,0,0.003
"325","615",TRUE,1,1,0.983
"338","615",TRUE,0,0,0
"339","615",TRUE,0,0,0
"343","615",TRUE,0,0,0
"344","615",TRUE,0,0,0.002
"345","615",TRUE,0,0,0.001
"346","615",TRUE,0,0,0
"349","615",TRUE,0,0,0.001
"350","615",TRUE,0,0,0
"352","615",TRUE,0,0,0
"355","615",TRUE,0,0,0.003
"359","615",TRUE,0,0,0
"360","615",TRUE,0,0,0.007
"365","615",TRUE,0,0,0.008
"366","615",TRUE,0,0,0.002
"367","615",TRUE,0,0,0.001
"368","615",TRUE,0,0,0.001
"369","615",TRUE,0,0,0.028
"370","615",TRUE,0,0,0.001
"371","615",TRUE,0,0,0
"372","615",TRUE,0,0,0.001
"373","615",TRUE,0,0,0
"375","615",TRUE,0,0,0.001
"380","615",TRUE,0,0,0.004
"385","615",TRUE,0,0,0
"390","615",TRUE,0,0,0
"395","615",TRUE,0,0,0
"402","615",TRUE,0,0,0.001
"404","615",TRUE,0,0,0
"411","615",TRUE,0,0,0.002
"420","615",TRUE,0,0,0
"432","615",TRUE,0,0,0
"433","615",TRUE,0,0,0
"434","615",TRUE,0,0,0.001
"435","615",TRUE,0,0,0.002
"436","615",TRUE,0,0,0
"437","615",TRUE,0,0,0
"438","615",TRUE,0,0,0
"439","615",TRUE,0,0,0
"450","615",TRUE,0,0,0.001
"451","615",TRUE,0,0,0.002
"452","615",TRUE,0,0,0.001
"461","615",TRUE,0,0,0
"471","615",TRUE,0,0,0.001
"475","615",TRUE,0,0,0.002
"481","615",TRUE,0,0,0.001
"482","615",TRUE,0,0,0
"483","615",TRUE,0,0,0.002
"484","615",TRUE,0,0,0.001
"490","615",TRUE,0,0,0.001
"500","615",TRUE,0,0,0.001
"501","615",TRUE,0,0,0.001
"510","615",TRUE,0,0,0
"516","615",TRUE,0,0,0
"517","615",TRUE,0,0,0.001
"522","615",TRUE,0,0,0.002
"530","615",TRUE,0,0,0
"540","615",TRUE,0,0,0
"541","615",TRUE,0,0,0
"551","615",TRUE,0,0,0
"552","615",TRUE,0,0,0
"553","615",TRUE,0,0,0
"560","615",TRUE,0,0,0.027
"565","615",TRUE,0,0,0.001
"570","615",TRUE,0,0,0
"571","615",TRUE,0,0,0
"572","615",TRUE,0,0,0
"580","615",TRUE,0,0,0
"590","615",TRUE,0,0,0.001
"600","615",TRUE,0,0,0.006
"2","616",TRUE,0,0,0.018
"20","616",TRUE,0,0,0.002
"31","616",TRUE,0,0,0
"41","616",TRUE,0,0,0
"42","616",TRUE,0,0,0
"51","616",TRUE,0,0,0
"52","616",TRUE,0,0,0
"53","616",TRUE,0,0,0
"70","616",TRUE,0,0,0
"80","616",TRUE,0,0,0
"90","616",TRUE,0,0,0
"91","616",TRUE,0,0,0
"92","616",TRUE,0,0,0
"93","616",TRUE,0,0,0.001
"94","616",TRUE,0,0,0
"95","616",TRUE,0,0,0
"100","616",TRUE,0,0,0.001
"101","616",TRUE,0,0,0.001
"115","616",TRUE,0,0,0
"130","616",TRUE,0,0,0
"135","616",TRUE,0,0,0
"140","616",TRUE,0,0,0.001
"145","616",TRUE,0,0,0
"150","616",TRUE,0,0,0
"155","616",TRUE,0,0,0.002
"160","616",TRUE,0,0,0.004
"165","616",TRUE,0,0,0
"200","616",TRUE,0,0,0.021
"205","616",TRUE,0,0,0
"210","616",TRUE,0,0,0.008
"211","616",TRUE,0,0,0.004
"212","616",TRUE,0,0,0
"220","616",TRUE,0,0,0.049
"225","616",TRUE,0,0,0
"230","616",TRUE,1,1,0.998
"235","616",TRUE,0,0,0
"255","616",TRUE,1,1,0.988
"260","616",FALSE,NA,NA,0
"290","616",TRUE,0,0,0.042
"305","616",TRUE,0,0,0
"310","616",TRUE,0,0,0.003
"316","616",TRUE,1,1,1
"317","616",TRUE,0,0,0.007
"325","616",TRUE,0,0,0.163
"338","616",TRUE,0,0,0
"339","616",TRUE,0,0,0.002
"343","616",TRUE,0,0,0.002
"344","616",TRUE,0,0,0.006
"345","616",TRUE,0,0,0.008
"346","616",TRUE,0,0,0.004
"349","616",TRUE,0,0,0.003
"350","616",TRUE,1,1,0.966
"352","616",TRUE,0,0,0
"355","616",TRUE,0,0,0.006
"359","616",TRUE,0,0,0.002
"360","616",TRUE,0,0,0.013
"365","616",TRUE,0,0,0.033
"366","616",TRUE,0,0,0
"367","616",TRUE,0,0,0.002
"368","616",TRUE,0,0,0
"369","616",TRUE,0,0,0.079
"370","616",TRUE,0,0,0.001
"371","616",TRUE,0,0,0
"372","616",TRUE,0,0,0
"373","616",TRUE,0,0,0
"375","616",TRUE,0,0,0.002
"380","616",TRUE,0,0,0.004
"385","616",TRUE,0,0,0.001
"390","616",TRUE,0,0,0
"395","616",TRUE,0,0,0
"402","616",TRUE,0,0,0
"404","616",TRUE,0,0,0
"411","616",TRUE,0,0,0
"420","616",TRUE,0,0,0
"432","616",TRUE,0,0,0.003
"433","616",TRUE,0,0,0.001
"434","616",TRUE,0,0,0
"435","616",TRUE,0,0,0.001
"436","616",TRUE,0,0,0.001
"437","616",TRUE,0,0,0
"438","616",TRUE,0,0,0.001
"439","616",TRUE,0,0,0.001
"450","616",TRUE,0,0,0
"451","616",TRUE,0,0,0
"452","616",TRUE,0,0,0
"461","616",TRUE,0,0,0.002
"471","616",TRUE,0,0,0
"475","616",TRUE,0,0,0.002
"481","616",TRUE,0,0,0.001
"482","616",TRUE,0,0,0
"483","616",TRUE,0,0,0.001
"484","616",TRUE,0,0,0.002
"490","616",TRUE,0,0,0.002
"500","616",TRUE,0,0,0
"501","616",TRUE,0,0,0
"510","616",TRUE,0,0,0
"516","616",TRUE,0,0,0
"517","616",TRUE,0,0,0
"522","616",TRUE,0,0,0
"530","616",TRUE,0,0,0.001
"540","616",TRUE,0,0,0
"541","616",TRUE,0,0,0.001
"551","616",TRUE,0,0,0
"552","616",TRUE,0,0,0.001
"553","616",TRUE,0,0,0
"560","616",TRUE,1,1,0.999
"565","616",TRUE,0,0,0.001
"570","616",TRUE,0,0,0
"571","616",TRUE,0,0,0.001
"572","616",TRUE,0,0,0
"580","616",TRUE,0,0,0.001
"590","616",TRUE,0,0,0
"600","616",TRUE,0,0,0.001
"615","616",TRUE,0,0,0.002
"2","625",TRUE,0,0,0.002
"20","625",TRUE,0,0,0
"31","625",TRUE,0,0,0.001
"41","625",TRUE,0,0,0
"42","625",TRUE,0,0,0
"51","625",TRUE,0,0,0
"52","625",TRUE,0,0,0
"53","625",TRUE,0,0,0
"70","625",TRUE,0,0,0
"80","625",TRUE,0,0,0
"90","625",TRUE,0,0,0
"91","625",TRUE,0,0,0
"92","625",TRUE,0,0,0.002
"93","625",TRUE,0,0,0
"94","625",TRUE,0,0,0
"95","625",TRUE,0,0,0
"100","625",TRUE,0,0,0
"101","625",TRUE,0,0,0
"115","625",TRUE,0,0,0
"130","625",TRUE,0,0,0
"135","625",TRUE,0,0,0
"140","625",TRUE,0,0,0.004
"145","625",TRUE,0,0,0.001
"150","625",TRUE,0,0,0
"155","625",TRUE,0,0,0
"160","625",TRUE,0,0,0
"165","625",TRUE,0,0,0
"200","625",TRUE,0,0,0.004
"205","625",TRUE,0,0,0
"210","625",TRUE,0,0,0.001
"211","625",TRUE,0,0,0
"212","625",TRUE,0,0,0
"220","625",TRUE,0,0,0
"225","625",TRUE,0,0,0
"230","625",TRUE,0,0,0.001
"235","625",TRUE,0,0,0
"255","625",TRUE,0,0,0.003
"260","625",FALSE,NA,NA,0
"290","625",TRUE,0,0,0.001
"305","625",TRUE,0,0,0
"310","625",TRUE,0,0,0
"316","625",TRUE,0,0,0.001
"317","625",TRUE,0,0,0
"325","625",TRUE,0,0,0.007
"338","625",TRUE,0,0,0
"339","625",TRUE,0,0,0
"343","625",TRUE,0,0,0
"344","625",TRUE,0,0,0
"345","625",TRUE,0,0,0
"346","625",TRUE,0,0,0
"349","625",TRUE,0,0,0
"350","625",TRUE,0,0,0
"352","625",TRUE,0,0,0
"355","625",TRUE,0,0,0
"359","625",TRUE,0,0,0
"360","625",TRUE,0,0,0.001
"365","625",TRUE,0,0,0.002
"366","625",TRUE,0,0,0
"367","625",TRUE,0,0,0
"368","625",TRUE,0,0,0
"369","625",TRUE,0,0,0.004
"370","625",TRUE,0,0,0
"371","625",TRUE,0,0,0
"372","625",TRUE,0,0,0
"373","625",TRUE,0,0,0
"375","625",TRUE,0,0,0
"380","625",TRUE,0,0,0
"385","625",TRUE,0,0,0
"390","625",TRUE,0,0,0
"395","625",TRUE,0,0,0
"402","625",TRUE,0,0,0
"404","625",TRUE,0,0,0.002
"411","625",TRUE,0,0,0
"420","625",TRUE,0,0,0
"432","625",TRUE,0,0,0.001
"433","625",TRUE,0,0,0
"434","625",TRUE,0,0,0.001
"435","625",TRUE,0,0,0
"436","625",TRUE,0,0,0.001
"437","625",TRUE,0,0,0
"438","625",TRUE,0,0,0.001
"439","625",TRUE,0,0,0.002
"450","625",TRUE,0,0,0.001
"451","625",TRUE,0,0,0
"452","625",TRUE,0,0,0.002
"461","625",TRUE,0,0,0
"471","625",TRUE,0,0,0.001
"475","625",TRUE,0,0,0
"481","625",TRUE,0,0,0
"482","625",TRUE,0,0,0.001
"483","625",TRUE,0,0,0.002
"484","625",TRUE,0,0,0
"490","625",TRUE,0,0,0.001
"500","625",TRUE,0,0,0.001
"501","625",TRUE,0,0,0.004
"510","625",TRUE,0,0,0.001
"516","625",TRUE,0,0,0.001
"517","625",TRUE,0,0,0
"522","625",TRUE,0,0,0.001
"530","625",TRUE,0,0,0.005
"540","625",TRUE,0,0,0.001
"541","625",TRUE,0,0,0.001
"551","625",TRUE,0,0,0.001
"552","625",TRUE,0,0,0
"553","625",TRUE,0,0,0.002
"560","625",TRUE,0,1,0.015
"565","625",TRUE,0,0,0.001
"570","625",TRUE,0,0,0
"571","625",TRUE,0,0,0.001
"572","625",TRUE,0,0,0
"580","625",TRUE,0,0,0
"590","625",TRUE,0,0,0.001
"600","625",TRUE,0,0,0.001
"615","625",TRUE,0,0,0
"616","625",TRUE,0,0,0
"2","630",TRUE,0,0,0
"20","630",TRUE,0,0,0
"31","630",TRUE,0,0,0
"41","630",TRUE,0,0,0
"42","630",TRUE,0,0,0
"51","630",TRUE,0,0,0
"52","630",TRUE,0,0,0
"53","630",TRUE,0,0,0.002
"70","630",TRUE,0,0,0
"80","630",TRUE,0,0,0
"90","630",TRUE,0,0,0
"91","630",TRUE,0,0,0
"92","630",TRUE,0,0,0
"93","630",TRUE,0,0,0
"94","630",TRUE,0,0,0
"95","630",TRUE,0,0,0
"100","630",TRUE,0,0,0
"101","630",TRUE,0,0,0
"115","630",TRUE,0,0,0.001
"130","630",TRUE,0,0,0
"135","630",TRUE,0,0,0
"140","630",TRUE,0,0,0
"145","630",TRUE,0,0,0
"150","630",TRUE,0,0,0
"155","630",TRUE,0,0,0
"160","630",TRUE,0,0,0
"165","630",TRUE,0,0,0
"200","630",TRUE,0,0,0.001
"205","630",TRUE,0,0,0.001
"210","630",TRUE,0,0,0
"211","630",TRUE,0,0,0
"212","630",TRUE,0,0,0
"220","630",TRUE,0,0,0
"225","630",TRUE,0,0,0
"230","630",TRUE,0,0,0
"235","630",TRUE,0,0,0
"255","630",TRUE,0,0,0.002
"260","630",FALSE,NA,NA,0
"290","630",TRUE,0,0,0.003
"305","630",TRUE,0,0,0
"310","630",TRUE,0,0,0
"316","630",TRUE,0,0,0
"317","630",TRUE,0,0,0
"325","630",TRUE,0,0,0.001
"338","630",TRUE,0,0,0.001
"339","630",TRUE,0,0,0
"343","630",TRUE,0,0,0
"344","630",TRUE,0,0,0
"345","630",TRUE,0,0,0
"346","630",TRUE,0,0,0
"349","630",TRUE,0,0,0
"350","630",TRUE,0,0,0
"352","630",TRUE,0,0,0
"355","630",TRUE,0,0,0.002
"359","630",TRUE,0,0,0
"360","630",TRUE,0,0,0.001
"365","630",TRUE,0,0,0.016
"366","630",TRUE,0,0,0
"367","630",TRUE,0,0,0
"368","630",TRUE,0,0,0
"369","630",TRUE,0,0,0.017
"370","630",TRUE,0,1,0.001
"371","630",TRUE,0,0,0
"372","630",TRUE,0,0,0.001
"373","630",TRUE,1,1,0.935
"375","630",TRUE,0,0,0
"380","630",TRUE,0,0,0
"385","630",TRUE,0,0,0
"390","630",TRUE,0,0,0
"395","630",TRUE,0,0,0
"402","630",TRUE,0,0,0
"404","630",TRUE,0,0,0.002
"411","630",TRUE,0,0,0.001
"420","630",TRUE,0,0,0
"432","630",TRUE,0,0,0
"433","630",TRUE,0,0,0
"434","630",TRUE,0,0,0.001
"435","630",TRUE,0,0,0.001
"436","630",TRUE,0,0,0.001
"437","630",TRUE,0,0,0.001
"438","630",TRUE,0,0,0.002
"439","630",TRUE,0,0,0.001
"450","630",TRUE,0,0,0
"451","630",TRUE,0,0,0
"452","630",TRUE,0,0,0
"461","630",TRUE,0,0,0
"471","630",TRUE,0,0,0
"475","630",TRUE,0,0,0
"481","630",TRUE,0,0,0
"482","630",TRUE,0,0,0
"483","630",TRUE,0,0,0.001
"484","630",TRUE,0,0,0
"490","630",TRUE,0,0,0.001
"500","630",TRUE,0,0,0
"501","630",TRUE,0,0,0.001
"510","630",TRUE,0,0,0
"516","630",TRUE,0,0,0
"517","630",TRUE,0,0,0
"522","630",TRUE,0,0,0
"530","630",TRUE,0,0,0.002
"540","630",TRUE,0,0,0
"541","630",TRUE,0,0,0
"551","630",TRUE,0,0,0.001
"552","630",TRUE,0,0,0
"553","630",TRUE,0,0,0.001
"560","630",TRUE,0,0,0.002
"565","630",TRUE,0,0,0
"570","630",TRUE,0,0,0
"571","630",TRUE,0,0,0
"572","630",TRUE,0,0,0
"580","630",TRUE,0,0,0
"590","630",TRUE,0,0,0.001
"600","630",TRUE,0,0,0.002
"615","630",TRUE,0,0,0
"616","630",TRUE,0,0,0
"625","630",TRUE,0,0,0
"2","640",TRUE,1,1,0.997
"20","640",TRUE,0,0,0
"31","640",TRUE,0,0,0.01
"41","640",TRUE,0,0,0.014
"42","640",TRUE,0,0,0.01
"51","640",TRUE,0,0,0.005
"52","640",TRUE,0,0,0.006
"53","640",TRUE,0,0,0.009
"70","640",TRUE,0,0,0.009
"80","640",TRUE,0,0,0.003
"90","640",TRUE,0,0,0.015
"91","640",TRUE,0,0,0.003
"92","640",TRUE,0,0,0.001
"93","640",TRUE,0,0,0.002
"94","640",TRUE,0,0,0.003
"95","640",TRUE,0,0,0.007
"100","640",TRUE,0,0,0.028
"101","640",TRUE,0,0,0.003
"115","640",TRUE,0,0,0.006
"130","640",TRUE,0,0,0.011
"135","640",TRUE,0,0,0.006
"140","640",TRUE,0,0,0.019
"145","640",TRUE,0,0,0.001
"150","640",TRUE,0,0,0.008
"155","640",TRUE,1,1,0.996
"160","640",TRUE,0,0,0.032
"165","640",TRUE,0,0,0.005
"200","640",TRUE,0,0,0.012
"205","640",TRUE,0,0,0.028
"210","640",TRUE,0,0,0
"211","640",TRUE,1,1,1
"212","640",TRUE,0,0,0.006
"220","640",TRUE,1,1,1
"225","640",TRUE,0,0,0.103
"230","640",TRUE,0,0,0.005
"235","640",TRUE,0,0,0.001
"255","640",TRUE,0,0,0.014
"260","640",FALSE,NA,NA,0
"290","640",TRUE,1,1,1
"305","640",TRUE,0,0,0.078
"310","640",TRUE,0,0,0.008
"316","640",TRUE,1,1,1
"317","640",TRUE,1,1,0.999
"325","640",TRUE,0,0,0.019
"338","640",TRUE,0,0,0.048
"339","640",TRUE,1,1,1
"343","640",TRUE,0,0,0.123
"344","640",TRUE,1,1,1
"345","640",TRUE,1,1,1
"346","640",TRUE,0,0,0.067
"349","640",TRUE,1,1,1
"350","640",TRUE,0,0,0.014
"352","640",TRUE,0,0,0.078
"355","640",TRUE,1,1,1
"359","640",TRUE,1,1,1
"360","640",TRUE,1,1,1
"365","640",TRUE,1,1,1
"366","640",TRUE,1,1,0.998
"367","640",TRUE,1,1,0.999
"368","640",TRUE,1,1,1
"369","640",TRUE,1,1,1
"370","640",TRUE,1,1,1
"371","640",TRUE,0,0,0.151
"372","640",TRUE,0,0,0.197
"373","640",TRUE,0,0,0.18
"375","640",TRUE,0,0,0.109
"380","640",TRUE,0,0,0.094
"385","640",TRUE,1,1,0.998
"390","640",TRUE,0,0,0.002
"395","640",TRUE,0,0,0.001
"402","640",TRUE,0,0,0.013
"404","640",TRUE,0,0,0.004
"411","640",TRUE,0,0,0.02
"420","640",TRUE,1,1,0.897
"432","640",TRUE,1,1,0.822
"433","640",TRUE,1,1,0.944
"434","640",TRUE,0,0,0.014
"435","640",TRUE,0,0,0.014
"436","640",TRUE,0,0,0.01
"437","640",TRUE,0,0,0.011
"438","640",TRUE,0,0,0.01
"439","640",TRUE,0,0,0.01
"450","640",TRUE,0,0,0.014
"451","640",TRUE,0,0,0.015
"452","640",TRUE,0,0,0.011
"461","640",TRUE,0,0,0.004
"471","640",TRUE,0,0,0.011
"475","640",TRUE,0,0,0.01
"481","640",TRUE,0,0,0.009
"482","640",TRUE,0,0,0.016
"483","640",TRUE,0,0,0.016
"484","640",TRUE,0,0,0.008
"490","640",TRUE,0,0,0.001
"500","640",TRUE,0,0,0.021
"501","640",TRUE,0,0,0.012
"510","640",TRUE,0,0,0.007
"516","640",TRUE,0,0,0.024
"517","640",TRUE,0,0,0.009
"522","640",TRUE,0,0,0.004
"530","640",TRUE,0,0,0.019
"540","640",TRUE,0,0,0.003
"541","640",TRUE,0,0,0.003
"551","640",TRUE,0,0,0.005
"552","640",TRUE,0,0,0.002
"553","640",TRUE,0,0,0.012
"560","640",TRUE,0,0,0.092
"565","640",TRUE,0,0,0.004
"570","640",TRUE,0,0,0.004
"571","640",TRUE,0,0,0.005
"572","640",TRUE,0,0,0.008
"580","640",TRUE,0,0,0.008
"590","640",TRUE,0,0,0.003
"600","640",TRUE,0,0,0.014
"615","640",TRUE,0,0,0.005
"616","640",TRUE,1,1,0.997
"625","640",TRUE,0,0,0.007
"630","640",TRUE,0,0,0.004
"2","645",TRUE,0,0,0.006
"20","645",TRUE,0,0,0
"31","645",TRUE,0,0,0
"41","645",TRUE,0,0,0
"42","645",TRUE,0,0,0
"51","645",TRUE,0,0,0
"52","645",TRUE,0,0,0
"53","645",TRUE,0,0,0
"70","645",TRUE,0,0,0
"80","645",TRUE,0,0,0
"90","645",TRUE,0,0,0
"91","645",TRUE,0,0,0
"92","645",TRUE,0,0,0
"93","645",TRUE,0,0,0
"94","645",TRUE,0,0,0.001
"95","645",TRUE,0,0,0
"100","645",TRUE,0,0,0.003
"101","645",TRUE,0,0,0
"115","645",TRUE,0,0,0
"130","645",TRUE,0,0,0.001
"135","645",TRUE,0,0,0
"140","645",TRUE,0,0,0.004
"145","645",TRUE,0,0,0
"150","645",TRUE,0,0,0
"155","645",TRUE,0,0,0.001
"160","645",TRUE,0,0,0
"165","645",TRUE,0,0,0
"200","645",TRUE,0,0,0.007
"205","645",TRUE,0,0,0
"210","645",TRUE,0,0,0.001
"211","645",TRUE,0,0,0
"212","645",TRUE,0,0,0
"220","645",TRUE,0,0,0.009
"225","645",TRUE,0,0,0
"230","645",TRUE,0,0,0.003
"235","645",TRUE,0,0,0
"255","645",TRUE,0,0,0.006
"260","645",FALSE,NA,NA,0
"290","645",TRUE,0,0,0.004
"305","645",TRUE,0,0,0
"310","645",TRUE,0,0,0.003
"316","645",TRUE,0,0,0.002
"317","645",TRUE,0,0,0.001
"325","645",TRUE,0,0,0.022
"338","645",TRUE,0,0,0
"339","645",TRUE,0,0,0
"343","645",TRUE,0,0,0
"344","645",TRUE,0,0,0.001
"345","645",TRUE,0,0,0.002
"346","645",TRUE,0,0,0
"349","645",TRUE,0,0,0.001
"350","645",TRUE,0,0,0.003
"352","645",TRUE,0,0,0.001
"355","645",TRUE,0,0,0.002
"359","645",TRUE,0,0,0
"360","645",TRUE,0,0,0.003
"365","645",TRUE,0,0,0.014
"366","645",TRUE,0,0,0
"367","645",TRUE,0,0,0.001
"368","645",TRUE,0,0,0
"369","645",TRUE,0,0,0.021
"370","645",TRUE,0,0,0.001
"371","645",TRUE,0,0,0
"372","645",TRUE,0,0,0
"373","645",TRUE,0,0,0.002
"375","645",TRUE,0,0,0.001
"380","645",TRUE,0,0,0
"385","645",TRUE,0,0,0.001
"390","645",TRUE,0,0,0
"395","645",TRUE,0,0,0
"402","645",TRUE,0,0,0.001
"404","645",TRUE,0,0,0.001
"411","645",TRUE,0,0,0
"420","645",TRUE,0,0,0
"432","645",TRUE,0,0,0
"433","645",TRUE,0,0,0
"434","645",TRUE,0,0,0
"435","645",TRUE,0,0,0
"436","645",TRUE,0,0,0
"437","645",TRUE,0,0,0
"438","645",TRUE,0,0,0.002
"439","645",TRUE,0,0,0
"450","645",TRUE,0,0,0.001
"451","645",TRUE,0,0,0
"452","645",TRUE,0,0,0.001
"461","645",TRUE,0,0,0
"471","645",TRUE,0,0,0
"475","645",TRUE,0,0,0
"481","645",TRUE,0,0,0
"482","645",TRUE,0,0,0.001
"483","645",TRUE,0,0,0
"484","645",TRUE,0,0,0
"490","645",TRUE,0,0,0
"500","645",TRUE,0,0,0.001
"501","645",TRUE,0,0,0.002
"510","645",TRUE,0,0,0
"516","645",TRUE,0,0,0
"517","645",TRUE,0,0,0
"522","645",TRUE,0,0,0.001
"530","645",TRUE,0,0,0.001
"540","645",TRUE,0,0,0
"541","645",TRUE,0,0,0
"551","645",TRUE,0,0,0.001
"552","645",TRUE,0,0,0
"553","645",TRUE,0,0,0.001
"560","645",TRUE,0,0,0.012
"565","645",TRUE,0,0,0
"570","645",TRUE,0,0,0.001
"571","645",TRUE,0,0,0
"572","645",TRUE,0,0,0
"580","645",TRUE,0,0,0
"590","645",TRUE,0,0,0
"600","645",TRUE,0,0,0.001
"615","645",TRUE,0,0,0
"616","645",TRUE,0,0,0
"625","645",TRUE,0,0,0.001
"630","645",TRUE,0,0,0.009
"640","645",TRUE,0,0,0.033
"2","651",TRUE,1,1,0.788
"20","651",TRUE,0,0,0.004
"31","651",TRUE,0,0,0
"41","651",TRUE,0,0,0
"42","651",TRUE,0,0,0
"51","651",TRUE,0,0,0
"52","651",TRUE,0,0,0
"53","651",TRUE,0,0,0.001
"70","651",TRUE,0,0,0
"80","651",TRUE,0,0,0
"90","651",TRUE,0,0,0
"91","651",TRUE,0,0,0
"92","651",TRUE,0,0,0
"93","651",TRUE,0,0,0
"94","651",TRUE,0,0,0
"95","651",TRUE,0,0,0
"100","651",TRUE,0,0,0
"101","651",TRUE,0,0,0
"115","651",TRUE,0,0,0
"130","651",TRUE,0,0,0
"135","651",TRUE,0,0,0
"140","651",TRUE,0,0,0.001
"145","651",TRUE,0,0,0
"150","651",TRUE,0,0,0
"155","651",TRUE,0,0,0
"160","651",TRUE,0,0,0
"165","651",TRUE,0,0,0
"200","651",TRUE,0,0,0.007
"205","651",TRUE,0,0,0
"210","651",TRUE,0,0,0.002
"211","651",TRUE,0,0,0
"212","651",TRUE,0,0,0
"220","651",TRUE,0,0,0.006
"225","651",TRUE,0,0,0.001
"230","651",TRUE,0,0,0.005
"235","651",TRUE,0,0,0.002
"255","651",TRUE,0,0,0.001
"260","651",FALSE,NA,NA,0
"290","651",TRUE,0,0,0.002
"305","651",TRUE,0,0,0.001
"310","651",TRUE,0,0,0.001
"316","651",TRUE,1,1,0.817
"317","651",TRUE,0,0,0.001
"325","651",TRUE,0,0,0.007
"338","651",TRUE,0,0,0.001
"339","651",TRUE,0,0,0.001
"343","651",TRUE,0,0,0
"344","651",TRUE,0,0,0.001
"345","651",TRUE,0,0,0.002
"346","651",TRUE,0,0,0
"349","651",TRUE,0,0,0
"350","651",TRUE,0,0,0.007
"352","651",TRUE,0,0,0
"355","651",TRUE,0,0,0.002
"359","651",TRUE,0,0,0
"360","651",TRUE,1,1,0.832
"365","651",TRUE,0,0,0.002
"366","651",TRUE,0,0,0
"367","651",TRUE,0,0,0
"368","651",TRUE,0,0,0.001
"369","651",TRUE,0,0,0.007
"370","651",TRUE,0,0,0.001
"371","651",TRUE,0,0,0.001
"372","651",TRUE,0,0,0.001
"373","651",TRUE,0,0,0
"375","651",TRUE,0,0,0
"380","651",TRUE,0,0,0
"385","651",TRUE,0,0,0
"390","651",TRUE,0,0,0
"395","651",TRUE,0,0,0
"402","651",TRUE,0,0,0.003
"404","651",TRUE,0,0,0
"411","651",TRUE,0,0,0
"420","651",TRUE,0,0,0
"432","651",TRUE,0,0,0
"433","651",TRUE,0,0,0.004
"434","651",TRUE,0,0,0.002
"435","651",TRUE,0,0,0.002
"436","651",TRUE,0,0,0.002
"437","651",TRUE,0,0,0.001
"438","651",TRUE,0,0,0.001
"439","651",TRUE,0,0,0.002
"450","651",TRUE,0,0,0.001
"451","651",TRUE,0,0,0
"452","651",TRUE,0,0,0.004
"461","651",TRUE,0,0,0
"471","651",TRUE,0,0,0.001
"475","651",TRUE,0,0,0
"481","651",TRUE,0,0,0.001
"482","651",TRUE,0,0,0.001
"483","651",TRUE,0,0,0.007
"484","651",TRUE,0,0,0.001
"490","651",TRUE,0,0,0.001
"500","651",TRUE,0,0,0.004
"501","651",TRUE,0,0,0
"510","651",TRUE,0,0,0.002
"516","651",TRUE,0,0,0.002
"517","651",TRUE,0,0,0.002
"522","651",TRUE,0,0,0
"530","651",TRUE,0,0,0.002
"540","651",TRUE,0,0,0
"541","651",TRUE,0,0,0
"551","651",TRUE,0,0,0.001
"552","651",TRUE,0,0,0
"553","651",TRUE,0,0,0.003
"560","651",TRUE,0,0,0.025
"565","651",TRUE,0,0,0
"570","651",TRUE,0,0,0
"571","651",TRUE,0,0,0
"572","651",TRUE,0,0,0.001
"580","651",TRUE,0,0,0.003
"590","651",TRUE,0,0,0.002
"600","651",TRUE,0,0,0.004
"615","651",TRUE,0,0,0.001
"616","651",TRUE,0,0,0.002
"625","651",TRUE,0,0,0.002
"630","651",TRUE,0,0,0
"640","651",TRUE,0,0,0.051
"645","651",TRUE,0,0,0.003
"2","652",TRUE,0,0,0.004
"20","652",TRUE,0,0,0
"31","652",TRUE,0,0,0
"41","652",TRUE,0,0,0
"42","652",TRUE,0,0,0
"51","652",TRUE,0,0,0.001
"52","652",TRUE,0,0,0
"53","652",TRUE,0,0,0.001
"70","652",TRUE,0,0,0
"80","652",TRUE,0,0,0
"90","652",TRUE,0,0,0
"91","652",TRUE,0,0,0
"92","652",TRUE,0,0,0
"93","652",TRUE,0,0,0
"94","652",TRUE,0,0,0
"95","652",TRUE,0,0,0
"100","652",TRUE,0,0,0
"101","652",TRUE,0,0,0
"115","652",TRUE,0,0,0
"130","652",TRUE,0,0,0
"135","652",TRUE,0,0,0
"140","652",TRUE,0,0,0
"145","652",TRUE,0,0,0
"150","652",TRUE,0,0,0
"155","652",TRUE,0,0,0
"160","652",TRUE,0,0,0
"165","652",TRUE,0,0,0
"200","652",TRUE,0,0,0
"205","652",TRUE,0,0,0
"210","652",TRUE,0,0,0
"211","652",TRUE,0,0,0.001
"212","652",TRUE,0,0,0
"220","652",TRUE,0,0,0.015
"225","652",TRUE,0,0,0
"230","652",TRUE,0,0,0.003
"235","652",TRUE,0,0,0
"255","652",TRUE,0,0,0.002
"260","652",FALSE,NA,NA,0
"290","652",TRUE,0,0,0.006
"305","652",TRUE,0,0,0.002
"310","652",TRUE,0,0,0.001
"316","652",TRUE,0,0,0.01
"317","652",TRUE,0,0,0.005
"325","652",TRUE,0,0,0.001
"338","652",TRUE,0,0,0
"339","652",TRUE,0,0,0
"343","652",TRUE,0,0,0
"344","652",TRUE,0,0,0.002
"345","652",TRUE,0,0,0
"346","652",TRUE,0,0,0
"349","652",TRUE,0,0,0.001
"350","652",TRUE,0,0,0
"352","652",TRUE,0,0,0
"355","652",TRUE,0,0,0.007
"359","652",TRUE,0,0,0.001
"360","652",TRUE,0,0,0.009
"365","652",TRUE,0,0,0.099
"366","652",TRUE,0,0,0.001
"367","652",TRUE,0,0,0.001
"368","652",TRUE,0,0,0.002
"369","652",TRUE,0,0,0.07
"370","652",TRUE,1,1,0.786
"371","652",TRUE,0,0,0
"372","652",TRUE,0,0,0
"373","652",TRUE,0,0,0
"375","652",TRUE,0,0,0.001
"380","652",TRUE,0,0,0
"385","652",TRUE,0,0,0
"390","652",TRUE,0,0,0
"395","652",TRUE,0,0,0
"402","652",TRUE,0,0,0
"404","652",TRUE,0,0,0.001
"411","652",TRUE,0,0,0
"420","652",TRUE,0,0,0.001
"432","652",TRUE,0,0,0
"433","652",TRUE,0,0,0.002
"434","652",TRUE,0,0,0
"435","652",TRUE,0,0,0
"436","652",TRUE,0,0,0
"437","652",TRUE,0,0,0
"438","652",TRUE,0,0,0.001
"439","652",TRUE,0,0,0
"450","652",TRUE,0,0,0
"451","652",TRUE,0,0,0
"452","652",TRUE,0,0,0
"461","652",TRUE,0,0,0
"471","652",TRUE,0,0,0
"475","652",TRUE,0,0,0
"481","652",TRUE,0,0,0
"482","652",TRUE,0,0,0
"483","652",TRUE,0,0,0.001
"484","652",TRUE,0,0,0
"490","652",TRUE,0,0,0
"500","652",TRUE,0,0,0.002
"501","652",TRUE,0,0,0
"510","652",TRUE,0,0,0
"516","652",TRUE,0,0,0
"517","652",TRUE,0,0,0
"522","652",TRUE,0,0,0.001
"530","652",TRUE,0,0,0
"540","652",TRUE,0,0,0
"541","652",TRUE,0,0,0
"551","652",TRUE,0,0,0.001
"552","652",TRUE,0,0,0.001
"553","652",TRUE,0,0,0
"560","652",TRUE,0,0,0.012
"565","652",TRUE,0,0,0
"570","652",TRUE,0,0,0
"571","652",TRUE,0,0,0
"572","652",TRUE,0,0,0
"580","652",TRUE,0,0,0
"590","652",TRUE,0,0,0
"600","652",TRUE,0,0,0
"615","652",TRUE,0,0,0.002
"616","652",TRUE,0,0,0.001
"625","652",TRUE,0,0,0.001
"630","652",TRUE,0,1,0.001
"640","652",TRUE,1,1,0.984
"645","652",TRUE,0,0,0.005
"651","652",TRUE,0,0,0.004
"2","660",TRUE,0,0,0.003
"20","660",TRUE,0,0,0
"31","660",TRUE,0,0,0
"41","660",TRUE,0,0,0
"42","660",TRUE,0,0,0
"51","660",TRUE,0,0,0
"52","660",TRUE,0,0,0
"53","660",TRUE,0,0,0
"70","660",TRUE,0,0,0
"80","660",TRUE,0,0,0
"90","660",TRUE,0,0,0
"91","660",TRUE,0,0,0
"92","660",TRUE,0,0,0
"93","660",TRUE,0,0,0
"94","660",TRUE,0,0,0
"95","660",TRUE,0,0,0
"100","660",TRUE,0,0,0
"101","660",TRUE,0,0,0
"115","660",TRUE,0,0,0
"130","660",TRUE,0,0,0.001
"135","660",TRUE,0,0,0
"140","660",TRUE,0,0,0.001
"145","660",TRUE,0,0,0.001
"150","660",TRUE,0,0,0
"155","660",TRUE,0,0,0
"160","660",TRUE,0,0,0
"165","660",TRUE,0,0,0
"200","660",TRUE,0,0,0.002
"205","660",TRUE,0,0,0
"210","660",TRUE,0,0,0
"211","660",TRUE,0,0,0
"212","660",TRUE,0,0,0
"220","660",TRUE,0,0,0
"225","660",TRUE,0,0,0.001
"230","660",TRUE,0,0,0.003
"235","660",TRUE,0,0,0
"255","660",TRUE,0,0,0
"260","660",FALSE,NA,NA,0
"290","660",TRUE,0,0,0.002
"305","660",TRUE,0,0,0
"310","660",TRUE,0,0,0
"316","660",TRUE,0,0,0.005
"317","660",TRUE,0,0,0
"325","660",TRUE,1,1,0.92
"338","660",TRUE,0,0,0
"339","660",TRUE,0,0,0
"343","660",TRUE,0,0,0
"344","660",TRUE,0,0,0
"345","660",TRUE,0,0,0.001
"346","660",TRUE,0,0,0
"349","660",TRUE,0,0,0
"350","660",TRUE,0,0,0.001
"352","660",TRUE,0,0,0.001
"355","660",TRUE,0,0,0.004
"359","660",TRUE,0,0,0
"360","660",TRUE,0,0,0.002
"365","660",TRUE,0,0,0.005
"366","660",TRUE,0,0,0
"367","660",TRUE,0,0,0
"368","660",TRUE,0,0,0
"369","660",TRUE,0,0,0.024
"370","660",TRUE,0,0,0
"371","660",TRUE,1,1,0.564
"372","660",TRUE,0,0,0
"373","660",TRUE,0,0,0
"375","660",TRUE,0,0,0
"380","660",TRUE,0,0,0.001
"385","660",TRUE,0,0,0
"390","660",TRUE,0,0,0
"395","660",TRUE,0,0,0
"402","660",TRUE,0,0,0
"404","660",TRUE,0,0,0
"411","660",TRUE,0,0,0
"420","660",TRUE,0,0,0
"432","660",TRUE,0,0,0
"433","660",TRUE,0,0,0
"434","660",TRUE,0,0,0
"435","660",TRUE,0,0,0
"436","660",TRUE,0,0,0
"437","660",TRUE,0,0,0.001
"438","660",TRUE,0,0,0
"439","660",TRUE,0,0,0
"450","660",TRUE,0,0,0.001
"451","660",TRUE,0,0,0
"452","660",TRUE,0,0,0
"461","660",TRUE,0,0,0
"471","660",TRUE,0,0,0
"475","660",TRUE,0,0,0
"481","660",TRUE,0,0,0
"482","660",TRUE,0,0,0
"483","660",TRUE,0,0,0.004
"484","660",TRUE,0,0,0
"490","660",TRUE,0,0,0
"500","660",TRUE,0,0,0
"501","660",TRUE,0,0,0.001
"510","660",TRUE,0,0,0
"516","660",TRUE,0,0,0
"517","660",TRUE,0,0,0
"522","660",TRUE,0,0,0
"530","660",TRUE,0,0,0
"540","660",TRUE,0,0,0
"541","660",TRUE,0,0,0
"551","660",TRUE,0,0,0.001
"552","660",TRUE,0,0,0
"553","660",TRUE,0,0,0
"560","660",TRUE,0,0,0.013
"565","660",TRUE,0,0,0
"570","660",TRUE,0,0,0
"571","660",TRUE,0,0,0
"572","660",TRUE,0,0,0
"580","660",TRUE,0,0,0
"590","660",TRUE,0,0,0
"600","660",TRUE,0,0,0.001
"615","660",TRUE,0,0,0.001
"616","660",TRUE,0,0,0
"625","660",TRUE,0,0,0
"630","660",TRUE,0,0,0
"640","660",TRUE,0,0,0.009
"645","660",TRUE,0,0,0.002
"651","660",TRUE,0,0,0.001
"652","660",TRUE,0,0,0
"2","663",TRUE,0,0,0.002
"20","663",TRUE,0,0,0
"31","663",TRUE,0,0,0
"41","663",TRUE,0,0,0
"42","663",TRUE,0,0,0
"51","663",TRUE,0,0,0
"52","663",TRUE,0,0,0
"53","663",TRUE,0,0,0
"70","663",TRUE,0,0,0
"80","663",TRUE,0,0,0
"90","663",TRUE,0,0,0
"91","663",TRUE,0,0,0
"92","663",TRUE,0,0,0
"93","663",TRUE,0,0,0
"94","663",TRUE,0,0,0
"95","663",TRUE,0,0,0
"100","663",TRUE,0,0,0
"101","663",TRUE,0,0,0
"115","663",TRUE,0,0,0
"130","663",TRUE,0,0,0
"135","663",TRUE,0,0,0.002
"140","663",TRUE,0,0,0.001
"145","663",TRUE,0,0,0
"150","663",TRUE,0,0,0
"155","663",TRUE,0,0,0.002
"160","663",TRUE,0,0,0.001
"165","663",TRUE,0,0,0
"200","663",TRUE,0,0,0.006
"205","663",TRUE,0,0,0
"210","663",TRUE,0,0,0.003
"211","663",TRUE,0,0,0.001
"212","663",TRUE,0,0,0
"220","663",TRUE,0,0,0.032
"225","663",TRUE,0,0,0
"230","663",TRUE,0,0,0.01
"235","663",TRUE,0,0,0.001
"255","663",TRUE,0,0,0.009
"260","663",FALSE,NA,NA,0
"290","663",TRUE,0,0,0.016
"305","663",TRUE,0,0,0
"310","663",TRUE,0,0,0.001
"316","663",TRUE,0,0,0.008
"317","663",TRUE,0,0,0.007
"325","663",TRUE,1,1,0.997
"338","663",TRUE,0,0,0
"339","663",TRUE,0,0,0
"343","663",TRUE,0,0,0.001
"344","663",TRUE,0,0,0
"345","663",TRUE,0,0,0.002
"346","663",TRUE,0,0,0
"349","663",TRUE,0,0,0.001
"350","663",TRUE,0,0,0.007
"352","663",TRUE,0,0,0.003
"355","663",TRUE,0,0,0.006
"359","663",TRUE,0,0,0.002
"360","663",TRUE,1,1,0.986
"365","663",TRUE,1,1,0.998
"366","663",TRUE,0,0,0
"367","663",TRUE,0,0,0
"368","663",TRUE,0,0,0
"369","663",TRUE,0,0,0.099
"370","663",TRUE,0,0,0
"371","663",TRUE,0,0,0.001
"372","663",TRUE,0,0,0.003
"373","663",TRUE,0,0,0
"375","663",TRUE,0,0,0.001
"380","663",TRUE,0,0,0.006
"385","663",TRUE,0,0,0
"390","663",TRUE,0,0,0
"395","663",TRUE,0,0,0
"402","663",TRUE,0,0,0.001
"404","663",TRUE,0,0,0
"411","663",TRUE,0,0,0
"420","663",TRUE,0,0,0
"432","663",TRUE,0,0,0
"433","663",TRUE,0,0,0
"434","663",TRUE,0,0,0
"435","663",TRUE,0,0,0
"436","663",TRUE,0,0,0.001
"437","663",TRUE,0,0,0
"438","663",TRUE,0,0,0
"439","663",TRUE,0,0,0
"450","663",TRUE,0,0,0
"451","663",TRUE,0,0,0
"452","663",TRUE,0,0,0
"461","663",TRUE,0,0,0
"471","663",TRUE,0,0,0
"475","663",TRUE,0,0,0
"481","663",TRUE,0,0,0.001
"482","663",TRUE,0,0,0
"483","663",TRUE,0,0,0.001
"484","663",TRUE,0,0,0
"490","663",TRUE,0,0,0.002
"500","663",TRUE,0,0,0.001
"501","663",TRUE,0,0,0
"510","663",TRUE,0,0,0
"516","663",TRUE,0,0,0
"517","663",TRUE,0,0,0.001
"522","663",TRUE,0,0,0.001
"530","663",TRUE,0,0,0
"540","663",TRUE,0,0,0.003
"541","663",TRUE,0,0,0.001
"551","663",TRUE,0,0,0.001
"552","663",TRUE,0,0,0
"553","663",TRUE,0,0,0
"560","663",TRUE,1,1,0.999
"565","663",TRUE,0,0,0
"570","663",TRUE,0,0,0
"571","663",TRUE,0,0,0
"572","663",TRUE,0,0,0
"580","663",TRUE,0,0,0
"590","663",TRUE,0,0,0.001
"600","663",TRUE,0,0,0.001
"615","663",TRUE,0,0,0.001
"616","663",TRUE,0,0,0
"625","663",TRUE,0,0,0
"630","663",TRUE,0,0,0
"640","663",TRUE,0,0,0.103
"645","663",TRUE,0,0,0.002
"651","663",TRUE,0,0,0.008
"652","663",TRUE,0,0,0.007
"660","663",TRUE,0,0,0.008
"2","666",TRUE,1,1,0.979
"20","666",TRUE,0,0,0
"31","666",TRUE,0,0,0
"41","666",TRUE,0,0,0
"42","666",TRUE,0,0,0.001
"51","666",TRUE,0,0,0
"52","666",TRUE,0,0,0
"53","666",TRUE,0,0,0
"70","666",TRUE,0,0,0
"80","666",TRUE,0,0,0.002
"90","666",TRUE,0,0,0
"91","666",TRUE,0,0,0
"92","666",TRUE,0,0,0
"93","666",TRUE,0,0,0
"94","666",TRUE,0,0,0
"95","666",TRUE,0,0,0.001
"100","666",TRUE,0,0,0
"101","666",TRUE,0,0,0
"115","666",TRUE,0,0,0.001
"130","666",TRUE,0,0,0
"135","666",TRUE,0,0,0
"140","666",TRUE,0,0,0
"145","666",TRUE,0,0,0
"150","666",TRUE,0,0,0
"155","666",TRUE,0,0,0
"160","666",TRUE,0,0,0
"165","666",TRUE,0,0,0
"200","666",TRUE,0,0,0.025
"205","666",TRUE,0,0,0.001
"210","666",TRUE,0,0,0
"211","666",TRUE,0,0,0
"212","666",TRUE,0,0,0
"220","666",TRUE,0,0,0.027
"225","666",TRUE,0,0,0.001
"230","666",TRUE,0,0,0.021
"235","666",TRUE,0,0,0.004
"255","666",TRUE,0,0,0.022
"260","666",FALSE,NA,NA,0
"290","666",TRUE,1,1,0.999
"305","666",TRUE,0,0,0.002
"310","666",TRUE,0,0,0.001
"316","666",TRUE,0,0,0.023
"317","666",TRUE,0,0,0.011
"325","666",TRUE,0,0,0.043
"338","666",TRUE,0,0,0.001
"339","666",TRUE,0,0,0.004
"343","666",TRUE,0,0,0.002
"344","666",TRUE,0,0,0
"345","666",TRUE,0,0,0
"346","666",TRUE,0,0,0
"349","666",TRUE,1,1,0.994
"350","666",TRUE,0,0,0.053
"352","666",TRUE,0,0,0
"355","666",TRUE,1,0,0.991
"359","666",TRUE,0,0,0.01
"360","666",TRUE,0,0,0.012
"365","666",TRUE,0,0,0.021
"366","666",TRUE,0,0,0.001
"367","666",TRUE,1,1,0.975
"368","666",TRUE,0,0,0.003
"369","666",TRUE,0,0,0.064
"370","666",TRUE,0,0,0
"371","666",TRUE,0,0,0.002
"372","666",TRUE,0,0,0.006
"373","666",TRUE,0,0,0.003
"375","666",TRUE,0,0,0.01
"380","666",TRUE,0,0,0
"385","666",TRUE,0,0,0
"390","666",TRUE,0,0,0.003
"395","666",TRUE,0,0,0.001
"402","666",TRUE,0,0,0
"404","666",TRUE,0,0,0
"411","666",TRUE,0,0,0
"420","666",TRUE,0,0,0.001
"432","666",TRUE,0,0,0
"433","666",TRUE,0,0,0.001
"434","666",TRUE,0,0,0.002
"435","666",TRUE,0,0,0
"436","666",TRUE,0,0,0
"437","666",TRUE,0,0,0
"438","666",TRUE,0,0,0
"439","666",TRUE,0,0,0.001
"450","666",TRUE,0,0,0.001
"451","666",TRUE,0,0,0.002
"452","666",TRUE,0,0,0.001
"461","666",TRUE,0,0,0.001
"471","666",TRUE,0,0,0.001
"475","666",TRUE,0,0,0
"481","666",TRUE,0,0,0
"482","666",TRUE,0,0,0
"483","666",TRUE,0,0,0
"484","666",TRUE,0,0,0
"490","666",TRUE,0,0,0
"500","666",TRUE,0,0,0
"501","666",TRUE,0,0,0.001
"510","666",TRUE,0,0,0
"516","666",TRUE,0,0,0
"517","666",TRUE,0,0,0
"522","666",TRUE,0,0,0
"530","666",TRUE,0,0,0
"540","666",TRUE,0,0,0
"541","666",TRUE,0,0,0
"551","666",TRUE,0,0,0
"552","666",TRUE,0,0,0
"553","666",TRUE,0,0,0
"560","666",TRUE,0,0,0.008
"565","666",TRUE,0,0,0
"570","666",TRUE,0,0,0
"571","666",TRUE,0,0,0
"572","666",TRUE,0,0,0
"580","666",TRUE,0,0,0
"590","666",TRUE,0,0,0.001
"600","666",TRUE,0,0,0.002
"615","666",TRUE,0,0,0
"616","666",TRUE,0,0,0
"625","666",TRUE,0,0,0.001
"630","666",TRUE,0,0,0
"640","666",TRUE,0,0,0.164
"645","666",TRUE,0,0,0
"651","666",TRUE,0,0,0.006
"652","666",TRUE,0,0,0.002
"660","666",TRUE,0,0,0
"663","666",TRUE,0,0,0.002
"2","670",TRUE,0,0,0.011
"20","670",TRUE,0,0,0
"31","670",TRUE,0,0,0
"41","670",TRUE,0,0,0
"42","670",TRUE,0,0,0.001
"51","670",TRUE,0,0,0.001
"52","670",TRUE,0,0,0
"53","670",TRUE,0,0,0.001
"70","670",TRUE,0,0,0
"80","670",TRUE,0,0,0.001
"90","670",TRUE,0,0,0
"91","670",TRUE,0,0,0
"92","670",TRUE,0,0,0
"93","670",TRUE,0,0,0
"94","670",TRUE,0,0,0
"95","670",TRUE,0,0,0
"100","670",TRUE,0,0,0
"101","670",TRUE,0,0,0.001
"115","670",TRUE,0,0,0
"130","670",TRUE,0,0,0
"135","670",TRUE,0,0,0
"140","670",TRUE,0,0,0.006
"145","670",TRUE,0,0,0
"150","670",TRUE,0,0,0
"155","670",TRUE,0,0,0.001
"160","670",TRUE,0,0,0.001
"165","670",TRUE,0,0,0
"200","670",TRUE,0,0,0.017
"205","670",TRUE,0,0,0
"210","670",TRUE,0,0,0.001
"211","670",TRUE,0,0,0.002
"212","670",TRUE,0,0,0
"220","670",TRUE,0,0,0.017
"225","670",TRUE,0,0,0.002
"230","670",TRUE,0,0,0.034
"235","670",TRUE,0,0,0
"255","670",TRUE,0,0,0.022
"260","670",FALSE,NA,NA,0
"290","670",TRUE,0,0,0.01
"305","670",TRUE,0,0,0
"310","670",TRUE,0,0,0.002
"316","670",TRUE,0,0,0.007
"317","670",TRUE,0,0,0.003
"325","670",TRUE,1,1,0.998
"338","670",TRUE,0,0,0
"339","670",TRUE,0,0,0.001
"343","670",TRUE,0,0,0
"344","670",TRUE,0,0,0.001
"345","670",TRUE,0,0,0
"346","670",TRUE,0,0,0
"349","670",TRUE,0,0,0.001
"350","670",TRUE,0,0,0
"352","670",TRUE,0,0,0
"355","670",TRUE,0,0,0.007
"359","670",TRUE,0,0,0
"360","670",TRUE,0,0,0.002
"365","670",TRUE,0,0,0.016
"366","670",TRUE,0,0,0.001
"367","670",TRUE,0,0,0
"368","670",TRUE,0,0,0
"369","670",TRUE,0,0,0.063
"370","670",TRUE,0,0,0
"371","670",TRUE,0,0,0
"372","670",TRUE,0,0,0
"373","670",TRUE,0,0,0
"375","670",TRUE,0,0,0.001
"380","670",TRUE,1,1,0.978
"385","670",TRUE,0,0,0.001
"390","670",TRUE,0,0,0
"395","670",TRUE,0,0,0
"402","670",TRUE,0,0,0.001
"404","670",TRUE,0,0,0.002
"411","670",TRUE,0,0,0
"420","670",TRUE,0,0,0
"432","670",TRUE,0,0,0.001
"433","670",TRUE,0,0,0.002
"434","670",TRUE,0,0,0.001
"435","670",TRUE,0,0,0.001
"436","670",TRUE,0,0,0
"437","670",TRUE,0,0,0
"438","670",TRUE,0,0,0.001
"439","670",TRUE,0,0,0.001
"450","670",TRUE,0,0,0
"451","670",TRUE,0,0,0.001
"452","670",TRUE,0,0,0
"461","670",TRUE,0,0,0.001
"471","670",TRUE,0,0,0
"475","670",TRUE,0,0,0.007
"481","670",TRUE,0,0,0.004
"482","670",TRUE,0,0,0.003
"483","670",TRUE,0,0,0.001
"484","670",TRUE,0,0,0
"490","670",TRUE,0,0,0.006
"500","670",TRUE,0,0,0.001
"501","670",TRUE,0,0,0
"510","670",TRUE,0,0,0
"516","670",TRUE,0,0,0.002
"517","670",TRUE,0,0,0.006
"522","670",TRUE,0,0,0.01
"530","670",TRUE,0,0,0.001
"540","670",TRUE,0,0,0.001
"541","670",TRUE,0,0,0.002
"551","670",TRUE,0,0,0.006
"552","670",TRUE,0,0,0
"553","670",TRUE,0,0,0
"560","670",TRUE,1,1,0.999
"565","670",TRUE,0,0,0.004
"570","670",TRUE,0,0,0
"571","670",TRUE,0,0,0
"572","670",TRUE,0,0,0
"580","670",TRUE,0,0,0.001
"590","670",TRUE,0,0,0.001
"600","670",TRUE,0,0,0
"615","670",TRUE,0,0,0.005
"616","670",TRUE,0,0,0.003
"625","670",TRUE,0,0,0.002
"630","670",TRUE,0,0,0
"640","670",TRUE,0,0,0.009
"645","670",TRUE,0,0,0.014
"651","670",TRUE,0,0,0.003
"652","670",TRUE,0,0,0
"660","670",TRUE,0,0,0.011
"663","670",TRUE,0,0,0.029
"666","670",TRUE,0,0,0
"2","679",TRUE,0,0,0.004
"20","679",TRUE,0,0,0
"31","679",TRUE,0,0,0
"41","679",TRUE,0,0,0
"42","679",TRUE,0,0,0
"51","679",TRUE,0,0,0
"52","679",TRUE,0,0,0
"53","679",TRUE,0,0,0
"70","679",TRUE,0,0,0.001
"80","679",TRUE,0,0,0
"90","679",TRUE,0,0,0
"91","679",TRUE,0,0,0
"92","679",TRUE,0,0,0.001
"93","679",TRUE,0,0,0
"94","679",TRUE,0,0,0.001
"95","679",TRUE,0,0,0.001
"100","679",TRUE,0,0,0.002
"101","679",TRUE,0,0,0
"115","679",TRUE,0,0,0.001
"130","679",TRUE,0,0,0
"135","679",TRUE,0,0,0.003
"140","679",TRUE,0,0,0.007
"145","679",TRUE,0,0,0
"150","679",TRUE,0,0,0
"155","679",TRUE,0,0,0
"160","679",TRUE,0,0,0.003
"165","679",TRUE,0,0,0.001
"200","679",TRUE,0,0,0.003
"205","679",TRUE,0,0,0
"210","679",TRUE,0,0,0
"211","679",TRUE,0,0,0
"212","679",TRUE,0,0,0.001
"220","679",TRUE,0,0,0.004
"225","679",TRUE,0,0,0.002
"230","679",TRUE,0,0,0.002
"235","679",TRUE,0,0,0
"255","679",TRUE,0,0,0.005
"260","679",FALSE,NA,NA,0
"290","679",TRUE,0,0,0.002
"305","679",TRUE,0,0,0.001
"310","679",TRUE,0,0,0.001
"316","679",TRUE,0,0,0.001
"317","679",TRUE,0,0,0.003
"325","679",TRUE,0,0,0.012
"338","679",TRUE,0,0,0
"339","679",TRUE,0,0,0
"343","679",TRUE,0,0,0
"344","679",TRUE,0,0,0
"345","679",TRUE,0,0,0.001
"346","679",TRUE,0,0,0.001
"349","679",TRUE,0,0,0
"350","679",TRUE,0,0,0.002
"352","679",TRUE,0,0,0
"355","679",TRUE,0,0,0.001
"359","679",TRUE,0,0,0
"360","679",TRUE,0,0,0.001
"365","679",TRUE,0,0,0.004
"366","679",TRUE,0,0,0
"367","679",TRUE,0,0,0
"368","679",TRUE,0,0,0
"369","679",TRUE,0,0,0.015
"370","679",TRUE,0,0,0
"371","679",TRUE,0,0,0
"372","679",TRUE,0,0,0
"373","679",TRUE,0,0,0
"375","679",TRUE,0,0,0.001
"380","679",TRUE,0,0,0.001
"385","679",TRUE,0,0,0
"390","679",TRUE,0,0,0
"395","679",TRUE,0,0,0
"402","679",TRUE,0,0,0
"404","679",TRUE,0,0,0
"411","679",TRUE,0,0,0
"420","679",TRUE,0,0,0
"432","679",TRUE,0,0,0
"433","679",TRUE,0,0,0.001
"434","679",TRUE,0,0,0
"435","679",TRUE,0,0,0
"436","679",TRUE,0,0,0.002
"437","679",TRUE,0,0,0.001
"438","679",TRUE,0,0,0
"439","679",TRUE,0,0,0
"450","679",TRUE,0,0,0
"451","679",TRUE,0,0,0
"452","679",TRUE,0,0,0
"461","679",TRUE,0,0,0
"471","679",TRUE,0,0,0
"475","679",TRUE,0,0,0.001
"481","679",TRUE,0,0,0
"482","679",TRUE,0,0,0
"483","679",TRUE,0,0,0
"484","679",TRUE,0,0,0
"490","679",TRUE,0,0,0.002
"500","679",TRUE,0,0,0.001
"501","679",TRUE,0,0,0.002
"510","679",TRUE,0,0,0
"516","679",TRUE,0,0,0
"517","679",TRUE,0,0,0.001
"522","679",TRUE,0,0,0.002
"530","679",TRUE,0,0,0.004
"540","679",TRUE,0,0,0
"541","679",TRUE,0,0,0
"551","679",TRUE,0,0,0
"552","679",TRUE,0,0,0.001
"553","679",TRUE,0,0,0
"560","679",TRUE,0,0,0.016
"565","679",TRUE,0,0,0
"570","679",TRUE,0,0,0
"571","679",TRUE,0,0,0
"572","679",TRUE,0,0,0.002
"580","679",TRUE,0,0,0
"590","679",TRUE,0,0,0
"600","679",TRUE,0,0,0.001
"615","679",TRUE,0,0,0.002
"616","679",TRUE,0,0,0
"625","679",TRUE,0,0,0.002
"630","679",TRUE,0,0,0.001
"640","679",TRUE,0,0,0.02
"645","679",TRUE,0,0,0.005
"651","679",TRUE,0,0,0.004
"652","679",TRUE,0,0,0.004
"660","679",TRUE,0,0,0
"663","679",TRUE,0,0,0
"666","679",TRUE,0,0,0
"670","679",TRUE,0,0,0.01
"2","690",TRUE,0,0,0
"20","690",TRUE,0,0,0
"31","690",TRUE,0,0,0
"41","690",TRUE,0,0,0
"42","690",TRUE,0,0,0.001
"51","690",TRUE,0,0,0
"52","690",TRUE,0,0,0
"53","690",TRUE,0,0,0
"70","690",TRUE,0,0,0.001
"80","690",TRUE,0,0,0
"90","690",TRUE,0,0,0
"91","690",TRUE,0,0,0
"92","690",TRUE,0,0,0
"93","690",TRUE,0,0,0
"94","690",TRUE,0,0,0.001
"95","690",TRUE,0,0,0
"100","690",TRUE,0,0,0
"101","690",TRUE,0,0,0
"115","690",TRUE,0,0,0
"130","690",TRUE,0,0,0
"135","690",TRUE,0,0,0
"140","690",TRUE,0,0,0
"145","690",TRUE,0,0,0
"150","690",TRUE,0,0,0
"155","690",TRUE,0,0,0.002
"160","690",TRUE,0,0,0
"165","690",TRUE,0,0,0
"200","690",TRUE,0,0,0.001
"205","690",TRUE,0,0,0
"210","690",TRUE,0,0,0.001
"211","690",TRUE,0,0,0.002
"212","690",TRUE,0,0,0
"220","690",TRUE,0,0,0.008
"225","690",TRUE,0,0,0
"230","690",TRUE,0,0,0.005
"235","690",TRUE,0,0,0
"255","690",TRUE,0,0,0.004
"260","690",FALSE,NA,NA,0
"290","690",TRUE,0,0,0.003
"305","690",TRUE,0,0,0
"310","690",TRUE,0,0,0
"316","690",TRUE,0,0,0.004
"317","690",TRUE,0,0,0
"325","690",TRUE,0,0,0.017
"338","690",TRUE,0,0,0
"339","690",TRUE,0,0,0
"343","690",TRUE,0,0,0
"344","690",TRUE,0,0,0
"345","690",TRUE,0,0,0
"346","690",TRUE,0,0,0
"349","690",TRUE,0,0,0
"350","690",TRUE,0,0,0
"352","690",TRUE,0,0,0.001
"355","690",TRUE,0,0,0.003
"359","690",TRUE,0,0,0
"360","690",TRUE,0,0,0.004
"365","690",TRUE,0,0,0.01
"366","690",TRUE,0,0,0
"367","690",TRUE,0,0,0
"368","690",TRUE,0,0,0
"369","690",TRUE,0,0,0.021
"370","690",TRUE,0,0,0.001
"371","690",TRUE,0,0,0
"372","690",TRUE,0,0,0.001
"373","690",TRUE,0,0,0.001
"375","690",TRUE,0,0,0
"380","690",TRUE,0,0,0.002
"385","690",TRUE,0,0,0
"390","690",TRUE,0,0,0
"395","690",TRUE,0,0,0
"402","690",TRUE,0,0,0
"404","690",TRUE,0,0,0
"411","690",TRUE,0,0,0
"420","690",TRUE,0,0,0
"432","690",TRUE,0,0,0
"433","690",TRUE,0,0,0
"434","690",TRUE,0,0,0
"435","690",TRUE,0,0,0
"436","690",TRUE,0,0,0
"437","690",TRUE,0,0,0
"438","690",TRUE,0,0,0
"439","690",TRUE,0,0,0.001
"450","690",TRUE,0,0,0
"451","690",TRUE,0,0,0
"452","690",TRUE,0,0,0
"461","690",TRUE,0,0,0
"471","690",TRUE,0,0,0
"475","690",TRUE,0,0,0
"481","690",TRUE,0,0,0
"482","690",TRUE,0,0,0
"483","690",TRUE,0,0,0
"484","690",TRUE,0,0,0
"490","690",TRUE,0,0,0
"500","690",TRUE,0,0,0
"501","690",TRUE,0,0,0
"510","690",TRUE,0,0,0
"516","690",TRUE,0,0,0
"517","690",TRUE,0,0,0.001
"522","690",TRUE,0,0,0
"530","690",TRUE,0,0,0
"540","690",TRUE,0,0,0.002
"541","690",TRUE,0,0,0
"551","690",TRUE,0,0,0
"552","690",TRUE,0,0,0
"553","690",TRUE,0,0,0
"560","690",TRUE,1,1,0.825
"565","690",TRUE,0,0,0
"570","690",TRUE,0,0,0
"571","690",TRUE,0,0,0
"572","690",TRUE,0,0,0
"580","690",TRUE,0,0,0
"590","690",TRUE,0,0,0.001
"600","690",TRUE,0,0,0.001
"615","690",TRUE,0,0,0
"616","690",TRUE,0,0,0.001
"625","690",TRUE,0,0,0.001
"630","690",TRUE,1,1,0.574
"640","690",TRUE,0,0,0.005
"645","690",TRUE,0,0,0.003
"651","690",TRUE,0,0,0
"652","690",TRUE,0,0,0
"660","690",TRUE,0,0,0.001
"663","690",TRUE,0,0,0.003
"666","690",TRUE,0,0,0
"670","690",TRUE,0,0,0.023
"679","690",TRUE,0,0,0
"2","692",TRUE,0,0,0.003
"20","692",TRUE,0,0,0.001
"31","692",TRUE,0,0,0
"41","692",TRUE,0,0,0
"42","692",TRUE,0,0,0
"51","692",TRUE,0,0,0
"52","692",TRUE,0,0,0
"53","692",TRUE,0,0,0
"70","692",TRUE,0,0,0.003
"80","692",TRUE,0,0,0
"90","692",TRUE,0,0,0
"91","692",TRUE,0,0,0
"92","692",TRUE,0,0,0
"93","692",TRUE,0,0,0
"94","692",TRUE,0,0,0
"95","692",TRUE,0,0,0
"100","692",TRUE,0,0,0
"101","692",TRUE,0,0,0
"115","692",TRUE,0,0,0
"130","692",TRUE,0,0,0
"135","692",TRUE,0,0,0
"140","692",TRUE,0,0,0.003
"145","692",TRUE,0,0,0
"150","692",TRUE,0,0,0.001
"155","692",TRUE,0,0,0
"160","692",TRUE,0,0,0
"165","692",TRUE,0,0,0
"200","692",TRUE,0,0,0.007
"205","692",TRUE,0,0,0
"210","692",TRUE,0,0,0
"211","692",TRUE,0,0,0.002
"212","692",TRUE,0,0,0
"220","692",TRUE,0,0,0.003
"225","692",TRUE,0,0,0
"230","692",TRUE,0,0,0.001
"235","692",TRUE,0,0,0.001
"255","692",TRUE,0,0,0.008
"260","692",FALSE,NA,NA,0
"290","692",TRUE,0,0,0.003
"305","692",TRUE,0,0,0.001
"310","692",TRUE,0,0,0
"316","692",TRUE,0,0,0.001
"317","692",TRUE,0,0,0.002
"325","692",TRUE,0,0,0.021
"338","692",TRUE,0,0,0
"339","692",TRUE,0,0,0
"343","692",TRUE,0,0,0
"344","692",TRUE,0,0,0
"345","692",TRUE,0,0,0
"346","692",TRUE,0,0,0
"349","692",TRUE,0,0,0
"350","692",TRUE,0,0,0.003
"352","692",TRUE,0,0,0
"355","692",TRUE,0,0,0.001
"359","692",TRUE,0,0,0
"360","692",TRUE,0,0,0
"365","692",TRUE,0,0,0.008
"366","692",TRUE,0,0,0
"367","692",TRUE,0,0,0
"368","692",TRUE,0,0,0.001
"369","692",TRUE,0,0,0.007
"370","692",TRUE,0,0,0
"371","692",TRUE,0,0,0
"372","692",TRUE,0,0,0
"373","692",TRUE,0,0,0.002
"375","692",TRUE,0,0,0
"380","692",TRUE,0,0,0.001
"385","692",TRUE,0,0,0.001
"390","692",TRUE,0,0,0
"395","692",TRUE,0,0,0
"402","692",TRUE,0,0,0.002
"404","692",TRUE,0,0,0
"411","692",TRUE,0,0,0
"420","692",TRUE,0,0,0
"432","692",TRUE,0,0,0
"433","692",TRUE,0,0,0.001
"434","692",TRUE,0,0,0.001
"435","692",TRUE,0,0,0
"436","692",TRUE,0,0,0
"437","692",TRUE,0,0,0.001
"438","692",TRUE,0,0,0
"439","692",TRUE,0,0,0
"450","692",TRUE,0,0,0
"451","692",TRUE,0,0,0
"452","692",TRUE,0,0,0.001
"461","692",TRUE,0,0,0
"471","692",TRUE,0,0,0
"475","692",TRUE,0,0,0
"481","692",TRUE,0,0,0
"482","692",TRUE,0,0,0
"483","692",TRUE,0,0,0
"484","692",TRUE,0,0,0
"490","692",TRUE,0,0,0
"500","692",TRUE,0,0,0
"501","692",TRUE,0,0,0.001
"510","692",TRUE,0,0,0
"516","692",TRUE,0,0,0
"517","692",TRUE,0,0,0
"522","692",TRUE,0,0,0
"530","692",TRUE,0,0,0
"540","692",TRUE,0,0,0
"541","692",TRUE,0,0,0
"551","692",TRUE,0,0,0
"552","692",TRUE,0,0,0
"553","692",TRUE,0,0,0
"560","692",TRUE,0,0,0.013
"565","692",TRUE,0,0,0
"570","692",TRUE,0,0,0.001
"571","692",TRUE,0,0,0
"572","692",TRUE,0,0,0
"580","692",TRUE,0,0,0.001
"590","692",TRUE,0,0,0
"600","692",TRUE,0,0,0.001
"615","692",TRUE,0,0,0
"616","692",TRUE,0,0,0
"625","692",TRUE,0,0,0.001
"630","692",TRUE,0,0,0.002
"640","692",TRUE,0,1,0.02
"645","692",TRUE,0,0,0.004
"651","692",TRUE,0,0,0.001
"652","692",TRUE,0,0,0.002
"660","692",TRUE,0,0,0.001
"663","692",TRUE,0,0,0.001
"666","692",TRUE,0,0,0
"670","692",TRUE,0,0,0.018
"679","692",TRUE,0,0,0.002
"690","692",TRUE,0,0,0.004
"2","694",TRUE,0,0,0.004
"20","694",TRUE,0,0,0
"31","694",TRUE,0,0,0
"41","694",TRUE,0,0,0
"42","694",TRUE,0,0,0
"51","694",TRUE,0,0,0
"52","694",TRUE,0,0,0
"53","694",TRUE,0,0,0
"70","694",TRUE,0,0,0
"80","694",TRUE,0,0,0
"90","694",TRUE,0,0,0
"91","694",TRUE,0,0,0.001
"92","694",TRUE,0,0,0
"93","694",TRUE,0,0,0
"94","694",TRUE,0,0,0
"95","694",TRUE,0,0,0
"100","694",TRUE,0,0,0
"101","694",TRUE,0,0,0
"115","694",TRUE,0,0,0
"130","694",TRUE,0,0,0
"135","694",TRUE,0,0,0
"140","694",TRUE,0,0,0
"145","694",TRUE,0,0,0
"150","694",TRUE,0,0,0.002
"155","694",TRUE,0,0,0
"160","694",TRUE,0,0,0.001
"165","694",TRUE,0,0,0
"200","694",TRUE,0,0,0.009
"205","694",TRUE,0,0,0
"210","694",TRUE,0,0,0
"211","694",TRUE,0,0,0.003
"212","694",TRUE,0,0,0
"220","694",TRUE,0,0,0.01
"225","694",TRUE,0,0,0
"230","694",TRUE,0,0,0.004
"235","694",TRUE,0,0,0
"255","694",TRUE,0,0,0.008
"260","694",FALSE,NA,NA,0
"290","694",TRUE,0,0,0.007
"305","694",TRUE,0,0,0.001
"310","694",TRUE,0,0,0
"316","694",TRUE,0,0,0.003
"317","694",TRUE,0,0,0.001
"325","694",TRUE,0,0,0.013
"338","694",TRUE,0,0,0
"339","694",TRUE,0,0,0
"343","694",TRUE,0,0,0
"344","694",TRUE,0,0,0
"345","694",TRUE,0,0,0
"346","694",TRUE,0,0,0
"349","694",TRUE,0,0,0
"350","694",TRUE,0,0,0
"352","694",TRUE,0,0,0
"355","694",TRUE,0,0,0.001
"359","694",TRUE,0,0,0
"360","694",TRUE,0,0,0
"365","694",TRUE,0,0,0.013
"366","694",TRUE,0,0,0
"367","694",TRUE,0,0,0
"368","694",TRUE,0,0,0
"369","694",TRUE,0,0,0.015
"370","694",TRUE,0,0,0.001
"371","694",TRUE,0,0,0
"372","694",TRUE,0,0,0.001
"373","694",TRUE,0,0,0
"375","694",TRUE,0,0,0
"380","694",TRUE,0,0,0
"385","694",TRUE,0,0,0
"390","694",TRUE,0,0,0
"395","694",TRUE,0,0,0
"402","694",TRUE,0,0,0
"404","694",TRUE,0,0,0.001
"411","694",TRUE,0,0,0
"420","694",TRUE,0,0,0
"432","694",TRUE,0,0,0
"433","694",TRUE,0,0,0
"434","694",TRUE,0,0,0
"435","694",TRUE,0,0,0
"436","694",TRUE,0,0,0
"437","694",TRUE,0,0,0
"438","694",TRUE,0,0,0.001
"439","694",TRUE,0,0,0
"450","694",TRUE,0,0,0
"451","694",TRUE,0,0,0
"452","694",TRUE,0,0,0
"461","694",TRUE,0,0,0
"471","694",TRUE,0,0,0
"475","694",TRUE,0,0,0
"481","694",TRUE,0,0,0
"482","694",TRUE,0,0,0
"483","694",TRUE,0,0,0.001
"484","694",TRUE,0,0,0
"490","694",TRUE,0,0,0.001
"500","694",TRUE,0,0,0
"501","694",TRUE,0,0,0
"510","694",TRUE,0,0,0
"516","694",TRUE,0,0,0
"517","694",TRUE,0,0,0.001
"522","694",TRUE,0,0,0
"530","694",TRUE,0,0,0
"540","694",TRUE,0,0,0
"541","694",TRUE,0,0,0
"551","694",TRUE,0,0,0
"552","694",TRUE,0,0,0
"553","694",TRUE,0,0,0
"560","694",TRUE,1,1,0.759
"565","694",TRUE,0,0,0
"570","694",TRUE,0,0,0
"571","694",TRUE,0,0,0
"572","694",TRUE,0,0,0
"580","694",TRUE,0,0,0
"590","694",TRUE,0,0,0
"600","694",TRUE,0,0,0
"615","694",TRUE,0,0,0
"616","694",TRUE,0,0,0.001
"625","694",TRUE,0,0,0
"630","694",TRUE,0,0,0
"640","694",TRUE,0,1,0.01
"645","694",TRUE,0,0,0.003
"651","694",TRUE,0,0,0.001
"652","694",TRUE,0,0,0.001
"660","694",TRUE,0,0,0
"663","694",TRUE,0,0,0.003
"666","694",TRUE,0,0,0
"670","694",TRUE,0,0,0.04
"679","694",TRUE,0,0,0.004
"690","694",TRUE,0,0,0.006
"692","694",TRUE,0,0,0.011
"2","696",TRUE,0,0,0.008
"20","696",TRUE,0,0,0
"31","696",TRUE,0,0,0
"41","696",TRUE,0,0,0
"42","696",TRUE,0,0,0
"51","696",TRUE,0,0,0
"52","696",TRUE,0,0,0
"53","696",TRUE,0,0,0
"70","696",TRUE,0,0,0
"80","696",TRUE,0,0,0
"90","696",TRUE,0,0,0
"91","696",TRUE,0,0,0
"92","696",TRUE,0,0,0
"93","696",TRUE,0,0,0
"94","696",TRUE,0,0,0
"95","696",TRUE,0,0,0
"100","696",TRUE,0,0,0
"101","696",TRUE,0,0,0
"115","696",TRUE,0,0,0
"130","696",TRUE,0,0,0
"135","696",TRUE,0,0,0
"140","696",TRUE,0,0,0.001
"145","696",TRUE,0,0,0
"150","696",TRUE,0,0,0
"155","696",TRUE,0,0,0.002
"160","696",TRUE,0,0,0
"165","696",TRUE,0,0,0
"200","696",TRUE,0,0,0.015
"205","696",TRUE,0,0,0
"210","696",TRUE,0,0,0.002
"211","696",TRUE,0,0,0.001
"212","696",TRUE,0,0,0
"220","696",TRUE,0,0,0.003
"225","696",TRUE,0,0,0
"230","696",TRUE,0,0,0.023
"235","696",TRUE,0,0,0
"255","696",TRUE,0,0,0.011
"260","696",FALSE,NA,NA,0
"290","696",TRUE,0,0,0.004
"305","696",TRUE,0,0,0
"310","696",TRUE,0,0,0.001
"316","696",TRUE,0,0,0.003
"317","696",TRUE,1,1,0.94
"325","696",TRUE,1,1,0.995
"338","696",TRUE,0,0,0
"339","696",TRUE,0,0,0
"343","696",TRUE,0,0,0
"344","696",TRUE,0,0,0.001
"345","696",TRUE,0,0,0
"346","696",TRUE,0,0,0
"349","696",TRUE,0,0,0.002
"350","696",TRUE,0,0,0
"352","696",TRUE,0,0,0
"355","696",TRUE,0,0,0.001
"359","696",TRUE,0,0,0
"360","696",TRUE,0,0,0.004
"365","696",TRUE,0,0,0.032
"366","696",TRUE,0,0,0.001
"367","696",TRUE,0,0,0
"368","696",TRUE,0,0,0.001
"369","696",TRUE,0,0,0.061
"370","696",TRUE,0,0,0.001
"371","696",TRUE,0,0,0
"372","696",TRUE,0,0,0.001
"373","696",TRUE,0,0,0
"375","696",TRUE,0,1,0.003
"380","696",TRUE,0,0,0.002
"385","696",TRUE,0,0,0
"390","696",TRUE,0,0,0
"395","696",TRUE,0,0,0
"402","696",TRUE,0,0,0
"404","696",TRUE,0,0,0
"411","696",TRUE,0,0,0
"420","696",TRUE,0,0,0
"432","696",TRUE,0,0,0
"433","696",TRUE,0,0,0
"434","696",TRUE,0,0,0
"435","696",TRUE,0,0,0.004
"436","696",TRUE,0,0,0.001
"437","696",TRUE,0,0,0
"438","696",TRUE,0,0,0
"439","696",TRUE,0,0,0
"450","696",TRUE,0,0,0
"451","696",TRUE,0,0,0
"452","696",TRUE,0,0,0
"461","696",TRUE,0,0,0.002
"471","696",TRUE,0,0,0
"475","696",TRUE,0,0,0.001
"481","696",TRUE,0,0,0.003
"482","696",TRUE,0,0,0
"483","696",TRUE,0,0,0.002
"484","696",TRUE,0,0,0
"490","696",TRUE,0,0,0
"500","696",TRUE,0,0,0
"501","696",TRUE,0,0,0.001
"510","696",TRUE,0,0,0.002
"516","696",TRUE,0,0,0
"517","696",TRUE,0,0,0.003
"522","696",TRUE,0,0,0.002
"530","696",TRUE,0,0,0.002
"540","696",TRUE,0,0,0.001
"541","696",TRUE,0,0,0.001
"551","696",TRUE,0,0,0.002
"552","696",TRUE,0,0,0.001
"553","696",TRUE,0,0,0.001
"560","696",TRUE,1,1,1
"565","696",TRUE,0,0,0.001
"570","696",TRUE,0,0,0
"571","696",TRUE,0,0,0
"572","696",TRUE,0,0,0.001
"580","696",TRUE,0,0,0.001
"590","696",TRUE,0,0,0
"600","696",TRUE,0,0,0
"615","696",TRUE,0,0,0.002
"616","696",TRUE,0,0,0
"625","696",TRUE,0,0,0.001
"630","696",TRUE,0,0,0.001
"640","696",TRUE,0,0,0.046
"645","696",TRUE,0,0,0.005
"651","696",TRUE,0,0,0
"652","696",TRUE,0,0,0.002
"660","696",TRUE,0,0,0.002
"663","696",TRUE,0,0,0.008
"666","696",TRUE,0,0,0
"670","696",TRUE,0,0,0.05
"679","696",TRUE,0,0,0.007
"690","696",TRUE,0,0,0.009
"692","696",TRUE,0,0,0.006
"694","696",TRUE,0,0,0.016
"2","698",TRUE,0,0,0.009
"20","698",TRUE,0,0,0.001
"31","698",TRUE,0,0,0
"41","698",TRUE,0,0,0
"42","698",TRUE,0,0,0
"51","698",TRUE,0,0,0
"52","698",TRUE,0,0,0
"53","698",TRUE,0,0,0
"70","698",TRUE,0,0,0
"80","698",TRUE,0,0,0
"90","698",TRUE,0,0,0
"91","698",TRUE,0,0,0
"92","698",TRUE,0,0,0
"93","698",TRUE,0,0,0
"94","698",TRUE,0,0,0
"95","698",TRUE,0,0,0
"100","698",TRUE,0,0,0
"101","698",TRUE,0,0,0
"115","698",TRUE,0,0,0
"130","698",TRUE,0,0,0
"135","698",TRUE,0,0,0
"140","698",TRUE,0,0,0.002
"145","698",TRUE,0,0,0
"150","698",TRUE,0,0,0
"155","698",TRUE,0,0,0.001
"160","698",TRUE,0,0,0.002
"165","698",TRUE,0,0,0
"200","698",TRUE,0,0,0.005
"205","698",TRUE,0,0,0
"210","698",TRUE,0,0,0
"211","698",TRUE,0,0,0.001
"212","698",TRUE,0,0,0
"220","698",TRUE,0,0,0.001
"225","698",TRUE,0,0,0
"230","698",TRUE,0,0,0.005
"235","698",TRUE,0,0,0
"255","698",TRUE,0,0,0.003
"260","698",FALSE,NA,NA,0
"290","698",TRUE,0,0,0.003
"305","698",TRUE,0,0,0
"310","698",TRUE,0,0,0
"316","698",TRUE,0,0,0.001
"317","698",TRUE,0,0,0
"325","698",TRUE,0,0,0.009
"338","698",TRUE,0,0,0
"339","698",TRUE,0,0,0
"343","698",TRUE,0,0,0
"344","698",TRUE,0,0,0
"345","698",TRUE,0,0,0
"346","698",TRUE,0,0,0
"349","698",TRUE,0,0,0
"350","698",TRUE,0,0,0
"352","698",TRUE,0,0,0
"355","698",TRUE,0,0,0.001
"359","698",TRUE,0,0,0
"360","698",TRUE,0,0,0.001
"365","698",TRUE,0,0,0.005
"366","698",TRUE,0,0,0
"367","698",TRUE,0,0,0
"368","698",TRUE,0,0,0.001
"369","698",TRUE,0,0,0.013
"370","698",TRUE,0,0,0
"371","698",TRUE,0,0,0
"372","698",TRUE,0,0,0
"373","698",TRUE,0,0,0.001
"375","698",TRUE,0,0,0
"380","698",TRUE,0,0,0.002
"385","698",TRUE,0,0,0.001
"390","698",TRUE,0,0,0
"395","698",TRUE,0,0,0
"402","698",TRUE,0,0,0
"404","698",TRUE,0,0,0
"411","698",TRUE,0,0,0
"420","698",TRUE,0,0,0
"432","698",TRUE,0,0,0.001
"433","698",TRUE,0,0,0
"434","698",TRUE,0,0,0
"435","698",TRUE,0,0,0
"436","698",TRUE,0,0,0
"437","698",TRUE,0,0,0
"438","698",TRUE,0,0,0
"439","698",TRUE,0,0,0
"450","698",TRUE,0,0,0
"451","698",TRUE,0,0,0
"452","698",TRUE,0,0,0
"461","698",TRUE,0,0,0
"471","698",TRUE,0,0,0
"475","698",TRUE,0,0,0
"481","698",TRUE,0,0,0
"482","698",TRUE,0,0,0.001
"483","698",TRUE,0,0,0
"484","698",TRUE,0,0,0
"490","698",TRUE,0,0,0.001
"500","698",TRUE,0,0,0
"501","698",TRUE,0,0,0.001
"510","698",TRUE,0,0,0
"516","698",TRUE,0,0,0
"517","698",TRUE,0,0,0
"522","698",TRUE,0,0,0
"530","698",TRUE,0,0,0.001
"540","698",TRUE,0,0,0
"541","698",TRUE,0,0,0
"551","698",TRUE,0,0,0
"552","698",TRUE,0,0,0
"553","698",TRUE,0,0,0
"560","698",TRUE,0,0,0.01
"565","698",TRUE,0,0,0
"570","698",TRUE,0,0,0
"571","698",TRUE,0,0,0.001
"572","698",TRUE,0,0,0
"580","698",TRUE,0,0,0
"590","698",TRUE,0,0,0
"600","698",TRUE,0,0,0
"615","698",TRUE,0,0,0.001
"616","698",TRUE,0,0,0
"625","698",TRUE,0,0,0.001
"630","698",TRUE,0,0,0.003
"640","698",TRUE,0,0,0.012
"645","698",TRUE,0,0,0.003
"651","698",TRUE,0,0,0.004
"652","698",TRUE,0,0,0.001
"660","698",TRUE,0,0,0
"663","698",TRUE,0,0,0.001
"666","698",TRUE,0,0,0
"670","698",TRUE,0,0,0.011
"679","698",TRUE,0,0,0.001
"690","698",TRUE,0,0,0.002
"692","698",TRUE,0,0,0.002
"694","698",TRUE,0,0,0
"696","698",TRUE,0,0,0.011
"2","701",TRUE,0,0,0.003
"20","701",TRUE,0,0,0
"31","701",TRUE,0,0,0
"41","701",TRUE,0,0,0
"42","701",TRUE,0,0,0
"51","701",TRUE,0,0,0
"52","701",TRUE,0,0,0
"53","701",TRUE,0,0,0
"70","701",TRUE,0,0,0
"80","701",TRUE,0,0,0
"90","701",TRUE,0,0,0
"91","701",TRUE,0,0,0
"92","701",TRUE,0,0,0
"93","701",TRUE,0,0,0
"94","701",TRUE,0,0,0
"95","701",TRUE,0,0,0
"100","701",TRUE,0,0,0
"101","701",TRUE,0,0,0
"115","701",TRUE,0,0,0
"130","701",TRUE,0,0,0
"135","701",TRUE,0,0,0
"140","701",TRUE,0,0,0
"145","701",TRUE,0,0,0
"150","701",TRUE,0,0,0
"155","701",TRUE,0,0,0
"160","701",TRUE,0,0,0.001
"165","701",TRUE,0,0,0
"200","701",TRUE,0,0,0.02
"205","701",TRUE,0,0,0
"210","701",TRUE,0,0,0
"211","701",TRUE,0,0,0.002
"212","701",TRUE,0,0,0
"220","701",TRUE,0,0,0.02
"225","701",TRUE,0,0,0.005
"230","701",TRUE,0,0,0.001
"235","701",TRUE,0,0,0.002
"255","701",TRUE,0,0,0.03
"260","701",FALSE,NA,NA,0
"290","701",TRUE,0,0,0.019
"305","701",TRUE,0,0,0.005
"310","701",TRUE,0,0,0
"316","701",TRUE,0,0,0.009
"317","701",TRUE,0,0,0.011
"325","701",TRUE,0,0,0.05
"338","701",TRUE,0,0,0
"339","701",TRUE,0,0,0.006
"343","701",TRUE,0,0,0
"344","701",TRUE,0,0,0
"345","701",TRUE,0,0,0.004
"346","701",TRUE,0,0,0
"349","701",TRUE,0,0,0
"350","701",TRUE,0,0,0.007
"352","701",TRUE,0,0,0
"355","701",TRUE,0,0,0.006
"359","701",TRUE,0,0,0.002
"360","701",TRUE,0,0,0.015
"365","701",TRUE,0,0,0.053
"366","701",TRUE,0,0,0
"367","701",TRUE,0,0,0
"368","701",TRUE,0,0,0.003
"369","701",TRUE,1,1,0.94
"370","701",TRUE,0,0,0.004
"371","701",TRUE,0,0,0.001
"372","701",TRUE,0,0,0.004
"373","701",TRUE,0,0,0.004
"375","701",TRUE,0,0,0.007
"380","701",TRUE,0,0,0
"385","701",TRUE,0,0,0
"390","701",TRUE,0,0,0
"395","701",TRUE,0,0,0
"402","701",TRUE,0,0,0
"404","701",TRUE,0,0,0.001
"411","701",TRUE,0,0,0
"420","701",TRUE,0,0,0
"432","701",TRUE,0,0,0
"433","701",TRUE,0,0,0
"434","701",TRUE,0,0,0
"435","701",TRUE,0,0,0
"436","701",TRUE,0,0,0
"437","701",TRUE,0,0,0
"438","701",TRUE,0,0,0
"439","701",TRUE,0,0,0
"450","701",TRUE,0,0,0
"451","701",TRUE,0,0,0
"452","701",TRUE,0,0,0
"461","701",TRUE,0,0,0
"471","701",TRUE,0,0,0
"475","701",TRUE,0,0,0
"481","701",TRUE,0,0,0
"482","701",TRUE,0,0,0
"483","701",TRUE,0,0,0
"484","701",TRUE,0,0,0
"490","701",TRUE,0,0,0
"500","701",TRUE,0,0,0
"501","701",TRUE,0,0,0
"510","701",TRUE,0,0,0
"516","701",TRUE,0,0,0
"517","701",TRUE,0,0,0
"522","701",TRUE,0,0,0
"530","701",TRUE,0,0,0.001
"540","701",TRUE,0,0,0
"541","701",TRUE,0,0,0
"551","701",TRUE,0,0,0
"552","701",TRUE,0,0,0
"553","701",TRUE,0,0,0
"560","701",TRUE,0,0,0.008
"565","701",TRUE,0,0,0
"570","701",TRUE,0,0,0
"571","701",TRUE,0,0,0
"572","701",TRUE,0,0,0
"580","701",TRUE,0,0,0.001
"590","701",TRUE,0,0,0
"600","701",TRUE,0,0,0
"615","701",TRUE,0,0,0.001
"616","701",TRUE,0,0,0
"625","701",TRUE,0,0,0.001
"630","701",TRUE,0,0,0.001
"640","701",TRUE,0,0,0.082
"645","701",TRUE,0,0,0
"651","701",TRUE,0,0,0.003
"652","701",TRUE,0,0,0
"660","701",TRUE,0,0,0
"663","701",TRUE,0,0,0
"666","701",TRUE,0,0,0
"670","701",TRUE,0,0,0.001
"679","701",TRUE,0,0,0
"690","701",TRUE,0,0,0
"692","701",TRUE,0,0,0
"694","701",TRUE,0,0,0
"696","701",TRUE,0,0,0
"698","701",TRUE,0,0,0.001
"2","702",TRUE,0,0,0.004
"20","702",TRUE,0,0,0
"31","702",TRUE,0,0,0
"41","702",TRUE,0,0,0.001
"42","702",TRUE,0,0,0
"51","702",TRUE,0,0,0
"52","702",TRUE,0,0,0
"53","702",TRUE,0,0,0
"70","702",TRUE,0,0,0
"80","702",TRUE,0,0,0
"90","702",TRUE,0,0,0
"91","702",TRUE,0,0,0
"92","702",TRUE,0,0,0
"93","702",TRUE,0,0,0
"94","702",TRUE,0,0,0
"95","702",TRUE,0,0,0
"100","702",TRUE,0,0,0
"101","702",TRUE,0,0,0
"115","702",TRUE,0,0,0
"130","702",TRUE,0,0,0
"135","702",TRUE,0,0,0
"140","702",TRUE,0,0,0.001
"145","702",TRUE,0,0,0
"150","702",TRUE,0,0,0
"155","702",TRUE,0,0,0
"160","702",TRUE,0,0,0
"165","702",TRUE,0,0,0
"200","702",TRUE,0,0,0.023
"205","702",TRUE,0,0,0
"210","702",TRUE,0,0,0.001
"211","702",TRUE,0,0,0
"212","702",TRUE,0,0,0
"220","702",TRUE,0,0,0.021
"225","702",TRUE,0,0,0.001
"230","702",TRUE,0,0,0.007
"235","702",TRUE,0,0,0
"255","702",TRUE,0,0,0.047
"260","702",FALSE,NA,NA,0
"290","702",TRUE,1,1,1
"305","702",TRUE,0,0,0
"310","702",TRUE,0,0,0.002
"316","702",TRUE,0,0,0.008
"317","702",TRUE,0,0,0.001
"325","702",TRUE,0,0,0.013
"338","702",TRUE,0,0,0.001
"339","702",TRUE,0,0,0
"343","702",TRUE,0,0,0.001
"344","702",TRUE,0,0,0
"345","702",TRUE,0,0,0.001
"346","702",TRUE,0,0,0
"349","702",TRUE,0,0,0.002
"350","702",TRUE,0,0,0.018
"352","702",TRUE,0,0,0
"355","702",TRUE,0,0,0.004
"359","702",TRUE,0,0,0
"360","702",TRUE,0,0,0.008
"365","702",TRUE,1,1,1
"366","702",TRUE,0,0,0
"367","702",TRUE,0,0,0.001
"368","702",TRUE,0,0,0.001
"369","702",TRUE,1,1,1
"370","702",TRUE,1,1,0.999
"371","702",TRUE,0,0,0.004
"372","702",TRUE,0,0,0.01
"373","702",TRUE,1,1,0.999
"375","702",TRUE,0,0,0.004
"380","702",TRUE,0,0,0.001
"385","702",TRUE,0,0,0
"390","702",TRUE,0,0,0.002
"395","702",TRUE,0,0,0
"402","702",TRUE,0,0,0
"404","702",TRUE,0,0,0
"411","702",TRUE,0,0,0
"420","702",TRUE,0,0,0
"432","702",TRUE,0,0,0
"433","702",TRUE,0,0,0
"434","702",TRUE,0,0,0
"435","702",TRUE,0,0,0
"436","702",TRUE,0,0,0
"437","702",TRUE,0,0,0.001
"438","702",TRUE,0,0,0
"439","702",TRUE,0,0,0
"450","702",TRUE,0,0,0.001
"451","702",TRUE,0,0,0
"452","702",TRUE,0,0,0
"461","702",TRUE,0,0,0
"471","702",TRUE,0,0,0
"475","702",TRUE,0,0,0
"481","702",TRUE,0,0,0
"482","702",TRUE,0,0,0
"483","702",TRUE,0,0,0
"484","702",TRUE,0,0,0
"490","702",TRUE,0,0,0
"500","702",TRUE,0,0,0
"501","702",TRUE,0,0,0
"510","702",TRUE,0,0,0
"516","702",TRUE,0,0,0
"517","702",TRUE,0,0,0
"522","702",TRUE,0,0,0.001
"530","702",TRUE,0,0,0
"540","702",TRUE,0,0,0
"541","702",TRUE,0,0,0
"551","702",TRUE,0,0,0
"552","702",TRUE,0,0,0
"553","702",TRUE,0,0,0
"560","702",TRUE,0,0,0.018
"565","702",TRUE,0,0,0
"570","702",TRUE,0,0,0.001
"571","702",TRUE,0,0,0
"572","702",TRUE,0,0,0
"580","702",TRUE,0,0,0
"590","702",TRUE,0,0,0
"600","702",TRUE,0,0,0
"615","702",TRUE,0,0,0
"616","702",TRUE,0,0,0
"625","702",TRUE,0,0,0
"630","702",TRUE,1,1,0.777
"640","702",TRUE,0,0,0.112
"645","702",TRUE,0,0,0
"651","702",TRUE,0,0,0
"652","702",TRUE,0,0,0
"660","702",TRUE,0,0,0
"663","702",TRUE,0,0,0
"666","702",TRUE,0,0,0
"670","702",TRUE,0,0,0
"679","702",TRUE,0,0,0
"690","702",TRUE,0,0,0
"692","702",TRUE,0,0,0
"694","702",TRUE,0,0,0
"696","702",TRUE,0,0,0
"698","702",TRUE,0,0,0
"701","702",TRUE,0,0,0.001
"2","703",TRUE,0,0,0.026
"20","703",TRUE,0,0,0
"31","703",TRUE,0,0,0
"41","703",TRUE,0,0,0
"42","703",TRUE,0,0,0
"51","703",TRUE,0,0,0
"52","703",TRUE,0,0,0
"53","703",TRUE,0,0,0
"70","703",TRUE,0,0,0
"80","703",TRUE,0,0,0
"90","703",TRUE,0,0,0
"91","703",TRUE,0,0,0
"92","703",TRUE,0,0,0
"93","703",TRUE,0,0,0
"94","703",TRUE,0,0,0
"95","703",TRUE,0,0,0
"100","703",TRUE,0,0,0
"101","703",TRUE,0,0,0
"115","703",TRUE,0,0,0
"130","703",TRUE,0,0,0
"135","703",TRUE,0,0,0.001
"140","703",TRUE,0,0,0
"145","703",TRUE,0,0,0
"150","703",TRUE,0,0,0
"155","703",TRUE,0,0,0
"160","703",TRUE,0,0,0.001
"165","703",TRUE,0,0,0
"200","703",TRUE,1,1,0.989
"205","703",TRUE,0,0,0
"210","703",TRUE,0,0,0.002
"211","703",TRUE,0,0,0
"212","703",TRUE,0,0,0
"220","703",TRUE,0,0,0.017
"225","703",TRUE,0,0,0.006
"230","703",TRUE,0,0,0.008
"235","703",TRUE,0,0,0
"255","703",TRUE,0,0,0.045
"260","703",FALSE,NA,NA,0
"290","703",TRUE,0,0,0.033
"305","703",TRUE,0,0,0.001
"310","703",TRUE,0,0,0.001
"316","703",TRUE,0,0,0.014
"317","703",TRUE,0,0,0.008
"325","703",TRUE,0,0,0.023
"338","703",TRUE,0,0,0
"339","703",TRUE,0,0,0
"343","703",TRUE,0,0,0
"344","703",TRUE,0,0,0.001
"345","703",TRUE,0,0,0.002
"346","703",TRUE,0,0,0
"349","703",TRUE,0,0,0.001
"350","703",TRUE,0,0,0.005
"352","703",TRUE,0,0,0
"355","703",TRUE,0,0,0.009
"359","703",TRUE,0,0,0.003
"360","703",TRUE,0,0,0.012
"365","703",TRUE,1,1,1
"366","703",TRUE,0,0,0
"367","703",TRUE,0,0,0.003
"368","703",TRUE,0,0,0.003
"369","703",TRUE,1,1,1
"370","703",TRUE,1,1,0.998
"371","703",TRUE,1,1,0.996
"372","703",TRUE,0,0,0.007
"373","703",TRUE,1,1,1
"375","703",TRUE,0,0,0.002
"380","703",TRUE,0,0,0.003
"385","703",TRUE,0,0,0
"390","703",TRUE,0,0,0.001
"395","703",TRUE,0,0,0
"402","703",TRUE,0,0,0
"404","703",TRUE,0,0,0
"411","703",TRUE,0,0,0
"420","703",TRUE,0,0,0
"432","703",TRUE,0,0,0
"433","703",TRUE,0,0,0
"434","703",TRUE,0,0,0
"435","703",TRUE,0,0,0
"436","703",TRUE,0,0,0
"437","703",TRUE,0,0,0
"438","703",TRUE,0,0,0
"439","703",TRUE,0,0,0
"450","703",TRUE,0,0,0
"451","703",TRUE,0,0,0
"452","703",TRUE,0,0,0
"461","703",TRUE,0,0,0
"471","703",TRUE,0,0,0
"475","703",TRUE,0,0,0.001
"481","703",TRUE,0,0,0
"482","703",TRUE,0,0,0
"483","703",TRUE,0,0,0
"484","703",TRUE,0,0,0
"490","703",TRUE,0,0,0
"500","703",TRUE,0,0,0
"501","703",TRUE,0,0,0
"510","703",TRUE,0,0,0
"516","703",TRUE,0,0,0
"517","703",TRUE,0,0,0
"522","703",TRUE,0,0,0
"530","703",TRUE,0,0,0
"540","703",TRUE,0,0,0
"541","703",TRUE,0,0,0
"551","703",TRUE,0,0,0
"552","703",TRUE,0,0,0
"553","703",TRUE,0,0,0
"560","703",TRUE,0,0,0.026
"565","703",TRUE,0,0,0
"570","703",TRUE,0,0,0
"571","703",TRUE,0,0,0
"572","703",TRUE,0,0,0
"580","703",TRUE,0,0,0
"590","703",TRUE,0,0,0
"600","703",TRUE,0,0,0
"615","703",TRUE,0,0,0
"616","703",TRUE,0,0,0
"625","703",TRUE,0,0,0
"630","703",TRUE,0,0,0.003
"640","703",TRUE,0,0,0.116
"645","703",TRUE,0,0,0.001
"651","703",TRUE,0,0,0.001
"652","703",TRUE,0,0,0
"660","703",TRUE,0,0,0
"663","703",TRUE,0,0,0
"666","703",TRUE,0,0,0
"670","703",TRUE,0,0,0
"679","703",TRUE,0,0,0.001
"690","703",TRUE,0,0,0
"692","703",TRUE,0,0,0
"694","703",TRUE,0,0,0
"696","703",TRUE,0,0,0
"698","703",TRUE,0,0,0
"701","703",TRUE,0,0,0.001
"702","703",TRUE,1,1,0.999
"2","704",TRUE,0,0,0.003
"20","704",TRUE,0,0,0
"31","704",TRUE,0,0,0
"41","704",TRUE,0,0,0
"42","704",TRUE,0,0,0
"51","704",TRUE,0,0,0
"52","704",TRUE,0,0,0.001
"53","704",TRUE,0,0,0
"70","704",TRUE,0,0,0
"80","704",TRUE,0,0,0
"90","704",TRUE,0,0,0
"91","704",TRUE,0,0,0
"92","704",TRUE,0,0,0
"93","704",TRUE,0,0,0
"94","704",TRUE,0,0,0
"95","704",TRUE,0,0,0
"100","704",TRUE,0,0,0
"101","704",TRUE,0,0,0
"115","704",TRUE,0,0,0
"130","704",TRUE,0,0,0
"135","704",TRUE,0,0,0.001
"140","704",TRUE,0,0,0.001
"145","704",TRUE,0,0,0
"150","704",TRUE,0,0,0
"155","704",TRUE,0,0,0.001
"160","704",TRUE,0,0,0.003
"165","704",TRUE,0,0,0
"200","704",TRUE,0,0,0.014
"205","704",TRUE,0,0,0.001
"210","704",TRUE,0,0,0
"211","704",TRUE,0,0,0
"212","704",TRUE,0,0,0
"220","704",TRUE,0,0,0.027
"225","704",TRUE,0,0,0.005
"230","704",TRUE,0,0,0.022
"235","704",TRUE,0,0,0.001
"255","704",TRUE,0,0,0.028
"260","704",FALSE,NA,NA,0
"290","704",TRUE,0,0,0.036
"305","704",TRUE,0,0,0.001
"310","704",TRUE,0,0,0.007
"316","704",TRUE,0,0,0.011
"317","704",TRUE,0,0,0.007
"325","704",TRUE,1,1,0.999
"338","704",TRUE,0,0,0
"339","704",TRUE,0,0,0.003
"343","704",TRUE,0,0,0.004
"344","704",TRUE,0,0,0
"345","704",TRUE,0,0,0.005
"346","704",TRUE,0,0,0
"349","704",TRUE,0,0,0.005
"350","704",TRUE,0,0,0.005
"352","704",TRUE,0,0,0
"355","704",TRUE,0,0,0.014
"359","704",TRUE,0,0,0.002
"360","704",TRUE,0,0,0.007
"365","704",TRUE,1,1,0.997
"366","704",TRUE,0,0,0
"367","704",TRUE,0,0,0.002
"368","704",TRUE,1,1,0.995
"369","704",TRUE,1,1,1
"370","704",TRUE,0,0,0
"371","704",TRUE,0,0,0.003
"372","704",TRUE,0,0,0.004
"373","704",TRUE,0,0,0.005
"375","704",TRUE,0,0,0.007
"380","704",TRUE,0,0,0.005
"385","704",TRUE,0,0,0
"390","704",TRUE,0,0,0.001
"395","704",TRUE,0,0,0
"402","704",TRUE,0,0,0.001
"404","704",TRUE,0,0,0
"411","704",TRUE,0,0,0
"420","704",TRUE,0,0,0.001
"432","704",TRUE,0,0,0
"433","704",TRUE,0,0,0
"434","704",TRUE,0,0,0
"435","704",TRUE,0,0,0
"436","704",TRUE,0,0,0
"437","704",TRUE,0,0,0
"438","704",TRUE,0,0,0
"439","704",TRUE,0,0,0
"450","704",TRUE,0,0,0
"451","704",TRUE,0,0,0
"452","704",TRUE,0,0,0
"461","704",TRUE,0,0,0
"471","704",TRUE,0,0,0
"475","704",TRUE,0,0,0
"481","704",TRUE,0,0,0
"482","704",TRUE,0,0,0
"483","704",TRUE,0,0,0
"484","704",TRUE,0,0,0
"490","704",TRUE,0,0,0
"500","704",TRUE,0,0,0
"501","704",TRUE,0,0,0
"510","704",TRUE,0,0,0.001
"516","704",TRUE,0,0,0
"517","704",TRUE,0,0,0
"522","704",TRUE,0,0,0
"530","704",TRUE,0,0,0
"540","704",TRUE,0,0,0
"541","704",TRUE,0,0,0
"551","704",TRUE,0,0,0
"552","704",TRUE,0,0,0
"553","704",TRUE,0,0,0
"560","704",TRUE,0,0,0.023
"565","704",TRUE,0,0,0
"570","704",TRUE,0,0,0
"571","704",TRUE,0,0,0.001
"572","704",TRUE,0,0,0.001
"580","704",TRUE,0,0,0
"590","704",TRUE,0,0,0
"600","704",TRUE,0,0,0
"615","704",TRUE,0,0,0
"616","704",TRUE,0,0,0.001
"625","704",TRUE,0,0,0
"630","704",TRUE,0,0,0
"640","704",TRUE,0,0,0.115
"645","704",TRUE,0,0,0
"651","704",TRUE,0,0,0
"652","704",TRUE,0,0,0
"660","704",TRUE,0,0,0
"663","704",TRUE,0,0,0
"666","704",TRUE,0,0,0
"670","704",TRUE,0,0,0.001
"679","704",TRUE,0,0,0
"690","704",TRUE,0,0,0
"692","704",TRUE,0,0,0.001
"694","704",TRUE,0,0,0
"696","704",TRUE,0,0,0.001
"698","704",TRUE,0,0,0
"701","704",TRUE,0,0,0.001
"702","704",TRUE,0,0,0.018
"703","704",TRUE,0,0,0.013
"2","705",TRUE,0,0,0.051
"20","705",TRUE,0,0,0
"31","705",TRUE,0,0,0
"41","705",TRUE,0,0,0.001
"42","705",TRUE,0,0,0
"51","705",TRUE,0,0,0
"52","705",TRUE,0,0,0
"53","705",TRUE,0,0,0
"70","705",TRUE,0,0,0
"80","705",TRUE,0,0,0
"90","705",TRUE,0,0,0
"91","705",TRUE,0,0,0
"92","705",TRUE,0,0,0
"93","705",TRUE,0,0,0
"94","705",TRUE,0,0,0
"95","705",TRUE,0,0,0
"100","705",TRUE,0,0,0
"101","705",TRUE,0,0,0.001
"115","705",TRUE,0,0,0
"130","705",TRUE,0,0,0
"135","705",TRUE,0,0,0.002
"140","705",TRUE,0,0,0.004
"145","705",TRUE,0,0,0
"150","705",TRUE,0,0,0.001
"155","705",TRUE,0,0,0.003
"160","705",TRUE,0,0,0.002
"165","705",TRUE,0,0,0.001
"200","705",TRUE,1,1,0.998
"205","705",TRUE,0,0,0.001
"210","705",TRUE,0,0,0.003
"211","705",TRUE,0,0,0.004
"212","705",TRUE,0,0,0
"220","705",TRUE,0,0,0.045
"225","705",TRUE,0,0,0.002
"230","705",TRUE,0,0,0.018
"235","705",TRUE,0,0,0.004
"255","705",TRUE,1,1,1
"260","705",FALSE,NA,NA,0
"290","705",TRUE,0,1,0.069
"305","705",TRUE,0,0,0.003
"310","705",TRUE,0,0,0.012
"316","705",TRUE,0,0,0.027
"317","705",TRUE,0,0,0.013
"325","705",TRUE,0,0,0.097
"338","705",TRUE,0,0,0
"339","705",TRUE,0,0,0.003
"343","705",TRUE,0,0,0.002
"344","705",TRUE,0,0,0.01
"345","705",TRUE,0,0,0.012
"346","705",TRUE,0,0,0
"349","705",TRUE,0,0,0.003
"350","705",TRUE,0,0,0.01
"352","705",TRUE,0,0,0.001
"355","705",TRUE,0,0,0.018
"359","705",TRUE,0,0,0.007
"360","705",TRUE,0,0,0.032
"365","705",TRUE,1,1,1
"366","705",TRUE,0,0,0.002
"367","705",TRUE,0,0,0.008
"368","705",TRUE,0,0,0.02
"369","705",TRUE,1,1,1
"370","705",TRUE,1,1,1
"371","705",TRUE,0,0,0.007
"372","705",TRUE,1,1,0.998
"373","705",TRUE,1,1,1
"375","705",TRUE,0,0,0.006
"380","705",TRUE,0,0,0.017
"385","705",TRUE,0,0,0.002
"390","705",TRUE,0,0,0.002
"395","705",TRUE,0,0,0
"402","705",TRUE,0,0,0
"404","705",TRUE,0,0,0
"411","705",TRUE,0,0,0
"420","705",TRUE,0,0,0.002
"432","705",TRUE,0,0,0.001
"433","705",TRUE,0,0,0.002
"434","705",TRUE,0,0,0
"435","705",TRUE,0,0,0
"436","705",TRUE,0,0,0
"437","705",TRUE,0,0,0
"438","705",TRUE,0,0,0.001
"439","705",TRUE,0,0,0
"450","705",TRUE,0,0,0
"451","705",TRUE,0,0,0
"452","705",TRUE,0,0,0
"461","705",TRUE,0,0,0.001
"471","705",TRUE,0,0,0
"475","705",TRUE,0,0,0.001
"481","705",TRUE,0,0,0
"482","705",TRUE,0,0,0
"483","705",TRUE,0,0,0
"484","705",TRUE,0,0,0.001
"490","705",TRUE,0,0,0
"500","705",TRUE,0,0,0
"501","705",TRUE,0,0,0
"510","705",TRUE,0,0,0
"516","705",TRUE,0,0,0
"517","705",TRUE,0,0,0
"522","705",TRUE,0,0,0
"530","705",TRUE,0,0,0.002
"540","705",TRUE,0,0,0
"541","705",TRUE,0,0,0
"551","705",TRUE,0,0,0.001
"552","705",TRUE,0,0,0
"553","705",TRUE,0,0,0
"560","705",TRUE,0,0,0.033
"565","705",TRUE,0,0,0.001
"570","705",TRUE,0,0,0
"571","705",TRUE,0,0,0
"572","705",TRUE,0,0,0
"580","705",TRUE,0,0,0
"590","705",TRUE,0,0,0
"600","705",TRUE,0,0,0
"615","705",TRUE,0,0,0
"616","705",TRUE,0,0,0
"625","705",TRUE,0,0,0
"630","705",TRUE,0,0,0.001
"640","705",TRUE,1,1,1
"645","705",TRUE,0,0,0
"651","705",TRUE,0,0,0
"652","705",TRUE,0,0,0.005
"660","705",TRUE,0,0,0
"663","705",TRUE,0,0,0
"666","705",TRUE,0,0,0.001
"670","705",TRUE,0,0,0
"679","705",TRUE,0,0,0
"690","705",TRUE,0,0,0
"692","705",TRUE,0,0,0.001
"694","705",TRUE,0,0,0
"696","705",TRUE,0,0,0
"698","705",TRUE,0,0,0.003
"701","705",TRUE,0,0,0.003
"702","705",TRUE,1,1,0.999
"703","705",TRUE,1,1,1
"704","705",TRUE,0,0,0.011
"2","710",TRUE,0,0,0
"20","710",TRUE,0,0,0
"31","710",TRUE,0,0,0.005
"41","710",TRUE,0,0,0.004
"42","710",TRUE,0,0,0.002
"51","710",TRUE,0,0,0.006
"52","710",TRUE,0,0,0.004
"53","710",TRUE,0,0,0.001
"70","710",TRUE,0,0,0.002
"80","710",TRUE,0,0,0.003
"90","710",TRUE,0,0,0
"91","710",TRUE,0,0,0
"92","710",TRUE,0,0,0
"93","710",TRUE,0,0,0
"94","710",TRUE,0,0,0.001
"95","710",TRUE,0,0,0.002
"100","710",TRUE,0,0,0.002
"101","710",TRUE,0,0,0
"115","710",TRUE,0,0,0.004
"130","710",TRUE,0,0,0.005
"135","710",TRUE,0,0,0
"140","710",TRUE,0,0,0.001
"145","710",TRUE,0,0,0.002
"150","710",TRUE,0,0,0.001
"155","710",TRUE,0,0,0.001
"160","710",TRUE,0,1,0
"165","710",TRUE,0,0,0.001
"200","710",TRUE,0,0,0.007
"205","710",TRUE,0,0,0
"210","710",TRUE,0,0,0
"211","710",TRUE,0,0,0.001
"212","710",TRUE,0,0,0.002
"220","710",TRUE,0,0,0.012
"225","710",TRUE,0,0,0
"230","710",TRUE,0,0,0.002
"235","710",TRUE,0,0,0.003
"255","710",TRUE,0,0,0.009
"260","710",FALSE,NA,NA,0
"290","710",TRUE,0,0,0.014
"305","710",TRUE,0,0,0
"310","710",TRUE,0,0,0
"316","710",TRUE,0,0,0.014
"317","710",TRUE,1,1,0.999
"325","710",TRUE,0,0,0.026
"338","710",TRUE,0,0,0.001
"339","710",TRUE,1,1,0.971
"343","710",TRUE,0,0,0
"344","710",TRUE,0,0,0.001
"345","710",TRUE,0,0,0
"346","710",TRUE,0,0,0
"349","710",TRUE,0,1,0.001
"350","710",TRUE,0,0,0.009
"352","710",TRUE,0,0,0
"355","710",TRUE,0,0,0.005
"359","710",TRUE,0,0,0.004
"360","710",TRUE,0,0,0.012
"365","710",TRUE,0,0,0.026
"366","710",TRUE,0,0,0
"367","710",TRUE,1,1,0.991
"368","710",TRUE,1,1,0.991
"369","710",TRUE,0,0,0.049
"370","710",TRUE,0,0,0.001
"371","710",TRUE,0,0,0.007
"372","710",TRUE,0,0,0.001
"373","710",TRUE,0,0,0.012
"375","710",TRUE,0,0,0.007
"380","710",TRUE,0,0,0
"385","710",TRUE,0,0,0
"390","710",TRUE,0,0,0.003
"395","710",TRUE,0,0,0
"402","710",TRUE,0,0,0.001
"404","710",TRUE,0,0,0.005
"411","710",TRUE,0,0,0.003
"420","710",TRUE,0,0,0.001
"432","710",TRUE,0,0,0.001
"433","710",TRUE,0,0,0.001
"434","710",TRUE,0,0,0.005
"435","710",TRUE,0,0,0.006
"436","710",TRUE,0,0,0.005
"437","710",TRUE,0,0,0.001
"438","710",TRUE,0,0,0.012
"439","710",TRUE,0,0,0.002
"450","710",TRUE,0,0,0.007
"451","710",TRUE,0,0,0.005
"452","710",TRUE,0,0,0.012
"461","710",TRUE,0,0,0.002
"471","710",TRUE,0,0,0.001
"475","710",TRUE,0,0,0.001
"481","710",TRUE,0,0,0
"482","710",TRUE,0,0,0.003
"483","710",TRUE,0,0,0.008
"484","710",TRUE,0,0,0.004
"490","710",TRUE,0,0,0
"500","710",TRUE,0,0,0.003
"501","710",TRUE,0,0,0.005
"510","710",TRUE,0,0,0.016
"516","710",TRUE,0,0,0.002
"517","710",TRUE,0,0,0.003
"522","710",TRUE,0,0,0.004
"530","710",TRUE,0,0,0.006
"540","710",TRUE,0,0,0
"541","710",TRUE,0,0,0.002
"551","710",TRUE,0,0,0.002
"552","710",TRUE,0,0,0.002
"553","710",TRUE,0,0,0.005
"560","710",TRUE,0,0,0.017
"565","710",TRUE,0,0,0
"570","710",TRUE,0,0,0.001
"571","710",TRUE,0,0,0.002
"572","710",TRUE,0,0,0.002
"580","710",TRUE,0,0,0.003
"590","710",TRUE,0,0,0.007
"600","710",TRUE,0,0,0.004
"615","710",TRUE,0,0,0
"616","710",TRUE,0,0,0
"625","710",TRUE,0,0,0.006
"630","710",TRUE,0,0,0.002
"640","710",TRUE,0,0,0.024
"645","710",TRUE,0,0,0.013
"651","710",TRUE,0,0,0
"652","710",TRUE,0,0,0.001
"660","710",TRUE,0,0,0.001
"663","710",TRUE,0,0,0.001
"666","710",TRUE,0,0,0.003
"670","710",TRUE,0,0,0.005
"679","710",TRUE,0,0,0.014
"690","710",TRUE,0,0,0
"692","710",TRUE,0,0,0.012
"694","710",TRUE,0,0,0.001
"696","710",TRUE,0,0,0.008
"698","710",TRUE,0,0,0.009
"701","710",TRUE,0,0,0.002
"702","710",TRUE,0,0,0.012
"703","710",TRUE,1,1,0.74
"704","710",TRUE,0,0,0.018
"705","710",TRUE,0,0,0.013
"2","712",TRUE,0,0,0.006
"20","712",TRUE,0,0,0
"31","712",TRUE,0,0,0
"41","712",TRUE,0,0,0
"42","712",TRUE,0,0,0
"51","712",TRUE,0,0,0
"52","712",TRUE,0,0,0
"53","712",TRUE,0,0,0
"70","712",TRUE,0,0,0.001
"80","712",TRUE,0,0,0
"90","712",TRUE,0,0,0
"91","712",TRUE,0,0,0
"92","712",TRUE,0,0,0
"93","712",TRUE,0,0,0
"94","712",TRUE,0,0,0
"95","712",TRUE,0,0,0
"100","712",TRUE,0,0,0
"101","712",TRUE,0,0,0
"115","712",TRUE,0,0,0
"130","712",TRUE,0,0,0
"135","712",TRUE,0,0,0
"140","712",TRUE,0,0,0.001
"145","712",TRUE,0,0,0
"150","712",TRUE,0,0,0
"155","712",TRUE,0,0,0
"160","712",TRUE,0,0,0
"165","712",TRUE,0,0,0
"200","712",TRUE,0,0,0.008
"205","712",TRUE,0,0,0
"210","712",TRUE,0,0,0
"211","712",TRUE,0,0,0
"212","712",TRUE,0,0,0
"220","712",TRUE,0,0,0.022
"225","712",TRUE,0,0,0
"230","712",TRUE,0,0,0.002
"235","712",TRUE,0,0,0
"255","712",TRUE,0,0,0.011
"260","712",FALSE,NA,NA,0
"290","712",TRUE,0,0,0.006
"305","712",TRUE,0,0,0.001
"310","712",TRUE,0,0,0.001
"316","712",TRUE,0,0,0.002
"317","712",TRUE,0,0,0.001
"325","712",TRUE,0,0,0.017
"338","712",TRUE,0,0,0
"339","712",TRUE,0,0,0.002
"343","712",TRUE,0,0,0
"344","712",TRUE,0,0,0.002
"345","712",TRUE,0,0,0.001
"346","712",TRUE,0,0,0
"349","712",TRUE,0,0,0.002
"350","712",TRUE,0,0,0.004
"352","712",TRUE,0,0,0
"355","712",TRUE,1,1,0.994
"359","712",TRUE,0,0,0.001
"360","712",TRUE,0,0,0.002
"365","712",TRUE,0,0,0.084
"366","712",TRUE,0,0,0.001
"367","712",TRUE,0,0,0
"368","712",TRUE,0,0,0.003
"369","712",TRUE,1,1,1
"370","712",TRUE,0,0,0
"371","712",TRUE,0,0,0
"372","712",TRUE,0,0,0
"373","712",TRUE,0,0,0
"375","712",TRUE,0,0,0
"380","712",TRUE,0,0,0.001
"385","712",TRUE,0,0,0
"390","712",TRUE,0,0,0.001
"395","712",TRUE,0,0,0
"402","712",TRUE,0,0,0
"404","712",TRUE,0,0,0
"411","712",TRUE,0,0,0
"420","712",TRUE,0,0,0.003
"432","712",TRUE,0,0,0.001
"433","712",TRUE,0,0,0
"434","712",TRUE,0,0,0
"435","712",TRUE,0,0,0
"436","712",TRUE,0,0,0
"437","712",TRUE,0,0,0
"438","712",TRUE,0,0,0
"439","712",TRUE,0,0,0
"450","712",TRUE,0,0,0
"451","712",TRUE,0,0,0
"452","712",TRUE,0,0,0.001
"461","712",TRUE,0,0,0
"471","712",TRUE,0,0,0
"475","712",TRUE,0,0,0
"481","712",TRUE,0,0,0
"482","712",TRUE,0,0,0
"483","712",TRUE,0,0,0
"484","712",TRUE,0,0,0
"490","712",TRUE,0,0,0
"500","712",TRUE,0,0,0
"501","712",TRUE,0,0,0.001
"510","712",TRUE,0,0,0
"516","712",TRUE,0,0,0.001
"517","712",TRUE,0,0,0
"522","712",TRUE,0,0,0
"530","712",TRUE,0,0,0
"540","712",TRUE,0,0,0
"541","712",TRUE,0,0,0
"551","712",TRUE,0,0,0
"552","712",TRUE,0,0,0
"553","712",TRUE,0,0,0
"560","712",TRUE,0,0,0.022
"565","712",TRUE,0,0,0
"570","712",TRUE,0,0,0
"571","712",TRUE,0,0,0.001
"572","712",TRUE,0,0,0
"580","712",TRUE,0,0,0
"590","712",TRUE,0,0,0.001
"600","712",TRUE,0,0,0
"615","712",TRUE,0,0,0
"616","712",TRUE,0,0,0
"625","712",TRUE,0,0,0
"630","712",TRUE,0,0,0
"640","712",TRUE,1,1,1
"645","712",TRUE,0,0,0
"651","712",TRUE,0,0,0
"652","712",TRUE,0,0,0
"660","712",TRUE,0,0,0
"663","712",TRUE,0,0,0
"666","712",TRUE,0,0,0
"670","712",TRUE,0,0,0
"679","712",TRUE,0,0,0
"690","712",TRUE,0,0,0
"692","712",TRUE,0,0,0
"694","712",TRUE,0,0,0
"696","712",TRUE,0,0,0
"698","712",TRUE,0,0,0
"701","712",TRUE,0,0,0
"702","712",TRUE,0,0,0
"703","712",TRUE,0,0,0.001
"704","712",TRUE,0,0,0
"705","712",TRUE,1,1,0.995
"710","712",TRUE,0,0,0.007
"2","713",TRUE,0,0,0.022
"20","713",TRUE,0,0,0.003
"31","713",TRUE,0,0,0.001
"41","713",TRUE,0,0,0.001
"42","713",TRUE,0,0,0.001
"51","713",TRUE,0,0,0
"52","713",TRUE,0,0,0
"53","713",TRUE,0,0,0.001
"70","713",TRUE,0,0,0.003
"80","713",TRUE,0,0,0
"90","713",TRUE,0,0,0
"91","713",TRUE,0,0,0
"92","713",TRUE,0,0,0.001
"93","713",TRUE,0,0,0
"94","713",TRUE,0,0,0.001
"95","713",TRUE,0,0,0.001
"100","713",TRUE,0,0,0
"101","713",TRUE,0,0,0
"115","713",TRUE,0,0,0.001
"130","713",TRUE,0,0,0
"135","713",TRUE,0,0,0.001
"140","713",TRUE,0,0,0.001
"145","713",TRUE,0,0,0.001
"150","713",TRUE,0,0,0
"155","713",TRUE,0,0,0.001
"160","713",TRUE,0,0,0
"165","713",TRUE,0,0,0.001
"200","713",TRUE,0,0,0.002
"205","713",TRUE,0,0,0.001
"210","713",TRUE,0,0,0.002
"211","713",TRUE,0,0,0.003
"212","713",TRUE,0,0,0
"220","713",TRUE,0,0,0.006
"225","713",TRUE,0,0,0
"230","713",TRUE,0,0,0.002
"235","713",TRUE,0,0,0
"255","713",TRUE,0,0,0.007
"260","713",FALSE,NA,NA,0
"290","713",TRUE,0,0,0.004
"305","713",TRUE,0,0,0.002
"310","713",TRUE,0,0,0
"316","713",TRUE,0,0,0.001
"317","713",TRUE,0,0,0.002
"325","713",TRUE,0,0,0.011
"338","713",TRUE,0,0,0
"339","713",TRUE,0,0,0.001
"343","713",TRUE,0,0,0.001
"344","713",TRUE,0,0,0.001
"345","713",TRUE,0,0,0.001
"346","713",TRUE,0,0,0
"349","713",TRUE,0,0,0
"350","713",TRUE,0,0,0.002
"352","713",TRUE,0,0,0
"355","713",TRUE,0,0,0
"359","713",TRUE,0,0,0
"360","713",TRUE,0,0,0.002
"365","713",TRUE,0,0,0.004
"366","713",TRUE,0,0,0
"367","713",TRUE,0,0,0
"368","713",TRUE,0,0,0.001
"369","713",TRUE,0,0,0.013
"370","713",TRUE,0,0,0
"371","713",TRUE,0,0,0
"372","713",TRUE,0,0,0.002
"373","713",TRUE,0,0,0
"375","713",TRUE,0,0,0
"380","713",TRUE,0,0,0
"385","713",TRUE,0,0,0.001
"390","713",TRUE,0,0,0
"395","713",TRUE,0,0,0.002
"402","713",TRUE,0,0,0.001
"404","713",TRUE,0,0,0.002
"411","713",TRUE,0,0,0.001
"420","713",TRUE,0,0,0
"432","713",TRUE,0,0,0
"433","713",TRUE,0,0,0
"434","713",TRUE,0,0,0.001
"435","713",TRUE,0,0,0.005
"436","713",TRUE,0,0,0.001
"437","713",TRUE,0,0,0
"438","713",TRUE,0,0,0.001
"439","713",TRUE,0,0,0.002
"450","713",TRUE,0,0,0.001
"451","713",TRUE,0,0,0
"452","713",TRUE,0,0,0.002
"461","713",TRUE,0,0,0
"471","713",TRUE,0,0,0.001
"475","713",TRUE,0,0,0.001
"481","713",TRUE,0,0,0
"482","713",TRUE,0,0,0.002
"483","713",TRUE,0,0,0.001
"484","713",TRUE,0,0,0.001
"490","713",TRUE,0,0,0.001
"500","713",TRUE,0,0,0.001
"501","713",TRUE,0,0,0
"510","713",TRUE,0,0,0.002
"516","713",TRUE,0,0,0
"517","713",TRUE,0,0,0
"522","713",TRUE,0,0,0.001
"530","713",TRUE,0,0,0.001
"540","713",TRUE,0,0,0.001
"541","713",TRUE,0,0,0
"551","713",TRUE,0,0,0
"552","713",TRUE,0,0,0
"553","713",TRUE,0,0,0.001
"560","713",TRUE,0,0,0.003
"565","713",TRUE,0,0,0.001
"570","713",TRUE,0,0,0
"571","713",TRUE,0,0,0.001
"572","713",TRUE,0,0,0
"580","713",TRUE,0,0,0.002
"590","713",TRUE,0,0,0
"600","713",TRUE,0,0,0.003
"615","713",TRUE,0,0,0
"616","713",TRUE,0,0,0
"625","713",TRUE,0,0,0.001
"630","713",TRUE,0,0,0.002
"640","713",TRUE,0,0,0.009
"645","713",TRUE,0,0,0.003
"651","713",TRUE,0,0,0
"652","713",TRUE,0,0,0
"660","713",TRUE,0,0,0
"663","713",TRUE,0,0,0
"666","713",TRUE,0,0,0.003
"670","713",TRUE,0,0,0
"679","713",TRUE,0,0,0.002
"690","713",TRUE,0,0,0.001
"692","713",TRUE,0,0,0.003
"694","713",TRUE,0,0,0.001
"696","713",TRUE,0,0,0
"698","713",TRUE,0,0,0
"701","713",TRUE,0,0,0.002
"702","713",TRUE,0,0,0.001
"703","713",TRUE,0,0,0
"704","713",TRUE,0,0,0
"705","713",TRUE,0,0,0
"710","713",TRUE,0,0,0.017
"712","713",TRUE,0,0,0
"2","732",TRUE,1,1,1
"20","732",TRUE,0,0,0
"31","732",TRUE,0,0,0.004
"41","732",TRUE,0,0,0.003
"42","732",TRUE,0,0,0.005
"51","732",TRUE,0,0,0.002
"52","732",TRUE,0,0,0.001
"53","732",TRUE,0,0,0.003
"70","732",TRUE,0,0,0.001
"80","732",TRUE,0,0,0.001
"90","732",TRUE,0,0,0.008
"91","732",TRUE,0,0,0.007
"92","732",TRUE,0,0,0.002
"93","732",TRUE,0,0,0.009
"94","732",TRUE,0,0,0.002
"95","732",TRUE,0,0,0.002
"100","732",TRUE,0,0,0.001
"101","732",TRUE,0,0,0.004
"115","732",TRUE,0,0,0.004
"130","732",TRUE,0,0,0.002
"135","732",TRUE,0,0,0.01
"140","732",TRUE,0,0,0.007
"145","732",TRUE,0,0,0.006
"150","732",TRUE,0,0,0
"155","732",TRUE,0,0,0.017
"160","732",TRUE,0,0,0.01
"165","732",TRUE,0,0,0.006
"200","732",TRUE,0,0,0.032
"205","732",TRUE,0,0,0.002
"210","732",TRUE,0,0,0.002
"211","732",TRUE,0,0,0.004
"212","732",TRUE,0,0,0
"220","732",TRUE,0,0,0.114
"225","732",TRUE,0,0,0.012
"230","732",TRUE,1,1,0.999
"235","732",TRUE,0,0,0.003
"255","732",TRUE,0,0,0.01
"260","732",FALSE,NA,NA,0
"290","732",TRUE,0,0,0.043
"305","732",TRUE,0,0,0.001
"310","732",TRUE,0,0,0.005
"316","732",TRUE,0,0,0.024
"317","732",TRUE,0,0,0.026
"325","732",TRUE,1,1,0.998
"338","732",TRUE,0,0,0.005
"339","732",TRUE,0,0,0.009
"343","732",TRUE,0,0,0.004
"344","732",TRUE,0,0,0.004
"345","732",TRUE,0,0,0.008
"346","732",TRUE,0,0,0
"349","732",TRUE,0,0,0.012
"350","732",TRUE,0,0,0.037
"352","732",TRUE,0,0,0.001
"355","732",TRUE,0,0,0.033
"359","732",TRUE,0,0,0.011
"360","732",TRUE,0,0,0.009
"365","732",TRUE,1,1,1
"366","732",TRUE,0,0,0.009
"367","732",TRUE,0,0,0.016
"368","732",TRUE,0,0,0.025
"369","732",TRUE,1,1,1
"370","732",TRUE,0,0,0.005
"371","732",TRUE,0,0,0.005
"372","732",TRUE,0,0,0.004
"373","732",TRUE,0,0,0.006
"375","732",TRUE,0,0,0.01
"380","732",TRUE,0,0,0.007
"385","732",TRUE,0,0,0.013
"390","732",TRUE,0,0,0.001
"395","732",TRUE,0,0,0.007
"402","732",TRUE,0,0,0.001
"404","732",TRUE,0,0,0.004
"411","732",TRUE,0,0,0.003
"420","732",TRUE,0,0,0.019
"432","732",TRUE,0,0,0.005
"433","732",TRUE,0,0,0.004
"434","732",TRUE,0,0,0.001
"435","732",TRUE,0,0,0.005
"436","732",TRUE,0,0,0.005
"437","732",TRUE,0,0,0.002
"438","732",TRUE,0,0,0.003
"439","732",TRUE,0,0,0.003
"450","732",TRUE,0,0,0.002
"451","732",TRUE,0,0,0.002
"452","732",TRUE,0,0,0.002
"461","732",TRUE,0,0,0.001
"471","732",TRUE,0,0,0.004
"475","732",TRUE,0,0,0.002
"481","732",TRUE,0,0,0.003
"482","732",TRUE,0,0,0.005
"483","732",TRUE,0,0,0.005
"484","732",TRUE,0,0,0.001
"490","732",TRUE,0,0,0
"500","732",TRUE,0,0,0.001
"501","732",TRUE,0,0,0.005
"510","732",TRUE,0,0,0.002
"516","732",TRUE,0,0,0.001
"517","732",TRUE,0,0,0.001
"522","732",TRUE,0,0,0.003
"530","732",TRUE,0,0,0.005
"540","732",TRUE,0,0,0.001
"541","732",TRUE,0,0,0
"551","732",TRUE,0,0,0.001
"552","732",TRUE,0,0,0
"553","732",TRUE,0,0,0.002
"560","732",TRUE,0,0,0.041
"565","732",TRUE,0,0,0.001
"570","732",TRUE,0,0,0.003
"571","732",TRUE,0,0,0.001
"572","732",TRUE,0,0,0.002
"580","732",TRUE,0,0,0.002
"590","732",TRUE,0,0,0.005
"600","732",TRUE,0,0,0.004
"615","732",TRUE,0,0,0.002
"616","732",TRUE,0,0,0.003
"625","732",TRUE,0,0,0.001
"630","732",TRUE,0,0,0.001
"640","732",TRUE,1,1,1
"645","732",TRUE,0,0,0.003
"651","732",TRUE,0,0,0.001
"652","732",TRUE,0,0,0.006
"660","732",TRUE,0,0,0.004
"663","732",TRUE,0,0,0.011
"666","732",TRUE,0,0,0.002
"670","732",TRUE,0,0,0.005
"679","732",TRUE,0,0,0.002
"690","732",TRUE,0,0,0.001
"692","732",TRUE,0,0,0.003
"694","732",TRUE,0,0,0.004
"696","732",TRUE,1,1,0.926
"698","732",TRUE,0,0,0.009
"701","732",TRUE,0,0,0.006
"702","732",TRUE,0,0,0.005
"703","732",TRUE,0,0,0.012
"704","732",TRUE,0,0,0.013
"705","732",TRUE,0,0,0.032
"710","732",TRUE,0,0,0.04
"712","732",TRUE,0,0,0.051
"713","732",TRUE,0,0,0.038
"2","740",TRUE,0,0,0.024
"20","740",TRUE,0,0,0.001
"31","740",TRUE,0,0,0.003
"41","740",TRUE,0,0,0.003
"42","740",TRUE,0,0,0.006
"51","740",TRUE,0,0,0.002
"52","740",TRUE,0,0,0.001
"53","740",TRUE,0,0,0.005
"70","740",TRUE,0,0,0.005
"80","740",TRUE,0,0,0.001
"90","740",TRUE,0,0,0
"91","740",TRUE,0,0,0.001
"92","740",TRUE,0,0,0
"93","740",TRUE,0,0,0
"94","740",TRUE,0,0,0.002
"95","740",TRUE,0,0,0.003
"100","740",TRUE,0,0,0.002
"101","740",TRUE,0,0,0
"115","740",TRUE,0,0,0.003
"130","740",TRUE,0,0,0.001
"135","740",TRUE,0,0,0
"140","740",TRUE,0,0,0
"145","740",TRUE,0,0,0
"150","740",TRUE,0,0,0.001
"155","740",TRUE,0,0,0.003
"160","740",TRUE,0,0,0.001
"165","740",TRUE,0,0,0.001
"200","740",TRUE,0,0,0.002
"205","740",TRUE,0,0,0.003
"210","740",TRUE,0,0,0.003
"211","740",TRUE,0,0,0
"212","740",TRUE,0,0,0
"220","740",TRUE,0,0,0.023
"225","740",TRUE,0,0,0.001
"230","740",TRUE,0,0,0.007
"235","740",TRUE,0,0,0
"255","740",TRUE,0,0,0.003
"260","740",FALSE,NA,NA,0
"290","740",TRUE,0,0,0.007
"305","740",TRUE,0,0,0.002
"310","740",TRUE,0,0,0.001
"316","740",TRUE,0,0,0.003
"317","740",TRUE,0,0,0.001
"325","740",TRUE,0,0,0.009
"338","740",TRUE,0,0,0.002
"339","740",TRUE,0,0,0.001
"343","740",TRUE,0,0,0
"344","740",TRUE,0,0,0
"345","740",TRUE,0,0,0.001
"346","740",TRUE,0,0,0
"349","740",TRUE,0,0,0.001
"350","740",TRUE,0,0,0.004
"352","740",TRUE,0,0,0
"355","740",TRUE,0,0,0.001
"359","740",TRUE,0,0,0.001
"360","740",TRUE,0,0,0
"365","740",TRUE,0,0,0.009
"366","740",TRUE,0,0,0
"367","740",TRUE,0,0,0
"368","740",TRUE,0,0,0
"369","740",TRUE,0,0,0.014
"370","740",TRUE,0,0,0
"371","740",TRUE,0,0,0
"372","740",TRUE,0,0,0.001
"373","740",TRUE,0,0,0
"375","740",TRUE,0,0,0.003
"380","740",TRUE,0,0,0.002
"385","740",TRUE,0,0,0.001
"390","740",TRUE,0,0,0.001
"395","740",TRUE,0,0,0.007
"402","740",TRUE,0,0,0.003
"404","740",TRUE,0,0,0.003
"411","740",TRUE,0,0,0.003
"420","740",TRUE,0,0,0
"432","740",TRUE,0,0,0.002
"433","740",TRUE,0,0,0.002
"434","740",TRUE,0,0,0.002
"435","740",TRUE,0,0,0.003
"436","740",TRUE,0,0,0.006
"437","740",TRUE,0,0,0.003
"438","740",TRUE,0,0,0.002
"439","740",TRUE,0,0,0.002
"450","740",TRUE,0,0,0.002
"451","740",TRUE,0,0,0.003
"452","740",TRUE,0,0,0
"461","740",TRUE,0,0,0
"471","740",TRUE,0,0,0.003
"475","740",TRUE,0,0,0
"481","740",TRUE,0,0,0
"482","740",TRUE,0,0,0.001
"483","740",TRUE,0,0,0.001
"484","740",TRUE,0,0,0.001
"490","740",TRUE,0,0,0
"500","740",TRUE,0,0,0.002
"501","740",TRUE,0,0,0.003
"510","740",TRUE,0,0,0.002
"516","740",TRUE,0,0,0.003
"517","740",TRUE,0,0,0
"522","740",TRUE,0,0,0.001
"530","740",TRUE,0,0,0.005
"540","740",TRUE,0,0,0
"541","740",TRUE,0,0,0.001
"551","740",TRUE,0,0,0
"552","740",TRUE,0,0,0
"553","740",TRUE,0,0,0.004
"560","740",TRUE,0,0,0.001
"565","740",TRUE,0,0,0
"570","740",TRUE,0,0,0
"571","740",TRUE,0,0,0.001
"572","740",TRUE,0,0,0.003
"580","740",TRUE,0,0,0.001
"590","740",TRUE,0,0,0.006
"600","740",TRUE,0,0,0
"615","740",TRUE,0,0,0.001
"616","740",TRUE,0,0,0
"625","740",TRUE,0,0,0.001
"630","740",TRUE,0,0,0
"640","740",TRUE,0,0,0.006
"645","740",TRUE,0,0,0.003
"651","740",TRUE,0,0,0.001
"652","740",TRUE,0,0,0
"660","740",TRUE,0,0,0.001
"663","740",TRUE,0,0,0
"666","740",TRUE,0,0,0
"670","740",TRUE,0,0,0.001
"679","740",TRUE,0,0,0.004
"690","740",TRUE,0,0,0
"692","740",TRUE,0,0,0.003
"694","740",TRUE,0,0,0.001
"696","740",TRUE,0,0,0
"698","740",TRUE,0,0,0.007
"701","740",TRUE,0,0,0
"702","740",TRUE,0,0,0
"703","740",TRUE,0,0,0
"704","740",TRUE,0,0,0.001
"705","740",TRUE,0,0,0
"710","740",TRUE,0,0,0.022
"712","740",TRUE,0,0,0.003
"713","740",TRUE,0,0,0.021
"732","740",TRUE,0,0,0.106
"2","750",TRUE,1,1,1
"20","750",TRUE,0,0,0
"31","750",TRUE,0,0,0.023
"41","750",TRUE,0,0,0.028
"42","750",TRUE,0,0,0.014
"51","750",TRUE,0,0,0.019
"52","750",TRUE,0,0,0.015
"53","750",TRUE,0,0,0.021
"70","750",TRUE,0,0,0.015
"80","750",TRUE,0,0,0.01
"90","750",TRUE,0,0,0.027
"91","750",TRUE,0,0,0.003
"92","750",TRUE,0,0,0.004
"93","750",TRUE,0,0,0.006
"94","750",TRUE,0,0,0.021
"95","750",TRUE,0,0,0.006
"100","750",TRUE,0,0,0.06
"101","750",TRUE,0,0,0.015
"115","750",TRUE,0,0,0.012
"130","750",TRUE,0,0,0.024
"135","750",TRUE,0,0,0.055
"140","750",TRUE,1,1,0.999
"145","750",TRUE,0,0,0.004
"150","750",TRUE,0,0,0.023
"155","750",TRUE,0,1,0.073
"160","750",TRUE,0,0,0.053
"165","750",TRUE,0,0,0.012
"200","750",TRUE,0,0,0.054
"205","750",TRUE,0,0,0.004
"210","750",TRUE,0,0,0.02
"211","750",TRUE,0,0,0.011
"212","750",TRUE,0,0,0
"220","750",TRUE,1,1,1
"225","750",TRUE,0,0,0.017
"230","750",TRUE,0,0,0.04
"235","750",TRUE,0,0,0.044
"255","750",TRUE,0,0,0.065
"260","750",FALSE,NA,NA,0
"290","750",TRUE,1,1,1
"305","750",TRUE,0,0,0
"310","750",TRUE,1,1,0.993
"316","750",TRUE,0,0,0.069
"317","750",TRUE,0,0,0.032
"325","750",TRUE,1,1,1
"338","750",TRUE,0,0,0.01
"339","750",TRUE,0,0,0.017
"343","750",TRUE,0,0,0.01
"344","750",TRUE,0,0,0.003
"345","750",TRUE,0,0,0.011
"346","750",TRUE,0,0,0.001
"349","750",TRUE,0,0,0.041
"350","750",TRUE,0,0,0.131
"352","750",TRUE,0,0,0.017
"355","750",TRUE,1,0,0.999
"359","750",TRUE,0,0,0.036
"360","750",TRUE,0,0,0.049
"365","750",TRUE,1,1,1
"366","750",TRUE,0,0,0.018
"367","750",TRUE,0,0,0.026
"368","750",TRUE,0,0,0.04
"369","750",TRUE,0,0,0.219
"370","750",TRUE,0,0,0.046
"371","750",TRUE,0,0,0.09
"372","750",TRUE,0,0,0.041
"373","750",TRUE,0,0,0.089
"375","750",TRUE,0,0,0.03
"380","750",TRUE,0,0,0.025
"385","750",TRUE,0,0,0.001
"390","750",TRUE,0,0,0.005
"395","750",TRUE,0,0,0.02
"402","750",TRUE,0,0,0.019
"404","750",TRUE,0,0,0.023
"411","750",TRUE,0,0,0.02
"420","750",TRUE,0,0,0.016
"432","750",TRUE,0,0,0.043
"433","750",TRUE,0,0,0.016
"434","750",TRUE,0,0,0.023
"435","750",TRUE,0,0,0.029
"436","750",TRUE,0,0,0.04
"437","750",TRUE,0,0,0.024
"438","750",TRUE,0,0,0.018
"439","750",TRUE,0,0,0.035
"450","750",TRUE,0,0,0.021
"451","750",TRUE,0,0,0.03
"452","750",TRUE,0,0,0.02
"461","750",TRUE,0,0,0.07
"471","750",TRUE,0,0,0.016
"475","750",TRUE,0,1,0.091
"481","750",TRUE,0,0,0.081
"482","750",TRUE,0,0,0.031
"483","750",TRUE,0,0,0.034
"484","750",TRUE,0,0,0.023
"490","750",TRUE,0,0,0.107
"500","750",TRUE,0,0,0.039
"501","750",TRUE,0,0,0.04
"510","750",TRUE,0,0,0.042
"516","750",TRUE,0,0,0.034
"517","750",TRUE,0,0,0.122
"522","750",TRUE,0,0,0.06
"530","750",TRUE,0,0,0.057
"540","750",TRUE,0,0,0.047
"541","750",TRUE,0,0,0.136
"551","750",TRUE,0,0,0.134
"552","750",TRUE,0,0,0.019
"553","750",TRUE,0,0,0.04
"560","750",TRUE,1,1,1
"565","750",TRUE,0,0,0.092
"570","750",TRUE,0,0,0.034
"571","750",TRUE,0,0,0.032
"572","750",TRUE,0,0,0.024
"580","750",TRUE,0,0,0.04
"590","750",TRUE,0,0,0.042
"600","750",TRUE,0,0,0.027
"615","750",TRUE,0,0,0.035
"616","750",TRUE,0,0,0.023
"625","750",TRUE,0,0,0.012
"630","750",TRUE,0,0,0.011
"640","750",TRUE,0,0,0.159
"645","750",TRUE,0,0,0.065
"651","750",TRUE,0,0,0.012
"652","750",TRUE,0,0,0.012
"660","750",TRUE,0,0,0.031
"663","750",TRUE,0,0,0.16
"666","750",TRUE,0,0,0.036
"670","750",TRUE,0,0,0.195
"679","750",TRUE,0,0,0.064
"690","750",TRUE,0,0,0.073
"692","750",TRUE,0,0,0.058
"694","750",TRUE,0,0,0.092
"696","750",TRUE,0,0,0.167
"698","750",TRUE,0,0,0.081
"701","750",TRUE,0,0,0.03
"702","750",TRUE,0,0,0.202
"703","750",TRUE,0,0,0.156
"704","750",TRUE,0,0,0.144
"705","750",TRUE,1,1,0.993
"710","750",TRUE,0,0,0.013
"712","750",TRUE,0,0,0.266
"713","750",TRUE,0,0,0.058
"732","750",TRUE,0,0,0.238
"740","750",TRUE,0,0,0.041
"2","760",TRUE,0,0,0.008
"20","760",TRUE,0,0,0.001
"31","760",TRUE,0,0,0
"41","760",TRUE,0,0,0
"42","760",TRUE,0,0,0
"51","760",TRUE,0,0,0
"52","760",TRUE,0,0,0
"53","760",TRUE,0,0,0
"70","760",TRUE,0,0,0
"80","760",TRUE,0,0,0
"90","760",TRUE,0,0,0
"91","760",TRUE,0,0,0
"92","760",TRUE,0,0,0.001
"93","760",TRUE,0,0,0
"94","760",TRUE,0,0,0
"95","760",TRUE,0,0,0
"100","760",TRUE,0,0,0
"101","760",TRUE,0,0,0
"115","760",TRUE,0,0,0
"130","760",TRUE,0,0,0
"135","760",TRUE,0,0,0.002
"140","760",TRUE,0,0,0.003
"145","760",TRUE,0,0,0
"150","760",TRUE,0,0,0
"155","760",TRUE,0,0,0
"160","760",TRUE,0,0,0.001
"165","760",TRUE,0,0,0
"200","760",TRUE,0,0,0.002
"205","760",TRUE,0,0,0
"210","760",TRUE,0,0,0
"211","760",TRUE,0,0,0
"212","760",TRUE,0,0,0
"220","760",TRUE,0,0,0.005
"225","760",TRUE,0,0,0
"230","760",TRUE,0,0,0.001
"235","760",TRUE,0,0,0
"255","760",TRUE,0,0,0.002
"260","760",FALSE,NA,NA,0
"290","760",TRUE,0,0,0.003
"305","760",TRUE,0,0,0.002
"310","760",TRUE,0,0,0.001
"316","760",TRUE,0,0,0.001
"317","760",TRUE,0,0,0
"325","760",TRUE,0,0,0.011
"338","760",TRUE,0,0,0
"339","760",TRUE,0,0,0
"343","760",TRUE,0,0,0
"344","760",TRUE,0,0,0
"345","760",TRUE,0,0,0.001
"346","760",TRUE,0,0,0
"349","760",TRUE,0,0,0
"350","760",TRUE,0,0,0
"352","760",TRUE,0,0,0
"355","760",TRUE,0,0,0
"359","760",TRUE,0,0,0
"360","760",TRUE,0,0,0.001
"365","760",TRUE,0,0,0.004
"366","760",TRUE,0,0,0
"367","760",TRUE,0,0,0.001
"368","760",TRUE,0,0,0
"369","760",TRUE,0,0,0.007
"370","760",TRUE,0,0,0
"371","760",TRUE,0,0,0
"372","760",TRUE,0,0,0
"373","760",TRUE,0,0,0
"375","760",TRUE,0,0,0
"380","760",TRUE,0,0,0.001
"385","760",TRUE,0,0,0
"390","760",TRUE,0,0,0
"395","760",TRUE,0,0,0
"402","760",TRUE,0,0,0
"404","760",TRUE,0,0,0
"411","760",TRUE,0,0,0
"420","760",TRUE,0,0,0
"432","760",TRUE,0,0,0.001
"433","760",TRUE,0,0,0
"434","760",TRUE,0,0,0
"435","760",TRUE,0,0,0
"436","760",TRUE,0,0,0
"437","760",TRUE,0,0,0
"438","760",TRUE,0,0,0
"439","760",TRUE,0,0,0
"450","760",TRUE,0,0,0
"451","760",TRUE,0,0,0
"452","760",TRUE,0,0,0
"461","760",TRUE,0,0,0
"471","760",TRUE,0,0,0
"475","760",TRUE,0,0,0.001
"481","760",TRUE,0,0,0
"482","760",TRUE,0,0,0
"483","760",TRUE,0,0,0
"484","760",TRUE,0,0,0
"490","760",TRUE,0,0,0
"500","760",TRUE,0,0,0
"501","760",TRUE,0,0,0
"510","760",TRUE,0,0,0
"516","760",TRUE,0,0,0
"517","760",TRUE,0,0,0
"522","760",TRUE,0,0,0
"530","760",TRUE,0,0,0.001
"540","760",TRUE,0,0,0
"541","760",TRUE,0,0,0
"551","760",TRUE,0,0,0
"552","760",TRUE,0,0,0
"553","760",TRUE,0,0,0
"560","760",TRUE,0,0,0.01
"565","760",TRUE,0,0,0
"570","760",TRUE,0,0,0
"571","760",TRUE,0,0,0
"572","760",TRUE,0,0,0
"580","760",TRUE,0,0,0
"590","760",TRUE,0,0,0
"600","760",TRUE,0,0,0
"615","760",TRUE,0,0,0
"616","760",TRUE,0,0,0
"625","760",TRUE,0,0,0
"630","760",TRUE,0,0,0.001
"640","760",TRUE,0,0,0.008
"645","760",TRUE,0,0,0
"651","760",TRUE,0,0,0
"652","760",TRUE,0,0,0.001
"660","760",TRUE,0,0,0
"663","760",TRUE,0,0,0
"666","760",TRUE,0,0,0.001
"670","760",TRUE,0,0,0
"679","760",TRUE,0,0,0
"690","760",TRUE,0,0,0
"692","760",TRUE,0,0,0
"694","760",TRUE,0,0,0
"696","760",TRUE,0,0,0
"698","760",TRUE,0,0,0
"701","760",TRUE,0,0,0
"702","760",TRUE,0,0,0
"703","760",TRUE,0,0,0.001
"704","760",TRUE,0,0,0
"705","760",TRUE,0,0,0.002
"710","760",TRUE,0,0,0.01
"712","760",TRUE,0,0,0
"713","760",TRUE,0,0,0.001
"732","760",TRUE,0,0,0.005
"740","760",TRUE,0,0,0.005
"750","760",TRUE,0,0,0.14
"2","770",TRUE,0,0,0.01
"20","770",TRUE,0,0,0
"31","770",TRUE,0,0,0.001
"41","770",TRUE,0,0,0
"42","770",TRUE,0,0,0
"51","770",TRUE,0,0,0.001
"52","770",TRUE,0,0,0.001
"53","770",TRUE,0,0,0
"70","770",TRUE,0,0,0.002
"80","770",TRUE,0,0,0
"90","770",TRUE,0,0,0
"91","770",TRUE,0,0,0
"92","770",TRUE,0,0,0
"93","770",TRUE,0,0,0
"94","770",TRUE,0,0,0
"95","770",TRUE,0,0,0
"100","770",TRUE,0,0,0
"101","770",TRUE,0,0,0
"115","770",TRUE,0,0,0.001
"130","770",TRUE,0,0,0.001
"135","770",TRUE,0,0,0
"140","770",TRUE,0,0,0
"145","770",TRUE,0,0,0
"150","770",TRUE,0,0,0
"155","770",TRUE,0,0,0.001
"160","770",TRUE,0,0,0.001
"165","770",TRUE,0,0,0
"200","770",TRUE,0,0,0.009
"205","770",TRUE,0,0,0
"210","770",TRUE,0,0,0.003
"211","770",TRUE,0,0,0.001
"212","770",TRUE,0,0,0
"220","770",TRUE,0,0,0.039
"225","770",TRUE,0,0,0.001
"230","770",TRUE,0,0,0.004
"235","770",TRUE,0,0,0
"255","770",TRUE,0,0,0.013
"260","770",FALSE,NA,NA,0
"290","770",TRUE,0,0,0.007
"305","770",TRUE,0,0,0.001
"310","770",TRUE,0,0,0
"316","770",TRUE,0,0,0.005
"317","770",TRUE,0,0,0.002
"325","770",TRUE,0,0,0.023
"338","770",TRUE,0,0,0
"339","770",TRUE,0,0,0
"343","770",TRUE,0,0,0
"344","770",TRUE,0,0,0.001
"345","770",TRUE,0,0,0.002
"346","770",TRUE,0,1,0
"349","770",TRUE,0,0,0
"350","770",TRUE,0,0,0.002
"352","770",TRUE,0,0,0
"355","770",TRUE,0,0,0.003
"359","770",TRUE,0,0,0
"360","770",TRUE,0,0,0.011
"365","770",TRUE,0,0,0.082
"366","770",TRUE,0,0,0.001
"367","770",TRUE,0,0,0.002
"368","770",TRUE,0,0,0.003
"369","770",TRUE,1,1,1
"370","770",TRUE,0,0,0
"371","770",TRUE,0,0,0
"372","770",TRUE,0,0,0
"373","770",TRUE,1,1,0.951
"375","770",TRUE,0,0,0.002
"380","770",TRUE,0,0,0.001
"385","770",TRUE,0,0,0.001
"390","770",TRUE,0,0,0
"395","770",TRUE,0,0,0.001
"402","770",TRUE,0,0,0.001
"404","770",TRUE,0,0,0.001
"411","770",TRUE,0,0,0
"420","770",TRUE,0,0,0.005
"432","770",TRUE,0,0,0.009
"433","770",TRUE,0,0,0.002
"434","770",TRUE,0,0,0.001
"435","770",TRUE,0,0,0.001
"436","770",TRUE,0,0,0
"437","770",TRUE,0,0,0
"438","770",TRUE,0,0,0.001
"439","770",TRUE,0,0,0
"450","770",TRUE,0,0,0
"451","770",TRUE,0,0,0.001
"452","770",TRUE,0,0,0.001
"461","770",TRUE,0,0,0.001
"471","770",TRUE,0,0,0
"475","770",TRUE,0,0,0.002
"481","770",TRUE,0,0,0.003
"482","770",TRUE,0,0,0
"483","770",TRUE,0,0,0.003
"484","770",TRUE,0,0,0.001
"490","770",TRUE,0,0,0.004
"500","770",TRUE,0,0,0.002
"501","770",TRUE,0,0,0
"510","770",TRUE,0,0,0.001
"516","770",TRUE,0,0,0
"517","770",TRUE,0,0,0.003
"522","770",TRUE,0,0,0
"530","770",TRUE,0,0,0
"540","770",TRUE,0,0,0.001
"541","770",TRUE,0,0,0.007
"551","770",TRUE,0,0,0.003
"552","770",TRUE,0,0,0
"553","770",TRUE,0,0,0.001
"560","770",TRUE,1,1,0.999
"565","770",TRUE,0,0,0.003
"570","770",TRUE,0,0,0
"571","770",TRUE,0,0,0.002
"572","770",TRUE,0,0,0
"580","770",TRUE,0,0,0.003
"590","770",TRUE,0,0,0.002
"600","770",TRUE,0,0,0.001
"615","770",TRUE,0,0,0
"616","770",TRUE,0,0,0.004
"625","770",TRUE,0,0,0
"630","770",TRUE,0,0,0.002
"640","770",TRUE,1,1,0.996
"645","770",TRUE,0,0,0.002
"651","770",TRUE,0,0,0
"652","770",TRUE,0,0,0
"660","770",TRUE,0,0,0
"663","770",TRUE,0,0,0
"666","770",TRUE,0,0,0
"670","770",TRUE,0,0,0.002
"679","770",TRUE,0,0,0
"690","770",TRUE,0,0,0.002
"692","770",TRUE,0,0,0
"694","770",TRUE,0,0,0.007
"696","770",TRUE,0,0,0.003
"698","770",TRUE,0,0,0.003
"701","770",TRUE,0,0,0.004
"702","770",TRUE,0,0,0.014
"703","770",TRUE,0,0,0
"704","770",TRUE,0,0,0.006
"705","770",TRUE,0,0,0.007
"710","770",TRUE,0,0,0.002
"712","770",TRUE,0,0,0.005
"713","770",TRUE,0,0,0.001
"732","770",TRUE,0,0,0.025
"740","770",TRUE,0,0,0.001
"750","770",TRUE,0,0,0.271
"760","770",TRUE,0,0,0.004
"2","771",TRUE,0,0,0.025
"20","771",TRUE,0,0,0.001
"31","771",TRUE,0,0,0.001
"41","771",TRUE,0,0,0.001
"42","771",TRUE,0,0,0
"51","771",TRUE,0,0,0.002
"52","771",TRUE,0,0,0.002
"53","771",TRUE,0,0,0.002
"70","771",TRUE,0,0,0
"80","771",TRUE,0,0,0.001
"90","771",TRUE,0,0,0
"91","771",TRUE,0,0,0
"92","771",TRUE,0,0,0
"93","771",TRUE,0,0,0
"94","771",TRUE,0,0,0
"95","771",TRUE,0,0,0.001
"100","771",TRUE,0,0,0
"101","771",TRUE,0,0,0
"115","771",TRUE,0,0,0
"130","771",TRUE,0,0,0
"135","771",TRUE,0,0,0
"140","771",TRUE,0,0,0.001
"145","771",TRUE,0,0,0
"150","771",TRUE,0,0,0
"155","771",TRUE,0,0,0.003
"160","771",TRUE,0,0,0
"165","771",TRUE,0,0,0
"200","771",TRUE,0,0,0.002
"205","771",TRUE,0,0,0.001
"210","771",TRUE,0,0,0.001
"211","771",TRUE,0,0,0.002
"212","771",TRUE,0,0,0
"220","771",TRUE,0,0,0.011
"225","771",TRUE,0,0,0.001
"230","771",TRUE,0,0,0.008
"235","771",TRUE,0,0,0.001
"255","771",TRUE,0,0,0
"260","771",FALSE,NA,NA,0
"290","771",TRUE,0,0,0.006
"305","771",TRUE,0,0,0
"310","771",TRUE,0,0,0
"316","771",TRUE,0,0,0.001
"317","771",TRUE,0,0,0.006
"325","771",TRUE,0,0,0.007
"338","771",TRUE,0,0,0.001
"339","771",TRUE,0,0,0.002
"343","771",TRUE,0,0,0
"344","771",TRUE,0,0,0
"345","771",TRUE,0,0,0.001
"346","771",TRUE,0,0,0
"349","771",TRUE,0,0,0
"350","771",TRUE,0,0,0
"352","771",TRUE,0,0,0
"355","771",TRUE,0,0,0.002
"359","771",TRUE,0,0,0
"360","771",TRUE,0,0,0.005
"365","771",TRUE,0,0,0.041
"366","771",TRUE,0,0,0
"367","771",TRUE,0,0,0.001
"368","771",TRUE,0,0,0.001
"369","771",TRUE,0,0,0.062
"370","771",TRUE,0,0,0
"371","771",TRUE,0,0,0
"372","771",TRUE,0,0,0
"373","771",TRUE,0,0,0
"375","771",TRUE,0,0,0.001
"380","771",TRUE,0,0,0
"385","771",TRUE,0,0,0.002
"390","771",TRUE,0,0,0
"395","771",TRUE,0,0,0.001
"402","771",TRUE,0,0,0.003
"404","771",TRUE,0,0,0.001
"411","771",TRUE,0,0,0.001
"420","771",TRUE,0,0,0.001
"432","771",TRUE,0,0,0.003
"433","771",TRUE,0,0,0.003
"434","771",TRUE,0,0,0
"435","771",TRUE,0,0,0.001
"436","771",TRUE,0,0,0
"437","771",TRUE,0,0,0.001
"438","771",TRUE,0,0,0
"439","771",TRUE,0,0,0.002
"450","771",TRUE,0,0,0.001
"451","771",TRUE,0,0,0.002
"452","771",TRUE,0,0,0.001
"461","771",TRUE,0,0,0
"471","771",TRUE,0,0,0
"475","771",TRUE,0,0,0.001
"481","771",TRUE,0,0,0
"482","771",TRUE,0,0,0.001
"483","771",TRUE,0,0,0
"484","771",TRUE,0,0,0
"490","771",TRUE,0,0,0
"500","771",TRUE,0,0,0.002
"501","771",TRUE,0,0,0
"510","771",TRUE,0,0,0.001
"516","771",TRUE,0,0,0
"517","771",TRUE,0,0,0
"522","771",TRUE,0,0,0.001
"530","771",TRUE,0,0,0
"540","771",TRUE,0,0,0
"541","771",TRUE,0,0,0.002
"551","771",TRUE,0,0,0
"552","771",TRUE,0,0,0.002
"553","771",TRUE,0,0,0
"560","771",TRUE,0,0,0.004
"565","771",TRUE,0,0,0
"570","771",TRUE,0,0,0.001
"571","771",TRUE,0,0,0.001
"572","771",TRUE,0,0,0.001
"580","771",TRUE,0,0,0
"590","771",TRUE,0,0,0.001
"600","771",TRUE,0,0,0.001
"615","771",TRUE,0,0,0
"616","771",TRUE,0,0,0.001
"625","771",TRUE,0,0,0.001
"630","771",TRUE,0,0,0.001
"640","771",TRUE,1,1,0.972
"645","771",TRUE,0,0,0.003
"651","771",TRUE,0,0,0
"652","771",TRUE,0,0,0.001
"660","771",TRUE,0,0,0
"663","771",TRUE,0,0,0.001
"666","771",TRUE,0,0,0
"670","771",TRUE,0,0,0.001
"679","771",TRUE,0,0,0.006
"690","771",TRUE,0,0,0
"692","771",TRUE,0,0,0.002
"694","771",TRUE,0,0,0.001
"696","771",TRUE,0,0,0.005
"698","771",TRUE,0,0,0.004
"701","771",TRUE,0,0,0.004
"702","771",TRUE,0,0,0
"703","771",TRUE,0,0,0.004
"704","771",TRUE,0,0,0
"705","771",TRUE,0,0,0.002
"710","771",TRUE,1,1,0.88
"712","771",TRUE,0,0,0.002
"713","771",TRUE,0,0,0.005
"732","771",TRUE,1,1,0.96
"740","771",TRUE,0,0,0.005
"750","771",TRUE,0,0,0.057
"760","771",TRUE,0,0,0.018
"770","771",TRUE,0,0,0.008
"2","775",TRUE,0,0,0.002
"20","775",TRUE,0,0,0.001
"31","775",TRUE,0,0,0
"41","775",TRUE,0,0,0
"42","775",TRUE,0,0,0
"51","775",TRUE,0,0,0.001
"52","775",TRUE,0,0,0
"53","775",TRUE,0,0,0
"70","775",TRUE,0,0,0.002
"80","775",TRUE,0,0,0
"90","775",TRUE,0,0,0.001
"91","775",TRUE,0,0,0
"92","775",TRUE,0,0,0
"93","775",TRUE,0,0,0.001
"94","775",TRUE,0,0,0
"95","775",TRUE,0,0,0
"100","775",TRUE,0,0,0
"101","775",TRUE,0,0,0
"115","775",TRUE,0,0,0
"130","775",TRUE,0,0,0
"135","775",TRUE,0,0,0
"140","775",TRUE,0,0,0.002
"145","775",TRUE,0,0,0
"150","775",TRUE,0,0,0
"155","775",TRUE,0,0,0
"160","775",TRUE,0,0,0.001
"165","775",TRUE,0,0,0
"200","775",TRUE,0,0,0.001
"205","775",TRUE,0,0,0
"210","775",TRUE,0,0,0
"211","775",TRUE,0,0,0
"212","775",TRUE,0,0,0
"220","775",TRUE,0,0,0.006
"225","775",TRUE,0,0,0
"230","775",TRUE,0,0,0.002
"235","775",TRUE,0,0,0
"255","775",TRUE,0,0,0.005
"260","775",FALSE,NA,NA,0
"290","775",TRUE,0,0,0.003
"305","775",TRUE,0,0,0.001
"310","775",TRUE,0,0,0
"316","775",TRUE,0,0,0
"317","775",TRUE,0,0,0.001
"325","775",TRUE,0,0,0.005
"338","775",TRUE,0,0,0
"339","775",TRUE,0,0,0
"343","775",TRUE,0,0,0
"344","775",TRUE,0,0,0.001
"345","775",TRUE,0,0,0
"346","775",TRUE,0,0,0
"349","775",TRUE,0,0,0
"350","775",TRUE,0,0,0
"352","775",TRUE,0,0,0
"355","775",TRUE,0,0,0
"359","775",TRUE,0,0,0
"360","775",TRUE,0,0,0.001
"365","775",TRUE,0,0,0.012
"366","775",TRUE,0,0,0
"367","775",TRUE,0,0,0
"368","775",TRUE,0,0,0
"369","775",TRUE,0,0,0.003
"370","775",TRUE,0,0,0
"371","775",TRUE,0,0,0
"372","775",TRUE,0,0,0.001
"373","775",TRUE,0,0,0
"375","775",TRUE,0,0,0
"380","775",TRUE,0,0,0.001
"385","775",TRUE,0,0,0
"390","775",TRUE,0,0,0
"395","775",TRUE,0,0,0
"402","775",TRUE,0,0,0
"404","775",TRUE,0,0,0
"411","775",TRUE,0,0,0
"420","775",TRUE,0,0,0
"432","775",TRUE,0,0,0
"433","775",TRUE,0,0,0.001
"434","775",TRUE,0,0,0
"435","775",TRUE,0,0,0
"436","775",TRUE,0,0,0
"437","775",TRUE,0,0,0
"438","775",TRUE,0,0,0
"439","775",TRUE,0,0,0
"450","775",TRUE,0,0,0
"451","775",TRUE,0,0,0
"452","775",TRUE,0,0,0
"461","775",TRUE,0,0,0
"471","775",TRUE,0,0,0
"475","775",TRUE,0,0,0
"481","775",TRUE,0,0,0
"482","775",TRUE,0,0,0.001
"483","775",TRUE,0,0,0
"484","775",TRUE,0,0,0
"490","775",TRUE,0,0,0
"500","775",TRUE,0,0,0
"501","775",TRUE,0,0,0
"510","775",TRUE,0,0,0
"516","775",TRUE,0,0,0
"517","775",TRUE,0,0,0
"522","775",TRUE,0,0,0
"530","775",TRUE,0,0,0.001
"540","775",TRUE,0,0,0
"541","775",TRUE,0,0,0
"551","775",TRUE,0,0,0
"552","775",TRUE,0,0,0
"553","775",TRUE,0,0,0
"560","775",TRUE,0,0,0.005
"565","775",TRUE,0,0,0
"570","775",TRUE,0,0,0
"571","775",TRUE,0,0,0
"572","775",TRUE,0,0,0
"580","775",TRUE,0,0,0
"590","775",TRUE,0,0,0
"600","775",TRUE,0,0,0
"615","775",TRUE,0,0,0
"616","775",TRUE,0,0,0
"625","775",TRUE,0,0,0
"630","775",TRUE,0,0,0.001
"640","775",TRUE,0,0,0.005
"645","775",TRUE,0,0,0.001
"651","775",TRUE,0,0,0
"652","775",TRUE,0,0,0
"660","775",TRUE,0,0,0
"663","775",TRUE,0,0,0
"666","775",TRUE,0,0,0.001
"670","775",TRUE,0,0,0
"679","775",TRUE,0,0,0
"690","775",TRUE,0,0,0
"692","775",TRUE,0,0,0
"694","775",TRUE,0,0,0.001
"696","775",TRUE,0,0,0.001
"698","775",TRUE,0,0,0.001
"701","775",TRUE,0,0,0.001
"702","775",TRUE,0,0,0
"703","775",TRUE,0,0,0
"704","775",TRUE,0,0,0
"705","775",TRUE,0,0,0.001
"710","775",TRUE,0,0,0.023
"712","775",TRUE,0,0,0
"713","775",TRUE,0,0,0.001
"732","775",TRUE,0,0,0.012
"740","775",TRUE,0,0,0.012
"750","775",TRUE,0,0,0.144
"760","775",TRUE,0,0,0
"770","775",TRUE,0,0,0.003
"771","775",TRUE,0,0,0.014
"2","780",TRUE,0,0,0.024
"20","780",TRUE,0,0,0
"31","780",TRUE,0,0,0.001
"41","780",TRUE,0,0,0
"42","780",TRUE,0,0,0
"51","780",TRUE,0,0,0
"52","780",TRUE,0,0,0.001
"53","780",TRUE,0,0,0
"70","780",TRUE,0,0,0.001
"80","780",TRUE,0,0,0
"90","780",TRUE,0,0,0
"91","780",TRUE,0,0,0.001
"92","780",TRUE,0,0,0.001
"93","780",TRUE,0,0,0
"94","780",TRUE,0,0,0
"95","780",TRUE,0,0,0
"100","780",TRUE,0,0,0
"101","780",TRUE,0,0,0
"115","780",TRUE,0,0,0
"130","780",TRUE,0,0,0.001
"135","780",TRUE,0,0,0.001
"140","780",TRUE,0,0,0.026
"145","780",TRUE,0,0,0
"150","780",TRUE,0,0,0
"155","780",TRUE,0,0,0.001
"160","780",TRUE,0,0,0.001
"165","780",TRUE,0,0,0
"200","780",TRUE,0,0,0.002
"205","780",TRUE,0,0,0
"210","780",TRUE,0,0,0
"211","780",TRUE,0,0,0
"212","780",TRUE,0,0,0
"220","780",TRUE,0,0,0.014
"225","780",TRUE,0,0,0
"230","780",TRUE,0,0,0.004
"235","780",TRUE,0,0,0
"255","780",TRUE,0,0,0.001
"260","780",FALSE,NA,NA,0
"290","780",TRUE,0,0,0.009
"305","780",TRUE,0,0,0.001
"310","780",TRUE,0,0,0.002
"316","780",TRUE,0,0,0.002
"317","780",TRUE,0,0,0.002
"325","780",TRUE,0,0,0.038
"338","780",TRUE,0,0,0
"339","780",TRUE,0,0,0
"343","780",TRUE,0,0,0
"344","780",TRUE,0,0,0
"345","780",TRUE,0,0,0
"346","780",TRUE,0,0,0
"349","780",TRUE,0,0,0
"350","780",TRUE,0,0,0
"352","780",TRUE,0,0,0
"355","780",TRUE,0,0,0.008
"359","780",TRUE,0,0,0
"360","780",TRUE,0,0,0.003
"365","780",TRUE,0,0,0.031
"366","780",TRUE,0,0,0
"367","780",TRUE,0,0,0
"368","780",TRUE,0,0,0
"369","780",TRUE,0,0,0.01
"370","780",TRUE,0,0,0
"371","780",TRUE,0,0,0.001
"372","780",TRUE,0,0,0
"373","780",TRUE,0,0,0.001
"375","780",TRUE,0,0,0
"380","780",TRUE,0,0,0
"385","780",TRUE,0,0,0
"390","780",TRUE,0,0,0
"395","780",TRUE,0,0,0
"402","780",TRUE,0,0,0.003
"404","780",TRUE,0,0,0
"411","780",TRUE,0,0,0
"420","780",TRUE,0,0,0
"432","780",TRUE,0,0,0.001
"433","780",TRUE,0,0,0
"434","780",TRUE,0,0,0
"435","780",TRUE,0,0,0
"436","780",TRUE,0,0,0
"437","780",TRUE,0,0,0.001
"438","780",TRUE,0,0,0
"439","780",TRUE,0,0,0
"450","780",TRUE,0,0,0.001
"451","780",TRUE,0,0,0
"452","780",TRUE,0,0,0
"461","780",TRUE,0,0,0
"471","780",TRUE,0,0,0
"475","780",TRUE,0,0,0.001
"481","780",TRUE,0,0,0
"482","780",TRUE,0,0,0.002
"483","780",TRUE,0,0,0
"484","780",TRUE,0,0,0.001
"490","780",TRUE,0,0,0
"500","780",TRUE,0,0,0.003
"501","780",TRUE,0,0,0.002
"510","780",TRUE,0,0,0.002
"516","780",TRUE,0,0,0
"517","780",TRUE,0,0,0.001
"522","780",TRUE,0,0,0
"530","780",TRUE,0,0,0.001
"540","780",TRUE,0,0,0
"541","780",TRUE,0,0,0
"551","780",TRUE,0,0,0
"552","780",TRUE,0,0,0
"553","780",TRUE,0,0,0
"560","780",TRUE,0,0,0.05
"565","780",TRUE,0,0,0.001
"570","780",TRUE,0,0,0
"571","780",TRUE,0,0,0
"572","780",TRUE,0,0,0
"580","780",TRUE,0,0,0.001
"590","780",TRUE,0,0,0.001
"600","780",TRUE,0,0,0
"615","780",TRUE,0,0,0
"616","780",TRUE,0,0,0
"625","780",TRUE,0,0,0.001
"630","780",TRUE,0,0,0
"640","780",TRUE,0,0,0.014
"645","780",TRUE,0,0,0.002
"651","780",TRUE,0,0,0.001
"652","780",TRUE,0,0,0
"660","780",TRUE,0,0,0
"663","780",TRUE,0,0,0.004
"666","780",TRUE,0,0,0
"670","780",TRUE,0,0,0
"679","780",TRUE,0,0,0.002
"690","780",TRUE,0,0,0.001
"692","780",TRUE,0,0,0.004
"694","780",TRUE,0,0,0
"696","780",TRUE,0,0,0
"698","780",TRUE,0,0,0.002
"701","780",TRUE,0,0,0
"702","780",TRUE,0,0,0
"703","780",TRUE,0,0,0.001
"704","780",TRUE,0,0,0
"705","780",TRUE,0,0,0.002
"710","780",TRUE,0,0,0.011
"712","780",TRUE,0,0,0
"713","780",TRUE,0,0,0.002
"732","780",TRUE,0,0,0.005
"740","780",TRUE,0,0,0.002
"750","780",TRUE,1,1,0.906
"760","780",TRUE,0,0,0.004
"770","780",TRUE,0,0,0.002
"771","780",TRUE,0,0,0.002
"775","780",TRUE,0,0,0.004
"2","781",TRUE,0,0,0.002
"20","781",TRUE,0,0,0.001
"31","781",TRUE,0,0,0
"41","781",TRUE,0,0,0
"42","781",TRUE,0,0,0
"51","781",TRUE,0,0,0
"52","781",TRUE,0,0,0
"53","781",TRUE,0,0,0
"70","781",TRUE,0,0,0.004
"80","781",TRUE,0,0,0
"90","781",TRUE,0,0,0
"91","781",TRUE,0,0,0
"92","781",TRUE,0,0,0
"93","781",TRUE,0,0,0
"94","781",TRUE,0,0,0
"95","781",TRUE,0,0,0
"100","781",TRUE,0,0,0.002
"101","781",TRUE,0,0,0
"115","781",TRUE,0,0,0
"130","781",TRUE,0,0,0.001
"135","781",TRUE,0,0,0.001
"140","781",TRUE,0,0,0.003
"145","781",TRUE,0,0,0
"150","781",TRUE,0,0,0
"155","781",TRUE,0,0,0
"160","781",TRUE,0,0,0
"165","781",TRUE,0,0,0
"200","781",TRUE,0,0,0.003
"205","781",TRUE,0,0,0
"210","781",TRUE,0,0,0
"211","781",TRUE,0,0,0.001
"212","781",TRUE,0,0,0
"220","781",TRUE,0,0,0.001
"225","781",TRUE,0,0,0
"230","781",TRUE,0,0,0.001
"235","781",TRUE,0,0,0
"255","781",TRUE,0,0,0.003
"260","781",FALSE,NA,NA,0
"290","781",TRUE,0,0,0.002
"305","781",TRUE,0,0,0
"310","781",TRUE,0,0,0.001
"316","781",TRUE,0,0,0.001
"317","781",TRUE,0,0,0.002
"325","781",TRUE,0,0,0.01
"338","781",TRUE,0,0,0
"339","781",TRUE,0,0,0
"343","781",TRUE,0,0,0
"344","781",TRUE,0,0,0
"345","781",TRUE,0,0,0
"346","781",TRUE,0,0,0.001
"349","781",TRUE,0,0,0
"350","781",TRUE,0,0,0
"352","781",TRUE,0,0,0
"355","781",TRUE,0,0,0
"359","781",TRUE,0,0,0
"360","781",TRUE,0,0,0
"365","781",TRUE,0,0,0.011
"366","781",TRUE,0,0,0
"367","781",TRUE,0,0,0.001
"368","781",TRUE,0,0,0
"369","781",TRUE,0,0,0.006
"370","781",TRUE,0,0,0
"371","781",TRUE,0,0,0
"372","781",TRUE,0,0,0
"373","781",TRUE,0,0,0
"375","781",TRUE,0,0,0.004
"380","781",TRUE,0,0,0.001
"385","781",TRUE,0,0,0
"390","781",TRUE,0,0,0.001
"395","781",TRUE,0,0,0
"402","781",TRUE,0,0,0
"404","781",TRUE,0,0,0
"411","781",TRUE,0,0,0
"420","781",TRUE,0,0,0
"432","781",TRUE,0,0,0
"433","781",TRUE,0,0,0
"434","781",TRUE,0,0,0
"435","781",TRUE,0,0,0
"436","781",TRUE,0,0,0
"437","781",TRUE,0,0,0
"438","781",TRUE,0,0,0
"439","781",TRUE,0,0,0
"450","781",TRUE,0,0,0
"451","781",TRUE,0,0,0
"452","781",TRUE,0,0,0
"461","781",TRUE,0,0,0
"471","781",TRUE,0,0,0.001
"475","781",TRUE,0,0,0.001
"481","781",TRUE,0,0,0
"482","781",TRUE,0,0,0
"483","781",TRUE,0,0,0
"484","781",TRUE,0,0,0
"490","781",TRUE,0,0,0.001
"500","781",TRUE,0,0,0
"501","781",TRUE,0,0,0
"510","781",TRUE,0,0,0
"516","781",TRUE,0,0,0
"517","781",TRUE,0,0,0
"522","781",TRUE,0,0,0
"530","781",TRUE,0,0,0
"540","781",TRUE,0,0,0
"541","781",TRUE,0,0,0
"551","781",TRUE,0,0,0.001
"552","781",TRUE,0,0,0
"553","781",TRUE,0,0,0
"560","781",TRUE,0,0,0.021
"565","781",TRUE,0,0,0
"570","781",TRUE,0,0,0
"571","781",TRUE,0,0,0
"572","781",TRUE,0,0,0
"580","781",TRUE,0,0,0.001
"590","781",TRUE,0,0,0
"600","781",TRUE,0,0,0
"615","781",TRUE,0,0,0
"616","781",TRUE,0,0,0.001
"625","781",TRUE,0,0,0
"630","781",TRUE,0,0,0
"640","781",TRUE,0,0,0.008
"645","781",TRUE,0,0,0.001
"651","781",TRUE,0,0,0
"652","781",TRUE,0,0,0
"660","781",TRUE,0,0,0
"663","781",TRUE,0,0,0
"666","781",TRUE,0,0,0.001
"670","781",TRUE,0,0,0
"679","781",TRUE,0,0,0.001
"690","781",TRUE,0,0,0.001
"692","781",TRUE,0,0,0
"694","781",TRUE,0,0,0
"696","781",TRUE,0,0,0
"698","781",TRUE,0,0,0.001
"701","781",TRUE,0,0,0
"702","781",TRUE,0,0,0
"703","781",TRUE,0,0,0
"704","781",TRUE,0,0,0
"705","781",TRUE,0,0,0
"710","781",TRUE,0,0,0.02
"712","781",TRUE,0,0,0.001
"713","781",TRUE,0,0,0.007
"732","781",TRUE,0,0,0.005
"740","781",TRUE,0,0,0.003
"750","781",TRUE,0,0,0.066
"760","781",TRUE,0,0,0
"770","781",TRUE,0,0,0.002
"771","781",TRUE,0,0,0.002
"775","781",TRUE,0,0,0
"780","781",TRUE,0,0,0.004
"2","790",TRUE,0,0,0.002
"20","790",TRUE,0,0,0
"31","790",TRUE,0,0,0
"41","790",TRUE,0,0,0
"42","790",TRUE,0,0,0
"51","790",TRUE,0,0,0
"52","790",TRUE,0,0,0
"53","790",TRUE,0,0,0
"70","790",TRUE,0,0,0.001
"80","790",TRUE,0,0,0
"90","790",TRUE,0,0,0
"91","790",TRUE,0,0,0
"92","790",TRUE,0,0,0
"93","790",TRUE,0,0,0
"94","790",TRUE,0,0,0
"95","790",TRUE,0,0,0
"100","790",TRUE,0,0,0
"101","790",TRUE,0,0,0
"115","790",TRUE,0,0,0
"130","790",TRUE,0,0,0.001
"135","790",TRUE,0,0,0
"140","790",TRUE,0,0,0.005
"145","790",TRUE,0,0,0
"150","790",TRUE,0,0,0
"155","790",TRUE,0,0,0
"160","790",TRUE,0,0,0
"165","790",TRUE,0,0,0
"200","790",TRUE,0,0,0.004
"205","790",TRUE,0,0,0
"210","790",TRUE,0,0,0.003
"211","790",TRUE,0,0,0.001
"212","790",TRUE,0,0,0
"220","790",TRUE,0,0,0.004
"225","790",TRUE,0,0,0.001
"230","790",TRUE,0,0,0.002
"235","790",TRUE,0,0,0
"255","790",TRUE,0,0,0.004
"260","790",FALSE,NA,NA,0
"290","790",TRUE,0,0,0.006
"305","790",TRUE,0,0,0.001
"310","790",TRUE,0,0,0
"316","790",TRUE,0,0,0
"317","790",TRUE,0,0,0.003
"325","790",TRUE,0,0,0.011
"338","790",TRUE,0,0,0.001
"339","790",TRUE,0,0,0
"343","790",TRUE,0,0,0
"344","790",TRUE,0,0,0
"345","790",TRUE,0,0,0
"346","790",TRUE,0,0,0
"349","790",TRUE,0,0,0
"350","790",TRUE,0,0,0.002
"352","790",TRUE,0,0,0.001
"355","790",TRUE,0,0,0.003
"359","790",TRUE,0,0,0
"360","790",TRUE,0,0,0.003
"365","790",TRUE,0,0,0.009
"366","790",TRUE,0,0,0
"367","790",TRUE,0,0,0
"368","790",TRUE,0,0,0
"369","790",TRUE,0,0,0.006
"370","790",TRUE,0,0,0
"371","790",TRUE,0,0,0
"372","790",TRUE,0,0,0
"373","790",TRUE,0,0,0
"375","790",TRUE,0,0,0
"380","790",TRUE,0,0,0.001
"385","790",TRUE,0,0,0.002
"390","790",TRUE,0,0,0.001
"395","790",TRUE,0,0,0
"402","790",TRUE,0,0,0
"404","790",TRUE,0,0,0
"411","790",TRUE,0,0,0.001
"420","790",TRUE,0,0,0
"432","790",TRUE,0,0,0
"433","790",TRUE,0,0,0
"434","790",TRUE,0,0,0
"435","790",TRUE,0,0,0
"436","790",TRUE,0,0,0
"437","790",TRUE,0,0,0
"438","790",TRUE,0,0,0
"439","790",TRUE,0,0,0
"450","790",TRUE,0,0,0.001
"451","790",TRUE,0,0,0
"452","790",TRUE,0,0,0
"461","790",TRUE,0,0,0
"471","790",TRUE,0,0,0
"475","790",TRUE,0,0,0
"481","790",TRUE,0,0,0.001
"482","790",TRUE,0,0,0
"483","790",TRUE,0,0,0
"484","790",TRUE,0,0,0
"490","790",TRUE,0,0,0
"500","790",TRUE,0,0,0
"501","790",TRUE,0,0,0.001
"510","790",TRUE,0,0,0.002
"516","790",TRUE,0,0,0
"517","790",TRUE,0,0,0
"522","790",TRUE,0,0,0
"530","790",TRUE,0,0,0.002
"540","790",TRUE,0,0,0
"541","790",TRUE,0,0,0
"551","790",TRUE,0,0,0
"552","790",TRUE,0,0,0
"553","790",TRUE,0,0,0
"560","790",TRUE,0,0,0.012
"565","790",TRUE,0,0,0
"570","790",TRUE,0,0,0
"571","790",TRUE,0,0,0
"572","790",TRUE,0,0,0
"580","790",TRUE,0,0,0
"590","790",TRUE,0,0,0
"600","790",TRUE,0,0,0.001
"615","790",TRUE,0,0,0.001
"616","790",TRUE,0,0,0
"625","790",TRUE,0,0,0
"630","790",TRUE,0,0,0.001
"640","790",TRUE,0,0,0.009
"645","790",TRUE,0,0,0.002
"651","790",TRUE,0,0,0
"652","790",TRUE,0,0,0.001
"660","790",TRUE,0,0,0
"663","790",TRUE,0,0,0.001
"666","790",TRUE,0,0,0
"670","790",TRUE,0,0,0
"679","790",TRUE,0,0,0
"690","790",TRUE,0,0,0
"692","790",TRUE,0,0,0
"694","790",TRUE,0,0,0
"696","790",TRUE,0,0,0
"698","790",TRUE,0,0,0
"701","790",TRUE,0,0,0
"702","790",TRUE,0,0,0
"703","790",TRUE,0,0,0
"704","790",TRUE,0,0,0
"705","790",TRUE,0,0,0
"710","790",TRUE,0,0,0.026
"712","790",TRUE,0,0,0
"713","790",TRUE,0,0,0.002
"732","790",TRUE,0,0,0.007
"740","790",TRUE,0,0,0.002
"750","790",TRUE,0,0,0.194
"760","790",TRUE,0,0,0.001
"770","790",TRUE,0,0,0.003
"771","790",TRUE,0,0,0.008
"775","790",TRUE,0,0,0
"780","790",TRUE,0,0,0.001
"781","790",TRUE,0,0,0
"2","800",TRUE,0,0,0.009
"20","800",TRUE,0,0,0
"31","800",TRUE,0,0,0
"41","800",TRUE,0,0,0
"42","800",TRUE,0,0,0
"51","800",TRUE,0,0,0
"52","800",TRUE,0,0,0
"53","800",TRUE,0,0,0
"70","800",TRUE,0,0,0.001
"80","800",TRUE,0,0,0
"90","800",TRUE,0,0,0
"91","800",TRUE,0,0,0
"92","800",TRUE,0,0,0
"93","800",TRUE,0,0,0
"94","800",TRUE,0,0,0
"95","800",TRUE,0,0,0
"100","800",TRUE,0,0,0
"101","800",TRUE,0,0,0
"115","800",TRUE,0,0,0
"130","800",TRUE,0,0,0
"135","800",TRUE,0,0,0
"140","800",TRUE,0,0,0
"145","800",TRUE,0,0,0
"150","800",TRUE,0,0,0
"155","800",TRUE,0,0,0
"160","800",TRUE,0,0,0.001
"165","800",TRUE,0,0,0
"200","800",TRUE,0,0,0
"205","800",TRUE,0,0,0
"210","800",TRUE,0,0,0
"211","800",TRUE,0,0,0.001
"212","800",TRUE,0,0,0.001
"220","800",TRUE,0,0,0.007
"225","800",TRUE,0,0,0.001
"230","800",TRUE,0,0,0
"235","800",TRUE,0,0,0
"255","800",TRUE,0,0,0.001
"260","800",FALSE,NA,NA,0
"290","800",TRUE,0,0,0.001
"305","800",TRUE,0,0,0
"310","800",TRUE,0,0,0
"316","800",TRUE,0,0,0.001
"317","800",TRUE,0,0,0
"325","800",TRUE,0,0,0.018
"338","800",TRUE,0,0,0
"339","800",TRUE,0,0,0
"343","800",TRUE,0,0,0
"344","800",TRUE,0,0,0
"345","800",TRUE,0,0,0
"346","800",TRUE,0,0,0
"349","800",TRUE,0,0,0
"350","800",TRUE,0,0,0.001
"352","800",TRUE,0,0,0
"355","800",TRUE,0,0,0
"359","800",TRUE,0,0,0
"360","800",TRUE,0,0,0
"365","800",TRUE,0,0,0.009
"366","800",TRUE,0,0,0
"367","800",TRUE,0,0,0
"368","800",TRUE,0,0,0
"369","800",TRUE,0,0,0
"370","800",TRUE,0,0,0
"371","800",TRUE,0,0,0
"372","800",TRUE,0,0,0
"373","800",TRUE,0,0,0
"375","800",TRUE,0,0,0
"380","800",TRUE,0,0,0
"385","800",TRUE,0,0,0
"390","800",TRUE,0,0,0
"395","800",TRUE,0,0,0
"402","800",TRUE,0,0,0
"404","800",TRUE,0,0,0
"411","800",TRUE,0,0,0
"420","800",TRUE,0,0,0
"432","800",TRUE,0,0,0
"433","800",TRUE,0,0,0
"434","800",TRUE,0,0,0
"435","800",TRUE,0,0,0
"436","800",TRUE,0,0,0.001
"437","800",TRUE,0,0,0
"438","800",TRUE,0,0,0.001
"439","800",TRUE,0,0,0
"450","800",TRUE,0,0,0
"451","800",TRUE,0,0,0.001
"452","800",TRUE,0,0,0
"461","800",TRUE,0,0,0
"471","800",TRUE,0,0,0
"475","800",TRUE,0,0,0
"481","800",TRUE,0,0,0
"482","800",TRUE,0,0,0
"483","800",TRUE,0,0,0
"484","800",TRUE,0,0,0.001
"490","800",TRUE,0,0,0
"500","800",TRUE,0,0,0
"501","800",TRUE,0,0,0.001
"510","800",TRUE,0,0,0
"516","800",TRUE,0,0,0.001
"517","800",TRUE,0,0,0
"522","800",TRUE,0,0,0
"530","800",TRUE,0,0,0.001
"540","800",TRUE,0,0,0
"541","800",TRUE,0,0,0
"551","800",TRUE,0,0,0
"552","800",TRUE,0,0,0
"553","800",TRUE,0,0,0.001
"560","800",TRUE,0,0,0.003
"565","800",TRUE,0,0,0
"570","800",TRUE,0,0,0
"571","800",TRUE,0,0,0
"572","800",TRUE,0,0,0
"580","800",TRUE,0,0,0
"590","800",TRUE,0,0,0
"600","800",TRUE,0,0,0.001
"615","800",TRUE,0,0,0
"616","800",TRUE,0,0,0.001
"625","800",TRUE,0,0,0
"630","800",TRUE,0,0,0
"640","800",TRUE,0,0,0.008
"645","800",TRUE,0,0,0.001
"651","800",TRUE,0,0,0
"652","800",TRUE,0,0,0
"660","800",TRUE,0,0,0
"663","800",TRUE,0,0,0
"666","800",TRUE,0,0,0
"670","800",TRUE,0,0,0.001
"679","800",TRUE,0,0,0
"690","800",TRUE,0,0,0
"692","800",TRUE,0,0,0
"694","800",TRUE,0,0,0
"696","800",TRUE,0,0,0
"698","800",TRUE,0,0,0
"701","800",TRUE,0,0,0
"702","800",TRUE,0,0,0
"703","800",TRUE,0,0,0
"704","800",TRUE,0,0,0
"705","800",TRUE,0,0,0
"710","800",TRUE,0,0,0.006
"712","800",TRUE,0,0,0
"713","800",TRUE,0,0,0.003
"732","800",TRUE,0,0,0.048
"740","800",TRUE,0,0,0.004
"750","800",TRUE,0,0,0.236
"760","800",TRUE,0,0,0.001
"770","800",TRUE,0,0,0.003
"771","800",TRUE,0,0,0.001
"775","800",TRUE,0,0,0.007
"780","800",TRUE,0,0,0.002
"781","800",TRUE,0,0,0
"790","800",TRUE,0,0,0
"2","811",TRUE,0,0,0.008
"20","811",TRUE,0,0,0
"31","811",TRUE,0,0,0
"41","811",TRUE,0,0,0.001
"42","811",TRUE,0,0,0
"51","811",TRUE,0,0,0
"52","811",TRUE,0,0,0
"53","811",TRUE,0,0,0
"70","811",TRUE,0,0,0.002
"80","811",TRUE,0,0,0
"90","811",TRUE,0,0,0.001
"91","811",TRUE,0,0,0
"92","811",TRUE,0,0,0
"93","811",TRUE,0,0,0
"94","811",TRUE,0,0,0
"95","811",TRUE,0,0,0
"100","811",TRUE,0,0,0
"101","811",TRUE,0,0,0
"115","811",TRUE,0,0,0
"130","811",TRUE,0,0,0
"135","811",TRUE,0,0,0
"140","811",TRUE,0,0,0.002
"145","811",TRUE,0,0,0
"150","811",TRUE,0,0,0
"155","811",TRUE,0,0,0
"160","811",TRUE,0,0,0
"165","811",TRUE,0,0,0
"200","811",TRUE,0,0,0.002
"205","811",TRUE,0,0,0
"210","811",TRUE,0,0,0
"211","811",TRUE,0,0,0
"212","811",TRUE,0,0,0
"220","811",TRUE,0,0,0.006
"225","811",TRUE,0,0,0.001
"230","811",TRUE,0,0,0.002
"235","811",TRUE,0,0,0
"255","811",TRUE,0,0,0.005
"260","811",FALSE,NA,NA,0
"290","811",TRUE,0,0,0.002
"305","811",TRUE,0,0,0
"310","811",TRUE,0,0,0
"316","811",TRUE,0,0,0.001
"317","811",TRUE,0,0,0.001
"325","811",TRUE,0,0,0.006
"338","811",TRUE,0,0,0
"339","811",TRUE,0,0,0
"343","811",TRUE,0,0,0
"344","811",TRUE,0,0,0
"345","811",TRUE,0,0,0
"346","811",TRUE,0,0,0
"349","811",TRUE,0,0,0
"350","811",TRUE,0,0,0.001
"352","811",TRUE,0,0,0
"355","811",TRUE,0,0,0
"359","811",TRUE,0,0,0
"360","811",TRUE,0,0,0.001
"365","811",TRUE,0,0,0.013
"366","811",TRUE,0,0,0
"367","811",TRUE,0,0,0
"368","811",TRUE,0,0,0
"369","811",TRUE,0,0,0.004
"370","811",TRUE,0,0,0
"371","811",TRUE,0,0,0
"372","811",TRUE,0,0,0
"373","811",TRUE,0,0,0
"375","811",TRUE,0,0,0
"380","811",TRUE,0,0,0
"385","811",TRUE,0,0,0
"390","811",TRUE,0,0,0
"395","811",TRUE,0,0,0
"402","811",TRUE,0,0,0
"404","811",TRUE,0,0,0
"411","811",TRUE,0,0,0
"420","811",TRUE,0,0,0
"432","811",TRUE,0,0,0
"433","811",TRUE,0,0,0
"434","811",TRUE,0,0,0
"435","811",TRUE,0,0,0
"436","811",TRUE,0,0,0
"437","811",TRUE,0,0,0
"438","811",TRUE,0,0,0
"439","811",TRUE,0,0,0
"450","811",TRUE,0,0,0
"451","811",TRUE,0,0,0
"452","811",TRUE,0,0,0
"461","811",TRUE,0,0,0
"471","811",TRUE,0,0,0
"475","811",TRUE,0,0,0
"481","811",TRUE,0,0,0
"482","811",TRUE,0,0,0
"483","811",TRUE,0,0,0
"484","811",TRUE,0,0,0
"490","811",TRUE,0,0,0.001
"500","811",TRUE,0,0,0
"501","811",TRUE,0,0,0.001
"510","811",TRUE,0,0,0
"516","811",TRUE,0,0,0
"517","811",TRUE,0,0,0
"522","811",TRUE,0,0,0
"530","811",TRUE,0,0,0
"540","811",TRUE,0,0,0
"541","811",TRUE,0,0,0
"551","811",TRUE,0,0,0
"552","811",TRUE,0,0,0
"553","811",TRUE,0,0,0
"560","811",TRUE,0,0,0.005
"565","811",TRUE,0,0,0
"570","811",TRUE,0,0,0
"571","811",TRUE,0,0,0
"572","811",TRUE,0,0,0
"580","811",TRUE,0,0,0
"590","811",TRUE,0,0,0
"600","811",TRUE,0,0,0
"615","811",TRUE,0,0,0
"616","811",TRUE,0,0,0
"625","811",TRUE,0,0,0
"630","811",TRUE,0,0,0
"640","811",TRUE,0,0,0.007
"645","811",TRUE,0,0,0
"651","811",TRUE,0,0,0.001
"652","811",TRUE,0,0,0
"660","811",TRUE,0,0,0
"663","811",TRUE,0,0,0
"666","811",TRUE,0,0,0
"670","811",TRUE,0,0,0
"679","811",TRUE,0,0,0
"690","811",TRUE,0,0,0.001
"692","811",TRUE,0,0,0
"694","811",TRUE,0,0,0
"696","811",TRUE,0,0,0
"698","811",TRUE,0,0,0
"701","811",TRUE,0,0,0
"702","811",TRUE,0,0,0
"703","811",TRUE,0,0,0
"704","811",TRUE,0,0,0
"705","811",TRUE,0,0,0.001
"710","811",TRUE,0,0,0.04
"712","811",TRUE,0,0,0
"713","811",TRUE,0,0,0.003
"732","811",TRUE,0,0,0.013
"740","811",TRUE,0,0,0.014
"750","811",TRUE,0,1,0.127
"760","811",TRUE,0,0,0.001
"770","811",TRUE,0,0,0.002
"771","811",TRUE,0,0,0.006
"775","811",TRUE,0,0,0.006
"780","811",TRUE,0,0,0.003
"781","811",TRUE,0,0,0.001
"790","811",TRUE,0,0,0.001
"800","811",TRUE,0,0,0.009
"2","812",TRUE,0,0,0.005
"20","812",TRUE,0,0,0.001
"31","812",TRUE,0,0,0
"41","812",TRUE,0,0,0.001
"42","812",TRUE,0,0,0
"51","812",TRUE,0,0,0
"52","812",TRUE,0,0,0
"53","812",TRUE,0,0,0
"70","812",TRUE,0,0,0
"80","812",TRUE,0,0,0
"90","812",TRUE,0,0,0
"91","812",TRUE,0,0,0
"92","812",TRUE,0,0,0
"93","812",TRUE,0,0,0
"94","812",TRUE,0,0,0
"95","812",TRUE,0,0,0
"100","812",TRUE,0,0,0
"101","812",TRUE,0,0,0
"115","812",TRUE,0,0,0
"130","812",TRUE,0,0,0
"135","812",TRUE,0,0,0.001
"140","812",TRUE,0,0,0.001
"145","812",TRUE,0,0,0
"150","812",TRUE,0,0,0
"155","812",TRUE,0,0,0.001
"160","812",TRUE,0,0,0.001
"165","812",TRUE,0,0,0
"200","812",TRUE,0,0,0
"205","812",TRUE,0,0,0
"210","812",TRUE,0,0,0.001
"211","812",TRUE,0,0,0
"212","812",TRUE,0,0,0
"220","812",TRUE,0,0,0.004
"225","812",TRUE,0,0,0
"230","812",TRUE,0,0,0.002
"235","812",TRUE,0,0,0
"255","812",TRUE,0,0,0.003
"260","812",FALSE,NA,NA,0
"290","812",TRUE,0,0,0
"305","812",TRUE,0,0,0
"310","812",TRUE,0,0,0.001
"316","812",TRUE,0,0,0
"317","812",TRUE,0,0,0.001
"325","812",TRUE,0,0,0.012
"338","812",TRUE,0,0,0
"339","812",TRUE,0,0,0
"343","812",TRUE,0,0,0
"344","812",TRUE,0,0,0
"345","812",TRUE,0,0,0
"346","812",TRUE,0,0,0.001
"349","812",TRUE,0,0,0
"350","812",TRUE,0,0,0.001
"352","812",TRUE,0,0,0
"355","812",TRUE,0,0,0
"359","812",TRUE,0,0,0
"360","812",TRUE,0,0,0.001
"365","812",TRUE,0,0,0.008
"366","812",TRUE,0,0,0
"367","812",TRUE,0,0,0
"368","812",TRUE,0,0,0
"369","812",TRUE,0,0,0.003
"370","812",TRUE,0,0,0
"371","812",TRUE,0,0,0
"372","812",TRUE,0,0,0
"373","812",TRUE,0,0,0
"375","812",TRUE,0,0,0
"380","812",TRUE,0,0,0
"385","812",TRUE,0,0,0
"390","812",TRUE,0,0,0
"395","812",TRUE,0,0,0
"402","812",TRUE,0,0,0.002
"404","812",TRUE,0,0,0
"411","812",TRUE,0,0,0
"420","812",TRUE,0,0,0
"432","812",TRUE,0,0,0
"433","812",TRUE,0,0,0
"434","812",TRUE,0,0,0
"435","812",TRUE,0,0,0
"436","812",TRUE,0,0,0
"437","812",TRUE,0,0,0
"438","812",TRUE,0,0,0
"439","812",TRUE,0,0,0
"450","812",TRUE,0,0,0.001
"451","812",TRUE,0,0,0
"452","812",TRUE,0,0,0
"461","812",TRUE,0,0,0
"471","812",TRUE,0,0,0
"475","812",TRUE,0,0,0
"481","812",TRUE,0,0,0
"482","812",TRUE,0,0,0
"483","812",TRUE,0,0,0
"484","812",TRUE,0,0,0
"490","812",TRUE,0,0,0
"500","812",TRUE,0,0,0
"501","812",TRUE,0,0,0.001
"510","812",TRUE,0,0,0
"516","812",TRUE,0,0,0
"517","812",TRUE,0,0,0
"522","812",TRUE,0,0,0
"530","812",TRUE,0,0,0.001
"540","812",TRUE,0,0,0
"541","812",TRUE,0,0,0
"551","812",TRUE,0,0,0
"552","812",TRUE,0,0,0
"553","812",TRUE,0,0,0.001
"560","812",TRUE,0,0,0.006
"565","812",TRUE,0,0,0
"570","812",TRUE,0,0,0
"571","812",TRUE,0,0,0.001
"572","812",TRUE,0,0,0
"580","812",TRUE,0,0,0
"590","812",TRUE,0,0,0
"600","812",TRUE,0,0,0
"615","812",TRUE,0,0,0
"616","812",TRUE,0,0,0
"625","812",TRUE,0,0,0
"630","812",TRUE,0,0,0
"640","812",TRUE,0,0,0.007
"645","812",TRUE,0,0,0
"651","812",TRUE,0,0,0
"652","812",TRUE,0,0,0
"660","812",TRUE,0,0,0
"663","812",TRUE,0,0,0
"666","812",TRUE,0,0,0
"670","812",TRUE,0,0,0
"679","812",TRUE,0,0,0.001
"690","812",TRUE,0,0,0
"692","812",TRUE,0,0,0
"694","812",TRUE,0,0,0
"696","812",TRUE,0,0,0
"698","812",TRUE,0,0,0
"701","812",TRUE,0,0,0
"702","812",TRUE,0,0,0
"703","812",TRUE,0,0,0
"704","812",TRUE,0,0,0.001
"705","812",TRUE,0,0,0
"710","812",TRUE,0,0,0.04
"712","812",TRUE,0,0,0
"713","812",TRUE,0,0,0.006
"732","812",TRUE,0,0,0.019
"740","812",TRUE,0,0,0.012
"750","812",TRUE,0,0,0.122
"760","812",TRUE,0,0,0
"770","812",TRUE,0,0,0.005
"771","812",TRUE,0,0,0.007
"775","812",TRUE,0,0,0.004
"780","812",TRUE,0,0,0
"781","812",TRUE,0,0,0
"790","812",TRUE,0,0,0
"800","812",TRUE,0,0,0.004
"811","812",TRUE,0,0,0
"2","816",TRUE,0,0,0
"20","816",TRUE,0,0,0
"31","816",TRUE,0,0,0.001
"41","816",TRUE,0,0,0
"42","816",TRUE,0,0,0
"51","816",TRUE,0,0,0
"52","816",TRUE,0,0,0
"53","816",TRUE,0,0,0
"70","816",TRUE,0,0,0
"80","816",TRUE,0,0,0
"90","816",TRUE,0,0,0
"91","816",TRUE,0,0,0
"92","816",TRUE,0,0,0
"93","816",TRUE,0,0,0
"94","816",TRUE,0,0,0
"95","816",TRUE,0,0,0
"100","816",TRUE,0,0,0
"101","816",TRUE,0,0,0.001
"115","816",TRUE,0,0,0
"130","816",TRUE,0,0,0
"135","816",TRUE,0,0,0
"140","816",TRUE,0,0,0
"145","816",TRUE,0,0,0
"150","816",TRUE,0,0,0
"155","816",TRUE,0,0,0
"160","816",TRUE,0,0,0.002
"165","816",TRUE,0,0,0
"200","816",TRUE,0,0,0
"205","816",TRUE,0,0,0
"210","816",TRUE,0,0,0
"211","816",TRUE,1,1,0.901
"212","816",TRUE,0,0,0
"220","816",TRUE,0,0,0.006
"225","816",TRUE,0,0,0.001
"230","816",TRUE,0,0,0.012
"235","816",TRUE,0,0,0
"255","816",TRUE,0,0,0.003
"260","816",FALSE,NA,NA,0
"290","816",TRUE,0,0,0.002
"305","816",TRUE,0,0,0
"310","816",TRUE,0,0,0
"316","816",TRUE,0,0,0.002
"317","816",TRUE,0,0,0.001
"325","816",TRUE,1,1,0.995
"338","816",TRUE,0,0,0
"339","816",TRUE,0,0,0.003
"343","816",TRUE,0,0,0
"344","816",TRUE,0,0,0
"345","816",TRUE,0,0,0.001
"346","816",TRUE,0,0,0
"349","816",TRUE,0,0,0.001
"350","816",TRUE,0,0,0
"352","816",TRUE,0,0,0
"355","816",TRUE,1,1,0.966
"359","816",TRUE,0,0,0
"360","816",TRUE,0,0,0
"365","816",TRUE,0,0,0.02
"366","816",TRUE,0,0,0.003
"367","816",TRUE,0,0,0
"368","816",TRUE,0,0,0
"369","816",TRUE,0,0,0.021
"370","816",TRUE,0,0,0.001
"371","816",TRUE,0,0,0
"372","816",TRUE,0,0,0
"373","816",TRUE,0,0,0
"375","816",TRUE,0,0,0
"380","816",TRUE,0,0,0
"385","816",TRUE,0,0,0
"390","816",TRUE,0,0,0
"395","816",TRUE,0,0,0
"402","816",TRUE,0,0,0
"404","816",TRUE,0,0,0
"411","816",TRUE,0,0,0
"420","816",TRUE,0,0,0
"432","816",TRUE,0,0,0.001
"433","816",TRUE,0,0,0
"434","816",TRUE,0,0,0
"435","816",TRUE,0,0,0.001
"436","816",TRUE,0,0,0
"437","816",TRUE,0,0,0
"438","816",TRUE,0,0,0
"439","816",TRUE,0,0,0
"450","816",TRUE,0,0,0
"451","816",TRUE,0,0,0
"452","816",TRUE,0,0,0
"461","816",TRUE,0,0,0
"471","816",TRUE,0,0,0
"475","816",TRUE,0,0,0.002
"481","816",TRUE,0,0,0.001
"482","816",TRUE,0,0,0
"483","816",TRUE,0,0,0
"484","816",TRUE,0,0,0.001
"490","816",TRUE,0,0,0.001
"500","816",TRUE,0,0,0
"501","816",TRUE,0,0,0
"510","816",TRUE,0,0,0.001
"516","816",TRUE,0,0,0.001
"517","816",TRUE,0,0,0
"522","816",TRUE,0,0,0.002
"530","816",TRUE,0,0,0.001
"540","816",TRUE,0,0,0
"541","816",TRUE,0,0,0.001
"551","816",TRUE,0,0,0.001
"552","816",TRUE,0,0,0
"553","816",TRUE,0,0,0
"560","816",TRUE,1,1,0.999
"565","816",TRUE,0,0,0.001
"570","816",TRUE,0,0,0.001
"571","816",TRUE,0,0,0
"572","816",TRUE,0,0,0
"580","816",TRUE,0,0,0
"590","816",TRUE,0,0,0.001
"600","816",TRUE,0,0,0
"615","816",TRUE,0,0,0.001
"616","816",TRUE,0,0,0
"625","816",TRUE,0,0,0.003
"630","816",TRUE,0,0,0
"640","816",TRUE,0,0,0.013
"645","816",TRUE,0,0,0.001
"651","816",TRUE,0,0,0
"652","816",TRUE,0,0,0
"660","816",TRUE,0,0,0
"663","816",TRUE,0,0,0.002
"666","816",TRUE,0,0,0.001
"670","816",TRUE,0,0,0.006
"679","816",TRUE,0,0,0
"690","816",TRUE,0,0,0.003
"692","816",TRUE,0,0,0
"694","816",TRUE,0,0,0.001
"696","816",TRUE,0,0,0.002
"698","816",TRUE,0,0,0
"701","816",TRUE,0,0,0
"702","816",TRUE,0,0,0
"703","816",TRUE,0,0,0
"704","816",TRUE,0,0,0
"705","816",TRUE,0,0,0
"710","816",TRUE,0,0,0.003
"712","816",TRUE,0,0,0.002
"713","816",TRUE,0,0,0.002
"732","816",TRUE,0,0,0.012
"740","816",TRUE,0,0,0
"750","816",TRUE,0,0,0.258
"760","816",TRUE,0,0,0.001
"770","816",TRUE,0,0,0.001
"771","816",TRUE,0,0,0.001
"775","816",TRUE,0,0,0.004
"780","816",TRUE,0,0,0.002
"781","816",TRUE,0,0,0.003
"790","816",TRUE,0,0,0
"800","816",TRUE,0,0,0.002
"811","816",TRUE,0,0,0.008
"812","816",TRUE,0,0,0.013
"2","820",TRUE,0,0,0.001
"20","820",TRUE,0,0,0
"31","820",TRUE,0,0,0
"41","820",TRUE,0,0,0
"42","820",TRUE,0,0,0
"51","820",TRUE,0,0,0
"52","820",TRUE,0,0,0
"53","820",TRUE,0,0,0
"70","820",TRUE,0,0,0
"80","820",TRUE,0,0,0.001
"90","820",TRUE,0,0,0.002
"91","820",TRUE,0,0,0.001
"92","820",TRUE,0,0,0
"93","820",TRUE,0,0,0
"94","820",TRUE,0,0,0.001
"95","820",TRUE,0,0,0
"100","820",TRUE,0,0,0
"101","820",TRUE,0,0,0
"115","820",TRUE,0,0,0
"130","820",TRUE,0,0,0
"135","820",TRUE,0,0,0
"140","820",TRUE,0,0,0.002
"145","820",TRUE,0,0,0
"150","820",TRUE,0,0,0
"155","820",TRUE,1,1,0.937
"160","820",TRUE,0,0,0.002
"165","820",TRUE,0,0,0
"200","820",TRUE,0,0,0
"205","820",TRUE,0,0,0
"210","820",TRUE,0,0,0
"211","820",TRUE,0,0,0
"212","820",TRUE,0,0,0
"220","820",TRUE,0,0,0.009
"225","820",TRUE,0,0,0
"230","820",TRUE,0,0,0.005
"235","820",TRUE,0,0,0
"255","820",TRUE,0,0,0
"260","820",FALSE,NA,NA,0
"290","820",TRUE,0,0,0.001
"305","820",TRUE,0,0,0
"310","820",TRUE,0,0,0
"316","820",TRUE,0,0,0.001
"317","820",TRUE,0,0,0.002
"325","820",TRUE,1,1,1
"338","820",TRUE,0,0,0
"339","820",TRUE,0,0,0
"343","820",TRUE,0,0,0.001
"344","820",TRUE,0,0,0
"345","820",TRUE,0,0,0
"346","820",TRUE,0,0,0
"349","820",TRUE,0,0,0
"350","820",TRUE,0,0,0
"352","820",TRUE,0,0,0
"355","820",TRUE,0,0,0
"359","820",TRUE,0,0,0
"360","820",TRUE,0,0,0
"365","820",TRUE,0,0,0.008
"366","820",TRUE,0,0,0
"367","820",TRUE,0,0,0.001
"368","820",TRUE,0,0,0.001
"369","820",TRUE,0,1,0.003
"370","820",TRUE,0,0,0
"371","820",TRUE,0,0,0
"372","820",TRUE,0,0,0
"373","820",TRUE,0,0,0
"375","820",TRUE,0,0,0.001
"380","820",TRUE,1,1,0.996
"385","820",TRUE,0,0,0
"390","820",TRUE,0,0,0
"395","820",TRUE,0,0,0
"402","820",TRUE,0,0,0
"404","820",TRUE,0,0,0
"411","820",TRUE,0,0,0
"420","820",TRUE,0,0,0.001
"432","820",TRUE,0,0,0
"433","820",TRUE,0,0,0
"434","820",TRUE,0,0,0
"435","820",TRUE,0,0,0.002
"436","820",TRUE,0,0,0
"437","820",TRUE,0,0,0
"438","820",TRUE,0,0,0
"439","820",TRUE,0,0,0
"450","820",TRUE,0,0,0.001
"451","820",TRUE,0,0,0.001
"452","820",TRUE,0,0,0
"461","820",TRUE,0,0,0.001
"471","820",TRUE,0,0,0
"475","820",TRUE,0,0,0.001
"481","820",TRUE,0,0,0.001
"482","820",TRUE,0,0,0.001
"483","820",TRUE,0,0,0
"484","820",TRUE,0,0,0
"490","820",TRUE,0,0,0.002
"500","820",TRUE,0,0,0
"501","820",TRUE,0,0,0.001
"510","820",TRUE,0,0,0
"516","820",TRUE,0,0,0
"517","820",TRUE,0,0,0.001
"522","820",TRUE,0,0,0
"530","820",TRUE,0,0,0.001
"540","820",TRUE,0,0,0.001
"541","820",TRUE,0,0,0.001
"551","820",TRUE,0,0,0.001
"552","820",TRUE,0,0,0
"553","820",TRUE,0,0,0
"560","820",TRUE,1,1,0.999
"565","820",TRUE,0,0,0.001
"570","820",TRUE,0,0,0
"571","820",TRUE,0,0,0
"572","820",TRUE,0,0,0
"580","820",TRUE,0,0,0
"590","820",TRUE,0,0,0.001
"600","820",TRUE,0,0,0.001
"615","820",TRUE,0,0,0.002
"616","820",TRUE,0,0,0
"625","820",TRUE,1,1,0.4
"630","820",TRUE,0,0,0
"640","820",TRUE,0,0,0.001
"645","820",TRUE,0,0,0
"651","820",TRUE,0,0,0
"652","820",TRUE,0,0,0
"660","820",TRUE,0,0,0
"663","820",TRUE,0,0,0.003
"666","820",TRUE,0,0,0
"670","820",TRUE,0,0,0.004
"679","820",TRUE,0,0,0
"690","820",TRUE,0,0,0.001
"692","820",TRUE,0,0,0
"694","820",TRUE,0,0,0
"696","820",TRUE,0,0,0
"698","820",TRUE,0,0,0
"701","820",TRUE,0,0,0
"702","820",TRUE,0,0,0
"703","820",TRUE,0,0,0
"704","820",TRUE,0,0,0.002
"705","820",TRUE,0,0,0
"710","820",TRUE,1,1,0.938
"712","820",TRUE,0,0,0
"713","820",TRUE,0,0,0.001
"732","820",TRUE,0,0,0.018
"740","820",TRUE,0,0,0.001
"750","820",TRUE,0,0,0.174
"760","820",TRUE,0,0,0
"770","820",TRUE,0,0,0.002
"771","820",TRUE,0,0,0.003
"775","820",TRUE,0,0,0.003
"780","820",TRUE,0,0,0.002
"781","820",TRUE,0,0,0.001
"790","820",TRUE,0,0,0
"800","820",TRUE,0,0,0.007
"811","820",TRUE,0,0,0.006
"812","820",TRUE,0,0,0.005
"816","820",TRUE,0,0,0.011
"2","830",TRUE,1,1,0.929
"20","830",TRUE,0,0,0
"31","830",TRUE,0,0,0
"41","830",TRUE,0,0,0
"42","830",TRUE,0,0,0
"51","830",TRUE,0,0,0
"52","830",TRUE,0,0,0
"53","830",TRUE,0,0,0
"70","830",TRUE,0,0,0
"80","830",TRUE,0,0,0
"90","830",TRUE,0,0,0
"91","830",TRUE,0,0,0
"92","830",TRUE,0,0,0
"93","830",TRUE,0,0,0
"94","830",TRUE,0,0,0
"95","830",TRUE,0,0,0
"100","830",TRUE,0,0,0
"101","830",TRUE,0,0,0
"115","830",TRUE,0,0,0
"130","830",TRUE,0,0,0
"135","830",TRUE,0,0,0
"140","830",TRUE,0,0,0.035
"145","830",TRUE,0,0,0
"150","830",TRUE,0,0,0
"155","830",TRUE,0,0,0
"160","830",TRUE,0,0,0
"165","830",TRUE,0,0,0
"200","830",TRUE,0,0,0.006
"205","830",TRUE,0,0,0
"210","830",TRUE,0,0,0
"211","830",TRUE,0,0,0
"212","830",TRUE,0,0,0
"220","830",TRUE,0,0,0.028
"225","830",TRUE,0,0,0.003
"230","830",TRUE,0,0,0.01
"235","830",TRUE,0,0,0
"255","830",TRUE,0,0,0.001
"260","830",FALSE,NA,NA,0
"290","830",TRUE,0,0,0.005
"305","830",TRUE,0,0,0
"310","830",TRUE,0,0,0.002
"316","830",TRUE,0,0,0
"317","830",TRUE,0,0,0
"325","830",TRUE,0,0,0.013
"338","830",TRUE,0,0,0
"339","830",TRUE,0,0,0
"343","830",TRUE,0,0,0
"344","830",TRUE,0,0,0
"345","830",TRUE,0,0,0.001
"346","830",TRUE,0,0,0
"349","830",TRUE,0,0,0
"350","830",TRUE,0,0,0
"352","830",TRUE,0,0,0
"355","830",TRUE,0,0,0.001
"359","830",TRUE,0,0,0
"360","830",TRUE,0,0,0
"365","830",TRUE,0,0,0.044
"366","830",TRUE,0,0,0
"367","830",TRUE,0,0,0
"368","830",TRUE,0,0,0.001
"369","830",TRUE,0,0,0.01
"370","830",TRUE,0,0,0
"371","830",TRUE,0,0,0
"372","830",TRUE,0,0,0
"373","830",TRUE,0,0,0
"375","830",TRUE,0,0,0.002
"380","830",TRUE,0,0,0.002
"385","830",TRUE,0,0,0.001
"390","830",TRUE,0,0,0
"395","830",TRUE,0,0,0
"402","830",TRUE,0,0,0
"404","830",TRUE,0,0,0
"411","830",TRUE,0,0,0
"420","830",TRUE,0,0,0
"432","830",TRUE,0,0,0
"433","830",TRUE,0,0,0
"434","830",TRUE,0,0,0
"435","830",TRUE,0,0,0
"436","830",TRUE,0,0,0
"437","830",TRUE,0,0,0.001
"438","830",TRUE,0,0,0
"439","830",TRUE,0,0,0
"450","830",TRUE,0,0,0
"451","830",TRUE,0,0,0
"452","830",TRUE,0,0,0
"461","830",TRUE,0,0,0
"471","830",TRUE,0,0,0
"475","830",TRUE,0,0,0.001
"481","830",TRUE,0,0,0
"482","830",TRUE,0,0,0
"483","830",TRUE,0,0,0.001
"484","830",TRUE,0,0,0
"490","830",TRUE,0,0,0
"500","830",TRUE,0,0,0
"501","830",TRUE,0,0,0
"510","830",TRUE,0,0,0
"516","830",TRUE,0,0,0
"517","830",TRUE,0,0,0
"522","830",TRUE,0,0,0
"530","830",TRUE,0,0,0
"540","830",TRUE,0,0,0
"541","830",TRUE,0,0,0
"551","830",TRUE,0,0,0.001
"552","830",TRUE,0,0,0
"553","830",TRUE,0,0,0
"560","830",TRUE,0,0,0.011
"565","830",TRUE,0,0,0
"570","830",TRUE,0,0,0
"571","830",TRUE,0,0,0
"572","830",TRUE,0,0,0
"580","830",TRUE,0,0,0
"590","830",TRUE,0,0,0
"600","830",TRUE,0,0,0
"615","830",TRUE,0,0,0
"616","830",TRUE,0,0,0
"625","830",TRUE,0,0,0
"630","830",TRUE,0,0,0
"640","830",TRUE,0,0,0.02
"645","830",TRUE,0,0,0
"651","830",TRUE,0,0,0
"652","830",TRUE,0,0,0
"660","830",TRUE,0,0,0
"663","830",TRUE,0,0,0.001
"666","830",TRUE,0,0,0.001
"670","830",TRUE,0,0,0
"679","830",TRUE,0,0,0
"690","830",TRUE,0,0,0
"692","830",TRUE,0,0,0
"694","830",TRUE,0,0,0
"696","830",TRUE,0,0,0
"698","830",TRUE,0,0,0.001
"701","830",TRUE,0,0,0
"702","830",TRUE,0,0,0
"703","830",TRUE,0,0,0
"704","830",TRUE,0,0,0.001
"705","830",TRUE,0,0,0.003
"710","830",TRUE,0,0,0.005
"712","830",TRUE,0,0,0
"713","830",TRUE,0,0,0
"732","830",TRUE,0,0,0.07
"740","830",TRUE,0,0,0.002
"750","830",TRUE,1,1,0.995
"760","830",TRUE,0,0,0
"770","830",TRUE,0,0,0.002
"771","830",TRUE,0,0,0.002
"775","830",TRUE,0,0,0.001
"780","830",TRUE,0,0,0.007
"781","830",TRUE,0,0,0.001
"790","830",TRUE,0,0,0
"800","830",TRUE,0,0,0.003
"811","830",TRUE,0,0,0.002
"812","830",TRUE,0,0,0
"816","830",TRUE,0,0,0.002
"820","830",TRUE,0,0,0.004
"2","835",TRUE,0,0,0
"20","835",TRUE,0,0,0.001
"31","835",TRUE,0,0,0
"41","835",TRUE,0,0,0
"42","835",TRUE,0,0,0
"51","835",TRUE,0,0,0
"52","835",TRUE,0,0,0
"53","835",TRUE,0,0,0
"70","835",TRUE,0,0,0.001
"80","835",TRUE,0,0,0
"90","835",TRUE,0,0,0
"91","835",TRUE,0,0,0
"92","835",TRUE,0,0,0
"93","835",TRUE,0,0,0
"94","835",TRUE,0,0,0
"95","835",TRUE,0,0,0
"100","835",TRUE,0,0,0
"101","835",TRUE,0,0,0
"115","835",TRUE,0,0,0
"130","835",TRUE,0,0,0
"135","835",TRUE,0,0,0
"140","835",TRUE,0,0,0.004
"145","835",TRUE,0,0,0.001
"150","835",TRUE,0,0,0
"155","835",TRUE,0,0,0
"160","835",TRUE,0,0,0
"165","835",TRUE,0,0,0
"200","835",TRUE,0,0,0.001
"205","835",TRUE,0,0,0
"210","835",TRUE,0,0,0
"211","835",TRUE,0,0,0
"212","835",TRUE,0,0,0
"220","835",TRUE,0,0,0.013
"225","835",TRUE,0,0,0
"230","835",TRUE,0,0,0
"235","835",TRUE,0,0,0
"255","835",TRUE,0,0,0.001
"260","835",FALSE,NA,NA,0
"290","835",TRUE,0,0,0
"305","835",TRUE,0,0,0
"310","835",TRUE,0,0,0
"316","835",TRUE,0,0,0.005
"317","835",TRUE,0,0,0.001
"325","835",TRUE,0,0,0.031
"338","835",TRUE,0,0,0
"339","835",TRUE,0,0,0
"343","835",TRUE,0,0,0
"344","835",TRUE,0,0,0
"345","835",TRUE,0,0,0
"346","835",TRUE,0,0,0
"349","835",TRUE,0,0,0
"350","835",TRUE,0,0,0
"352","835",TRUE,0,0,0
"355","835",TRUE,0,0,0
"359","835",TRUE,0,0,0
"360","835",TRUE,0,0,0
"365","835",TRUE,0,0,0.031
"366","835",TRUE,0,0,0
"367","835",TRUE,0,0,0.001
"368","835",TRUE,0,0,0
"369","835",TRUE,0,0,0.01
"370","835",TRUE,0,0,0
"371","835",TRUE,0,0,0
"372","835",TRUE,0,0,0
"373","835",TRUE,0,0,0.001
"375","835",TRUE,0,0,0
"380","835",TRUE,0,0,0
"385","835",TRUE,0,0,0
"390","835",TRUE,0,0,0
"395","835",TRUE,0,0,0
"402","835",TRUE,0,0,0
"404","835",TRUE,0,0,0
"411","835",TRUE,0,0,0
"420","835",TRUE,0,0,0
"432","835",TRUE,0,0,0
"433","835",TRUE,0,0,0.001
"434","835",TRUE,0,0,0
"435","835",TRUE,0,0,0
"436","835",TRUE,0,0,0
"437","835",TRUE,0,0,0
"438","835",TRUE,0,0,0
"439","835",TRUE,0,0,0
"450","835",TRUE,0,0,0
"451","835",TRUE,0,0,0
"452","835",TRUE,0,0,0
"461","835",TRUE,0,0,0
"471","835",TRUE,0,0,0
"475","835",TRUE,0,0,0
"481","835",TRUE,0,0,0
"482","835",TRUE,0,0,0
"483","835",TRUE,0,0,0
"484","835",TRUE,0,0,0
"490","835",TRUE,0,0,0
"500","835",TRUE,0,0,0
"501","835",TRUE,0,0,0
"510","835",TRUE,0,0,0
"516","835",TRUE,0,0,0
"517","835",TRUE,0,0,0
"522","835",TRUE,0,0,0
"530","835",TRUE,0,0,0
"540","835",TRUE,0,0,0
"541","835",TRUE,0,0,0
"551","835",TRUE,0,0,0
"552","835",TRUE,0,0,0
"553","835",TRUE,0,0,0
"560","835",TRUE,0,0,0.008
"565","835",TRUE,0,0,0
"570","835",TRUE,0,0,0
"571","835",TRUE,0,0,0
"572","835",TRUE,0,0,0
"580","835",TRUE,0,0,0
"590","835",TRUE,0,0,0
"600","835",TRUE,0,0,0
"615","835",TRUE,0,0,0
"616","835",TRUE,0,0,0
"625","835",TRUE,0,0,0
"630","835",TRUE,0,0,0
"640","835",TRUE,0,0,0.002
"645","835",TRUE,0,0,0
"651","835",TRUE,0,0,0
"652","835",TRUE,0,0,0
"660","835",TRUE,0,0,0
"663","835",TRUE,0,0,0
"666","835",TRUE,0,0,0
"670","835",TRUE,0,0,0
"679","835",TRUE,0,0,0
"690","835",TRUE,0,0,0
"692","835",TRUE,0,0,0
"694","835",TRUE,0,0,0
"696","835",TRUE,0,0,0
"698","835",TRUE,0,0,0
"701","835",TRUE,0,0,0
"702","835",TRUE,0,0,0
"703","835",TRUE,0,0,0
"704","835",TRUE,0,0,0
"705","835",TRUE,0,0,0
"710","835",TRUE,0,0,0.005
"712","835",TRUE,0,0,0.001
"713","835",TRUE,0,0,0.001
"732","835",TRUE,0,0,0.038
"740","835",TRUE,0,0,0.002
"750","835",TRUE,0,0,0.347
"760","835",TRUE,0,0,0
"770","835",TRUE,0,0,0.001
"771","835",TRUE,0,0,0
"775","835",TRUE,0,0,0
"780","835",TRUE,0,0,0
"781","835",TRUE,0,0,0
"790","835",TRUE,0,0,0
"800","835",TRUE,0,0,0.005
"811","835",TRUE,0,0,0
"812","835",TRUE,0,0,0.001
"816","835",TRUE,0,0,0
"820","835",TRUE,0,0,0.002
"830","835",TRUE,0,0,0.004
"2","840",TRUE,0,0,0.029
"20","840",TRUE,0,0,0.001
"31","840",TRUE,0,0,0.001
"41","840",TRUE,0,0,0.001
"42","840",TRUE,0,0,0
"51","840",TRUE,0,0,0
"52","840",TRUE,0,0,0.001
"53","840",TRUE,0,0,0
"70","840",TRUE,0,0,0
"80","840",TRUE,0,0,0.001
"90","840",TRUE,0,0,0
"91","840",TRUE,0,0,0.001
"92","840",TRUE,0,0,0
"93","840",TRUE,0,0,0
"94","840",TRUE,0,0,0.001
"95","840",TRUE,0,0,0
"100","840",TRUE,0,0,0.001
"101","840",TRUE,0,0,0
"115","840",TRUE,0,0,0.002
"130","840",TRUE,0,0,0.004
"135","840",TRUE,0,0,0.003
"140","840",TRUE,0,0,0.002
"145","840",TRUE,0,0,0.001
"150","840",TRUE,0,0,0.001
"155","840",TRUE,0,0,0.001
"160","840",TRUE,0,0,0.001
"165","840",TRUE,0,0,0
"200","840",TRUE,0,0,0.001
"205","840",TRUE,0,0,0
"210","840",TRUE,0,0,0.001
"211","840",TRUE,0,0,0
"212","840",TRUE,0,0,0
"220","840",TRUE,0,0,0.042
"225","840",TRUE,0,0,0.001
"230","840",TRUE,0,0,0.013
"235","840",TRUE,0,0,0
"255","840",TRUE,0,0,0.008
"260","840",FALSE,NA,NA,0
"290","840",TRUE,0,0,0.007
"305","840",TRUE,0,0,0
"310","840",TRUE,0,0,0
"316","840",TRUE,1,1,0.996
"317","840",TRUE,0,0,0.002
"325","840",TRUE,1,1,1
"338","840",TRUE,0,0,0
"339","840",TRUE,0,0,0.001
"343","840",TRUE,0,0,0.001
"344","840",TRUE,0,0,0.001
"345","840",TRUE,0,0,0
"346","840",TRUE,0,0,0
"349","840",TRUE,0,0,0.001
"350","840",TRUE,0,0,0
"352","840",TRUE,0,0,0
"355","840",TRUE,0,0,0.002
"359","840",TRUE,0,0,0
"360","840",TRUE,0,0,0
"365","840",TRUE,0,0,0.07
"366","840",TRUE,0,0,0.001
"367","840",TRUE,0,0,0
"368","840",TRUE,0,0,0
"369","840",TRUE,0,0,0.04
"370","840",TRUE,0,0,0.001
"371","840",TRUE,0,0,0
"372","840",TRUE,0,0,0.001
"373","840",TRUE,0,0,0
"375","840",TRUE,0,0,0.002
"380","840",TRUE,0,0,0.004
"385","840",TRUE,0,0,0
"390","840",TRUE,0,0,0
"395","840",TRUE,0,0,0.002
"402","840",TRUE,0,0,0.002
"404","840",TRUE,0,0,0
"411","840",TRUE,0,0,0.002
"420","840",TRUE,0,0,0.001
"432","840",TRUE,0,0,0
"433","840",TRUE,0,0,0
"434","840",TRUE,0,0,0.002
"435","840",TRUE,0,0,0.004
"436","840",TRUE,0,0,0.001
"437","840",TRUE,0,0,0.002
"438","840",TRUE,0,0,0.002
"439","840",TRUE,0,0,0.004
"450","840",TRUE,0,0,0
"451","840",TRUE,0,0,0.001
"452","840",TRUE,0,0,0.003
"461","840",TRUE,0,0,0
"471","840",TRUE,0,0,0
"475","840",TRUE,0,0,0
"481","840",TRUE,0,0,0.001
"482","840",TRUE,0,0,0
"483","840",TRUE,0,0,0.002
"484","840",TRUE,0,0,0
"490","840",TRUE,0,0,0.003
"500","840",TRUE,0,0,0
"501","840",TRUE,0,0,0.002
"510","840",TRUE,0,0,0
"516","840",TRUE,0,0,0
"517","840",TRUE,0,0,0
"522","840",TRUE,0,0,0.003
"530","840",TRUE,0,0,0.002
"540","840",TRUE,0,0,0.001
"541","840",TRUE,0,0,0
"551","840",TRUE,0,0,0.001
"552","840",TRUE,0,0,0.001
"553","840",TRUE,0,0,0.001
"560","840",TRUE,0,0,0.046
"565","840",TRUE,0,0,0.003
"570","840",TRUE,0,0,0.001
"571","840",TRUE,0,0,0
"572","840",TRUE,0,0,0.003
"580","840",TRUE,0,0,0.001
"590","840",TRUE,0,0,0.003
"600","840",TRUE,0,0,0.001
"615","840",TRUE,0,0,0.002
"616","840",TRUE,0,0,0.001
"625","840",TRUE,0,0,0.002
"630","840",TRUE,0,0,0
"640","840",TRUE,0,0,0.086
"645","840",TRUE,0,0,0.003
"651","840",TRUE,0,0,0
"652","840",TRUE,0,0,0
"660","840",TRUE,0,0,0.003
"663","840",TRUE,0,0,0.001
"666","840",TRUE,0,0,0
"670","840",TRUE,0,0,0.001
"679","840",TRUE,0,0,0.002
"690","840",TRUE,0,0,0
"692","840",TRUE,0,0,0.002
"694","840",TRUE,0,0,0
"696","840",TRUE,0,0,0.005
"698","840",TRUE,0,0,0.005
"701","840",TRUE,0,0,0
"702","840",TRUE,0,0,0
"703","840",TRUE,0,0,0.001
"704","840",TRUE,0,0,0.002
"705","840",TRUE,0,0,0.005
"710","840",TRUE,0,0,0.029
"712","840",TRUE,0,0,0.002
"713","840",TRUE,0,0,0.013
"732","840",TRUE,1,1,1
"740","840",TRUE,0,0,0.013
"750","840",TRUE,1,1,1
"760","840",TRUE,0,0,0.006
"770","840",TRUE,0,0,0.003
"771","840",TRUE,0,0,0.014
"775","840",TRUE,0,0,0.012
"780","840",TRUE,0,0,0.015
"781","840",TRUE,0,0,0.002
"790","840",TRUE,0,0,0.003
"800","840",TRUE,1,1,0.878
"811","840",TRUE,0,0,0.018
"812","840",TRUE,0,0,0.015
"816","840",TRUE,0,0,0.018
"820","840",TRUE,1,1,0.989
"830","840",TRUE,0,0,0.041
"835","840",TRUE,1,1,0.891
"2","850",TRUE,0,0,0.005
"20","850",TRUE,0,0,0
"31","850",TRUE,0,0,0.002
"41","850",TRUE,0,0,0.001
"42","850",TRUE,0,0,0.002
"51","850",TRUE,0,0,0.003
"52","850",TRUE,0,0,0
"53","850",TRUE,0,0,0.001
"70","850",TRUE,0,0,0.001
"80","850",TRUE,0,0,0.003
"90","850",TRUE,0,0,0
"91","850",TRUE,0,0,0.001
"92","850",TRUE,0,0,0
"93","850",TRUE,0,0,0.001
"94","850",TRUE,0,0,0.002
"95","850",TRUE,0,0,0
"100","850",TRUE,0,0,0.008
"101","850",TRUE,0,0,0.002
"115","850",TRUE,0,0,0.001
"130","850",TRUE,0,0,0.004
"135","850",TRUE,0,0,0.005
"140","850",TRUE,0,0,0.008
"145","850",TRUE,0,0,0.002
"150","850",TRUE,0,0,0.002
"155","850",TRUE,0,0,0.004
"160","850",TRUE,0,0,0.015
"165","850",TRUE,0,0,0.001
"200","850",TRUE,0,0,0.008
"205","850",TRUE,0,0,0
"210","850",TRUE,0,0,0.001
"211","850",TRUE,0,0,0
"212","850",TRUE,0,0,0
"220","850",TRUE,1,0,0.999
"225","850",TRUE,0,0,0.004
"230","850",TRUE,0,0,0.009
"235","850",TRUE,0,0,0.007
"255","850",TRUE,0,0,0.007
"260","850",FALSE,NA,NA,0
"290","850",TRUE,0,0,0.022
"305","850",TRUE,0,0,0
"310","850",TRUE,0,0,0.005
"316","850",TRUE,1,1,0.994
"317","850",TRUE,0,0,0.004
"325","850",TRUE,1,1,0.999
"338","850",TRUE,0,0,0
"339","850",TRUE,0,0,0.007
"343","850",TRUE,0,0,0.001
"344","850",TRUE,0,0,0.004
"345","850",TRUE,0,0,0
"346","850",TRUE,0,0,0
"349","850",TRUE,0,0,0.006
"350","850",TRUE,0,0,0.005
"352","850",TRUE,0,0,0.002
"355","850",TRUE,0,0,0.011
"359","850",TRUE,0,0,0.002
"360","850",TRUE,0,0,0.007
"365","850",TRUE,1,1,1
"366","850",TRUE,0,0,0
"367","850",TRUE,0,0,0.002
"368","850",TRUE,0,0,0.006
"369","850",TRUE,1,1,1
"370","850",TRUE,0,0,0.005
"371","850",TRUE,0,0,0.001
"372","850",TRUE,0,0,0.001
"373","850",TRUE,0,0,0.001
"375","850",TRUE,0,0,0.003
"380","850",TRUE,0,0,0.003
"385","850",TRUE,0,0,0.001
"390","850",TRUE,0,0,0
"395","850",TRUE,0,0,0.002
"402","850",TRUE,0,0,0.001
"404","850",TRUE,0,0,0.004
"411","850",TRUE,0,0,0.001
"420","850",TRUE,0,0,0.008
"432","850",TRUE,0,0,0.001
"433","850",TRUE,0,0,0
"434","850",TRUE,0,0,0.003
"435","850",TRUE,0,0,0.001
"436","850",TRUE,0,0,0.004
"437","850",TRUE,0,0,0.001
"438","850",TRUE,0,0,0.002
"439","850",TRUE,0,0,0.004
"450","850",TRUE,0,0,0.006
"451","850",TRUE,0,0,0.003
"452","850",TRUE,0,0,0.001
"461","850",TRUE,0,0,0.001
"471","850",TRUE,0,0,0.001
"475","850",TRUE,0,0,0.002
"481","850",TRUE,0,0,0.001
"482","850",TRUE,0,0,0.003
"483","850",TRUE,0,0,0.002
"484","850",TRUE,0,0,0.001
"490","850",TRUE,0,0,0
"500","850",TRUE,0,0,0.001
"501","850",TRUE,0,0,0.004
"510","850",TRUE,0,0,0.003
"516","850",TRUE,0,0,0.002
"517","850",TRUE,0,0,0.003
"522","850",TRUE,0,0,0.008
"530","850",TRUE,0,0,0.003
"540","850",TRUE,0,0,0
"541","850",TRUE,0,0,0.001
"551","850",TRUE,0,0,0.004
"552","850",TRUE,0,0,0
"553","850",TRUE,0,0,0
"560","850",TRUE,0,0,0.078
"565","850",TRUE,0,0,0.003
"570","850",TRUE,0,0,0.001
"571","850",TRUE,0,0,0.001
"572","850",TRUE,0,0,0.002
"580","850",TRUE,0,0,0.008
"590","850",TRUE,0,0,0.003
"600","850",TRUE,0,0,0.003
"615","850",TRUE,0,0,0.008
"616","850",TRUE,0,0,0.001
"625","850",TRUE,0,0,0.001
"630","850",TRUE,0,0,0
"640","850",TRUE,0,0,0.06
"645","850",TRUE,0,0,0.004
"651","850",TRUE,0,0,0.004
"652","850",TRUE,0,0,0.001
"660","850",TRUE,0,0,0.005
"663","850",TRUE,0,0,0.009
"666","850",TRUE,0,0,0
"670","850",TRUE,0,0,0.008
"679","850",TRUE,0,0,0.008
"690","850",TRUE,0,0,0
"692","850",TRUE,0,0,0.007
"694","850",TRUE,0,0,0.004
"696","850",TRUE,0,0,0.008
"698","850",TRUE,0,0,0.009
"701","850",TRUE,0,0,0.01
"702","850",TRUE,0,0,0.003
"703","850",TRUE,0,0,0.004
"704","850",TRUE,0,0,0.014
"705","850",TRUE,0,0,0.008
"710","850",TRUE,0,1,0.008
"712","850",TRUE,0,0,0.01
"713","850",TRUE,0,0,0.014
"732","850",TRUE,0,0,0.124
"740","850",TRUE,0,0,0.012
"750","850",TRUE,1,1,1
"760","850",TRUE,0,0,0.011
"770","850",TRUE,0,0,0.016
"771","850",TRUE,0,0,0.016
"775","850",TRUE,0,0,0.033
"780","850",TRUE,0,0,0.05
"781","850",TRUE,0,0,0.006
"790","850",TRUE,0,0,0.008
"800","850",TRUE,0,0,0.056
"811","850",TRUE,0,0,0.031
"812","850",TRUE,0,0,0.029
"816","850",TRUE,0,0,0.038
"820","850",TRUE,0,0,0.082
"830","850",TRUE,0,1,0.154
"835","850",TRUE,1,1,0.897
"840","850",TRUE,1,1,1
"2","900",TRUE,0,0,0.098
"20","900",TRUE,0,0,0.002
"31","900",TRUE,0,0,0
"41","900",TRUE,0,0,0.001
"42","900",TRUE,0,0,0
"51","900",TRUE,0,0,0.001
"52","900",TRUE,0,0,0.001
"53","900",TRUE,0,0,0
"70","900",TRUE,0,0,0
"80","900",TRUE,0,0,0.001
"90","900",TRUE,0,0,0
"91","900",TRUE,0,0,0
"92","900",TRUE,0,0,0
"93","900",TRUE,0,0,0
"94","900",TRUE,0,0,0.001
"95","900",TRUE,0,0,0
"100","900",TRUE,0,0,0.003
"101","900",TRUE,0,0,0
"115","900",TRUE,0,0,0
"130","900",TRUE,0,0,0
"135","900",TRUE,0,0,0
"140","900",TRUE,0,0,0.002
"145","900",TRUE,0,0,0
"150","900",TRUE,0,0,0.001
"155","900",TRUE,0,0,0.001
"160","900",TRUE,0,0,0.001
"165","900",TRUE,0,0,0
"200","900",TRUE,0,0,0.006
"205","900",TRUE,0,0,0
"210","900",TRUE,0,0,0
"211","900",TRUE,0,0,0
"212","900",TRUE,0,0,0
"220","900",TRUE,1,1,1
"225","900",TRUE,0,0,0.001
"230","900",TRUE,0,0,0.005
"235","900",TRUE,0,0,0.002
"255","900",TRUE,0,0,0.007
"260","900",FALSE,NA,NA,0
"290","900",TRUE,0,0,0.013
"305","900",TRUE,0,0,0
"310","900",TRUE,0,0,0
"316","900",TRUE,0,0,0.016
"317","900",TRUE,0,0,0
"325","900",TRUE,0,0,0.028
"338","900",TRUE,0,0,0
"339","900",TRUE,0,0,0.001
"343","900",TRUE,0,0,0
"344","900",TRUE,0,0,0
"345","900",TRUE,0,0,0
"346","900",TRUE,0,0,0
"349","900",TRUE,0,0,0.002
"350","900",TRUE,0,0,0.001
"352","900",TRUE,0,0,0
"355","900",TRUE,0,0,0.002
"359","900",TRUE,0,0,0
"360","900",TRUE,0,0,0.003
"365","900",TRUE,0,0,0.024
"366","900",TRUE,0,0,0
"367","900",TRUE,0,0,0.001
"368","900",TRUE,0,0,0
"369","900",TRUE,0,0,0.042
"370","900",TRUE,0,0,0
"371","900",TRUE,0,0,0
"372","900",TRUE,0,0,0
"373","900",TRUE,0,0,0
"375","900",TRUE,0,0,0.001
"380","900",TRUE,1,1,0.924
"385","900",TRUE,0,0,0
"390","900",TRUE,0,0,0
"395","900",TRUE,0,0,0.002
"402","900",TRUE,0,0,0.001
"404","900",TRUE,0,0,0
"411","900",TRUE,0,0,0.001
"420","900",TRUE,0,0,0
"432","900",TRUE,0,0,0
"433","900",TRUE,0,0,0
"434","900",TRUE,0,0,0
"435","900",TRUE,0,0,0
"436","900",TRUE,0,0,0
"437","900",TRUE,0,0,0
"438","900",TRUE,0,0,0.001
"439","900",TRUE,0,0,0.002
"450","900",TRUE,0,0,0
"451","900",TRUE,0,0,0
"452","900",TRUE,0,0,0
"461","900",TRUE,0,0,0
"471","900",TRUE,0,0,0
"475","900",TRUE,0,0,0
"481","900",TRUE,0,0,0
"482","900",TRUE,0,0,0
"483","900",TRUE,0,0,0
"484","900",TRUE,0,0,0
"490","900",TRUE,0,0,0
"500","900",TRUE,0,0,0
"501","900",TRUE,0,0,0.001
"510","900",TRUE,0,0,0.001
"516","900",TRUE,0,0,0.001
"517","900",TRUE,0,0,0
"522","900",TRUE,0,0,0
"530","900",TRUE,0,0,0
"540","900",TRUE,0,0,0
"541","900",TRUE,0,0,0
"551","900",TRUE,0,0,0
"552","900",TRUE,0,0,0
"553","900",TRUE,0,0,0.001
"560","900",TRUE,0,0,0.011
"565","900",TRUE,0,0,0
"570","900",TRUE,0,0,0
"571","900",TRUE,0,0,0
"572","900",TRUE,0,0,0.001
"580","900",TRUE,0,0,0.001
"590","900",TRUE,0,0,0.001
"600","900",TRUE,0,0,0.001
"615","900",TRUE,0,0,0
"616","900",TRUE,0,0,0
"625","900",TRUE,0,0,0.001
"630","900",TRUE,0,0,0
"640","900",TRUE,1,1,0.988
"645","900",TRUE,0,0,0
"651","900",TRUE,0,0,0
"652","900",TRUE,0,0,0.001
"660","900",TRUE,0,0,0
"663","900",TRUE,0,0,0
"666","900",TRUE,0,0,0
"670","900",TRUE,0,0,0.001
"679","900",TRUE,0,0,0
"690","900",TRUE,0,0,0
"692","900",TRUE,0,0,0.001
"694","900",TRUE,0,0,0
"696","900",TRUE,0,1,0
"698","900",TRUE,0,0,0.001
"701","900",TRUE,0,0,0
"702","900",TRUE,0,0,0
"703","900",TRUE,0,0,0
"704","900",TRUE,0,0,0
"705","900",TRUE,0,0,0.001
"710","900",TRUE,0,0,0.001
"712","900",TRUE,0,0,0.001
"713","900",TRUE,0,0,0.002
"732","900",TRUE,0,0,0.045
"740","900",TRUE,0,0,0.01
"750","900",TRUE,0,0,0.12
"760","900",TRUE,0,0,0.002
"770","900",TRUE,0,0,0.004
"771","900",TRUE,0,0,0.001
"775","900",TRUE,0,0,0.001
"780","900",TRUE,0,0,0.001
"781","900",TRUE,0,0,0
"790","900",TRUE,0,0,0
"800","900",TRUE,0,0,0.003
"811","900",TRUE,0,0,0
"812","900",TRUE,0,0,0
"816","900",TRUE,0,0,0
"820","900",TRUE,0,0,0.004
"830","900",TRUE,0,0,0
"835","900",TRUE,0,0,0.01
"840","900",TRUE,1,1,0.977
"850","900",TRUE,1,1,0.992
"2","920",TRUE,0,0,0.011
"20","920",TRUE,0,0,0
"31","920",TRUE,0,0,0
"41","920",TRUE,0,0,0
"42","920",TRUE,0,0,0.001
"51","920",TRUE,0,0,0
"52","920",TRUE,0,0,0
"53","920",TRUE,0,0,0
"70","920",TRUE,0,0,0
"80","920",TRUE,0,0,0
"90","920",TRUE,0,0,0
"91","920",TRUE,0,0,0
"92","920",TRUE,0,0,0
"93","920",TRUE,0,0,0
"94","920",TRUE,0,0,0
"95","920",TRUE,0,0,0
"100","920",TRUE,0,0,0
"101","920",TRUE,0,0,0
"115","920",TRUE,0,0,0
"130","920",TRUE,0,0,0
"135","920",TRUE,0,0,0.001
"140","920",TRUE,0,0,0.004
"145","920",TRUE,0,0,0.001
"150","920",TRUE,0,0,0
"155","920",TRUE,0,0,0.001
"160","920",TRUE,0,0,0.003
"165","920",TRUE,0,0,0
"200","920",TRUE,0,0,0.007
"205","920",TRUE,0,0,0.001
"210","920",TRUE,0,0,0
"211","920",TRUE,0,0,0.002
"212","920",TRUE,0,0,0
"220","920",TRUE,0,0,0.011
"225","920",TRUE,0,0,0.001
"230","920",TRUE,0,0,0.003
"235","920",TRUE,0,0,0
"255","920",TRUE,0,0,0.006
"260","920",FALSE,NA,NA,0
"290","920",TRUE,0,0,0.005
"305","920",TRUE,0,0,0
"310","920",TRUE,0,0,0.001
"316","920",TRUE,0,0,0.002
"317","920",TRUE,0,0,0.001
"325","920",TRUE,0,0,0.007
"338","920",TRUE,0,0,0
"339","920",TRUE,0,0,0
"343","920",TRUE,0,0,0
"344","920",TRUE,0,0,0.002
"345","920",TRUE,0,0,0
"346","920",TRUE,0,0,0
"349","920",TRUE,0,0,0
"350","920",TRUE,0,0,0
"352","920",TRUE,0,0,0
"355","920",TRUE,0,0,0
"359","920",TRUE,0,0,0
"360","920",TRUE,0,0,0.001
"365","920",TRUE,0,0,0.003
"366","920",TRUE,0,0,0
"367","920",TRUE,0,0,0
"368","920",TRUE,0,0,0
"369","920",TRUE,0,0,0.013
"370","920",TRUE,0,0,0
"371","920",TRUE,0,0,0.002
"372","920",TRUE,0,0,0
"373","920",TRUE,0,0,0
"375","920",TRUE,0,0,0.001
"380","920",TRUE,0,0,0
"385","920",TRUE,0,0,0
"390","920",TRUE,0,0,0.001
"395","920",TRUE,0,0,0
"402","920",TRUE,0,0,0
"404","920",TRUE,0,0,0.001
"411","920",TRUE,0,0,0.001
"420","920",TRUE,0,0,0
"432","920",TRUE,0,0,0
"433","920",TRUE,0,0,0
"434","920",TRUE,0,0,0
"435","920",TRUE,0,0,0
"436","920",TRUE,0,0,0
"437","920",TRUE,0,0,0
"438","920",TRUE,0,0,0
"439","920",TRUE,0,0,0
"450","920",TRUE,0,0,0
"451","920",TRUE,0,0,0
"452","920",TRUE,0,0,0
"461","920",TRUE,0,0,0
"471","920",TRUE,0,0,0
"475","920",TRUE,0,0,0
"481","920",TRUE,0,0,0
"482","920",TRUE,0,0,0
"483","920",TRUE,0,0,0
"484","920",TRUE,0,0,0
"490","920",TRUE,0,0,0
"500","920",TRUE,0,0,0
"501","920",TRUE,0,0,0
"510","920",TRUE,0,0,0.001
"516","920",TRUE,0,0,0.001
"517","920",TRUE,0,0,0
"522","920",TRUE,0,0,0
"530","920",TRUE,0,0,0.001
"540","920",TRUE,0,0,0
"541","920",TRUE,0,0,0
"551","920",TRUE,0,0,0
"552","920",TRUE,0,0,0
"553","920",TRUE,0,0,0
"560","920",TRUE,0,0,0.004
"565","920",TRUE,0,0,0
"570","920",TRUE,0,0,0
"571","920",TRUE,0,0,0
"572","920",TRUE,0,0,0
"580","920",TRUE,0,0,0.001
"590","920",TRUE,0,0,0
"600","920",TRUE,0,0,0
"615","920",TRUE,0,0,0
"616","920",TRUE,0,0,0
"625","920",TRUE,0,0,0
"630","920",TRUE,0,0,0
"640","920",TRUE,0,0,0.011
"645","920",TRUE,0,0,0.001
"651","920",TRUE,0,0,0
"652","920",TRUE,0,0,0
"660","920",TRUE,0,0,0
"663","920",TRUE,0,0,0.001
"666","920",TRUE,0,0,0
"670","920",TRUE,0,0,0
"679","920",TRUE,0,0,0
"690","920",TRUE,0,0,0
"692","920",TRUE,0,0,0
"694","920",TRUE,0,0,0
"696","920",TRUE,0,0,0
"698","920",TRUE,0,0,0
"701","920",TRUE,0,0,0
"702","920",TRUE,0,0,0
"703","920",TRUE,0,0,0
"704","920",TRUE,0,0,0.001
"705","920",TRUE,0,0,0
"710","920",TRUE,0,0,0.006
"712","920",TRUE,0,0,0.001
"713","920",TRUE,0,0,0.004
"732","920",TRUE,0,0,0.02
"740","920",TRUE,0,0,0.025
"750","920",TRUE,0,0,0.043
"760","920",TRUE,0,0,0
"770","920",TRUE,0,0,0.001
"771","920",TRUE,0,0,0.001
"775","920",TRUE,0,0,0
"780","920",TRUE,0,0,0
"781","920",TRUE,0,0,0
"790","920",TRUE,0,0,0
"800","920",TRUE,0,0,0.001
"811","920",TRUE,0,0,0
"812","920",TRUE,0,0,0
"816","920",TRUE,0,0,0.001
"820","920",TRUE,0,0,0
"830","920",TRUE,0,0,0.001
"835","920",TRUE,0,0,0
"840","920",TRUE,0,0,0.005
"850","920",TRUE,0,0,0.005
"900","920",TRUE,0,0,0.023
"2","950",TRUE,0,0,0.006
"20","950",TRUE,0,0,0.001
"31","950",TRUE,0,0,0
"41","950",TRUE,0,0,0
"42","950",TRUE,0,0,0
"51","950",TRUE,0,0,0
"52","950",TRUE,0,0,0
"53","950",TRUE,0,0,0
"70","950",TRUE,0,0,0.004
"80","950",TRUE,0,0,0
"90","950",TRUE,0,0,0
"91","950",TRUE,0,0,0
"92","950",TRUE,0,0,0.001
"93","950",TRUE,0,0,0
"94","950",TRUE,0,0,0
"95","950",TRUE,0,0,0
"100","950",TRUE,0,0,0
"101","950",TRUE,0,0,0
"115","950",TRUE,0,0,0
"130","950",TRUE,0,0,0.001
"135","950",TRUE,0,0,0.001
"140","950",TRUE,0,0,0.01
"145","950",TRUE,0,0,0
"150","950",TRUE,0,0,0
"155","950",TRUE,0,0,0.001
"160","950",TRUE,0,0,0.001
"165","950",TRUE,0,0,0.001
"200","950",TRUE,0,0,0.002
"205","950",TRUE,0,0,0
"210","950",TRUE,0,0,0.001
"211","950",TRUE,0,0,0.001
"212","950",TRUE,0,0,0
"220","950",TRUE,0,0,0.003
"225","950",TRUE,0,0,0
"230","950",TRUE,0,0,0.003
"235","950",TRUE,0,0,0
"255","950",TRUE,0,0,0.008
"260","950",FALSE,NA,NA,0
"290","950",TRUE,0,0,0.005
"305","950",TRUE,0,0,0
"310","950",TRUE,0,0,0.001
"316","950",TRUE,0,0,0.001
"317","950",TRUE,0,0,0
"325","950",TRUE,0,0,0.008
"338","950",TRUE,0,0,0
"339","950",TRUE,0,0,0
"343","950",TRUE,0,0,0
"344","950",TRUE,0,0,0
"345","950",TRUE,0,0,0.002
"346","950",TRUE,0,0,0
"349","950",TRUE,0,0,0.001
"350","950",TRUE,0,0,0.002
"352","950",TRUE,0,0,0.001
"355","950",TRUE,0,0,0.001
"359","950",TRUE,0,0,0
"360","950",TRUE,0,0,0
"365","950",TRUE,0,0,0.008
"366","950",TRUE,0,0,0
"367","950",TRUE,0,0,0.001
"368","950",TRUE,0,0,0
"369","950",TRUE,0,0,0.006
"370","950",TRUE,0,0,0
"371","950",TRUE,0,0,0
"372","950",TRUE,0,0,0
"373","950",TRUE,0,0,0
"375","950",TRUE,0,0,0.001
"380","950",TRUE,0,0,0.001
"385","950",TRUE,0,0,0.001
"390","950",TRUE,0,0,0.001
"395","950",TRUE,0,0,0
"402","950",TRUE,0,0,0
"404","950",TRUE,0,0,0
"411","950",TRUE,0,0,0
"420","950",TRUE,0,0,0
"432","950",TRUE,0,0,0
"433","950",TRUE,0,0,0
"434","950",TRUE,0,0,0.001
"435","950",TRUE,0,0,0
"436","950",TRUE,0,0,0
"437","950",TRUE,0,0,0
"438","950",TRUE,0,0,0
"439","950",TRUE,0,0,0
"450","950",TRUE,0,0,0
"451","950",TRUE,0,0,0
"452","950",TRUE,0,0,0.001
"461","950",TRUE,0,0,0
"471","950",TRUE,0,0,0
"475","950",TRUE,0,0,0
"481","950",TRUE,0,0,0
"482","950",TRUE,0,0,0
"483","950",TRUE,0,0,0
"484","950",TRUE,0,0,0
"490","950",TRUE,0,0,0
"500","950",TRUE,0,0,0
"501","950",TRUE,0,0,0
"510","950",TRUE,0,0,0
"516","950",TRUE,0,0,0
"517","950",TRUE,0,0,0
"522","950",TRUE,0,0,0
"530","950",TRUE,0,0,0
"540","950",TRUE,0,0,0
"541","950",TRUE,0,0,0
"551","950",TRUE,0,0,0.001
"552","950",TRUE,0,0,0
"553","950",TRUE,0,0,0
"560","950",TRUE,0,0,0.009
"565","950",TRUE,0,0,0
"570","950",TRUE,0,0,0
"571","950",TRUE,0,0,0.001
"572","950",TRUE,0,0,0
"580","950",TRUE,0,0,0.001
"590","950",TRUE,0,0,0
"600","950",TRUE,0,0,0
"615","950",TRUE,0,0,0
"616","950",TRUE,0,0,0
"625","950",TRUE,0,0,0
"630","950",TRUE,0,0,0
"640","950",TRUE,0,0,0.008
"645","950",TRUE,0,0,0
"651","950",TRUE,0,0,0.001
"652","950",TRUE,0,0,0
"660","950",TRUE,0,0,0
"663","950",TRUE,0,0,0
"666","950",TRUE,0,0,0
"670","950",TRUE,0,0,0
"679","950",TRUE,0,0,0
"690","950",TRUE,0,0,0
"692","950",TRUE,0,0,0
"694","950",TRUE,0,0,0
"696","950",TRUE,0,0,0
"698","950",TRUE,0,0,0
"701","950",TRUE,0,0,0
"702","950",TRUE,0,0,0
"703","950",TRUE,0,0,0
"704","950",TRUE,0,0,0
"705","950",TRUE,0,0,0.001
"710","950",TRUE,0,0,0.016
"712","950",TRUE,0,0,0
"713","950",TRUE,0,0,0.001
"732","950",TRUE,0,0,0.01
"740","950",TRUE,0,0,0.009
"750","950",TRUE,0,0,0.028
"760","950",TRUE,0,0,0
"770","950",TRUE,0,0,0.002
"771","950",TRUE,0,0,0.002
"775","950",TRUE,0,0,0
"780","950",TRUE,0,0,0
"781","950",TRUE,0,0,0
"790","950",TRUE,0,0,0.001
"800","950",TRUE,0,0,0
"811","950",TRUE,0,0,0
"812","950",TRUE,0,0,0
"816","950",TRUE,0,0,0
"820","950",TRUE,0,0,0
"830","950",TRUE,0,0,0
"835","950",TRUE,0,0,0
"840","950",TRUE,0,0,0.002
"850","950",TRUE,0,0,0.004
"900","950",TRUE,0,0,0.003
"920","950",TRUE,0,0,0.002
