"name","effectName","functionName","shortName","interaction1","interaction2","type","basicRate","include","randomEffects","fix","test","timeDummy","initialValue","parm","functionType","period","rateType","untrimmedValue","effect1","effect2","effect3","interactionType","local","setting","netType","groupName","group","effectNumber",".spec_key",".spec_role"
"dv.net","constant dv.net rate (period 1)","Amount of network change in period 1","Rate","","","rate",TRUE,TRUE,FALSE,FALSE,FALSE,",",0.173704252168394,0,"rate","1",NA,0,0,0,0,"",FALSE,"","oneMode","Group1",1,1,"dv.net|rate|Rate|||0|1|1","original_control_or_spending"
"dv.net","constant dv.net rate (period 2)","Amount of network change in period 2","Rate","","","rate",TRUE,TRUE,FALSE,FALSE,FALSE,",",0.467340010185028,0,"rate","2",NA,0,0,0,0,"",FALSE,"","oneMode","Group1",1,2,"dv.net|rate|Rate|||0|1|2","original_control_or_spending"
"dv.net","constant dv.net rate (period 3)","Amount of network change in period 3","Rate","","","rate",TRUE,TRUE,FALSE,FALSE,FALSE,",",0.817685963909529,0,"rate","3",NA,0,0,0,0,"",FALSE,"","oneMode","Group1",1,3,"dv.net|rate|Rate|||0|1|3","original_control_or_spending"
"dv.net","constant dv.net rate (period 4)","Amount of network change in period 4","Rate","","","rate",TRUE,TRUE,FALSE,FALSE,FALSE,",",1.19221759295653,0,"rate","4",NA,0,0,0,0,"",FALSE,"","oneMode","Group1",1,4,"dv.net|rate|Rate|||0|1|4","original_control_or_spending"
"dv.net","constant dv.net rate (period 5)","Amount of network change in period 5","Rate","","","rate",TRUE,TRUE,FALSE,FALSE,FALSE,",",0.964405314047638,0,"rate","5",NA,0,0,0,0,"",FALSE,"","oneMode","Group1",1,5,"dv.net|rate|Rate|||0|1|5","original_control_or_spending"
"dv.net","constant dv.net rate (period 6)","Amount of network change in period 6","Rate","","","rate",TRUE,TRUE,FALSE,FALSE,FALSE,",",0.964405314047638,0,"rate","6",NA,0,0,0,0,"",FALSE,"","oneMode","Group1",1,6,"dv.net|rate|Rate|||0|1|6","original_control_or_spending"
"dv.net","constant dv.net rate (period 7)","Amount of network change in period 7","Rate","","","rate",TRUE,TRUE,FALSE,FALSE,FALSE,",",1.19221759295653,0,"rate","7",NA,0,0,0,0,"",FALSE,"","oneMode","Group1",1,7,"dv.net|rate|Rate|||0|1|7","original_control_or_spending"
"dv.net","constant dv.net rate (period 8)","Amount of network change in period 8","Rate","","","rate",TRUE,TRUE,FALSE,FALSE,FALSE,",",0.989717789481959,0,"rate","8",NA,0,0,0,0,"",FALSE,"","oneMode","Group1",1,8,"dv.net|rate|Rate|||0|1|8","original_control_or_spending"
"dv.net","constant dv.net rate (period 9)","Amount of network change in period 9","Rate","","","rate",TRUE,TRUE,FALSE,FALSE,FALSE,",",1.06565521578492,0,"rate","9",NA,0,0,0,0,"",FALSE,"","oneMode","Group1",1,9,"dv.net|rate|Rate|||0|1|9","original_control_or_spending"
"dv.net","constant dv.net rate (period 10)","Amount of network change in period 10","Rate","","","rate",TRUE,TRUE,FALSE,FALSE,FALSE,",",0.913780363178995,0,"rate","10",NA,0,0,0,0,"",FALSE,"","oneMode","Group1",1,10,"dv.net|rate|Rate|||0|1|10","original_control_or_spending"
"dv.net","constant dv.net rate (period 11)","Amount of network change in period 11","Rate","","","rate",TRUE,TRUE,FALSE,FALSE,FALSE,",",1.06565521578492,0,"rate","11",NA,0,0,0,0,"",FALSE,"","oneMode","Group1",1,11,"dv.net|rate|Rate|||0|1|11","original_control_or_spending"
"dv.net","constant dv.net rate (period 12)","Amount of network change in period 12","Rate","","","rate",TRUE,TRUE,FALSE,FALSE,FALSE,",",1.44534234729974,0,"rate","12",NA,0,0,0,0,"",FALSE,"","oneMode","Group1",1,12,"dv.net|rate|Rate|||0|1|12","original_control_or_spending"
"dv.net","constant dv.net rate (period 13)","Amount of network change in period 13","Rate","","","rate",TRUE,TRUE,FALSE,FALSE,FALSE,",",1.19221759295653,0,"rate","13",NA,0,0,0,0,"",FALSE,"","oneMode","Group1",1,13,"dv.net|rate|Rate|||0|1|13","original_control_or_spending"
"dv.net","constant dv.net rate (period 14)","Amount of network change in period 14","Rate","","","rate",TRUE,TRUE,FALSE,FALSE,FALSE,",",1.11628016665357,0,"rate","14",NA,0,0,0,0,"",FALSE,"","oneMode","Group1",1,14,"dv.net|rate|Rate|||0|1|14","original_control_or_spending"
"dv.net","constant dv.net rate (period 15)","Amount of network change in period 15","Rate","","","rate",TRUE,TRUE,FALSE,FALSE,FALSE,",",1.01503026491628,0,"rate","15",NA,0,0,0,0,"",FALSE,"","oneMode","Group1",1,15,"dv.net|rate|Rate|||0|1|15","original_control_or_spending"
"dv.net","constant dv.net rate (period 16)","Amount of network change in period 16","Rate","","","rate",TRUE,TRUE,FALSE,FALSE,FALSE,",",1.74909205251159,0,"rate","16",NA,0,0,0,0,"",FALSE,"","oneMode","Group1",1,16,"dv.net|rate|Rate|||0|1|16","original_control_or_spending"
"dv.net","constant dv.net rate (period 17)","Amount of network change in period 17","Rate","","","rate",TRUE,TRUE,FALSE,FALSE,FALSE,",",1.21753006839085,0,"rate","17",NA,0,0,0,0,"",FALSE,"","oneMode","Group1",1,17,"dv.net|rate|Rate|||0|1|17","original_control_or_spending"
"dv.net","constant dv.net rate (period 18)","Amount of network change in period 18","Rate","","","rate",TRUE,TRUE,FALSE,FALSE,FALSE,",",1.42002987186542,0,"rate","18",NA,0,0,0,0,"",FALSE,"","oneMode","Group1",1,18,"dv.net|rate|Rate|||0|1|18","original_control_or_spending"
"dv.net","degree effect on rate dv.net","Amount of change x outdegrees","outRate","","","rate",FALSE,FALSE,FALSE,FALSE,FALSE,",",0,0,"rate",NA,"structural",0,0,0,0,"",FALSE,"","oneMode","Group1",1,19,"dv.net|rate|outRate|||0|1|NA","unused_native_template"
"dv.net","effect 1/degree on rate dv.net","Amount of change x (1/outdegrees)","outRateInv","","","rate",FALSE,FALSE,FALSE,FALSE,FALSE,",",0,0,"rate",NA,"structural",0,0,0,0,"",FALSE,"","oneMode","Group1",1,20,"dv.net|rate|outRateInv|||0|1|NA","unused_native_template"
"dv.net","effect ln(degree+1) on rate dv.net","Amount of change x ln(outdegrees+1)","outRateLog","","","rate",FALSE,FALSE,FALSE,FALSE,FALSE,",",0,1,"rate",NA,"structural",0,0,0,0,"",FALSE,"","oneMode","Group1",1,21,"dv.net|rate|outRateLog|||1|1|NA","unused_native_template"
"dv.net","effect milex.beh on rate","effect milex.beh on rate","RateX","milex.beh","","rate",FALSE,FALSE,FALSE,FALSE,FALSE,",",0,0,"rate",NA,"covariate",0,0,0,0,"",FALSE,"","oneMode","Group1",1,22,"dv.net|rate|RateX|milex.beh||0|1|NA","unused_native_template"
"dv.net","effect beh.democracy_1 on rate","effect beh.democracy_1 on rate","RateX","beh.democracy_1","","rate",FALSE,FALSE,FALSE,FALSE,FALSE,",",0,0,"rate",NA,"covariate",0,0,0,0,"",FALSE,"","oneMode","Group1",1,23,"dv.net|rate|RateX|beh.democracy_1||0|1|NA","unused_native_template"
"dv.net","effect beh.GDPgrowth_1 on rate","effect beh.GDPgrowth_1 on rate","RateX","beh.GDPgrowth_1","","rate",FALSE,FALSE,FALSE,FALSE,FALSE,",",0,0,"rate",NA,"covariate",0,0,0,0,"",FALSE,"","oneMode","Group1",1,24,"dv.net|rate|RateX|beh.GDPgrowth_1||0|1|NA","unused_native_template"
"dv.net","effect beh.nato_1 on rate","effect beh.nato_1 on rate","RateX","beh.nato_1","","rate",FALSE,FALSE,FALSE,FALSE,FALSE,",",0,0,"rate",NA,"covariate",0,0,0,0,"",FALSE,"","oneMode","Group1",1,25,"dv.net|rate|RateX|beh.nato_1||0|1|NA","unused_native_template"
"dv.net","effect beh.allies_1 on rate","effect beh.allies_1 on rate","RateX","beh.allies_1","","rate",FALSE,FALSE,FALSE,FALSE,FALSE,",",0,0,"rate",NA,"covariate",0,0,0,0,"",FALSE,"","oneMode","Group1",1,26,"dv.net|rate|RateX|beh.allies_1||0|1|NA","unused_native_template"
"dv.net","effect beh.military_1 on rate","effect beh.military_1 on rate","RateX","beh.military_1","","rate",FALSE,FALSE,FALSE,FALSE,FALSE,",",0,0,"rate",NA,"covariate",0,0,0,0,"",FALSE,"","oneMode","Group1",1,27,"dv.net|rate|RateX|beh.military_1||0|1|NA","unused_native_template"
"dv.net","effect beh.lnmids_1 on rate","effect beh.lnmids_1 on rate","RateX","beh.lnmids_1","","rate",FALSE,FALSE,FALSE,FALSE,FALSE,",",0,0,"rate",NA,"covariate",0,0,0,0,"",FALSE,"","oneMode","Group1",1,28,"dv.net|rate|RateX|beh.lnmids_1||0|1|NA","unused_native_template"
"dv.net","effect beh.lncinc_1 on rate","effect beh.lncinc_1 on rate","RateX","beh.lncinc_1","","rate",FALSE,FALSE,FALSE,FALSE,FALSE,",",0,0,"rate",NA,"covariate",0,0,0,0,"",FALSE,"","oneMode","Group1",1,29,"dv.net|rate|RateX|beh.lncinc_1||0|1|NA","unused_native_template"
"dv.net","effect beh.milexSpLag_1 on rate","effect beh.milexSpLag_1 on rate","RateX","beh.milexSpLag_1","","rate",FALSE,FALSE,FALSE,FALSE,FALSE,",",0,0,"rate",NA,"covariate",0,0,0,0,"",FALSE,"","oneMode","Group1",1,30,"dv.net|rate|RateX|beh.milexSpLag_1||0|1|NA","unused_native_template"
"dv.net","degree (density)","Number of edges","density","","","eval",FALSE,TRUE,TRUE,FALSE,FALSE,",",-0.259757492927989,0,"objective",NA,NA,-0.259757492927989,0,0,0,"ego",FALSE,"","oneMode","Group1",1,31,"network|atom(density|0|)","original_control_or_spending"
"dv.net","degree (density)","Lost ties: Number of edges","density","","","endow",FALSE,FALSE,FALSE,FALSE,FALSE,",",0,0,"objective",NA,NA,0,0,0,0,"ego",FALSE,"","oneMode","Group1",1,32,"dv.net|endow|density|||0|1|NA","unused_native_template"
"dv.net","degree (density)","New ties: Number of edges","density","","","creation",FALSE,FALSE,FALSE,FALSE,FALSE,",",0,0,"objective",NA,NA,0,0,0,0,"ego",FALSE,"","oneMode","Group1",1,33,"dv.net|creation|density|||0|1|NA","unused_native_template"
"dv.net","transitive triads","Number of transitive triads","transTriads","","","eval",FALSE,FALSE,FALSE,FALSE,FALSE,",",0,0,"objective",NA,NA,0,0,0,0,"",FALSE,"","oneMode","Group1",1,34,"network|atom(transTriads|0|)","unused_native_template"
"dv.net","transitive triads","Lost ties: Number of transitive triads","transTriads","","","endow",FALSE,FALSE,FALSE,FALSE,FALSE,",",0,0,"objective",NA,NA,0,0,0,0,"",FALSE,"","oneMode","Group1",1,35,"dv.net|endow|transTriads|||0|1|NA","unused_native_template"
"dv.net","transitive triads","New ties: Number of transitive triads","transTriads","","","creation",FALSE,FALSE,FALSE,FALSE,FALSE,",",0,0,"objective",NA,NA,0,0,0,0,"",FALSE,"","oneMode","Group1",1,36,"dv.net|creation|transTriads|||0|1|NA","unused_native_template"
"dv.net","transitive ties","Number of ties with transitive closure","transTies","","","eval",FALSE,FALSE,FALSE,FALSE,FALSE,",",0,0,"objective",NA,NA,0,0,0,0,"",FALSE,"","oneMode","Group1",1,37,"network|atom(transTies|0|)","unused_native_template"
"dv.net","transitive ties","Lost ties: Number of ties with transitive closure","transTies","","","endow",FALSE,FALSE,FALSE,FALSE,FALSE,",",0,0,"objective",NA,NA,0,0,0,0,"",FALSE,"","oneMode","Group1",1,38,"dv.net|endow|transTies|||0|1|NA","unused_native_template"
"dv.net","transitive ties","New ties: Number of ties with transitive closure","transTies","","","creation",FALSE,FALSE,FALSE,FALSE,FALSE,",",0,0,"objective",NA,NA,0,0,0,0,"",FALSE,"","oneMode","Group1",1,39,"dv.net|creation|transTies|||0|1|NA","unused_native_template"
"dv.net","betweenness","betweenness count","between","","","eval",FALSE,FALSE,FALSE,FALSE,FALSE,",",0,0,"objective",NA,NA,0,0,0,0,"",FALSE,"","oneMode","Group1",1,40,"network|atom(between|0|)","unused_native_template"
"dv.net","balance","Amount of balance","balance","","","eval",FALSE,FALSE,FALSE,FALSE,FALSE,",",0,0,"objective",NA,NA,0,0,0,0,"",FALSE,"","oneMode","Group1",1,41,"dv.net|eval|balance|||0|1|NA","unused_native_template"
"dv.net","balance","Lost ties: Amount of balance","balance","","","endow",FALSE,FALSE,FALSE,FALSE,FALSE,",",0,0,"objective",NA,NA,0,0,0,0,"",FALSE,"","oneMode","Group1",1,42,"dv.net|endow|balance|||0|1|NA","unused_native_template"
"dv.net","balance","New ties: Amount of balance","balance","","","creation",FALSE,FALSE,FALSE,FALSE,FALSE,",",0,0,"objective",NA,NA,0,0,0,0,"",FALSE,"","oneMode","Group1",1,43,"dv.net|creation|balance|||0|1|NA","unused_native_template"
"dv.net","number of actor pairs at dist 2","Number of dists equal to 2","nbrDist2","","","eval",FALSE,FALSE,FALSE,FALSE,FALSE,",",0,0,"objective",NA,NA,0,0,0,0,"",FALSE,"","oneMode","Group1",1,44,"network|atom(nbrDist2|0|)","unused_native_template"
"dv.net","number pairs at doubly achieved dist 2","Number of doubly achieved dists 2","nbrDist2twice","","","eval",FALSE,FALSE,FALSE,FALSE,FALSE,",",0,0,"objective",NA,NA,0,0,0,0,"",FALSE,"","oneMode","Group1",1,45,"network|atom(nbrDist2twice|0|)","unused_native_template"
"dv.net","GWESP (69)","Numb. edgew. shrd prtns.(69)","gwesp","","","eval",FALSE,TRUE,FALSE,FALSE,FALSE,",",0,69,"objective",NA,NA,0,0,0,0,"dyadic",FALSE,"","oneMode","Group1",1,46,"network|atom(gwesp|69|)","evolved_network_term"
"dv.net","GWESP (69)","Lost ties: Numb. edgew. shrd prtns.(69)","gwesp","","","endow",FALSE,FALSE,FALSE,FALSE,FALSE,",",0,69,"objective",NA,NA,0,0,0,0,"dyadic",FALSE,"","oneMode","Group1",1,47,"dv.net|endow|gwesp|||69|1|NA","unused_native_template"
"dv.net","GWESP (69)","New ties: Numb. edgew. shrd prtns.(69)","gwesp","","","creation",FALSE,FALSE,FALSE,FALSE,FALSE,",",0,69,"objective",NA,NA,0,0,0,0,"dyadic",FALSE,"","oneMode","Group1",1,48,"dv.net|creation|gwesp|||69|1|NA","unused_native_template"
"dv.net","4-cycles (1)","(Number 4-cycles)^1/1)","cycle4ND","","","eval",FALSE,FALSE,FALSE,FALSE,FALSE,",",0,1,"objective",NA,NA,0,0,0,0,"",FALSE,"","oneMode","Group1",1,49,"network|atom(cycle4ND|1|)","unused_native_template"
"dv.net","4-cycles (1)","Lost ties: (Number 4-cycles)^1/1)","cycle4ND","","","endow",FALSE,FALSE,FALSE,FALSE,FALSE,",",0,1,"objective",NA,NA,0,0,0,0,"",FALSE,"","oneMode","Group1",1,50,"dv.net|endow|cycle4ND|||1|1|NA","unused_native_template"
"dv.net","4-cycles (1)","New ties: (Number 4-cycles)^1/1)","cycle4ND","","","creation",FALSE,FALSE,FALSE,FALSE,FALSE,",",0,1,"objective",NA,NA,0,0,0,0,"",FALSE,"","oneMode","Group1",1,51,"dv.net|creation|cycle4ND|||1|1|NA","unused_native_template"
"dv.net","degree of alter","Sum of squared degrees","inPop","","","eval",FALSE,FALSE,FALSE,FALSE,FALSE,",",0,0,"objective",NA,NA,0,0,0,0,"",FALSE,"","oneMode","Group1",1,52,"network|atom(inPop|0|)","unused_native_template"
"dv.net","degree of alter","Lost ties: Sum of squared degrees","inPop","","","endow",FALSE,FALSE,FALSE,FALSE,FALSE,",",0,0,"objective",NA,NA,0,0,0,0,"",FALSE,"","oneMode","Group1",1,53,"dv.net|endow|inPop|||0|1|NA","unused_native_template"
"dv.net","degree of alter","New ties: Sum of squared degrees","inPop","","","creation",FALSE,FALSE,FALSE,FALSE,FALSE,",",0,0,"objective",NA,NA,0,0,0,0,"",FALSE,"","oneMode","Group1",1,54,"dv.net|creation|inPop|||0|1|NA","unused_native_template"
"dv.net","degree of alter (centrd)","Sum of squared degrees (centrd)","inPop.c","","","eval",FALSE,FALSE,FALSE,FALSE,FALSE,",",0,0,"objective",NA,NA,0,0,0,0,"",FALSE,"","oneMode","Group1",1,55,"dv.net|eval|inPop.c|||0|1|NA","unused_native_template"
"dv.net","degree of alter (centrd)","Lost ties: Sum of squared degrees (centrd)","inPop.c","","","endow",FALSE,FALSE,FALSE,FALSE,FALSE,",",0,0,"objective",NA,NA,0,0,0,0,"",FALSE,"","oneMode","Group1",1,56,"dv.net|endow|inPop.c|||0|1|NA","unused_native_template"
"dv.net","degree of alter (centrd)","New ties: Sum of squared degrees (centrd)","inPop.c","","","creation",FALSE,FALSE,FALSE,FALSE,FALSE,",",0,0,"objective",NA,NA,0,0,0,0,"",FALSE,"","oneMode","Group1",1,57,"dv.net|creation|inPop.c|||0|1|NA","unused_native_template"
"dv.net","sqrt degree of alter","Sum of degrees x sqrt(degree)","inPopSqrt","","","eval",FALSE,FALSE,FALSE,FALSE,FALSE,",",0,0,"objective",NA,NA,0,0,0,0,"",FALSE,"","oneMode","Group1",1,58,"network|atom(inPopSqrt|0|)","unused_native_template"
"dv.net","sqrt degree of alter","Lost ties: Sum of degrees x sqrt(degree)","inPopSqrt","","","endow",FALSE,FALSE,FALSE,FALSE,FALSE,",",0,0,"objective",NA,NA,0,0,0,0,"",FALSE,"","oneMode","Group1",1,59,"dv.net|endow|inPopSqrt|||0|1|NA","unused_native_template"
"dv.net","sqrt degree of alter","New ties: Sum of degrees x sqrt(degree)","inPopSqrt","","","creation",FALSE,FALSE,FALSE,FALSE,FALSE,",",0,0,"objective",NA,NA,0,0,0,0,"",FALSE,"","oneMode","Group1",1,60,"dv.net|creation|inPopSqrt|||0|1|NA","unused_native_template"
"dv.net","degree of ego","Sum of squared degrees","outAct","","","eval",FALSE,FALSE,FALSE,FALSE,FALSE,",",0,0,"objective",NA,NA,0,0,0,0,"",FALSE,"","oneMode","Group1",1,61,"network|atom(outAct|0|)","unused_native_template"
"dv.net","degree of ego (centrd)","Sum of squared degrees (centrd)","outAct.c","","","eval",FALSE,FALSE,FALSE,FALSE,FALSE,",",0,0,"objective",NA,NA,0,0,0,0,"",FALSE,"","oneMode","Group1",1,62,"dv.net|eval|outAct.c|||0|1|NA","unused_native_template"
"dv.net","degree^(1.5)","Sum of degrees^(1.5)","outActSqrt","","","eval",FALSE,FALSE,FALSE,FALSE,FALSE,",",0,0,"objective",NA,NA,0,0,0,0,"",FALSE,"","oneMode","Group1",1,63,"network|atom(outActSqrt|0|)","unused_native_template"
"dv.net","degree act+pop","Sum of squared degrees","degPlus","","","eval",FALSE,TRUE,FALSE,FALSE,FALSE,",",0,1,"objective",NA,NA,0,0,0,0,"",FALSE,"","oneMode","Group1",1,64,"network|atom(degPlus|1|)","evolved_network_term"
"dv.net","degree act+pop","Lost ties: Sum of squared degrees","degPlus","","","endow",FALSE,FALSE,FALSE,FALSE,FALSE,",",0,1,"objective",NA,NA,0,0,0,0,"",FALSE,"","oneMode","Group1",1,65,"dv.net|endow|degPlus|||1|1|NA","unused_native_template"
"dv.net","degree act+pop","New ties: Sum of squared degrees","degPlus","","","creation",FALSE,FALSE,FALSE,FALSE,FALSE,",",0,1,"objective",NA,NA,0,0,0,0,"",FALSE,"","oneMode","Group1",1,66,"dv.net|creation|degPlus|||1|1|NA","unused_native_template"
"dv.net","degree act+pop (centrd)","Sum of squared degrees (centrd)","degPlus.c","","","eval",FALSE,FALSE,FALSE,FALSE,FALSE,",",0,1,"objective",NA,NA,0,0,0,0,"",FALSE,"","oneMode","Group1",1,67,"dv.net|eval|degPlus.c|||1|1|NA","unused_native_template"
"dv.net","degree^(1/2) assortativity","Sum of degree^(1/2) products","outInAss","","","eval",FALSE,FALSE,FALSE,FALSE,FALSE,",",0,2,"objective",NA,NA,0,0,0,0,"",FALSE,"","oneMode","Group1",1,68,"network|atom(outInAss|2|)","unused_native_template"
"dv.net","degree^(1/2) assortativity","Lost ties: Sum of degree^(1/2) products","outInAss","","","endow",FALSE,FALSE,FALSE,FALSE,FALSE,",",0,2,"objective",NA,NA,0,0,0,0,"",FALSE,"","oneMode","Group1",1,69,"dv.net|endow|outInAss|||2|1|NA","unused_native_template"
"dv.net","degree^(1/2) assortativity","New ties: Sum of degree^(1/2) products","outInAss","","","creation",FALSE,FALSE,FALSE,FALSE,FALSE,",",0,2,"objective",NA,NA,0,0,0,0,"",FALSE,"","oneMode","Group1",1,70,"dv.net|creation|outInAss|||2|1|NA","unused_native_template"
"dv.net","outdegree-trunc(1)","Sum of outdegrees trunc(1)","outTrunc","","","eval",FALSE,FALSE,FALSE,FALSE,FALSE,",",0,1,"objective",NA,NA,0,0,0,0,"",FALSE,"","oneMode","Group1",1,71,"network|atom(outTrunc|1|)","unused_native_template"
"dv.net","outdegree-trunc(1)","Lost ties: Sum of outdegrees trunc(1)","outTrunc","","","endow",FALSE,FALSE,FALSE,FALSE,FALSE,",",0,1,"objective",NA,NA,0,0,0,0,"",FALSE,"","oneMode","Group1",1,72,"dv.net|endow|outTrunc|||1|1|NA","unused_native_template"
"dv.net","outdegree-trunc(1)","New ties: Sum of outdegrees trunc(1)","outTrunc","","","creation",FALSE,FALSE,FALSE,FALSE,FALSE,",",0,1,"objective",NA,NA,0,0,0,0,"",FALSE,"","oneMode","Group1",1,73,"dv.net|creation|outTrunc|||1|1|NA","unused_native_template"
"dv.net","outdegree-trunc(5)","Sum of outdegrees trunc(5)","outTrunc2","","","eval",FALSE,FALSE,FALSE,FALSE,FALSE,",",0,5,"objective",NA,NA,0,0,0,0,"",FALSE,"","oneMode","Group1",1,74,"network|atom(outTrunc|5|)","unused_native_template"
"dv.net","outdegree-trunc(5)","Lost ties: Sum of outdegrees trunc(5)","outTrunc2","","","endow",FALSE,FALSE,FALSE,FALSE,FALSE,",",0,5,"objective",NA,NA,0,0,0,0,"",FALSE,"","oneMode","Group1",1,75,"dv.net|endow|outTrunc2|||5|1|NA","unused_native_template"
"dv.net","outdegree-trunc(5)","New ties: Sum of outdegrees trunc(5)","outTrunc2","","","creation",FALSE,FALSE,FALSE,FALSE,FALSE,",",0,5,"objective",NA,NA,0,0,0,0,"",FALSE,"","oneMode","Group1",1,76,"dv.net|creation|outTrunc2|||5|1|NA","unused_native_template"
"dv.net","outdegree more(1)","Sum of outdegrees more(1)","outMore","","","eval",FALSE,FALSE,FALSE,FALSE,FALSE,",",0,1,"objective",NA,NA,0,0,0,0,"",FALSE,"","oneMode","Group1",1,77,"dv.net|eval|outMore|||1|1|NA","unused_native_template"
"dv.net","outdegree more(1)","Lost ties: Sum of outdegrees more(1)","outMore","","","endow",FALSE,FALSE,FALSE,FALSE,FALSE,",",0,1,"objective",NA,NA,0,0,0,0,"",FALSE,"","oneMode","Group1",1,78,"dv.net|endow|outMore|||1|1|NA","unused_native_template"
"dv.net","outdegree more(1)","New ties: Sum of outdegrees more(1)","outMore","","","creation",FALSE,FALSE,FALSE,FALSE,FALSE,",",0,1,"objective",NA,NA,0,0,0,0,"",FALSE,"","oneMode","Group1",1,79,"dv.net|creation|outMore|||1|1|NA","unused_native_template"
"dv.net","out-isolate","Number of isolates","outIso","","","eval",FALSE,FALSE,FALSE,FALSE,FALSE,",",0,1,"objective",NA,NA,0,0,0,0,"",FALSE,"","oneMode","Group1",1,80,"dv.net|eval|outIso|||1|1|NA","unused_native_template"
"dv.net","out-isolate","Lost ties: Number of isolates","outIso","","","endow",FALSE,FALSE,FALSE,FALSE,FALSE,",",0,1,"objective",NA,NA,0,0,0,0,"",FALSE,"","oneMode","Group1",1,81,"dv.net|endow|outIso|||1|1|NA","unused_native_template"
"dv.net","out-isolate","New ties: Number of isolates","outIso","","","creation",FALSE,FALSE,FALSE,FALSE,FALSE,",",0,1,"objective",NA,NA,0,0,0,0,"",FALSE,"","oneMode","Group1",1,82,"dv.net|creation|outIso|||1|1|NA","unused_native_template"
"dv.net","1/(degree + 1)","Sum 1/(degrees + 1)","outInv","","","eval",FALSE,FALSE,FALSE,FALSE,FALSE,",",0,1,"objective",NA,NA,0,0,0,0,"",FALSE,"","oneMode","Group1",1,83,"network|atom(outInv|1|)","unused_native_template"
"dv.net","1/(degree + 1)","Lost ties: Sum 1/(degrees + 1)","outInv","","","endow",FALSE,FALSE,FALSE,FALSE,FALSE,",",0,1,"objective",NA,NA,0,0,0,0,"",FALSE,"","oneMode","Group1",1,84,"dv.net|endow|outInv|||1|1|NA","unused_native_template"
"dv.net","1/(degree + 1)","New ties: Sum 1/(degrees + 1)","outInv","","","creation",FALSE,FALSE,FALSE,FALSE,FALSE,",",0,1,"objective",NA,NA,0,0,0,0,"",FALSE,"","oneMode","Group1",1,85,"dv.net|creation|outInv|||1|1|NA","unused_native_template"
"dv.net","1/(degree+1)(degree+1+1)","Sum 1/(degrees + 1)(degrees + 1 + 1)","outSqInv","","","eval",FALSE,FALSE,FALSE,FALSE,FALSE,",",0,1,"objective",NA,NA,0,0,0,0,"",FALSE,"","oneMode","Group1",1,86,"network|atom(outSqInv|1|)","unused_native_template"
"dv.net","1/(degree+1)(degree+1+1)","Lost ties: Sum 1/(degrees + 1)(degrees + 1 + 1)","outSqInv","","","endow",FALSE,FALSE,FALSE,FALSE,FALSE,",",0,1,"objective",NA,NA,0,0,0,0,"",FALSE,"","oneMode","Group1",1,87,"dv.net|endow|outSqInv|||1|1|NA","unused_native_template"
"dv.net","1/(degree+1)(degree+1+1)","New ties: Sum 1/(degrees + 1)(degrees + 1 + 1)","outSqInv","","","creation",FALSE,FALSE,FALSE,FALSE,FALSE,",",0,1,"objective",NA,NA,0,0,0,0,"",FALSE,"","oneMode","Group1",1,88,"dv.net|creation|outSqInv|||1|1|NA","unused_native_template"
"dv.net","network-isolate","Number of isolates","isolateNet","","","eval",FALSE,FALSE,FALSE,FALSE,FALSE,",",0,0,"objective",NA,NA,0,0,0,0,"ego",FALSE,"","oneMode","Group1",1,89,"dv.net|eval|isolateNet|||0|1|NA","unused_native_template"
"dv.net","anti in-isolates","Number of degrees at least 1","antiInIso","","","eval",FALSE,FALSE,FALSE,FALSE,FALSE,",",0,0,"objective",NA,NA,0,0,0,0,"ego",FALSE,"","oneMode","Group1",1,90,"dv.net|eval|antiInIso|||0|1|NA","unused_native_template"
"dv.net","anti in-isolates","Lost ties: Number of degrees at least 1","antiInIso","","","endow",FALSE,FALSE,FALSE,FALSE,FALSE,",",0,0,"objective",NA,NA,0,0,0,0,"ego",FALSE,"","oneMode","Group1",1,91,"dv.net|endow|antiInIso|||0|1|NA","unused_native_template"
"dv.net","anti in-isolates","New ties: Number of degrees at least 1","antiInIso","","","creation",FALSE,FALSE,FALSE,FALSE,FALSE,",",0,0,"objective",NA,NA,0,0,0,0,"ego",FALSE,"","oneMode","Group1",1,92,"dv.net|creation|antiInIso|||0|1|NA","unused_native_template"
"dv.net","anti in-near-isolates","Number of degrees at least 2","antiInIso2","","","eval",FALSE,FALSE,FALSE,FALSE,FALSE,",",0,0,"objective",NA,NA,0,0,0,0,"ego",FALSE,"","oneMode","Group1",1,93,"dv.net|eval|antiInIso2|||0|1|NA","unused_native_template"
"dv.net","anti in-near-isolates","Lost ties: Number of degrees at least 2","antiInIso2","","","endow",FALSE,FALSE,FALSE,FALSE,FALSE,",",0,0,"objective",NA,NA,0,0,0,0,"ego",FALSE,"","oneMode","Group1",1,94,"dv.net|endow|antiInIso2|||0|1|NA","unused_native_template"
"dv.net","anti in-near-isolates","New ties: Number of degrees at least 2","antiInIso2","","","creation",FALSE,FALSE,FALSE,FALSE,FALSE,",",0,0,"objective",NA,NA,0,0,0,0,"ego",FALSE,"","oneMode","Group1",1,95,"dv.net|creation|antiInIso2|||0|1|NA","unused_native_template"
"dv.net","average degree","Degree sum squared/n - 2","avDeg","","","eval",FALSE,FALSE,FALSE,FALSE,FALSE,",",0,2,"objective",NA,NA,0,0,0,0,"",FALSE,"","oneMode","Group1",1,96,"dv.net|eval|avDeg|||2|1|NA","unused_native_template"
"dv.net","average degree","Lost ties: Degree sum squared/n - 2","avDeg","","","endow",FALSE,FALSE,FALSE,FALSE,FALSE,",",0,2,"objective",NA,NA,0,0,0,0,"",FALSE,"","oneMode","Group1",1,97,"dv.net|endow|avDeg|||2|1|NA","unused_native_template"
"dv.net","average degree","New ties: Degree sum squared/n - 2","avDeg","","","creation",FALSE,FALSE,FALSE,FALSE,FALSE,",",0,2,"objective",NA,NA,0,0,0,0,"",FALSE,"","oneMode","Group1",1,98,"dv.net|creation|avDeg|||2|1|NA","unused_native_template"
"dv.net","Jaccard similarity","Jaccard similarity","Jout","","","eval",FALSE,FALSE,FALSE,FALSE,FALSE,",",0,69,"objective",NA,NA,0,0,0,0,"dyadic",FALSE,"","oneMode","Group1",1,99,"network|atom(Jout|69|)","unused_native_template"
"dv.net","Jaccard similarity","Lost ties: Jaccard similarity","Jout","","","endow",FALSE,FALSE,FALSE,FALSE,FALSE,",",0,69,"objective",NA,NA,0,0,0,0,"dyadic",FALSE,"","oneMode","Group1",1,100,"dv.net|endow|Jout|||69|1|NA","unused_native_template"
"dv.net","Jaccard similarity","New ties: Jaccard similarity","Jout","","","creation",FALSE,FALSE,FALSE,FALSE,FALSE,",",0,69,"objective",NA,NA,0,0,0,0,"dyadic",FALSE,"","oneMode","Group1",1,101,"dv.net|creation|Jout|||69|1|NA","unused_native_template"
"dv.net","nets.lndistance_d","Sum of ties x nets.lndistance_d","X","nets.lndistance_d","","eval",FALSE,TRUE,FALSE,FALSE,FALSE,",",0,0,"objective",NA,NA,0,0,0,0,"dyadic",FALSE,"","oneMode","Group1",1,102,"network|atom(X|0|nets.lndistance_d)","original_control_or_spending"
"dv.net","nets.lndistance_d","Lost ties: Sum of ties x nets.lndistance_d","X","nets.lndistance_d","","endow",FALSE,FALSE,FALSE,FALSE,FALSE,",",0,0,"objective",NA,NA,0,0,0,0,"dyadic",FALSE,"","oneMode","Group1",1,103,"dv.net|endow|X|nets.lndistance_d||0|1|NA","unused_native_template"
"dv.net","nets.lndistance_d","New ties: Sum of ties x nets.lndistance_d","X","nets.lndistance_d","","creation",FALSE,FALSE,FALSE,FALSE,FALSE,",",0,0,"objective",NA,NA,0,0,0,0,"dyadic",FALSE,"","oneMode","Group1",1,104,"dv.net|creation|X|nets.lndistance_d||0|1|NA","unused_native_template"
"dv.net","nets.lndistance_d x reciprocity","Sum reciprocated  ties x nets.lndistance_d","XRecip","nets.lndistance_d","","eval",FALSE,FALSE,FALSE,FALSE,FALSE,",",0,0,"objective",NA,NA,0,0,0,0,"dyadic",FALSE,"","oneMode","Group1",1,105,"dv.net|eval|XRecip|nets.lndistance_d||0|1|NA","unused_native_template"
"dv.net","nets.lndistance_d x reciprocity","Lost ties: Sum reciprocated  ties x nets.lndistance_d","XRecip","nets.lndistance_d","","endow",FALSE,FALSE,FALSE,FALSE,FALSE,",",0,0,"objective",NA,NA,0,0,0,0,"dyadic",FALSE,"","oneMode","Group1",1,106,"dv.net|endow|XRecip|nets.lndistance_d||0|1|NA","unused_native_template"
"dv.net","nets.lndistance_d x reciprocity","New ties: Sum reciprocated  ties x nets.lndistance_d","XRecip","nets.lndistance_d","","creation",FALSE,FALSE,FALSE,FALSE,FALSE,",",0,0,"objective",NA,NA,0,0,0,0,"dyadic",FALSE,"","oneMode","Group1",1,107,"dv.net|creation|XRecip|nets.lndistance_d||0|1|NA","unused_native_template"
"dv.net","WW=>X closure of nets.lndistance_d","WW=>X closure of nets.lndistance_d","WWX","nets.lndistance_d","","eval",FALSE,FALSE,FALSE,FALSE,FALSE,",",0,0,"objective",NA,NA,0,0,0,0,"dyadic",FALSE,"","oneMode","Group1",1,108,"dv.net|eval|WWX|nets.lndistance_d||0|1|NA","unused_native_template"
"dv.net","WW=>X closure of nets.lndistance_d","Lost ties: WW=>X closure of nets.lndistance_d","WWX","nets.lndistance_d","","endow",FALSE,FALSE,FALSE,FALSE,FALSE,",",0,0,"objective",NA,NA,0,0,0,0,"dyadic",FALSE,"","oneMode","Group1",1,109,"dv.net|endow|WWX|nets.lndistance_d||0|1|NA","unused_native_template"
"dv.net","WW=>X closure of nets.lndistance_d","New ties: WW=>X closure of nets.lndistance_d","WWX","nets.lndistance_d","","creation",FALSE,FALSE,FALSE,FALSE,FALSE,",",0,0,"objective",NA,NA,0,0,0,0,"dyadic",FALSE,"","oneMode","Group1",1,110,"dv.net|creation|WWX|nets.lndistance_d||0|1|NA","unused_native_template"
"dv.net","WW=>X cyclic closure of nets.lndistance_d","WW=>X cyclic closure of nets.lndistance_d","cyWWX","nets.lndistance_d","","eval",FALSE,FALSE,FALSE,FALSE,FALSE,",",0,0,"objective",NA,NA,0,0,0,0,"dyadic",FALSE,"","oneMode","Group1",1,111,"dv.net|eval|cyWWX|nets.lndistance_d||0|1|NA","unused_native_template"
"dv.net","WW=>X cyclic closure of nets.lndistance_d","Lost ties: WW=>X cyclic closure of nets.lndistance_d","cyWWX","nets.lndistance_d","","endow",FALSE,FALSE,FALSE,FALSE,FALSE,",",0,0,"objective",NA,NA,0,0,0,0,"dyadic",FALSE,"","oneMode","Group1",1,112,"dv.net|endow|cyWWX|nets.lndistance_d||0|1|NA","unused_native_template"
"dv.net","WW=>X cyclic closure of nets.lndistance_d","New ties: WW=>X cyclic closure of nets.lndistance_d","cyWWX","nets.lndistance_d","","creation",FALSE,FALSE,FALSE,FALSE,FALSE,",",0,0,"objective",NA,NA,0,0,0,0,"dyadic",FALSE,"","oneMode","Group1",1,113,"dv.net|creation|cyWWX|nets.lndistance_d||0|1|NA","unused_native_template"
"dv.net","WW=>X shared incoming nets.lndistance_d","WW=>X incoming shared nets.lndistance_d","InWWX","nets.lndistance_d","","eval",FALSE,FALSE,FALSE,FALSE,FALSE,",",0,0,"objective",NA,NA,0,0,0,0,"dyadic",FALSE,"","oneMode","Group1",1,114,"dv.net|eval|InWWX|nets.lndistance_d||0|1|NA","unused_native_template"
"dv.net","WW=>X shared incoming nets.lndistance_d","Lost ties: WW=>X incoming shared nets.lndistance_d","InWWX","nets.lndistance_d","","endow",FALSE,FALSE,FALSE,FALSE,FALSE,",",0,0,"objective",NA,NA,0,0,0,0,"dyadic",FALSE,"","oneMode","Group1",1,115,"dv.net|endow|InWWX|nets.lndistance_d||0|1|NA","unused_native_template"
"dv.net","WW=>X shared incoming nets.lndistance_d","New ties: WW=>X incoming shared nets.lndistance_d","InWWX","nets.lndistance_d","","creation",FALSE,FALSE,FALSE,FALSE,FALSE,",",0,0,"objective",NA,NA,0,0,0,0,"dyadic",FALSE,"","oneMode","Group1",1,116,"dv.net|creation|InWWX|nets.lndistance_d||0|1|NA","unused_native_template"
"dv.net","WW=>X shared outgoing nets.lndistance_d","WW=>X outgoing shared nets.lndistance_d","OutWWX","nets.lndistance_d","","eval",FALSE,FALSE,FALSE,FALSE,FALSE,",",0,0,"objective",NA,NA,0,0,0,0,"dyadic",FALSE,"","oneMode","Group1",1,117,"dv.net|eval|OutWWX|nets.lndistance_d||0|1|NA","unused_native_template"
"dv.net","WW=>X shared outgoing nets.lndistance_d","Lost ties: WW=>X outgoing shared nets.lndistance_d","OutWWX","nets.lndistance_d","","endow",FALSE,FALSE,FALSE,FALSE,FALSE,",",0,0,"objective",NA,NA,0,0,0,0,"dyadic",FALSE,"","oneMode","Group1",1,118,"dv.net|endow|OutWWX|nets.lndistance_d||0|1|NA","unused_native_template"
"dv.net","WW=>X shared outgoing nets.lndistance_d","New ties: WW=>X outgoing shared nets.lndistance_d","OutWWX","nets.lndistance_d","","creation",FALSE,FALSE,FALSE,FALSE,FALSE,",",0,0,"objective",NA,NA,0,0,0,0,"dyadic",FALSE,"","oneMode","Group1",1,119,"dv.net|creation|OutWWX|nets.lndistance_d||0|1|NA","unused_native_template"
"dv.net","WX=>X closure of nets.lndistance_d","WX=>X closure of nets.lndistance_d","WXX","nets.lndistance_d","","eval",FALSE,FALSE,FALSE,FALSE,FALSE,",",0,0,"objective",NA,NA,0,0,0,0,"dyadic",FALSE,"","oneMode","Group1",1,120,"dv.net|eval|WXX|nets.lndistance_d||0|1|NA","unused_native_template"
"dv.net","WX=>X closure of nets.lndistance_d","Lost ties: WX=>X closure of nets.lndistance_d","WXX","nets.lndistance_d","","endow",FALSE,FALSE,FALSE,FALSE,FALSE,",",0,0,"objective",NA,NA,0,0,0,0,"dyadic",FALSE,"","oneMode","Group1",1,121,"dv.net|endow|WXX|nets.lndistance_d||0|1|NA","unused_native_template"
"dv.net","WX=>X closure of nets.lndistance_d","New ties: WX=>X closure of nets.lndistance_d","WXX","nets.lndistance_d","","creation",FALSE,FALSE,FALSE,FALSE,FALSE,",",0,0,"objective",NA,NA,0,0,0,0,"dyadic",FALSE,"","oneMode","Group1",1,122,"dv.net|creation|WXX|nets.lndistance_d||0|1|NA","unused_native_template"
"dv.net","XW=>X closure of nets.lndistance_d","XW=>X closure of nets.lndistance_d","XWX","nets.lndistance_d","","eval",FALSE,FALSE,FALSE,FALSE,FALSE,",",0,0,"objective",NA,NA,0,0,0,0,"",FALSE,"","oneMode","Group1",1,123,"dv.net|eval|XWX|nets.lndistance_d||0|1|NA","unused_native_template"
"dv.net","XW=>X closure of nets.lndistance_d","Lost ties: XW=>X closure of nets.lndistance_d","XWX","nets.lndistance_d","","endow",FALSE,FALSE,FALSE,FALSE,FALSE,",",0,0,"objective",NA,NA,0,0,0,0,"",FALSE,"","oneMode","Group1",1,124,"dv.net|endow|XWX|nets.lndistance_d||0|1|NA","unused_native_template"
"dv.net","XW=>X closure of nets.lndistance_d","New ties: XW=>X closure of nets.lndistance_d","XWX","nets.lndistance_d","","creation",FALSE,FALSE,FALSE,FALSE,FALSE,",",0,0,"objective",NA,NA,0,0,0,0,"",FALSE,"","oneMode","Group1",1,125,"dv.net|creation|XWX|nets.lndistance_d||0|1|NA","unused_native_template"
"dv.net","XW=>X closure1 of nets.lndistance_d","XW=>X closure1 of nets.lndistance_d","XWX1","nets.lndistance_d","","eval",FALSE,FALSE,FALSE,FALSE,FALSE,",",0,0,"objective",NA,NA,0,0,0,0,"",FALSE,"","oneMode","Group1",1,126,"dv.net|eval|XWX1|nets.lndistance_d||0|1|NA","unused_native_template"
"dv.net","XW=>X closure2 of nets.lndistance_d","XW=>X closure2 of nets.lndistance_d","XWX2","nets.lndistance_d","","eval",FALSE,FALSE,FALSE,FALSE,FALSE,",",0,0,"objective",NA,NA,0,0,0,0,"",FALSE,"","oneMode","Group1",1,127,"dv.net|eval|XWX2|nets.lndistance_d||0|1|NA","unused_native_template"
"dv.net","nets.lndistance_d-weighted two-paths","sum nets.lndistance_d-weighted two-paths","XXW","nets.lndistance_d","","eval",FALSE,FALSE,FALSE,FALSE,FALSE,",",0,0,"objective",NA,NA,0,0,0,0,"",FALSE,"","oneMode","Group1",1,128,"dv.net|eval|XXW|nets.lndistance_d||0|1|NA","unused_native_template"
"dv.net","nets.lndistance_d-weighted two-paths","Lost ties: sum nets.lndistance_d-weighted two-paths","XXW","nets.lndistance_d","","endow",FALSE,FALSE,FALSE,FALSE,FALSE,",",0,0,"objective",NA,NA,0,0,0,0,"",FALSE,"","oneMode","Group1",1,129,"dv.net|endow|XXW|nets.lndistance_d||0|1|NA","unused_native_template"
"dv.net","nets.lndistance_d-weighted two-paths","New ties: sum nets.lndistance_d-weighted two-paths","XXW","nets.lndistance_d","","creation",FALSE,FALSE,FALSE,FALSE,FALSE,",",0,0,"objective",NA,NA,0,0,0,0,"",FALSE,"","oneMode","Group1",1,130,"dv.net|creation|XXW|nets.lndistance_d||0|1|NA","unused_native_template"
"dv.net","nets.ATOP_d","Sum of ties x nets.ATOP_d","X","nets.ATOP_d","","eval",FALSE,TRUE,FALSE,FALSE,FALSE,",",0,0,"objective",NA,NA,0,0,0,0,"dyadic",FALSE,"","oneMode","Group1",1,131,"network|atom(X|0|nets.ATOP_d)","original_control_or_spending"
"dv.net","nets.ATOP_d","Lost ties: Sum of ties x nets.ATOP_d","X","nets.ATOP_d","","endow",FALSE,FALSE,FALSE,FALSE,FALSE,",",0,0,"objective",NA,NA,0,0,0,0,"dyadic",FALSE,"","oneMode","Group1",1,132,"dv.net|endow|X|nets.ATOP_d||0|1|NA","unused_native_template"
"dv.net","nets.ATOP_d","New ties: Sum of ties x nets.ATOP_d","X","nets.ATOP_d","","creation",FALSE,FALSE,FALSE,FALSE,FALSE,",",0,0,"objective",NA,NA,0,0,0,0,"dyadic",FALSE,"","oneMode","Group1",1,133,"dv.net|creation|X|nets.ATOP_d||0|1|NA","unused_native_template"
"dv.net","nets.ATOP_d x reciprocity","Sum reciprocated  ties x nets.ATOP_d","XRecip","nets.ATOP_d","","eval",FALSE,FALSE,FALSE,FALSE,FALSE,",",0,0,"objective",NA,NA,0,0,0,0,"dyadic",FALSE,"","oneMode","Group1",1,134,"dv.net|eval|XRecip|nets.ATOP_d||0|1|NA","unused_native_template"
"dv.net","nets.ATOP_d x reciprocity","Lost ties: Sum reciprocated  ties x nets.ATOP_d","XRecip","nets.ATOP_d","","endow",FALSE,FALSE,FALSE,FALSE,FALSE,",",0,0,"objective",NA,NA,0,0,0,0,"dyadic",FALSE,"","oneMode","Group1",1,135,"dv.net|endow|XRecip|nets.ATOP_d||0|1|NA","unused_native_template"
"dv.net","nets.ATOP_d x reciprocity","New ties: Sum reciprocated  ties x nets.ATOP_d","XRecip","nets.ATOP_d","","creation",FALSE,FALSE,FALSE,FALSE,FALSE,",",0,0,"objective",NA,NA,0,0,0,0,"dyadic",FALSE,"","oneMode","Group1",1,136,"dv.net|creation|XRecip|nets.ATOP_d||0|1|NA","unused_native_template"
"dv.net","WW=>X closure of nets.ATOP_d","WW=>X closure of nets.ATOP_d","WWX","nets.ATOP_d","","eval",FALSE,FALSE,FALSE,FALSE,FALSE,",",0,0,"objective",NA,NA,0,0,0,0,"dyadic",FALSE,"","oneMode","Group1",1,137,"dv.net|eval|WWX|nets.ATOP_d||0|1|NA","unused_native_template"
"dv.net","WW=>X closure of nets.ATOP_d","Lost ties: WW=>X closure of nets.ATOP_d","WWX","nets.ATOP_d","","endow",FALSE,FALSE,FALSE,FALSE,FALSE,",",0,0,"objective",NA,NA,0,0,0,0,"dyadic",FALSE,"","oneMode","Group1",1,138,"dv.net|endow|WWX|nets.ATOP_d||0|1|NA","unused_native_template"
"dv.net","WW=>X closure of nets.ATOP_d","New ties: WW=>X closure of nets.ATOP_d","WWX","nets.ATOP_d","","creation",FALSE,FALSE,FALSE,FALSE,FALSE,",",0,0,"objective",NA,NA,0,0,0,0,"dyadic",FALSE,"","oneMode","Group1",1,139,"dv.net|creation|WWX|nets.ATOP_d||0|1|NA","unused_native_template"
"dv.net","WW=>X cyclic closure of nets.ATOP_d","WW=>X cyclic closure of nets.ATOP_d","cyWWX","nets.ATOP_d","","eval",FALSE,FALSE,FALSE,FALSE,FALSE,",",0,0,"objective",NA,NA,0,0,0,0,"dyadic",FALSE,"","oneMode","Group1",1,140,"dv.net|eval|cyWWX|nets.ATOP_d||0|1|NA","unused_native_template"
"dv.net","WW=>X cyclic closure of nets.ATOP_d","Lost ties: WW=>X cyclic closure of nets.ATOP_d","cyWWX","nets.ATOP_d","","endow",FALSE,FALSE,FALSE,FALSE,FALSE,",",0,0,"objective",NA,NA,0,0,0,0,"dyadic",FALSE,"","oneMode","Group1",1,141,"dv.net|endow|cyWWX|nets.ATOP_d||0|1|NA","unused_native_template"
"dv.net","WW=>X cyclic closure of nets.ATOP_d","New ties: WW=>X cyclic closure of nets.ATOP_d","cyWWX","nets.ATOP_d","","creation",FALSE,FALSE,FALSE,FALSE,FALSE,",",0,0,"objective",NA,NA,0,0,0,0,"dyadic",FALSE,"","oneMode","Group1",1,142,"dv.net|creation|cyWWX|nets.ATOP_d||0|1|NA","unused_native_template"
"dv.net","WW=>X shared incoming nets.ATOP_d","WW=>X incoming shared nets.ATOP_d","InWWX","nets.ATOP_d","","eval",FALSE,FALSE,FALSE,FALSE,FALSE,",",0,0,"objective",NA,NA,0,0,0,0,"dyadic",FALSE,"","oneMode","Group1",1,143,"dv.net|eval|InWWX|nets.ATOP_d||0|1|NA","unused_native_template"
"dv.net","WW=>X shared incoming nets.ATOP_d","Lost ties: WW=>X incoming shared nets.ATOP_d","InWWX","nets.ATOP_d","","endow",FALSE,FALSE,FALSE,FALSE,FALSE,",",0,0,"objective",NA,NA,0,0,0,0,"dyadic",FALSE,"","oneMode","Group1",1,144,"dv.net|endow|InWWX|nets.ATOP_d||0|1|NA","unused_native_template"
"dv.net","WW=>X shared incoming nets.ATOP_d","New ties: WW=>X incoming shared nets.ATOP_d","InWWX","nets.ATOP_d","","creation",FALSE,FALSE,FALSE,FALSE,FALSE,",",0,0,"objective",NA,NA,0,0,0,0,"dyadic",FALSE,"","oneMode","Group1",1,145,"dv.net|creation|InWWX|nets.ATOP_d||0|1|NA","unused_native_template"
"dv.net","WW=>X shared outgoing nets.ATOP_d","WW=>X outgoing shared nets.ATOP_d","OutWWX","nets.ATOP_d","","eval",FALSE,FALSE,FALSE,FALSE,FALSE,",",0,0,"objective",NA,NA,0,0,0,0,"dyadic",FALSE,"","oneMode","Group1",1,146,"dv.net|eval|OutWWX|nets.ATOP_d||0|1|NA","unused_native_template"
"dv.net","WW=>X shared outgoing nets.ATOP_d","Lost ties: WW=>X outgoing shared nets.ATOP_d","OutWWX","nets.ATOP_d","","endow",FALSE,FALSE,FALSE,FALSE,FALSE,",",0,0,"objective",NA,NA,0,0,0,0,"dyadic",FALSE,"","oneMode","Group1",1,147,"dv.net|endow|OutWWX|nets.ATOP_d||0|1|NA","unused_native_template"
"dv.net","WW=>X shared outgoing nets.ATOP_d","New ties: WW=>X outgoing shared nets.ATOP_d","OutWWX","nets.ATOP_d","","creation",FALSE,FALSE,FALSE,FALSE,FALSE,",",0,0,"objective",NA,NA,0,0,0,0,"dyadic",FALSE,"","oneMode","Group1",1,148,"dv.net|creation|OutWWX|nets.ATOP_d||0|1|NA","unused_native_template"
"dv.net","WX=>X closure of nets.ATOP_d","WX=>X closure of nets.ATOP_d","WXX","nets.ATOP_d","","eval",FALSE,FALSE,FALSE,FALSE,FALSE,",",0,0,"objective",NA,NA,0,0,0,0,"dyadic",FALSE,"","oneMode","Group1",1,149,"dv.net|eval|WXX|nets.ATOP_d||0|1|NA","unused_native_template"
"dv.net","WX=>X closure of nets.ATOP_d","Lost ties: WX=>X closure of nets.ATOP_d","WXX","nets.ATOP_d","","endow",FALSE,FALSE,FALSE,FALSE,FALSE,",",0,0,"objective",NA,NA,0,0,0,0,"dyadic",FALSE,"","oneMode","Group1",1,150,"dv.net|endow|WXX|nets.ATOP_d||0|1|NA","unused_native_template"
"dv.net","WX=>X closure of nets.ATOP_d","New ties: WX=>X closure of nets.ATOP_d","WXX","nets.ATOP_d","","creation",FALSE,FALSE,FALSE,FALSE,FALSE,",",0,0,"objective",NA,NA,0,0,0,0,"dyadic",FALSE,"","oneMode","Group1",1,151,"dv.net|creation|WXX|nets.ATOP_d||0|1|NA","unused_native_template"
"dv.net","XW=>X closure of nets.ATOP_d","XW=>X closure of nets.ATOP_d","XWX","nets.ATOP_d","","eval",FALSE,FALSE,FALSE,FALSE,FALSE,",",0,0,"objective",NA,NA,0,0,0,0,"",FALSE,"","oneMode","Group1",1,152,"dv.net|eval|XWX|nets.ATOP_d||0|1|NA","unused_native_template"
"dv.net","XW=>X closure of nets.ATOP_d","Lost ties: XW=>X closure of nets.ATOP_d","XWX","nets.ATOP_d","","endow",FALSE,FALSE,FALSE,FALSE,FALSE,",",0,0,"objective",NA,NA,0,0,0,0,"",FALSE,"","oneMode","Group1",1,153,"dv.net|endow|XWX|nets.ATOP_d||0|1|NA","unused_native_template"
"dv.net","XW=>X closure of nets.ATOP_d","New ties: XW=>X closure of nets.ATOP_d","XWX","nets.ATOP_d","","creation",FALSE,FALSE,FALSE,FALSE,FALSE,",",0,0,"objective",NA,NA,0,0,0,0,"",FALSE,"","oneMode","Group1",1,154,"dv.net|creation|XWX|nets.ATOP_d||0|1|NA","unused_native_template"
"dv.net","XW=>X closure1 of nets.ATOP_d","XW=>X closure1 of nets.ATOP_d","XWX1","nets.ATOP_d","","eval",FALSE,FALSE,FALSE,FALSE,FALSE,",",0,0,"objective",NA,NA,0,0,0,0,"",FALSE,"","oneMode","Group1",1,155,"dv.net|eval|XWX1|nets.ATOP_d||0|1|NA","unused_native_template"
"dv.net","XW=>X closure2 of nets.ATOP_d","XW=>X closure2 of nets.ATOP_d","XWX2","nets.ATOP_d","","eval",FALSE,FALSE,FALSE,FALSE,FALSE,",",0,0,"objective",NA,NA,0,0,0,0,"",FALSE,"","oneMode","Group1",1,156,"dv.net|eval|XWX2|nets.ATOP_d||0|1|NA","unused_native_template"
"dv.net","nets.ATOP_d-weighted two-paths","sum nets.ATOP_d-weighted two-paths","XXW","nets.ATOP_d","","eval",FALSE,FALSE,FALSE,FALSE,FALSE,",",0,0,"objective",NA,NA,0,0,0,0,"",FALSE,"","oneMode","Group1",1,157,"dv.net|eval|XXW|nets.ATOP_d||0|1|NA","unused_native_template"
"dv.net","nets.ATOP_d-weighted two-paths","Lost ties: sum nets.ATOP_d-weighted two-paths","XXW","nets.ATOP_d","","endow",FALSE,FALSE,FALSE,FALSE,FALSE,",",0,0,"objective",NA,NA,0,0,0,0,"",FALSE,"","oneMode","Group1",1,158,"dv.net|endow|XXW|nets.ATOP_d||0|1|NA","unused_native_template"
"dv.net","nets.ATOP_d-weighted two-paths","New ties: sum nets.ATOP_d-weighted two-paths","XXW","nets.ATOP_d","","creation",FALSE,FALSE,FALSE,FALSE,FALSE,",",0,0,"objective",NA,NA,0,0,0,0,"",FALSE,"","oneMode","Group1",1,159,"dv.net|creation|XXW|nets.ATOP_d||0|1|NA","unused_native_template"
"dv.net","nets.absidealdiff_d","Sum of ties x nets.absidealdiff_d","X","nets.absidealdiff_d","","eval",FALSE,TRUE,FALSE,FALSE,FALSE,",",0,0,"objective",NA,NA,0,0,0,0,"dyadic",FALSE,"","oneMode","Group1",1,160,"network|atom(X|0|nets.absidealdiff_d)","original_control_or_spending"
"dv.net","nets.absidealdiff_d","Lost ties: Sum of ties x nets.absidealdiff_d","X","nets.absidealdiff_d","","endow",FALSE,FALSE,FALSE,FALSE,FALSE,",",0,0,"objective",NA,NA,0,0,0,0,"dyadic",FALSE,"","oneMode","Group1",1,161,"dv.net|endow|X|nets.absidealdiff_d||0|1|NA","unused_native_template"
"dv.net","nets.absidealdiff_d","New ties: Sum of ties x nets.absidealdiff_d","X","nets.absidealdiff_d","","creation",FALSE,FALSE,FALSE,FALSE,FALSE,",",0,0,"objective",NA,NA,0,0,0,0,"dyadic",FALSE,"","oneMode","Group1",1,162,"dv.net|creation|X|nets.absidealdiff_d||0|1|NA","unused_native_template"
"dv.net","nets.absidealdiff_d x reciprocity","Sum reciprocated  ties x nets.absidealdiff_d","XRecip","nets.absidealdiff_d","","eval",FALSE,FALSE,FALSE,FALSE,FALSE,",",0,0,"objective",NA,NA,0,0,0,0,"dyadic",FALSE,"","oneMode","Group1",1,163,"dv.net|eval|XRecip|nets.absidealdiff_d||0|1|NA","unused_native_template"
"dv.net","nets.absidealdiff_d x reciprocity","Lost ties: Sum reciprocated  ties x nets.absidealdiff_d","XRecip","nets.absidealdiff_d","","endow",FALSE,FALSE,FALSE,FALSE,FALSE,",",0,0,"objective",NA,NA,0,0,0,0,"dyadic",FALSE,"","oneMode","Group1",1,164,"dv.net|endow|XRecip|nets.absidealdiff_d||0|1|NA","unused_native_template"
"dv.net","nets.absidealdiff_d x reciprocity","New ties: Sum reciprocated  ties x nets.absidealdiff_d","XRecip","nets.absidealdiff_d","","creation",FALSE,FALSE,FALSE,FALSE,FALSE,",",0,0,"objective",NA,NA,0,0,0,0,"dyadic",FALSE,"","oneMode","Group1",1,165,"dv.net|creation|XRecip|nets.absidealdiff_d||0|1|NA","unused_native_template"
"dv.net","WW=>X closure of nets.absidealdiff_d","WW=>X closure of nets.absidealdiff_d","WWX","nets.absidealdiff_d","","eval",FALSE,FALSE,FALSE,FALSE,FALSE,",",0,0,"objective",NA,NA,0,0,0,0,"dyadic",FALSE,"","oneMode","Group1",1,166,"dv.net|eval|WWX|nets.absidealdiff_d||0|1|NA","unused_native_template"
"dv.net","WW=>X closure of nets.absidealdiff_d","Lost ties: WW=>X closure of nets.absidealdiff_d","WWX","nets.absidealdiff_d","","endow",FALSE,FALSE,FALSE,FALSE,FALSE,",",0,0,"objective",NA,NA,0,0,0,0,"dyadic",FALSE,"","oneMode","Group1",1,167,"dv.net|endow|WWX|nets.absidealdiff_d||0|1|NA","unused_native_template"
"dv.net","WW=>X closure of nets.absidealdiff_d","New ties: WW=>X closure of nets.absidealdiff_d","WWX","nets.absidealdiff_d","","creation",FALSE,FALSE,FALSE,FALSE,FALSE,",",0,0,"objective",NA,NA,0,0,0,0,"dyadic",FALSE,"","oneMode","Group1",1,168,"dv.net|creation|WWX|nets.absidealdiff_d||0|1|NA","unused_native_template"
"dv.net","WW=>X cyclic closure of nets.absidealdiff_d","WW=>X cyclic closure of nets.absidealdiff_d","cyWWX","nets.absidealdiff_d","","eval",FALSE,FALSE,FALSE,FALSE,FALSE,",",0,0,"objective",NA,NA,0,0,0,0,"dyadic",FALSE,"","oneMode","Group1",1,169,"dv.net|eval|cyWWX|nets.absidealdiff_d||0|1|NA","unused_native_template"
"dv.net","WW=>X cyclic closure of nets.absidealdiff_d","Lost ties: WW=>X cyclic closure of nets.absidealdiff_d","cyWWX","nets.absidealdiff_d","","endow",FALSE,FALSE,FALSE,FALSE,FALSE,",",0,0,"objective",NA,NA,0,0,0,0,"dyadic",FALSE,"","oneMode","Group1",1,170,"dv.net|endow|cyWWX|nets.absidealdiff_d||0|1|NA","unused_native_template"
"dv.net","WW=>X cyclic closure of nets.absidealdiff_d","New ties: WW=>X cyclic closure of nets.absidealdiff_d","cyWWX","nets.absidealdiff_d","","creation",FALSE,FALSE,FALSE,FALSE,FALSE,",",0,0,"objective",NA,NA,0,0,0,0,"dyadic",FALSE,"","oneMode","Group1",1,171,"dv.net|creation|cyWWX|nets.absidealdiff_d||0|1|NA","unused_native_template"
"dv.net","WW=>X shared incoming nets.absidealdiff_d","WW=>X incoming shared nets.absidealdiff_d","InWWX","nets.absidealdiff_d","","eval",FALSE,FALSE,FALSE,FALSE,FALSE,",",0,0,"objective",NA,NA,0,0,0,0,"dyadic",FALSE,"","oneMode","Group1",1,172,"dv.net|eval|InWWX|nets.absidealdiff_d||0|1|NA","unused_native_template"
"dv.net","WW=>X shared incoming nets.absidealdiff_d","Lost ties: WW=>X incoming shared nets.absidealdiff_d","InWWX","nets.absidealdiff_d","","endow",FALSE,FALSE,FALSE,FALSE,FALSE,",",0,0,"objective",NA,NA,0,0,0,0,"dyadic",FALSE,"","oneMode","Group1",1,173,"dv.net|endow|InWWX|nets.absidealdiff_d||0|1|NA","unused_native_template"
"dv.net","WW=>X shared incoming nets.absidealdiff_d","New ties: WW=>X incoming shared nets.absidealdiff_d","InWWX","nets.absidealdiff_d","","creation",FALSE,FALSE,FALSE,FALSE,FALSE,",",0,0,"objective",NA,NA,0,0,0,0,"dyadic",FALSE,"","oneMode","Group1",1,174,"dv.net|creation|InWWX|nets.absidealdiff_d||0|1|NA","unused_native_template"
"dv.net","WW=>X shared outgoing nets.absidealdiff_d","WW=>X outgoing shared nets.absidealdiff_d","OutWWX","nets.absidealdiff_d","","eval",FALSE,FALSE,FALSE,FALSE,FALSE,",",0,0,"objective",NA,NA,0,0,0,0,"dyadic",FALSE,"","oneMode","Group1",1,175,"dv.net|eval|OutWWX|nets.absidealdiff_d||0|1|NA","unused_native_template"
"dv.net","WW=>X shared outgoing nets.absidealdiff_d","Lost ties: WW=>X outgoing shared nets.absidealdiff_d","OutWWX","nets.absidealdiff_d","","endow",FALSE,FALSE,FALSE,FALSE,FALSE,",",0,0,"objective",NA,NA,0,0,0,0,"dyadic",FALSE,"","oneMode","Group1",1,176,"dv.net|endow|OutWWX|nets.absidealdiff_d||0|1|NA","unused_native_template"
"dv.net","WW=>X shared outgoing nets.absidealdiff_d","New ties: WW=>X outgoing shared nets.absidealdiff_d","OutWWX","nets.absidealdiff_d","","creation",FALSE,FALSE,FALSE,FALSE,FALSE,",",0,0,"objective",NA,NA,0,0,0,0,"dyadic",FALSE,"","oneMode","Group1",1,177,"dv.net|creation|OutWWX|nets.absidealdiff_d||0|1|NA","unused_native_template"
"dv.net","WX=>X closure of nets.absidealdiff_d","WX=>X closure of nets.absidealdiff_d","WXX","nets.absidealdiff_d","","eval",FALSE,FALSE,FALSE,FALSE,FALSE,",",0,0,"objective",NA,NA,0,0,0,0,"dyadic",FALSE,"","oneMode","Group1",1,178,"dv.net|eval|WXX|nets.absidealdiff_d||0|1|NA","unused_native_template"
"dv.net","WX=>X closure of nets.absidealdiff_d","Lost ties: WX=>X closure of nets.absidealdiff_d","WXX","nets.absidealdiff_d","","endow",FALSE,FALSE,FALSE,FALSE,FALSE,",",0,0,"objective",NA,NA,0,0,0,0,"dyadic",FALSE,"","oneMode","Group1",1,179,"dv.net|endow|WXX|nets.absidealdiff_d||0|1|NA","unused_native_template"
"dv.net","WX=>X closure of nets.absidealdiff_d","New ties: WX=>X closure of nets.absidealdiff_d","WXX","nets.absidealdiff_d","","creation",FALSE,FALSE,FALSE,FALSE,FALSE,",",0,0,"objective",NA,NA,0,0,0,0,"dyadic",FALSE,"","oneMode","Group1",1,180,"dv.net|creation|WXX|nets.absidealdiff_d||0|1|NA","unused_native_template"
"dv.net","XW=>X closure of nets.absidealdiff_d","XW=>X closure of nets.absidealdiff_d","XWX","nets.absidealdiff_d","","eval",FALSE,FALSE,FALSE,FALSE,FALSE,",",0,0,"objective",NA,NA,0,0,0,0,"",FALSE,"","oneMode","Group1",1,181,"dv.net|eval|XWX|nets.absidealdiff_d||0|1|NA","unused_native_template"
"dv.net","XW=>X closure of nets.absidealdiff_d","Lost ties: XW=>X closure of nets.absidealdiff_d","XWX","nets.absidealdiff_d","","endow",FALSE,FALSE,FALSE,FALSE,FALSE,",",0,0,"objective",NA,NA,0,0,0,0,"",FALSE,"","oneMode","Group1",1,182,"dv.net|endow|XWX|nets.absidealdiff_d||0|1|NA","unused_native_template"
"dv.net","XW=>X closure of nets.absidealdiff_d","New ties: XW=>X closure of nets.absidealdiff_d","XWX","nets.absidealdiff_d","","creation",FALSE,FALSE,FALSE,FALSE,FALSE,",",0,0,"objective",NA,NA,0,0,0,0,"",FALSE,"","oneMode","Group1",1,183,"dv.net|creation|XWX|nets.absidealdiff_d||0|1|NA","unused_native_template"
"dv.net","XW=>X closure1 of nets.absidealdiff_d","XW=>X closure1 of nets.absidealdiff_d","XWX1","nets.absidealdiff_d","","eval",FALSE,FALSE,FALSE,FALSE,FALSE,",",0,0,"objective",NA,NA,0,0,0,0,"",FALSE,"","oneMode","Group1",1,184,"dv.net|eval|XWX1|nets.absidealdiff_d||0|1|NA","unused_native_template"
"dv.net","XW=>X closure2 of nets.absidealdiff_d","XW=>X closure2 of nets.absidealdiff_d","XWX2","nets.absidealdiff_d","","eval",FALSE,FALSE,FALSE,FALSE,FALSE,",",0,0,"objective",NA,NA,0,0,0,0,"",FALSE,"","oneMode","Group1",1,185,"dv.net|eval|XWX2|nets.absidealdiff_d||0|1|NA","unused_native_template"
"dv.net","nets.absidealdiff_d-weighted two-paths","sum nets.absidealdiff_d-weighted two-paths","XXW","nets.absidealdiff_d","","eval",FALSE,FALSE,FALSE,FALSE,FALSE,",",0,0,"objective",NA,NA,0,0,0,0,"",FALSE,"","oneMode","Group1",1,186,"dv.net|eval|XXW|nets.absidealdiff_d||0|1|NA","unused_native_template"
"dv.net","nets.absidealdiff_d-weighted two-paths","Lost ties: sum nets.absidealdiff_d-weighted two-paths","XXW","nets.absidealdiff_d","","endow",FALSE,FALSE,FALSE,FALSE,FALSE,",",0,0,"objective",NA,NA,0,0,0,0,"",FALSE,"","oneMode","Group1",1,187,"dv.net|endow|XXW|nets.absidealdiff_d||0|1|NA","unused_native_template"
"dv.net","nets.absidealdiff_d-weighted two-paths","New ties: sum nets.absidealdiff_d-weighted two-paths","XXW","nets.absidealdiff_d","","creation",FALSE,FALSE,FALSE,FALSE,FALSE,",",0,0,"objective",NA,NA,0,0,0,0,"",FALSE,"","oneMode","Group1",1,188,"dv.net|creation|XXW|nets.absidealdiff_d||0|1|NA","unused_native_template"
"dv.net","nets.lntrade_d","Sum of ties x nets.lntrade_d","X","nets.lntrade_d","","eval",FALSE,TRUE,FALSE,FALSE,FALSE,",",0,0,"objective",NA,NA,0,0,0,0,"dyadic",FALSE,"","oneMode","Group1",1,189,"network|atom(X|0|nets.lntrade_d)","original_control_or_spending"
"dv.net","nets.lntrade_d","Lost ties: Sum of ties x nets.lntrade_d","X","nets.lntrade_d","","endow",FALSE,FALSE,FALSE,FALSE,FALSE,",",0,0,"objective",NA,NA,0,0,0,0,"dyadic",FALSE,"","oneMode","Group1",1,190,"dv.net|endow|X|nets.lntrade_d||0|1|NA","unused_native_template"
"dv.net","nets.lntrade_d","New ties: Sum of ties x nets.lntrade_d","X","nets.lntrade_d","","creation",FALSE,FALSE,FALSE,FALSE,FALSE,",",0,0,"objective",NA,NA,0,0,0,0,"dyadic",FALSE,"","oneMode","Group1",1,191,"dv.net|creation|X|nets.lntrade_d||0|1|NA","unused_native_template"
"dv.net","nets.lntrade_d x reciprocity","Sum reciprocated  ties x nets.lntrade_d","XRecip","nets.lntrade_d","","eval",FALSE,FALSE,FALSE,FALSE,FALSE,",",0,0,"objective",NA,NA,0,0,0,0,"dyadic",FALSE,"","oneMode","Group1",1,192,"dv.net|eval|XRecip|nets.lntrade_d||0|1|NA","unused_native_template"
"dv.net","nets.lntrade_d x reciprocity","Lost ties: Sum reciprocated  ties x nets.lntrade_d","XRecip","nets.lntrade_d","","endow",FALSE,FALSE,FALSE,FALSE,FALSE,",",0,0,"objective",NA,NA,0,0,0,0,"dyadic",FALSE,"","oneMode","Group1",1,193,"dv.net|endow|XRecip|nets.lntrade_d||0|1|NA","unused_native_template"
"dv.net","nets.lntrade_d x reciprocity","New ties: Sum reciprocated  ties x nets.lntrade_d","XRecip","nets.lntrade_d","","creation",FALSE,FALSE,FALSE,FALSE,FALSE,",",0,0,"objective",NA,NA,0,0,0,0,"dyadic",FALSE,"","oneMode","Group1",1,194,"dv.net|creation|XRecip|nets.lntrade_d||0|1|NA","unused_native_template"
"dv.net","WW=>X closure of nets.lntrade_d","WW=>X closure of nets.lntrade_d","WWX","nets.lntrade_d","","eval",FALSE,FALSE,FALSE,FALSE,FALSE,",",0,0,"objective",NA,NA,0,0,0,0,"dyadic",FALSE,"","oneMode","Group1",1,195,"dv.net|eval|WWX|nets.lntrade_d||0|1|NA","unused_native_template"
"dv.net","WW=>X closure of nets.lntrade_d","Lost ties: WW=>X closure of nets.lntrade_d","WWX","nets.lntrade_d","","endow",FALSE,FALSE,FALSE,FALSE,FALSE,",",0,0,"objective",NA,NA,0,0,0,0,"dyadic",FALSE,"","oneMode","Group1",1,196,"dv.net|endow|WWX|nets.lntrade_d||0|1|NA","unused_native_template"
"dv.net","WW=>X closure of nets.lntrade_d","New ties: WW=>X closure of nets.lntrade_d","WWX","nets.lntrade_d","","creation",FALSE,FALSE,FALSE,FALSE,FALSE,",",0,0,"objective",NA,NA,0,0,0,0,"dyadic",FALSE,"","oneMode","Group1",1,197,"dv.net|creation|WWX|nets.lntrade_d||0|1|NA","unused_native_template"
"dv.net","WW=>X cyclic closure of nets.lntrade_d","WW=>X cyclic closure of nets.lntrade_d","cyWWX","nets.lntrade_d","","eval",FALSE,FALSE,FALSE,FALSE,FALSE,",",0,0,"objective",NA,NA,0,0,0,0,"dyadic",FALSE,"","oneMode","Group1",1,198,"dv.net|eval|cyWWX|nets.lntrade_d||0|1|NA","unused_native_template"
"dv.net","WW=>X cyclic closure of nets.lntrade_d","Lost ties: WW=>X cyclic closure of nets.lntrade_d","cyWWX","nets.lntrade_d","","endow",FALSE,FALSE,FALSE,FALSE,FALSE,",",0,0,"objective",NA,NA,0,0,0,0,"dyadic",FALSE,"","oneMode","Group1",1,199,"dv.net|endow|cyWWX|nets.lntrade_d||0|1|NA","unused_native_template"
"dv.net","WW=>X cyclic closure of nets.lntrade_d","New ties: WW=>X cyclic closure of nets.lntrade_d","cyWWX","nets.lntrade_d","","creation",FALSE,FALSE,FALSE,FALSE,FALSE,",",0,0,"objective",NA,NA,0,0,0,0,"dyadic",FALSE,"","oneMode","Group1",1,200,"dv.net|creation|cyWWX|nets.lntrade_d||0|1|NA","unused_native_template"
"dv.net","WW=>X shared incoming nets.lntrade_d","WW=>X incoming shared nets.lntrade_d","InWWX","nets.lntrade_d","","eval",FALSE,FALSE,FALSE,FALSE,FALSE,",",0,0,"objective",NA,NA,0,0,0,0,"dyadic",FALSE,"","oneMode","Group1",1,201,"dv.net|eval|InWWX|nets.lntrade_d||0|1|NA","unused_native_template"
"dv.net","WW=>X shared incoming nets.lntrade_d","Lost ties: WW=>X incoming shared nets.lntrade_d","InWWX","nets.lntrade_d","","endow",FALSE,FALSE,FALSE,FALSE,FALSE,",",0,0,"objective",NA,NA,0,0,0,0,"dyadic",FALSE,"","oneMode","Group1",1,202,"dv.net|endow|InWWX|nets.lntrade_d||0|1|NA","unused_native_template"
"dv.net","WW=>X shared incoming nets.lntrade_d","New ties: WW=>X incoming shared nets.lntrade_d","InWWX","nets.lntrade_d","","creation",FALSE,FALSE,FALSE,FALSE,FALSE,",",0,0,"objective",NA,NA,0,0,0,0,"dyadic",FALSE,"","oneMode","Group1",1,203,"dv.net|creation|InWWX|nets.lntrade_d||0|1|NA","unused_native_template"
"dv.net","WW=>X shared outgoing nets.lntrade_d","WW=>X outgoing shared nets.lntrade_d","OutWWX","nets.lntrade_d","","eval",FALSE,FALSE,FALSE,FALSE,FALSE,",",0,0,"objective",NA,NA,0,0,0,0,"dyadic",FALSE,"","oneMode","Group1",1,204,"dv.net|eval|OutWWX|nets.lntrade_d||0|1|NA","unused_native_template"
"dv.net","WW=>X shared outgoing nets.lntrade_d","Lost ties: WW=>X outgoing shared nets.lntrade_d","OutWWX","nets.lntrade_d","","endow",FALSE,FALSE,FALSE,FALSE,FALSE,",",0,0,"objective",NA,NA,0,0,0,0,"dyadic",FALSE,"","oneMode","Group1",1,205,"dv.net|endow|OutWWX|nets.lntrade_d||0|1|NA","unused_native_template"
"dv.net","WW=>X shared outgoing nets.lntrade_d","New ties: WW=>X outgoing shared nets.lntrade_d","OutWWX","nets.lntrade_d","","creation",FALSE,FALSE,FALSE,FALSE,FALSE,",",0,0,"objective",NA,NA,0,0,0,0,"dyadic",FALSE,"","oneMode","Group1",1,206,"dv.net|creation|OutWWX|nets.lntrade_d||0|1|NA","unused_native_template"
"dv.net","WX=>X closure of nets.lntrade_d","WX=>X closure of nets.lntrade_d","WXX","nets.lntrade_d","","eval",FALSE,FALSE,FALSE,FALSE,FALSE,",",0,0,"objective",NA,NA,0,0,0,0,"dyadic",FALSE,"","oneMode","Group1",1,207,"dv.net|eval|WXX|nets.lntrade_d||0|1|NA","unused_native_template"
"dv.net","WX=>X closure of nets.lntrade_d","Lost ties: WX=>X closure of nets.lntrade_d","WXX","nets.lntrade_d","","endow",FALSE,FALSE,FALSE,FALSE,FALSE,",",0,0,"objective",NA,NA,0,0,0,0,"dyadic",FALSE,"","oneMode","Group1",1,208,"dv.net|endow|WXX|nets.lntrade_d||0|1|NA","unused_native_template"
"dv.net","WX=>X closure of nets.lntrade_d","New ties: WX=>X closure of nets.lntrade_d","WXX","nets.lntrade_d","","creation",FALSE,FALSE,FALSE,FALSE,FALSE,",",0,0,"objective",NA,NA,0,0,0,0,"dyadic",FALSE,"","oneMode","Group1",1,209,"dv.net|creation|WXX|nets.lntrade_d||0|1|NA","unused_native_template"
"dv.net","XW=>X closure of nets.lntrade_d","XW=>X closure of nets.lntrade_d","XWX","nets.lntrade_d","","eval",FALSE,FALSE,FALSE,FALSE,FALSE,",",0,0,"objective",NA,NA,0,0,0,0,"",FALSE,"","oneMode","Group1",1,210,"dv.net|eval|XWX|nets.lntrade_d||0|1|NA","unused_native_template"
"dv.net","XW=>X closure of nets.lntrade_d","Lost ties: XW=>X closure of nets.lntrade_d","XWX","nets.lntrade_d","","endow",FALSE,FALSE,FALSE,FALSE,FALSE,",",0,0,"objective",NA,NA,0,0,0,0,"",FALSE,"","oneMode","Group1",1,211,"dv.net|endow|XWX|nets.lntrade_d||0|1|NA","unused_native_template"
"dv.net","XW=>X closure of nets.lntrade_d","New ties: XW=>X closure of nets.lntrade_d","XWX","nets.lntrade_d","","creation",FALSE,FALSE,FALSE,FALSE,FALSE,",",0,0,"objective",NA,NA,0,0,0,0,"",FALSE,"","oneMode","Group1",1,212,"dv.net|creation|XWX|nets.lntrade_d||0|1|NA","unused_native_template"
"dv.net","XW=>X closure1 of nets.lntrade_d","XW=>X closure1 of nets.lntrade_d","XWX1","nets.lntrade_d","","eval",FALSE,FALSE,FALSE,FALSE,FALSE,",",0,0,"objective",NA,NA,0,0,0,0,"",FALSE,"","oneMode","Group1",1,213,"dv.net|eval|XWX1|nets.lntrade_d||0|1|NA","unused_native_template"
"dv.net","XW=>X closure2 of nets.lntrade_d","XW=>X closure2 of nets.lntrade_d","XWX2","nets.lntrade_d","","eval",FALSE,FALSE,FALSE,FALSE,FALSE,",",0,0,"objective",NA,NA,0,0,0,0,"",FALSE,"","oneMode","Group1",1,214,"dv.net|eval|XWX2|nets.lntrade_d||0|1|NA","unused_native_template"
"dv.net","nets.lntrade_d-weighted two-paths","sum nets.lntrade_d-weighted two-paths","XXW","nets.lntrade_d","","eval",FALSE,FALSE,FALSE,FALSE,FALSE,",",0,0,"objective",NA,NA,0,0,0,0,"",FALSE,"","oneMode","Group1",1,215,"dv.net|eval|XXW|nets.lntrade_d||0|1|NA","unused_native_template"
"dv.net","nets.lntrade_d-weighted two-paths","Lost ties: sum nets.lntrade_d-weighted two-paths","XXW","nets.lntrade_d","","endow",FALSE,FALSE,FALSE,FALSE,FALSE,",",0,0,"objective",NA,NA,0,0,0,0,"",FALSE,"","oneMode","Group1",1,216,"dv.net|endow|XXW|nets.lntrade_d||0|1|NA","unused_native_template"
"dv.net","nets.lntrade_d-weighted two-paths","New ties: sum nets.lntrade_d-weighted two-paths","XXW","nets.lntrade_d","","creation",FALSE,FALSE,FALSE,FALSE,FALSE,",",0,0,"objective",NA,NA,0,0,0,0,"",FALSE,"","oneMode","Group1",1,217,"dv.net|creation|XXW|nets.lntrade_d||0|1|NA","unused_native_template"
"dv.net","nets.NATO_d","Sum of ties x nets.NATO_d","X","nets.NATO_d","","eval",FALSE,TRUE,FALSE,FALSE,FALSE,",",0,0,"objective",NA,NA,0,0,0,0,"dyadic",FALSE,"","oneMode","Group1",1,218,"network|atom(X|0|nets.NATO_d)","original_control_or_spending"
"dv.net","nets.NATO_d","Lost ties: Sum of ties x nets.NATO_d","X","nets.NATO_d","","endow",FALSE,FALSE,FALSE,FALSE,FALSE,",",0,0,"objective",NA,NA,0,0,0,0,"dyadic",FALSE,"","oneMode","Group1",1,219,"dv.net|endow|X|nets.NATO_d||0|1|NA","unused_native_template"
"dv.net","nets.NATO_d","New ties: Sum of ties x nets.NATO_d","X","nets.NATO_d","","creation",FALSE,FALSE,FALSE,FALSE,FALSE,",",0,0,"objective",NA,NA,0,0,0,0,"dyadic",FALSE,"","oneMode","Group1",1,220,"dv.net|creation|X|nets.NATO_d||0|1|NA","unused_native_template"
"dv.net","nets.NATO_d x reciprocity","Sum reciprocated  ties x nets.NATO_d","XRecip","nets.NATO_d","","eval",FALSE,FALSE,FALSE,FALSE,FALSE,",",0,0,"objective",NA,NA,0,0,0,0,"dyadic",FALSE,"","oneMode","Group1",1,221,"dv.net|eval|XRecip|nets.NATO_d||0|1|NA","unused_native_template"
"dv.net","nets.NATO_d x reciprocity","Lost ties: Sum reciprocated  ties x nets.NATO_d","XRecip","nets.NATO_d","","endow",FALSE,FALSE,FALSE,FALSE,FALSE,",",0,0,"objective",NA,NA,0,0,0,0,"dyadic",FALSE,"","oneMode","Group1",1,222,"dv.net|endow|XRecip|nets.NATO_d||0|1|NA","unused_native_template"
"dv.net","nets.NATO_d x reciprocity","New ties: Sum reciprocated  ties x nets.NATO_d","XRecip","nets.NATO_d","","creation",FALSE,FALSE,FALSE,FALSE,FALSE,",",0,0,"objective",NA,NA,0,0,0,0,"dyadic",FALSE,"","oneMode","Group1",1,223,"dv.net|creation|XRecip|nets.NATO_d||0|1|NA","unused_native_template"
"dv.net","WW=>X closure of nets.NATO_d","WW=>X closure of nets.NATO_d","WWX","nets.NATO_d","","eval",FALSE,FALSE,FALSE,FALSE,FALSE,",",0,0,"objective",NA,NA,0,0,0,0,"dyadic",FALSE,"","oneMode","Group1",1,224,"dv.net|eval|WWX|nets.NATO_d||0|1|NA","unused_native_template"
"dv.net","WW=>X closure of nets.NATO_d","Lost ties: WW=>X closure of nets.NATO_d","WWX","nets.NATO_d","","endow",FALSE,FALSE,FALSE,FALSE,FALSE,",",0,0,"objective",NA,NA,0,0,0,0,"dyadic",FALSE,"","oneMode","Group1",1,225,"dv.net|endow|WWX|nets.NATO_d||0|1|NA","unused_native_template"
"dv.net","WW=>X closure of nets.NATO_d","New ties: WW=>X closure of nets.NATO_d","WWX","nets.NATO_d","","creation",FALSE,FALSE,FALSE,FALSE,FALSE,",",0,0,"objective",NA,NA,0,0,0,0,"dyadic",FALSE,"","oneMode","Group1",1,226,"dv.net|creation|WWX|nets.NATO_d||0|1|NA","unused_native_template"
"dv.net","WW=>X cyclic closure of nets.NATO_d","WW=>X cyclic closure of nets.NATO_d","cyWWX","nets.NATO_d","","eval",FALSE,FALSE,FALSE,FALSE,FALSE,",",0,0,"objective",NA,NA,0,0,0,0,"dyadic",FALSE,"","oneMode","Group1",1,227,"dv.net|eval|cyWWX|nets.NATO_d||0|1|NA","unused_native_template"
"dv.net","WW=>X cyclic closure of nets.NATO_d","Lost ties: WW=>X cyclic closure of nets.NATO_d","cyWWX","nets.NATO_d","","endow",FALSE,FALSE,FALSE,FALSE,FALSE,",",0,0,"objective",NA,NA,0,0,0,0,"dyadic",FALSE,"","oneMode","Group1",1,228,"dv.net|endow|cyWWX|nets.NATO_d||0|1|NA","unused_native_template"
"dv.net","WW=>X cyclic closure of nets.NATO_d","New ties: WW=>X cyclic closure of nets.NATO_d","cyWWX","nets.NATO_d","","creation",FALSE,FALSE,FALSE,FALSE,FALSE,",",0,0,"objective",NA,NA,0,0,0,0,"dyadic",FALSE,"","oneMode","Group1",1,229,"dv.net|creation|cyWWX|nets.NATO_d||0|1|NA","unused_native_template"
"dv.net","WW=>X shared incoming nets.NATO_d","WW=>X incoming shared nets.NATO_d","InWWX","nets.NATO_d","","eval",FALSE,FALSE,FALSE,FALSE,FALSE,",",0,0,"objective",NA,NA,0,0,0,0,"dyadic",FALSE,"","oneMode","Group1",1,230,"dv.net|eval|InWWX|nets.NATO_d||0|1|NA","unused_native_template"
"dv.net","WW=>X shared incoming nets.NATO_d","Lost ties: WW=>X incoming shared nets.NATO_d","InWWX","nets.NATO_d","","endow",FALSE,FALSE,FALSE,FALSE,FALSE,",",0,0,"objective",NA,NA,0,0,0,0,"dyadic",FALSE,"","oneMode","Group1",1,231,"dv.net|endow|InWWX|nets.NATO_d||0|1|NA","unused_native_template"
"dv.net","WW=>X shared incoming nets.NATO_d","New ties: WW=>X incoming shared nets.NATO_d","InWWX","nets.NATO_d","","creation",FALSE,FALSE,FALSE,FALSE,FALSE,",",0,0,"objective",NA,NA,0,0,0,0,"dyadic",FALSE,"","oneMode","Group1",1,232,"dv.net|creation|InWWX|nets.NATO_d||0|1|NA","unused_native_template"
"dv.net","WW=>X shared outgoing nets.NATO_d","WW=>X outgoing shared nets.NATO_d","OutWWX","nets.NATO_d","","eval",FALSE,FALSE,FALSE,FALSE,FALSE,",",0,0,"objective",NA,NA,0,0,0,0,"dyadic",FALSE,"","oneMode","Group1",1,233,"dv.net|eval|OutWWX|nets.NATO_d||0|1|NA","unused_native_template"
"dv.net","WW=>X shared outgoing nets.NATO_d","Lost ties: WW=>X outgoing shared nets.NATO_d","OutWWX","nets.NATO_d","","endow",FALSE,FALSE,FALSE,FALSE,FALSE,",",0,0,"objective",NA,NA,0,0,0,0,"dyadic",FALSE,"","oneMode","Group1",1,234,"dv.net|endow|OutWWX|nets.NATO_d||0|1|NA","unused_native_template"
"dv.net","WW=>X shared outgoing nets.NATO_d","New ties: WW=>X outgoing shared nets.NATO_d","OutWWX","nets.NATO_d","","creation",FALSE,FALSE,FALSE,FALSE,FALSE,",",0,0,"objective",NA,NA,0,0,0,0,"dyadic",FALSE,"","oneMode","Group1",1,235,"dv.net|creation|OutWWX|nets.NATO_d||0|1|NA","unused_native_template"
"dv.net","WX=>X closure of nets.NATO_d","WX=>X closure of nets.NATO_d","WXX","nets.NATO_d","","eval",FALSE,FALSE,FALSE,FALSE,FALSE,",",0,0,"objective",NA,NA,0,0,0,0,"dyadic",FALSE,"","oneMode","Group1",1,236,"dv.net|eval|WXX|nets.NATO_d||0|1|NA","unused_native_template"
"dv.net","WX=>X closure of nets.NATO_d","Lost ties: WX=>X closure of nets.NATO_d","WXX","nets.NATO_d","","endow",FALSE,FALSE,FALSE,FALSE,FALSE,",",0,0,"objective",NA,NA,0,0,0,0,"dyadic",FALSE,"","oneMode","Group1",1,237,"dv.net|endow|WXX|nets.NATO_d||0|1|NA","unused_native_template"
"dv.net","WX=>X closure of nets.NATO_d","New ties: WX=>X closure of nets.NATO_d","WXX","nets.NATO_d","","creation",FALSE,FALSE,FALSE,FALSE,FALSE,",",0,0,"objective",NA,NA,0,0,0,0,"dyadic",FALSE,"","oneMode","Group1",1,238,"dv.net|creation|WXX|nets.NATO_d||0|1|NA","unused_native_template"
"dv.net","XW=>X closure of nets.NATO_d","XW=>X closure of nets.NATO_d","XWX","nets.NATO_d","","eval",FALSE,FALSE,FALSE,FALSE,FALSE,",",0,0,"objective",NA,NA,0,0,0,0,"",FALSE,"","oneMode","Group1",1,239,"dv.net|eval|XWX|nets.NATO_d||0|1|NA","unused_native_template"
"dv.net","XW=>X closure of nets.NATO_d","Lost ties: XW=>X closure of nets.NATO_d","XWX","nets.NATO_d","","endow",FALSE,FALSE,FALSE,FALSE,FALSE,",",0,0,"objective",NA,NA,0,0,0,0,"",FALSE,"","oneMode","Group1",1,240,"dv.net|endow|XWX|nets.NATO_d||0|1|NA","unused_native_template"
"dv.net","XW=>X closure of nets.NATO_d","New ties: XW=>X closure of nets.NATO_d","XWX","nets.NATO_d","","creation",FALSE,FALSE,FALSE,FALSE,FALSE,",",0,0,"objective",NA,NA,0,0,0,0,"",FALSE,"","oneMode","Group1",1,241,"dv.net|creation|XWX|nets.NATO_d||0|1|NA","unused_native_template"
"dv.net","XW=>X closure1 of nets.NATO_d","XW=>X closure1 of nets.NATO_d","XWX1","nets.NATO_d","","eval",FALSE,FALSE,FALSE,FALSE,FALSE,",",0,0,"objective",NA,NA,0,0,0,0,"",FALSE,"","oneMode","Group1",1,242,"dv.net|eval|XWX1|nets.NATO_d||0|1|NA","unused_native_template"
"dv.net","XW=>X closure2 of nets.NATO_d","XW=>X closure2 of nets.NATO_d","XWX2","nets.NATO_d","","eval",FALSE,FALSE,FALSE,FALSE,FALSE,",",0,0,"objective",NA,NA,0,0,0,0,"",FALSE,"","oneMode","Group1",1,243,"dv.net|eval|XWX2|nets.NATO_d||0|1|NA","unused_native_template"
"dv.net","nets.NATO_d-weighted two-paths","sum nets.NATO_d-weighted two-paths","XXW","nets.NATO_d","","eval",FALSE,FALSE,FALSE,FALSE,FALSE,",",0,0,"objective",NA,NA,0,0,0,0,"",FALSE,"","oneMode","Group1",1,244,"dv.net|eval|XXW|nets.NATO_d||0|1|NA","unused_native_template"
"dv.net","nets.NATO_d-weighted two-paths","Lost ties: sum nets.NATO_d-weighted two-paths","XXW","nets.NATO_d","","endow",FALSE,FALSE,FALSE,FALSE,FALSE,",",0,0,"objective",NA,NA,0,0,0,0,"",FALSE,"","oneMode","Group1",1,245,"dv.net|endow|XXW|nets.NATO_d||0|1|NA","unused_native_template"
"dv.net","nets.NATO_d-weighted two-paths","New ties: sum nets.NATO_d-weighted two-paths","XXW","nets.NATO_d","","creation",FALSE,FALSE,FALSE,FALSE,FALSE,",",0,0,"objective",NA,NA,0,0,0,0,"",FALSE,"","oneMode","Group1",1,246,"dv.net|creation|XXW|nets.NATO_d||0|1|NA","unused_native_template"
"dv.net","milex.beh alter","Sum of degrees x milex.beh","altX","milex.beh","","eval",FALSE,TRUE,FALSE,FALSE,FALSE,",",0,0,"objective",NA,NA,0,0,0,0,"dyadic",FALSE,"","oneMode","Group1",1,247,"network|atom(altX|0|milex.beh)","original_control_or_spending"
"dv.net","milex.beh alter","Lost ties: Sum of degrees x milex.beh","altX","milex.beh","","endow",FALSE,FALSE,FALSE,FALSE,FALSE,",",0,0,"objective",NA,NA,0,0,0,0,"dyadic",FALSE,"","oneMode","Group1",1,248,"dv.net|endow|altX|milex.beh||0|1|NA","unused_native_template"
"dv.net","milex.beh alter","New ties: Sum of degrees x milex.beh","altX","milex.beh","","creation",FALSE,FALSE,FALSE,FALSE,FALSE,",",0,0,"objective",NA,NA,0,0,0,0,"dyadic",FALSE,"","oneMode","Group1",1,249,"dv.net|creation|altX|milex.beh||0|1|NA","unused_native_template"
"dv.net","milex.beh squared alt","Sum of degrees x squared milex.beh","altSqX","milex.beh","","eval",FALSE,FALSE,FALSE,FALSE,FALSE,",",0,0,"objective",NA,NA,0,0,0,0,"dyadic",FALSE,"","oneMode","Group1",1,250,"dv.net|eval|altSqX|milex.beh||0|1|NA","unused_native_template"
"dv.net","milex.beh squared alt","Lost ties: Sum of degrees x squared milex.beh","altSqX","milex.beh","","endow",FALSE,FALSE,FALSE,FALSE,FALSE,",",0,0,"objective",NA,NA,0,0,0,0,"dyadic",FALSE,"","oneMode","Group1",1,251,"dv.net|endow|altSqX|milex.beh||0|1|NA","unused_native_template"
"dv.net","milex.beh squared alt","New ties: Sum of degrees x squared milex.beh","altSqX","milex.beh","","creation",FALSE,FALSE,FALSE,FALSE,FALSE,",",0,0,"objective",NA,NA,0,0,0,0,"dyadic",FALSE,"","oneMode","Group1",1,252,"dv.net|creation|altSqX|milex.beh||0|1|NA","unused_native_template"
"dv.net","milex.beh left thr. (0) alter","Sum degr. * (milex.beh <= 0)","altLThresholdX","milex.beh","","eval",FALSE,FALSE,FALSE,FALSE,FALSE,",",0,0,"objective",NA,NA,0,0,0,0,"ego",FALSE,"","oneMode","Group1",1,253,"dv.net|eval|altLThresholdX|milex.beh||0|1|NA","unused_native_template"
"dv.net","milex.beh left thr. (0) alter","Lost ties: Sum degr. * (milex.beh <= 0)","altLThresholdX","milex.beh","","endow",FALSE,FALSE,FALSE,FALSE,FALSE,",",0,0,"objective",NA,NA,0,0,0,0,"ego",FALSE,"","oneMode","Group1",1,254,"dv.net|endow|altLThresholdX|milex.beh||0|1|NA","unused_native_template"
"dv.net","milex.beh left thr. (0) alter","New ties: Sum degr. * (milex.beh <= 0)","altLThresholdX","milex.beh","","creation",FALSE,FALSE,FALSE,FALSE,FALSE,",",0,0,"objective",NA,NA,0,0,0,0,"ego",FALSE,"","oneMode","Group1",1,255,"dv.net|creation|altLThresholdX|milex.beh||0|1|NA","unused_native_template"
"dv.net","milex.beh right thr. (0) alter","Sum degr. * (milex.beh >= 0)","altRThresholdX","milex.beh","","eval",FALSE,FALSE,FALSE,FALSE,FALSE,",",0,0,"objective",NA,NA,0,0,0,0,"ego",FALSE,"","oneMode","Group1",1,256,"dv.net|eval|altRThresholdX|milex.beh||0|1|NA","unused_native_template"
"dv.net","milex.beh right thr. (0) alter","Lost ties: Sum degr. * (milex.beh >= 0)","altRThresholdX","milex.beh","","endow",FALSE,FALSE,FALSE,FALSE,FALSE,",",0,0,"objective",NA,NA,0,0,0,0,"ego",FALSE,"","oneMode","Group1",1,257,"dv.net|endow|altRThresholdX|milex.beh||0|1|NA","unused_native_template"
"dv.net","milex.beh right thr. (0) alter","New ties: Sum degr. * (milex.beh >= 0)","altRThresholdX","milex.beh","","creation",FALSE,FALSE,FALSE,FALSE,FALSE,",",0,0,"objective",NA,NA,0,0,0,0,"ego",FALSE,"","oneMode","Group1",1,258,"dv.net|creation|altRThresholdX|milex.beh||0|1|NA","unused_native_template"
"dv.net","milex.beh ego","Sum of degrees x milex.beh","egoX","milex.beh","","eval",FALSE,FALSE,FALSE,FALSE,FALSE,",",0,0,"objective",NA,NA,0,0,0,0,"ego",FALSE,"","oneMode","Group1",1,259,"network|atom(egoX|0|milex.beh)","unused_native_template"
"dv.net","milex.beh ego","Lost ties: Sum of degrees x milex.beh","egoX","milex.beh","","endow",FALSE,FALSE,FALSE,FALSE,FALSE,",",0,0,"objective",NA,NA,0,0,0,0,"ego",FALSE,"","oneMode","Group1",1,260,"dv.net|endow|egoX|milex.beh||0|1|NA","unused_native_template"
"dv.net","milex.beh ego","New ties: Sum of degrees x milex.beh","egoX","milex.beh","","creation",FALSE,FALSE,FALSE,FALSE,FALSE,",",0,0,"objective",NA,NA,0,0,0,0,"ego",FALSE,"","oneMode","Group1",1,261,"dv.net|creation|egoX|milex.beh||0|1|NA","unused_native_template"
"dv.net","milex.beh ego","Gmm statistic: Sum of degrees x milex.beh","egoX_gmm","milex.beh","","gmm",FALSE,FALSE,FALSE,TRUE,FALSE,",",0,0,"gmm",NA,NA,0,0,0,0,"ego",FALSE,"","oneMode","Group1",1,262,"dv.net|gmm|egoX_gmm|milex.beh||0|1|NA","unused_native_template"
"dv.net","milex.beh squared ego","Sum of degrees x squared milex.beh","egoSqX","milex.beh","","eval",FALSE,FALSE,FALSE,FALSE,FALSE,",",0,0,"objective",NA,NA,0,0,0,0,"dyadic",FALSE,"","oneMode","Group1",1,263,"dv.net|eval|egoSqX|milex.beh||0|1|NA","unused_native_template"
"dv.net","milex.beh squared ego","Lost ties: Sum of degrees x squared milex.beh","egoSqX","milex.beh","","endow",FALSE,FALSE,FALSE,FALSE,FALSE,",",0,0,"objective",NA,NA,0,0,0,0,"dyadic",FALSE,"","oneMode","Group1",1,264,"dv.net|endow|egoSqX|milex.beh||0|1|NA","unused_native_template"
"dv.net","milex.beh squared ego","New ties: Sum of degrees x squared milex.beh","egoSqX","milex.beh","","creation",FALSE,FALSE,FALSE,FALSE,FALSE,",",0,0,"objective",NA,NA,0,0,0,0,"dyadic",FALSE,"","oneMode","Group1",1,265,"dv.net|creation|egoSqX|milex.beh||0|1|NA","unused_native_template"
"dv.net","milex.beh ego and alt","2 * sum degr. x milex.beh","egoPlusAltX","milex.beh","","eval",FALSE,FALSE,FALSE,FALSE,FALSE,",",0,0,"objective",NA,NA,0,0,0,0,"dyadic",FALSE,"","oneMode","Group1",1,266,"dv.net|eval|egoPlusAltX|milex.beh||0|1|NA","unused_native_template"
"dv.net","milex.beh ego and alt","Lost ties: 2 * sum degr. x milex.beh","egoPlusAltX","milex.beh","","endow",FALSE,FALSE,FALSE,FALSE,FALSE,",",0,0,"objective",NA,NA,0,0,0,0,"dyadic",FALSE,"","oneMode","Group1",1,267,"dv.net|endow|egoPlusAltX|milex.beh||0|1|NA","unused_native_template"
"dv.net","milex.beh ego and alt","New ties: 2 * sum degr. x milex.beh","egoPlusAltX","milex.beh","","creation",FALSE,FALSE,FALSE,FALSE,FALSE,",",0,0,"objective",NA,NA,0,0,0,0,"dyadic",FALSE,"","oneMode","Group1",1,268,"dv.net|creation|egoPlusAltX|milex.beh||0|1|NA","unused_native_template"
"dv.net","milex.beh sq. ego and alt","2 * sum degr. x squared milex.beh","egoPlusAltSqX","milex.beh","","eval",FALSE,FALSE,FALSE,FALSE,FALSE,",",0,0,"objective",NA,NA,0,0,0,0,"dyadic",FALSE,"","oneMode","Group1",1,269,"dv.net|eval|egoPlusAltSqX|milex.beh||0|1|NA","unused_native_template"
"dv.net","milex.beh sq. ego and alt","Lost ties: 2 * sum degr. x squared milex.beh","egoPlusAltSqX","milex.beh","","endow",FALSE,FALSE,FALSE,FALSE,FALSE,",",0,0,"objective",NA,NA,0,0,0,0,"dyadic",FALSE,"","oneMode","Group1",1,270,"dv.net|endow|egoPlusAltSqX|milex.beh||0|1|NA","unused_native_template"
"dv.net","milex.beh sq. ego and alt","New ties: 2 * sum degr. x squared milex.beh","egoPlusAltSqX","milex.beh","","creation",FALSE,FALSE,FALSE,FALSE,FALSE,",",0,0,"objective",NA,NA,0,0,0,0,"dyadic",FALSE,"","oneMode","Group1",1,271,"dv.net|creation|egoPlusAltSqX|milex.beh||0|1|NA","unused_native_template"
"dv.net","milex.beh left thr. (0) ego","Sum degr. * (milex.beh <= 0)","egoLThresholdX","milex.beh","","eval",FALSE,FALSE,FALSE,FALSE,FALSE,",",0,0,"objective",NA,NA,0,0,0,0,"ego",FALSE,"","oneMode","Group1",1,272,"dv.net|eval|egoLThresholdX|milex.beh||0|1|NA","unused_native_template"
"dv.net","milex.beh left thr. (0) ego","Lost ties: Sum degr. * (milex.beh <= 0)","egoLThresholdX","milex.beh","","endow",FALSE,FALSE,FALSE,FALSE,FALSE,",",0,0,"objective",NA,NA,0,0,0,0,"ego",FALSE,"","oneMode","Group1",1,273,"dv.net|endow|egoLThresholdX|milex.beh||0|1|NA","unused_native_template"
"dv.net","milex.beh left thr. (0) ego","New ties: Sum degr. * (milex.beh <= 0)","egoLThresholdX","milex.beh","","creation",FALSE,FALSE,FALSE,FALSE,FALSE,",",0,0,"objective",NA,NA,0,0,0,0,"ego",FALSE,"","oneMode","Group1",1,274,"dv.net|creation|egoLThresholdX|milex.beh||0|1|NA","unused_native_template"
"dv.net","milex.beh right thr. (0) ego","Sum degr. * (milex.beh >= 0)","egoRThresholdX","milex.beh","","eval",FALSE,FALSE,FALSE,FALSE,FALSE,",",0,0,"objective",NA,NA,0,0,0,0,"ego",FALSE,"","oneMode","Group1",1,275,"dv.net|eval|egoRThresholdX|milex.beh||0|1|NA","unused_native_template"
"dv.net","milex.beh right thr. (0) ego","Lost ties: Sum degr. * (milex.beh >= 0)","egoRThresholdX","milex.beh","","endow",FALSE,FALSE,FALSE,FALSE,FALSE,",",0,0,"objective",NA,NA,0,0,0,0,"ego",FALSE,"","oneMode","Group1",1,276,"dv.net|endow|egoRThresholdX|milex.beh||0|1|NA","unused_native_template"
"dv.net","milex.beh right thr. (0) ego","New ties: Sum degr. * (milex.beh >= 0)","egoRThresholdX","milex.beh","","creation",FALSE,FALSE,FALSE,FALSE,FALSE,",",0,0,"objective",NA,NA,0,0,0,0,"ego",FALSE,"","oneMode","Group1",1,277,"dv.net|creation|egoRThresholdX|milex.beh||0|1|NA","unused_native_template"
"dv.net","abs. (outdegree - milex.beh)","Sum of abs. (outdeg. - milex.beh)","degAbsDiffX","milex.beh","","eval",FALSE,FALSE,FALSE,FALSE,FALSE,",",0,0,"objective",NA,NA,0,0,0,0,"ego",FALSE,"","oneMode","Group1",1,278,"dv.net|eval|degAbsDiffX|milex.beh||0|1|NA","unused_native_template"
"dv.net","abs. (outdegree - milex.beh)","Lost ties: Sum of abs. (outdeg. - milex.beh)","degAbsDiffX","milex.beh","","endow",FALSE,FALSE,FALSE,FALSE,FALSE,",",0,0,"objective",NA,NA,0,0,0,0,"ego",FALSE,"","oneMode","Group1",1,279,"dv.net|endow|degAbsDiffX|milex.beh||0|1|NA","unused_native_template"
"dv.net","abs. (outdegree - milex.beh)","New ties: Sum of abs. (outdeg. - milex.beh)","degAbsDiffX","milex.beh","","creation",FALSE,FALSE,FALSE,FALSE,FALSE,",",0,0,"objective",NA,NA,0,0,0,0,"ego",FALSE,"","oneMode","Group1",1,280,"dv.net|creation|degAbsDiffX|milex.beh||0|1|NA","unused_native_template"
"dv.net","pos. (outdegree - milex.beh)","Sum of pos. (outdeg. - milex.beh)","degPosDiffX","milex.beh","","eval",FALSE,FALSE,FALSE,FALSE,FALSE,",",0,0,"objective",NA,NA,0,0,0,0,"ego",FALSE,"","oneMode","Group1",1,281,"dv.net|eval|degPosDiffX|milex.beh||0|1|NA","unused_native_template"
"dv.net","pos. (outdegree - milex.beh)","Lost ties: Sum of pos. (outdeg. - milex.beh)","degPosDiffX","milex.beh","","endow",FALSE,FALSE,FALSE,FALSE,FALSE,",",0,0,"objective",NA,NA,0,0,0,0,"ego",FALSE,"","oneMode","Group1",1,282,"dv.net|endow|degPosDiffX|milex.beh||0|1|NA","unused_native_template"
"dv.net","pos. (outdegree - milex.beh)","New ties: Sum of pos. (outdeg. - milex.beh)","degPosDiffX","milex.beh","","creation",FALSE,FALSE,FALSE,FALSE,FALSE,",",0,0,"objective",NA,NA,0,0,0,0,"ego",FALSE,"","oneMode","Group1",1,283,"dv.net|creation|degPosDiffX|milex.beh||0|1|NA","unused_native_template"
"dv.net","neg. (milex.beh - outdegree)","Sum of neg. (milex.beh - outdegree)","degNegDiffX","milex.beh","","eval",FALSE,FALSE,FALSE,FALSE,FALSE,",",0,0,"objective",NA,NA,0,0,0,0,"ego",FALSE,"","oneMode","Group1",1,284,"dv.net|eval|degNegDiffX|milex.beh||0|1|NA","unused_native_template"
"dv.net","neg. (milex.beh - outdegree)","Lost ties: Sum of neg. (milex.beh - outdegree)","degNegDiffX","milex.beh","","endow",FALSE,FALSE,FALSE,FALSE,FALSE,",",0,0,"objective",NA,NA,0,0,0,0,"ego",FALSE,"","oneMode","Group1",1,285,"dv.net|endow|degNegDiffX|milex.beh||0|1|NA","unused_native_template"
"dv.net","neg. (milex.beh - outdegree)","New ties: Sum of neg. (milex.beh - outdegree)","degNegDiffX","milex.beh","","creation",FALSE,FALSE,FALSE,FALSE,FALSE,",",0,0,"objective",NA,NA,0,0,0,0,"ego",FALSE,"","oneMode","Group1",1,286,"dv.net|creation|degNegDiffX|milex.beh||0|1|NA","unused_native_template"
"dv.net","milex.beh difference","Sum_ties diff milex.beh","diffX","milex.beh","","eval",FALSE,FALSE,FALSE,FALSE,FALSE,",",0,0,"objective",NA,NA,0,0,0,0,"dyadic",FALSE,"","oneMode","Group1",1,287,"dv.net|eval|diffX|milex.beh||0|1|NA","unused_native_template"
"dv.net","milex.beh difference","Lost ties: Sum_ties diff milex.beh","diffX","milex.beh","","endow",FALSE,FALSE,FALSE,FALSE,FALSE,",",0,0,"objective",NA,NA,0,0,0,0,"dyadic",FALSE,"","oneMode","Group1",1,288,"dv.net|endow|diffX|milex.beh||0|1|NA","unused_native_template"
"dv.net","milex.beh difference","New ties: Sum_ties diff milex.beh","diffX","milex.beh","","creation",FALSE,FALSE,FALSE,FALSE,FALSE,",",0,0,"objective",NA,NA,0,0,0,0,"dyadic",FALSE,"","oneMode","Group1",1,289,"dv.net|creation|diffX|milex.beh||0|1|NA","unused_native_template"
"dv.net","milex.beh abs. difference","Sum_ties abs.diff milex.beh","absDiffX","milex.beh","","eval",FALSE,FALSE,FALSE,FALSE,FALSE,",",0,0,"objective",NA,NA,0,0,0,0,"dyadic",FALSE,"","oneMode","Group1",1,290,"dv.net|eval|absDiffX|milex.beh||0|1|NA","unused_native_template"
"dv.net","milex.beh abs. difference","Lost ties: Sum_ties abs.diff milex.beh","absDiffX","milex.beh","","endow",FALSE,FALSE,FALSE,FALSE,FALSE,",",0,0,"objective",NA,NA,0,0,0,0,"dyadic",FALSE,"","oneMode","Group1",1,291,"dv.net|endow|absDiffX|milex.beh||0|1|NA","unused_native_template"
"dv.net","milex.beh abs. difference","New ties: Sum_ties abs.diff milex.beh","absDiffX","milex.beh","","creation",FALSE,FALSE,FALSE,FALSE,FALSE,",",0,0,"objective",NA,NA,0,0,0,0,"dyadic",FALSE,"","oneMode","Group1",1,292,"dv.net|creation|absDiffX|milex.beh||0|1|NA","unused_native_template"
"dv.net","milex.beh diff. squared","Sum_ties diff.sq milex.beh","diffSqX","milex.beh","","eval",FALSE,FALSE,FALSE,FALSE,FALSE,",",0,0,"objective",NA,NA,0,0,0,0,"dyadic",FALSE,"","oneMode","Group1",1,293,"dv.net|eval|diffSqX|milex.beh||0|1|NA","unused_native_template"
"dv.net","milex.beh diff. squared","Lost ties: Sum_ties diff.sq milex.beh","diffSqX","milex.beh","","endow",FALSE,FALSE,FALSE,FALSE,FALSE,",",0,0,"objective",NA,NA,0,0,0,0,"dyadic",FALSE,"","oneMode","Group1",1,294,"dv.net|endow|diffSqX|milex.beh||0|1|NA","unused_native_template"
"dv.net","milex.beh diff. squared","New ties: Sum_ties diff.sq milex.beh","diffSqX","milex.beh","","creation",FALSE,FALSE,FALSE,FALSE,FALSE,",",0,0,"objective",NA,NA,0,0,0,0,"dyadic",FALSE,"","oneMode","Group1",1,295,"dv.net|creation|diffSqX|milex.beh||0|1|NA","unused_native_template"
"dv.net","milex.beh ego * diff.","Sum_ties ego x diff milex.beh","egoDiffX","milex.beh","","eval",FALSE,FALSE,FALSE,FALSE,FALSE,",",0,0,"objective",NA,NA,0,0,0,0,"dyadic",FALSE,"","oneMode","Group1",1,296,"dv.net|eval|egoDiffX|milex.beh||0|1|NA","unused_native_template"
"dv.net","milex.beh ego * diff.","Lost ties: Sum_ties ego x diff milex.beh","egoDiffX","milex.beh","","endow",FALSE,FALSE,FALSE,FALSE,FALSE,",",0,0,"objective",NA,NA,0,0,0,0,"dyadic",FALSE,"","oneMode","Group1",1,297,"dv.net|endow|egoDiffX|milex.beh||0|1|NA","unused_native_template"
"dv.net","milex.beh ego * diff.","New ties: Sum_ties ego x diff milex.beh","egoDiffX","milex.beh","","creation",FALSE,FALSE,FALSE,FALSE,FALSE,",",0,0,"objective",NA,NA,0,0,0,0,"dyadic",FALSE,"","oneMode","Group1",1,298,"dv.net|creation|egoDiffX|milex.beh||0|1|NA","unused_native_template"
"dv.net","milex.beh similarity","milex.beh similarity","simX","milex.beh","","eval",FALSE,FALSE,FALSE,FALSE,FALSE,",",0,0,"objective",NA,NA,0,0,0,0,"dyadic",FALSE,"","oneMode","Group1",1,299,"dv.net|eval|simX|milex.beh||0|1|NA","unused_native_template"
"dv.net","milex.beh similarity","Lost ties: milex.beh similarity","simX","milex.beh","","endow",FALSE,FALSE,FALSE,FALSE,FALSE,",",0,0,"objective",NA,NA,0,0,0,0,"dyadic",FALSE,"","oneMode","Group1",1,300,"dv.net|endow|simX|milex.beh||0|1|NA","unused_native_template"
"dv.net","milex.beh similarity","New ties: milex.beh similarity","simX","milex.beh","","creation",FALSE,FALSE,FALSE,FALSE,FALSE,",",0,0,"objective",NA,NA,0,0,0,0,"dyadic",FALSE,"","oneMode","Group1",1,301,"dv.net|creation|simX|milex.beh||0|1|NA","unused_native_template"
"dv.net","milex.beh similarity","Gmm statistic: milex.beh similarity","simX_gmm","milex.beh","","gmm",FALSE,FALSE,FALSE,TRUE,FALSE,",",0,0,"gmm",NA,NA,0,0,0,0,"dyadic",FALSE,"","oneMode","Group1",1,302,"dv.net|gmm|simX_gmm|milex.beh||0|1|NA","unused_native_template"
"dv.net","ind. pop.^(1/1) weighted milex.beh","indegree pop.^(1/1) weighted milex.beh","inPopX","milex.beh","","eval",FALSE,FALSE,FALSE,FALSE,FALSE,",",0,1,"objective",NA,NA,0,0,0,0,"dyadic",FALSE,"","oneMode","Group1",1,303,"dv.net|eval|inPopX|milex.beh||1|1|NA","unused_native_template"
"dv.net","ind. pop.^(1/1) weighted milex.beh","Lost ties: indegree pop.^(1/1) weighted milex.beh","inPopX","milex.beh","","endow",FALSE,FALSE,FALSE,FALSE,FALSE,",",0,1,"objective",NA,NA,0,0,0,0,"dyadic",FALSE,"","oneMode","Group1",1,304,"dv.net|endow|inPopX|milex.beh||1|1|NA","unused_native_template"
"dv.net","ind. pop.^(1/1) weighted milex.beh","New ties: indegree pop.^(1/1) weighted milex.beh","inPopX","milex.beh","","creation",FALSE,FALSE,FALSE,FALSE,FALSE,",",0,1,"objective",NA,NA,0,0,0,0,"dyadic",FALSE,"","oneMode","Group1",1,305,"dv.net|creation|inPopX|milex.beh||1|1|NA","unused_native_template"
"dv.net","outd. pop.^(1/1) weighted milex.beh","outdegree pop.^(1/1) weighted milex.beh","outPopX","milex.beh","","eval",FALSE,FALSE,FALSE,FALSE,FALSE,",",0,1,"objective",NA,NA,0,0,0,0,"dyadic",FALSE,"","oneMode","Group1",1,306,"dv.net|eval|outPopX|milex.beh||1|1|NA","unused_native_template"
"dv.net","outd. pop.^(1/1) weighted milex.beh","Lost ties: outdegree pop.^(1/1) weighted milex.beh","outPopX","milex.beh","","endow",FALSE,FALSE,FALSE,FALSE,FALSE,",",0,1,"objective",NA,NA,0,0,0,0,"dyadic",FALSE,"","oneMode","Group1",1,307,"dv.net|endow|outPopX|milex.beh||1|1|NA","unused_native_template"
"dv.net","outd. pop.^(1/1) weighted milex.beh","New ties: outdegree pop.^(1/1) weighted milex.beh","outPopX","milex.beh","","creation",FALSE,FALSE,FALSE,FALSE,FALSE,",",0,1,"objective",NA,NA,0,0,0,0,"dyadic",FALSE,"","oneMode","Group1",1,308,"dv.net|creation|outPopX|milex.beh||1|1|NA","unused_native_template"
"dv.net","ind. act.^(1/1) weighted milex.beh","indegree act.^(1/1) weighted milex.beh","inActX","milex.beh","","eval",FALSE,FALSE,FALSE,FALSE,FALSE,",",0,1,"objective",NA,NA,0,0,0,0,"dyadic",FALSE,"","oneMode","Group1",1,309,"dv.net|eval|inActX|milex.beh||1|1|NA","unused_native_template"
"dv.net","ind. act.^(1/1) weighted milex.beh","Lost ties: indegree act.^(1/1) weighted milex.beh","inActX","milex.beh","","endow",FALSE,FALSE,FALSE,FALSE,FALSE,",",0,1,"objective",NA,NA,0,0,0,0,"dyadic",FALSE,"","oneMode","Group1",1,310,"dv.net|endow|inActX|milex.beh||1|1|NA","unused_native_template"
"dv.net","ind. act.^(1/1) weighted milex.beh","New ties: indegree act.^(1/1) weighted milex.beh","inActX","milex.beh","","creation",FALSE,FALSE,FALSE,FALSE,FALSE,",",0,1,"objective",NA,NA,0,0,0,0,"dyadic",FALSE,"","oneMode","Group1",1,311,"dv.net|creation|inActX|milex.beh||1|1|NA","unused_native_template"
"dv.net","outd. act.^(1/1) weighted milex.beh","indegree act.^(1/1) weighted milex.beh","outActX","milex.beh","","eval",FALSE,FALSE,FALSE,FALSE,FALSE,",",0,1,"objective",NA,NA,0,0,0,0,"dyadic",FALSE,"","oneMode","Group1",1,312,"dv.net|eval|outActX|milex.beh||1|1|NA","unused_native_template"
"dv.net","outd. act.^(1/1) weighted milex.beh","Lost ties: indegree act.^(1/1) weighted milex.beh","outActX","milex.beh","","endow",FALSE,FALSE,FALSE,FALSE,FALSE,",",0,1,"objective",NA,NA,0,0,0,0,"dyadic",FALSE,"","oneMode","Group1",1,313,"dv.net|endow|outActX|milex.beh||1|1|NA","unused_native_template"
"dv.net","outd. act.^(1/1) weighted milex.beh","New ties: indegree act.^(1/1) weighted milex.beh","outActX","milex.beh","","creation",FALSE,FALSE,FALSE,FALSE,FALSE,",",0,1,"objective",NA,NA,0,0,0,0,"dyadic",FALSE,"","oneMode","Group1",1,314,"dv.net|creation|outActX|milex.beh||1|1|NA","unused_native_template"
"dv.net","same milex.beh","same milex.beh","sameX","milex.beh","","eval",FALSE,FALSE,FALSE,FALSE,FALSE,",",0,0,"objective",NA,NA,0,0,0,0,"dyadic",FALSE,"","oneMode","Group1",1,315,"dv.net|eval|sameX|milex.beh||0|1|NA","unused_native_template"
"dv.net","same milex.beh","Lost ties: same milex.beh","sameX","milex.beh","","endow",FALSE,FALSE,FALSE,FALSE,FALSE,",",0,0,"objective",NA,NA,0,0,0,0,"dyadic",FALSE,"","oneMode","Group1",1,316,"dv.net|endow|sameX|milex.beh||0|1|NA","unused_native_template"
"dv.net","same milex.beh","New ties: same milex.beh","sameX","milex.beh","","creation",FALSE,FALSE,FALSE,FALSE,FALSE,",",0,0,"objective",NA,NA,0,0,0,0,"dyadic",FALSE,"","oneMode","Group1",1,317,"dv.net|creation|sameX|milex.beh||0|1|NA","unused_native_template"
"dv.net","ind. pop. from dif. milex.beh","indegree pop. from dif. values on milex.beh","diffXInPop","milex.beh","","eval",FALSE,FALSE,FALSE,FALSE,FALSE,",",0,0,"objective",NA,NA,0,0,0,0,"dyadic",FALSE,"","oneMode","Group1",1,318,"dv.net|eval|diffXInPop|milex.beh||0|1|NA","unused_native_template"
"dv.net","ind. pop. from dif. milex.beh","Lost ties: indegree pop. from dif. values on milex.beh","diffXInPop","milex.beh","","endow",FALSE,FALSE,FALSE,FALSE,FALSE,",",0,0,"objective",NA,NA,0,0,0,0,"dyadic",FALSE,"","oneMode","Group1",1,319,"dv.net|endow|diffXInPop|milex.beh||0|1|NA","unused_native_template"
"dv.net","ind. pop. from dif. milex.beh","New ties: indegree pop. from dif. values on milex.beh","diffXInPop","milex.beh","","creation",FALSE,FALSE,FALSE,FALSE,FALSE,",",0,0,"objective",NA,NA,0,0,0,0,"dyadic",FALSE,"","oneMode","Group1",1,320,"dv.net|creation|diffXInPop|milex.beh||0|1|NA","unused_native_template"
"dv.net","outd. act. to same milex.beh","sum sqr. outd. to same values on milex.beh","sameXOutAct","milex.beh","","eval",FALSE,FALSE,FALSE,FALSE,FALSE,",",0,0,"objective",NA,NA,0,0,0,0,"",FALSE,"","oneMode","Group1",1,321,"dv.net|eval|sameXOutAct|milex.beh||0|1|NA","unused_native_template"
"dv.net","outd. act. to same milex.beh","Lost ties: sum sqr. outd. to same values on milex.beh","sameXOutAct","milex.beh","","endow",FALSE,FALSE,FALSE,FALSE,FALSE,",",0,0,"objective",NA,NA,0,0,0,0,"",FALSE,"","oneMode","Group1",1,322,"dv.net|endow|sameXOutAct|milex.beh||0|1|NA","unused_native_template"
"dv.net","outd. act. to same milex.beh","New ties: sum sqr. outd. to same values on milex.beh","sameXOutAct","milex.beh","","creation",FALSE,FALSE,FALSE,FALSE,FALSE,",",0,0,"objective",NA,NA,0,0,0,0,"",FALSE,"","oneMode","Group1",1,323,"dv.net|creation|sameXOutAct|milex.beh||0|1|NA","unused_native_template"
"dv.net","outd. act. to dif. milex.beh","sum sqr. outd. to dif. values on milex.beh","diffXOutAct","milex.beh","","eval",FALSE,FALSE,FALSE,FALSE,FALSE,",",0,0,"objective",NA,NA,0,0,0,0,"",FALSE,"","oneMode","Group1",1,324,"dv.net|eval|diffXOutAct|milex.beh||0|1|NA","unused_native_template"
"dv.net","outd. act. to dif. milex.beh","Lost ties: sum sqr. outd. to dif. values on milex.beh","diffXOutAct","milex.beh","","endow",FALSE,FALSE,FALSE,FALSE,FALSE,",",0,0,"objective",NA,NA,0,0,0,0,"",FALSE,"","oneMode","Group1",1,325,"dv.net|endow|diffXOutAct|milex.beh||0|1|NA","unused_native_template"
"dv.net","outd. act. to dif. milex.beh","New ties: sum sqr. outd. to dif. values on milex.beh","diffXOutAct","milex.beh","","creation",FALSE,FALSE,FALSE,FALSE,FALSE,",",0,0,"objective",NA,NA,0,0,0,0,"",FALSE,"","oneMode","Group1",1,326,"dv.net|creation|diffXOutAct|milex.beh||0|1|NA","unused_native_template"
"dv.net","outd. act. to hom. milex.beh","sum sqr. outd. to hom. values on milex.beh","homXOutAct","milex.beh","","eval",FALSE,FALSE,FALSE,FALSE,FALSE,",",0,0,"objective",NA,NA,0,0,0,0,"",FALSE,"","oneMode","Group1",1,327,"dv.net|eval|homXOutAct|milex.beh||0|1|NA","unused_native_template"
"dv.net","outd. act. to hom. milex.beh","Lost ties: sum sqr. outd. to hom. values on milex.beh","homXOutAct","milex.beh","","endow",FALSE,FALSE,FALSE,FALSE,FALSE,",",0,0,"objective",NA,NA,0,0,0,0,"",FALSE,"","oneMode","Group1",1,328,"dv.net|endow|homXOutAct|milex.beh||0|1|NA","unused_native_template"
"dv.net","outd. act. to hom. milex.beh","New ties: sum sqr. outd. to hom. values on milex.beh","homXOutAct","milex.beh","","creation",FALSE,FALSE,FALSE,FALSE,FALSE,",",0,0,"objective",NA,NA,0,0,0,0,"",FALSE,"","oneMode","Group1",1,329,"dv.net|creation|homXOutAct|milex.beh||0|1|NA","unused_native_template"
"dv.net","outd. act. weight alt. milex.beh","sum sqr. outd. weight alt. milex.beh","altXOutAct","milex.beh","","eval",FALSE,FALSE,FALSE,FALSE,FALSE,",",0,0,"objective",NA,NA,0,0,0,0,"",FALSE,"","oneMode","Group1",1,330,"dv.net|eval|altXOutAct|milex.beh||0|1|NA","unused_native_template"
"dv.net","outd. act. weight alt. milex.beh","Lost ties: sum sqr. outd. weight alt. milex.beh","altXOutAct","milex.beh","","endow",FALSE,FALSE,FALSE,FALSE,FALSE,",",0,0,"objective",NA,NA,0,0,0,0,"",FALSE,"","oneMode","Group1",1,331,"dv.net|endow|altXOutAct|milex.beh||0|1|NA","unused_native_template"
"dv.net","outd. act. weight alt. milex.beh","New ties: sum sqr. outd. weight alt. milex.beh","altXOutAct","milex.beh","","creation",FALSE,FALSE,FALSE,FALSE,FALSE,",",0,0,"objective",NA,NA,0,0,0,0,"",FALSE,"","oneMode","Group1",1,332,"dv.net|creation|altXOutAct|milex.beh||0|1|NA","unused_native_template"
"dv.net","trans. triads intermed. milex.beh","Number of trans. triads intermed. weight milex.beh","transTripX","milex.beh","","eval",FALSE,FALSE,FALSE,FALSE,FALSE,",",0,0,"objective",NA,NA,0,0,0,0,"",FALSE,"","oneMode","Group1",1,333,"dv.net|eval|transTripX|milex.beh||0|1|NA","unused_native_template"
"dv.net","trans. triads intermed. milex.beh","Lost ties: Number of trans. triads intermed. weight milex.beh","transTripX","milex.beh","","endow",FALSE,FALSE,FALSE,FALSE,FALSE,",",0,0,"objective",NA,NA,0,0,0,0,"",FALSE,"","oneMode","Group1",1,334,"dv.net|endow|transTripX|milex.beh||0|1|NA","unused_native_template"
"dv.net","trans. triads intermed. milex.beh","New ties: Number of trans. triads intermed. weight milex.beh","transTripX","milex.beh","","creation",FALSE,FALSE,FALSE,FALSE,FALSE,",",0,0,"objective",NA,NA,0,0,0,0,"",FALSE,"","oneMode","Group1",1,335,"dv.net|creation|transTripX|milex.beh||0|1|NA","unused_native_template"
"dv.net","transitive triads same milex.beh","Number of transitive triads same on milex.beh","sameXTransTrip","milex.beh","","eval",FALSE,FALSE,FALSE,FALSE,FALSE,",",0,0,"objective",NA,NA,0,0,0,0,"",FALSE,"","oneMode","Group1",1,336,"dv.net|eval|sameXTransTrip|milex.beh||0|1|NA","unused_native_template"
"dv.net","transitive triads same milex.beh","Lost ties: Number of transitive triads same on milex.beh","sameXTransTrip","milex.beh","","endow",FALSE,FALSE,FALSE,FALSE,FALSE,",",0,0,"objective",NA,NA,0,0,0,0,"",FALSE,"","oneMode","Group1",1,337,"dv.net|endow|sameXTransTrip|milex.beh||0|1|NA","unused_native_template"
"dv.net","transitive triads same milex.beh","New ties: Number of transitive triads same on milex.beh","sameXTransTrip","milex.beh","","creation",FALSE,FALSE,FALSE,FALSE,FALSE,",",0,0,"objective",NA,NA,0,0,0,0,"",FALSE,"","oneMode","Group1",1,338,"dv.net|creation|sameXTransTrip|milex.beh||0|1|NA","unused_native_template"
"dv.net","transitive triads diff. milex.beh","Number of transitive triads diff. on milex.beh","diffXTransTrip","milex.beh","","eval",FALSE,FALSE,FALSE,FALSE,FALSE,",",0,0,"objective",NA,NA,0,0,0,0,"",FALSE,"","oneMode","Group1",1,339,"dv.net|eval|diffXTransTrip|milex.beh||0|1|NA","unused_native_template"
"dv.net","transitive triads diff. milex.beh","Lost ties: Number of transitive triads diff. on milex.beh","diffXTransTrip","milex.beh","","endow",FALSE,FALSE,FALSE,FALSE,FALSE,",",0,0,"objective",NA,NA,0,0,0,0,"",FALSE,"","oneMode","Group1",1,340,"dv.net|endow|diffXTransTrip|milex.beh||0|1|NA","unused_native_template"
"dv.net","transitive triads diff. milex.beh","New ties: Number of transitive triads diff. on milex.beh","diffXTransTrip","milex.beh","","creation",FALSE,FALSE,FALSE,FALSE,FALSE,",",0,0,"objective",NA,NA,0,0,0,0,"",FALSE,"","oneMode","Group1",1,341,"dv.net|creation|diffXTransTrip|milex.beh||0|1|NA","unused_native_template"
"dv.net","transitive triplets homog. milex.beh","Number of transitive triplets homogeneous on milex.beh","homXTransTrip","milex.beh","","eval",FALSE,FALSE,FALSE,FALSE,FALSE,",",0,0,"objective",NA,NA,0,0,0,0,"",FALSE,"","oneMode","Group1",1,342,"dv.net|eval|homXTransTrip|milex.beh||0|1|NA","unused_native_template"
"dv.net","transitive triplets homog. milex.beh","Lost ties: Number of transitive triplets homogeneous on milex.beh","homXTransTrip","milex.beh","","endow",FALSE,FALSE,FALSE,FALSE,FALSE,",",0,0,"objective",NA,NA,0,0,0,0,"",FALSE,"","oneMode","Group1",1,343,"dv.net|endow|homXTransTrip|milex.beh||0|1|NA","unused_native_template"
"dv.net","transitive triplets homog. milex.beh","New ties: Number of transitive triplets homogeneous on milex.beh","homXTransTrip","milex.beh","","creation",FALSE,FALSE,FALSE,FALSE,FALSE,",",0,0,"objective",NA,NA,0,0,0,0,"",FALSE,"","oneMode","Group1",1,344,"dv.net|creation|homXTransTrip|milex.beh||0|1|NA","unused_native_template"
"dv.net","transitive triads jumping milex.beh","Number of transitive triads jumping milex.beh","jumpXTransTrip","milex.beh","","eval",FALSE,FALSE,FALSE,FALSE,FALSE,",",0,0,"objective",NA,NA,0,0,0,0,"",FALSE,"","oneMode","Group1",1,345,"dv.net|eval|jumpXTransTrip|milex.beh||0|1|NA","unused_native_template"
"dv.net","transitive triads jumping milex.beh","Lost ties: Number of transitive triads jumping milex.beh","jumpXTransTrip","milex.beh","","endow",FALSE,FALSE,FALSE,FALSE,FALSE,",",0,0,"objective",NA,NA,0,0,0,0,"",FALSE,"","oneMode","Group1",1,346,"dv.net|endow|jumpXTransTrip|milex.beh||0|1|NA","unused_native_template"
"dv.net","transitive triads jumping milex.beh","New ties: Number of transitive triads jumping milex.beh","jumpXTransTrip","milex.beh","","creation",FALSE,FALSE,FALSE,FALSE,FALSE,",",0,0,"objective",NA,NA,0,0,0,0,"",FALSE,"","oneMode","Group1",1,347,"dv.net|creation|jumpXTransTrip|milex.beh||0|1|NA","unused_native_template"
"dv.net","milex.beh ego x milex.beh alter","milex.beh ego x milex.beh alter","egoXaltX","milex.beh","","eval",FALSE,FALSE,FALSE,FALSE,FALSE,",",0,0,"objective",NA,NA,0,0,0,0,"dyadic",FALSE,"","oneMode","Group1",1,348,"dv.net|eval|egoXaltX|milex.beh||0|1|NA","unused_native_template"
"dv.net","milex.beh ego x milex.beh alter","Lost ties: milex.beh ego x milex.beh alter","egoXaltX","milex.beh","","endow",FALSE,FALSE,FALSE,FALSE,FALSE,",",0,0,"objective",NA,NA,0,0,0,0,"dyadic",FALSE,"","oneMode","Group1",1,349,"dv.net|endow|egoXaltX|milex.beh||0|1|NA","unused_native_template"
"dv.net","milex.beh ego x milex.beh alter","New ties: milex.beh ego x milex.beh alter","egoXaltX","milex.beh","","creation",FALSE,FALSE,FALSE,FALSE,FALSE,",",0,0,"objective",NA,NA,0,0,0,0,"dyadic",FALSE,"","oneMode","Group1",1,350,"dv.net|creation|egoXaltX|milex.beh||0|1|NA","unused_native_template"
"dv.net","milex.beh of indirect ties","milex.beh of indirect ties","IndTies","milex.beh","","eval",FALSE,FALSE,FALSE,FALSE,FALSE,",",0,0,"objective",NA,NA,0,0,0,0,"dyadic",FALSE,"","oneMode","Group1",1,351,"dv.net|eval|IndTies|milex.beh||0|1|NA","unused_native_template"
"dv.net","milex.beh alter at dist 2 (1)","milex.beh alter at dist 2 (1)","altDist2","milex.beh","","eval",FALSE,FALSE,FALSE,FALSE,FALSE,",",0,1,"objective",NA,NA,0,0,0,0,"dyadic",FALSE,"","oneMode","Group1",1,352,"dv.net|eval|altDist2|milex.beh||1|1|NA","unused_native_template"
"dv.net","milex.beh alter at dist 2 (1)","Lost ties: milex.beh alter at dist 2 (1)","altDist2","milex.beh","","endow",FALSE,FALSE,FALSE,FALSE,FALSE,",",0,1,"objective",NA,NA,0,0,0,0,"dyadic",FALSE,"","oneMode","Group1",1,353,"dv.net|endow|altDist2|milex.beh||1|1|NA","unused_native_template"
"dv.net","milex.beh alter at dist 2 (1)","New ties: milex.beh alter at dist 2 (1)","altDist2","milex.beh","","creation",FALSE,FALSE,FALSE,FALSE,FALSE,",",0,1,"objective",NA,NA,0,0,0,0,"dyadic",FALSE,"","oneMode","Group1",1,354,"dv.net|creation|altDist2|milex.beh||1|1|NA","unused_native_template"
"dv.net","milex.beh tot alter at dist 2 (1)","milex.beh tot alter at dist 2 (1)","totDist2","milex.beh","","eval",FALSE,FALSE,FALSE,FALSE,FALSE,",",0,1,"objective",NA,NA,0,0,0,0,"dyadic",FALSE,"","oneMode","Group1",1,355,"dv.net|eval|totDist2|milex.beh||1|1|NA","unused_native_template"
"dv.net","milex.beh tot alter at dist 2 (1)","Lost ties: milex.beh tot alter at dist 2 (1)","totDist2","milex.beh","","endow",FALSE,FALSE,FALSE,FALSE,FALSE,",",0,1,"objective",NA,NA,0,0,0,0,"dyadic",FALSE,"","oneMode","Group1",1,356,"dv.net|endow|totDist2|milex.beh||1|1|NA","unused_native_template"
"dv.net","milex.beh tot alter at dist 2 (1)","New ties: milex.beh tot alter at dist 2 (1)","totDist2","milex.beh","","creation",FALSE,FALSE,FALSE,FALSE,FALSE,",",0,1,"objective",NA,NA,0,0,0,0,"dyadic",FALSE,"","oneMode","Group1",1,357,"dv.net|creation|totDist2|milex.beh||1|1|NA","unused_native_template"
"dv.net","milex.beh ego-alter dist 2 similarity","milex.beh ego-alter dist 2 similarity","simEgoDist2","milex.beh","","eval",FALSE,FALSE,FALSE,FALSE,FALSE,",",0,1,"objective",NA,NA,0,0,0,0,"dyadic",FALSE,"","oneMode","Group1",1,358,"dv.net|eval|simEgoDist2|milex.beh||1|1|NA","unused_native_template"
"dv.net","milex.beh ego-alter dist 2 similarity","Lost ties: milex.beh ego-alter dist 2 similarity","simEgoDist2","milex.beh","","endow",FALSE,FALSE,FALSE,FALSE,FALSE,",",0,1,"objective",NA,NA,0,0,0,0,"dyadic",FALSE,"","oneMode","Group1",1,359,"dv.net|endow|simEgoDist2|milex.beh||1|1|NA","unused_native_template"
"dv.net","milex.beh ego-alter dist 2 similarity","New ties: milex.beh ego-alter dist 2 similarity","simEgoDist2","milex.beh","","creation",FALSE,FALSE,FALSE,FALSE,FALSE,",",0,1,"objective",NA,NA,0,0,0,0,"dyadic",FALSE,"","oneMode","Group1",1,360,"dv.net|creation|simEgoDist2|milex.beh||1|1|NA","unused_native_template"
"dv.net","milex.beh similarity at dist 2","milex.beh similarity at dist 2","simDist2","milex.beh","","eval",FALSE,FALSE,FALSE,FALSE,FALSE,",",0,1,"objective",NA,NA,0,0,0,0,"dyadic",FALSE,"","oneMode","Group1",1,361,"dv.net|eval|simDist2|milex.beh||1|1|NA","unused_native_template"
"dv.net","milex.beh similarity at dist 2","Lost ties: milex.beh similarity at dist 2","simDist2","milex.beh","","endow",FALSE,FALSE,FALSE,FALSE,FALSE,",",0,1,"objective",NA,NA,0,0,0,0,"dyadic",FALSE,"","oneMode","Group1",1,362,"dv.net|endow|simDist2|milex.beh||1|1|NA","unused_native_template"
"dv.net","milex.beh similarity at dist 2","New ties: milex.beh similarity at dist 2","simDist2","milex.beh","","creation",FALSE,FALSE,FALSE,FALSE,FALSE,",",0,1,"objective",NA,NA,0,0,0,0,"dyadic",FALSE,"","oneMode","Group1",1,363,"dv.net|creation|simDist2|milex.beh||1|1|NA","unused_native_template"
"dv.net","milex.beh in-alter dist 2","milex.beh in-alter dist 2","altInDist2","milex.beh","","eval",FALSE,FALSE,FALSE,FALSE,FALSE,",",0,0,"objective",NA,NA,0,0,0,0,"dyadic",FALSE,"","oneMode","Group1",1,364,"dv.net|eval|altInDist2|milex.beh||0|1|NA","unused_native_template"
"dv.net","milex.beh in-alter dist 2","Lost ties: milex.beh in-alter dist 2","altInDist2","milex.beh","","endow",FALSE,FALSE,FALSE,FALSE,FALSE,",",0,0,"objective",NA,NA,0,0,0,0,"dyadic",FALSE,"","oneMode","Group1",1,365,"dv.net|endow|altInDist2|milex.beh||0|1|NA","unused_native_template"
"dv.net","milex.beh in-alter dist 2","New ties: milex.beh in-alter dist 2","altInDist2","milex.beh","","creation",FALSE,FALSE,FALSE,FALSE,FALSE,",",0,0,"objective",NA,NA,0,0,0,0,"dyadic",FALSE,"","oneMode","Group1",1,366,"dv.net|creation|altInDist2|milex.beh||0|1|NA","unused_native_template"
"dv.net","milex.beh tot in-alter dist 2","milex.beh tot in-alter dist 2","totInDist2","milex.beh","","eval",FALSE,FALSE,FALSE,FALSE,FALSE,",",0,0,"objective",NA,NA,0,0,0,0,"dyadic",FALSE,"","oneMode","Group1",1,367,"dv.net|eval|totInDist2|milex.beh||0|1|NA","unused_native_template"
"dv.net","milex.beh tot in-alter dist 2","Lost ties: milex.beh tot in-alter dist 2","totInDist2","milex.beh","","endow",FALSE,FALSE,FALSE,FALSE,FALSE,",",0,0,"objective",NA,NA,0,0,0,0,"dyadic",FALSE,"","oneMode","Group1",1,368,"dv.net|endow|totInDist2|milex.beh||0|1|NA","unused_native_template"
"dv.net","milex.beh tot in-alter dist 2","New ties: milex.beh tot in-alter dist 2","totInDist2","milex.beh","","creation",FALSE,FALSE,FALSE,FALSE,FALSE,",",0,0,"objective",NA,NA,0,0,0,0,"dyadic",FALSE,"","oneMode","Group1",1,369,"dv.net|creation|totInDist2|milex.beh||0|1|NA","unused_native_template"
"dv.net","milex.beh ego-in-alter dist 2 similarity","milex.beh ego-in-alter dist 2 similarity","simEgoInDist2","milex.beh","","eval",FALSE,FALSE,FALSE,FALSE,FALSE,",",0,1,"objective",NA,NA,0,0,0,0,"dyadic",FALSE,"","oneMode","Group1",1,370,"dv.net|eval|simEgoInDist2|milex.beh||1|1|NA","unused_native_template"
"dv.net","milex.beh ego-in-alter dist 2 similarity","Lost ties: milex.beh ego-in-alter dist 2 similarity","simEgoInDist2","milex.beh","","endow",FALSE,FALSE,FALSE,FALSE,FALSE,",",0,1,"objective",NA,NA,0,0,0,0,"dyadic",FALSE,"","oneMode","Group1",1,371,"dv.net|endow|simEgoInDist2|milex.beh||1|1|NA","unused_native_template"
"dv.net","milex.beh ego-in-alter dist 2 similarity","New ties: milex.beh ego-in-alter dist 2 similarity","simEgoInDist2","milex.beh","","creation",FALSE,FALSE,FALSE,FALSE,FALSE,",",0,1,"objective",NA,NA,0,0,0,0,"dyadic",FALSE,"","oneMode","Group1",1,372,"dv.net|creation|simEgoInDist2|milex.beh||1|1|NA","unused_native_template"
"dv.net","milex.beh group-av. ego","Sum of degr. x aver. milex.beh","avGroupEgoX","milex.beh","","eval",FALSE,FALSE,FALSE,FALSE,FALSE,",",0,0,"objective",NA,NA,0,0,0,0,"ego",FALSE,"","oneMode","Group1",1,373,"dv.net|eval|avGroupEgoX|milex.beh||0|1|NA","unused_native_template"
"dv.net","milex.beh group-av. ego","Lost ties: Sum of degr. x aver. milex.beh","avGroupEgoX","milex.beh","","endow",FALSE,FALSE,FALSE,FALSE,FALSE,",",0,0,"objective",NA,NA,0,0,0,0,"ego",FALSE,"","oneMode","Group1",1,374,"dv.net|endow|avGroupEgoX|milex.beh||0|1|NA","unused_native_template"
"dv.net","milex.beh group-av. ego","New ties: Sum of degr. x aver. milex.beh","avGroupEgoX","milex.beh","","creation",FALSE,FALSE,FALSE,FALSE,FALSE,",",0,0,"objective",NA,NA,0,0,0,0,"ego",FALSE,"","oneMode","Group1",1,375,"dv.net|creation|avGroupEgoX|milex.beh||0|1|NA","unused_native_template"
"dv.net","beh.democracy_1 alter","Sum of degrees x beh.democracy_1","altX","beh.democracy_1","","eval",FALSE,TRUE,FALSE,FALSE,FALSE,",",0,0,"objective",NA,NA,0,0,0,0,"dyadic",FALSE,"","oneMode","Group1",1,376,"network|atom(altX|0|beh.democracy_1)","original_control_or_spending"
"dv.net","beh.democracy_1 alter","Lost ties: Sum of degrees x beh.democracy_1","altX","beh.democracy_1","","endow",FALSE,FALSE,FALSE,FALSE,FALSE,",",0,0,"objective",NA,NA,0,0,0,0,"dyadic",FALSE,"","oneMode","Group1",1,377,"dv.net|endow|altX|beh.democracy_1||0|1|NA","unused_native_template"
"dv.net","beh.democracy_1 alter","New ties: Sum of degrees x beh.democracy_1","altX","beh.democracy_1","","creation",FALSE,FALSE,FALSE,FALSE,FALSE,",",0,0,"objective",NA,NA,0,0,0,0,"dyadic",FALSE,"","oneMode","Group1",1,378,"dv.net|creation|altX|beh.democracy_1||0|1|NA","unused_native_template"
"dv.net","beh.democracy_1 squared alt","Sum of degrees x squared beh.democracy_1","altSqX","beh.democracy_1","","eval",FALSE,FALSE,FALSE,FALSE,FALSE,",",0,0,"objective",NA,NA,0,0,0,0,"dyadic",FALSE,"","oneMode","Group1",1,379,"dv.net|eval|altSqX|beh.democracy_1||0|1|NA","unused_native_template"
"dv.net","beh.democracy_1 squared alt","Lost ties: Sum of degrees x squared beh.democracy_1","altSqX","beh.democracy_1","","endow",FALSE,FALSE,FALSE,FALSE,FALSE,",",0,0,"objective",NA,NA,0,0,0,0,"dyadic",FALSE,"","oneMode","Group1",1,380,"dv.net|endow|altSqX|beh.democracy_1||0|1|NA","unused_native_template"
"dv.net","beh.democracy_1 squared alt","New ties: Sum of degrees x squared beh.democracy_1","altSqX","beh.democracy_1","","creation",FALSE,FALSE,FALSE,FALSE,FALSE,",",0,0,"objective",NA,NA,0,0,0,0,"dyadic",FALSE,"","oneMode","Group1",1,381,"dv.net|creation|altSqX|beh.democracy_1||0|1|NA","unused_native_template"
"dv.net","beh.democracy_1 left thr. (0) alter","Sum degr. * (beh.democracy_1 <= 0)","altLThresholdX","beh.democracy_1","","eval",FALSE,FALSE,FALSE,FALSE,FALSE,",",0,0,"objective",NA,NA,0,0,0,0,"ego",FALSE,"","oneMode","Group1",1,382,"dv.net|eval|altLThresholdX|beh.democracy_1||0|1|NA","unused_native_template"
"dv.net","beh.democracy_1 left thr. (0) alter","Lost ties: Sum degr. * (beh.democracy_1 <= 0)","altLThresholdX","beh.democracy_1","","endow",FALSE,FALSE,FALSE,FALSE,FALSE,",",0,0,"objective",NA,NA,0,0,0,0,"ego",FALSE,"","oneMode","Group1",1,383,"dv.net|endow|altLThresholdX|beh.democracy_1||0|1|NA","unused_native_template"
"dv.net","beh.democracy_1 left thr. (0) alter","New ties: Sum degr. * (beh.democracy_1 <= 0)","altLThresholdX","beh.democracy_1","","creation",FALSE,FALSE,FALSE,FALSE,FALSE,",",0,0,"objective",NA,NA,0,0,0,0,"ego",FALSE,"","oneMode","Group1",1,384,"dv.net|creation|altLThresholdX|beh.democracy_1||0|1|NA","unused_native_template"
"dv.net","beh.democracy_1 right thr. (0) alter","Sum degr. * (beh.democracy_1 >= 0)","altRThresholdX","beh.democracy_1","","eval",FALSE,FALSE,FALSE,FALSE,FALSE,",",0,0,"objective",NA,NA,0,0,0,0,"ego",FALSE,"","oneMode","Group1",1,385,"dv.net|eval|altRThresholdX|beh.democracy_1||0|1|NA","unused_native_template"
"dv.net","beh.democracy_1 right thr. (0) alter","Lost ties: Sum degr. * (beh.democracy_1 >= 0)","altRThresholdX","beh.democracy_1","","endow",FALSE,FALSE,FALSE,FALSE,FALSE,",",0,0,"objective",NA,NA,0,0,0,0,"ego",FALSE,"","oneMode","Group1",1,386,"dv.net|endow|altRThresholdX|beh.democracy_1||0|1|NA","unused_native_template"
"dv.net","beh.democracy_1 right thr. (0) alter","New ties: Sum degr. * (beh.democracy_1 >= 0)","altRThresholdX","beh.democracy_1","","creation",FALSE,FALSE,FALSE,FALSE,FALSE,",",0,0,"objective",NA,NA,0,0,0,0,"ego",FALSE,"","oneMode","Group1",1,387,"dv.net|creation|altRThresholdX|beh.democracy_1||0|1|NA","unused_native_template"
"dv.net","beh.democracy_1 ego","Sum of degrees x beh.democracy_1","egoX","beh.democracy_1","","eval",FALSE,FALSE,FALSE,FALSE,FALSE,",",0,0,"objective",NA,NA,0,0,0,0,"ego",FALSE,"","oneMode","Group1",1,388,"network|atom(egoX|0|beh.democracy_1)","unused_native_template"
"dv.net","beh.democracy_1 ego","Lost ties: Sum of degrees x beh.democracy_1","egoX","beh.democracy_1","","endow",FALSE,FALSE,FALSE,FALSE,FALSE,",",0,0,"objective",NA,NA,0,0,0,0,"ego",FALSE,"","oneMode","Group1",1,389,"dv.net|endow|egoX|beh.democracy_1||0|1|NA","unused_native_template"
"dv.net","beh.democracy_1 ego","New ties: Sum of degrees x beh.democracy_1","egoX","beh.democracy_1","","creation",FALSE,FALSE,FALSE,FALSE,FALSE,",",0,0,"objective",NA,NA,0,0,0,0,"ego",FALSE,"","oneMode","Group1",1,390,"dv.net|creation|egoX|beh.democracy_1||0|1|NA","unused_native_template"
"dv.net","beh.democracy_1 ego","Gmm statistic: Sum of degrees x beh.democracy_1","egoX_gmm","beh.democracy_1","","gmm",FALSE,FALSE,FALSE,TRUE,FALSE,",",0,0,"gmm",NA,NA,0,0,0,0,"ego",FALSE,"","oneMode","Group1",1,391,"dv.net|gmm|egoX_gmm|beh.democracy_1||0|1|NA","unused_native_template"
"dv.net","beh.democracy_1 squared ego","Sum of degrees x squared beh.democracy_1","egoSqX","beh.democracy_1","","eval",FALSE,FALSE,FALSE,FALSE,FALSE,",",0,0,"objective",NA,NA,0,0,0,0,"dyadic",FALSE,"","oneMode","Group1",1,392,"dv.net|eval|egoSqX|beh.democracy_1||0|1|NA","unused_native_template"
"dv.net","beh.democracy_1 squared ego","Lost ties: Sum of degrees x squared beh.democracy_1","egoSqX","beh.democracy_1","","endow",FALSE,FALSE,FALSE,FALSE,FALSE,",",0,0,"objective",NA,NA,0,0,0,0,"dyadic",FALSE,"","oneMode","Group1",1,393,"dv.net|endow|egoSqX|beh.democracy_1||0|1|NA","unused_native_template"
"dv.net","beh.democracy_1 squared ego","New ties: Sum of degrees x squared beh.democracy_1","egoSqX","beh.democracy_1","","creation",FALSE,FALSE,FALSE,FALSE,FALSE,",",0,0,"objective",NA,NA,0,0,0,0,"dyadic",FALSE,"","oneMode","Group1",1,394,"dv.net|creation|egoSqX|beh.democracy_1||0|1|NA","unused_native_template"
"dv.net","beh.democracy_1 ego and alt","2 * sum degr. x beh.democracy_1","egoPlusAltX","beh.democracy_1","","eval",FALSE,FALSE,FALSE,FALSE,FALSE,",",0,0,"objective",NA,NA,0,0,0,0,"dyadic",FALSE,"","oneMode","Group1",1,395,"dv.net|eval|egoPlusAltX|beh.democracy_1||0|1|NA","unused_native_template"
"dv.net","beh.democracy_1 ego and alt","Lost ties: 2 * sum degr. x beh.democracy_1","egoPlusAltX","beh.democracy_1","","endow",FALSE,FALSE,FALSE,FALSE,FALSE,",",0,0,"objective",NA,NA,0,0,0,0,"dyadic",FALSE,"","oneMode","Group1",1,396,"dv.net|endow|egoPlusAltX|beh.democracy_1||0|1|NA","unused_native_template"
"dv.net","beh.democracy_1 ego and alt","New ties: 2 * sum degr. x beh.democracy_1","egoPlusAltX","beh.democracy_1","","creation",FALSE,FALSE,FALSE,FALSE,FALSE,",",0,0,"objective",NA,NA,0,0,0,0,"dyadic",FALSE,"","oneMode","Group1",1,397,"dv.net|creation|egoPlusAltX|beh.democracy_1||0|1|NA","unused_native_template"
"dv.net","beh.democracy_1 sq. ego and alt","2 * sum degr. x squared beh.democracy_1","egoPlusAltSqX","beh.democracy_1","","eval",FALSE,FALSE,FALSE,FALSE,FALSE,",",0,0,"objective",NA,NA,0,0,0,0,"dyadic",FALSE,"","oneMode","Group1",1,398,"dv.net|eval|egoPlusAltSqX|beh.democracy_1||0|1|NA","unused_native_template"
"dv.net","beh.democracy_1 sq. ego and alt","Lost ties: 2 * sum degr. x squared beh.democracy_1","egoPlusAltSqX","beh.democracy_1","","endow",FALSE,FALSE,FALSE,FALSE,FALSE,",",0,0,"objective",NA,NA,0,0,0,0,"dyadic",FALSE,"","oneMode","Group1",1,399,"dv.net|endow|egoPlusAltSqX|beh.democracy_1||0|1|NA","unused_native_template"
"dv.net","beh.democracy_1 sq. ego and alt","New ties: 2 * sum degr. x squared beh.democracy_1","egoPlusAltSqX","beh.democracy_1","","creation",FALSE,FALSE,FALSE,FALSE,FALSE,",",0,0,"objective",NA,NA,0,0,0,0,"dyadic",FALSE,"","oneMode","Group1",1,400,"dv.net|creation|egoPlusAltSqX|beh.democracy_1||0|1|NA","unused_native_template"
"dv.net","beh.democracy_1 left thr. (0) ego","Sum degr. * (beh.democracy_1 <= 0)","egoLThresholdX","beh.democracy_1","","eval",FALSE,FALSE,FALSE,FALSE,FALSE,",",0,0,"objective",NA,NA,0,0,0,0,"ego",FALSE,"","oneMode","Group1",1,401,"dv.net|eval|egoLThresholdX|beh.democracy_1||0|1|NA","unused_native_template"
"dv.net","beh.democracy_1 left thr. (0) ego","Lost ties: Sum degr. * (beh.democracy_1 <= 0)","egoLThresholdX","beh.democracy_1","","endow",FALSE,FALSE,FALSE,FALSE,FALSE,",",0,0,"objective",NA,NA,0,0,0,0,"ego",FALSE,"","oneMode","Group1",1,402,"dv.net|endow|egoLThresholdX|beh.democracy_1||0|1|NA","unused_native_template"
"dv.net","beh.democracy_1 left thr. (0) ego","New ties: Sum degr. * (beh.democracy_1 <= 0)","egoLThresholdX","beh.democracy_1","","creation",FALSE,FALSE,FALSE,FALSE,FALSE,",",0,0,"objective",NA,NA,0,0,0,0,"ego",FALSE,"","oneMode","Group1",1,403,"dv.net|creation|egoLThresholdX|beh.democracy_1||0|1|NA","unused_native_template"
"dv.net","beh.democracy_1 right thr. (0) ego","Sum degr. * (beh.democracy_1 >= 0)","egoRThresholdX","beh.democracy_1","","eval",FALSE,FALSE,FALSE,FALSE,FALSE,",",0,0,"objective",NA,NA,0,0,0,0,"ego",FALSE,"","oneMode","Group1",1,404,"dv.net|eval|egoRThresholdX|beh.democracy_1||0|1|NA","unused_native_template"
"dv.net","beh.democracy_1 right thr. (0) ego","Lost ties: Sum degr. * (beh.democracy_1 >= 0)","egoRThresholdX","beh.democracy_1","","endow",FALSE,FALSE,FALSE,FALSE,FALSE,",",0,0,"objective",NA,NA,0,0,0,0,"ego",FALSE,"","oneMode","Group1",1,405,"dv.net|endow|egoRThresholdX|beh.democracy_1||0|1|NA","unused_native_template"
"dv.net","beh.democracy_1 right thr. (0) ego","New ties: Sum degr. * (beh.democracy_1 >= 0)","egoRThresholdX","beh.democracy_1","","creation",FALSE,FALSE,FALSE,FALSE,FALSE,",",0,0,"objective",NA,NA,0,0,0,0,"ego",FALSE,"","oneMode","Group1",1,406,"dv.net|creation|egoRThresholdX|beh.democracy_1||0|1|NA","unused_native_template"
"dv.net","abs. (outdegree - beh.democracy_1)","Sum of abs. (outdeg. - beh.democracy_1)","degAbsDiffX","beh.democracy_1","","eval",FALSE,FALSE,FALSE,FALSE,FALSE,",",0,0,"objective",NA,NA,0,0,0,0,"ego",FALSE,"","oneMode","Group1",1,407,"dv.net|eval|degAbsDiffX|beh.democracy_1||0|1|NA","unused_native_template"
"dv.net","abs. (outdegree - beh.democracy_1)","Lost ties: Sum of abs. (outdeg. - beh.democracy_1)","degAbsDiffX","beh.democracy_1","","endow",FALSE,FALSE,FALSE,FALSE,FALSE,",",0,0,"objective",NA,NA,0,0,0,0,"ego",FALSE,"","oneMode","Group1",1,408,"dv.net|endow|degAbsDiffX|beh.democracy_1||0|1|NA","unused_native_template"
"dv.net","abs. (outdegree - beh.democracy_1)","New ties: Sum of abs. (outdeg. - beh.democracy_1)","degAbsDiffX","beh.democracy_1","","creation",FALSE,FALSE,FALSE,FALSE,FALSE,",",0,0,"objective",NA,NA,0,0,0,0,"ego",FALSE,"","oneMode","Group1",1,409,"dv.net|creation|degAbsDiffX|beh.democracy_1||0|1|NA","unused_native_template"
"dv.net","pos. (outdegree - beh.democracy_1)","Sum of pos. (outdeg. - beh.democracy_1)","degPosDiffX","beh.democracy_1","","eval",FALSE,FALSE,FALSE,FALSE,FALSE,",",0,0,"objective",NA,NA,0,0,0,0,"ego",FALSE,"","oneMode","Group1",1,410,"dv.net|eval|degPosDiffX|beh.democracy_1||0|1|NA","unused_native_template"
"dv.net","pos. (outdegree - beh.democracy_1)","Lost ties: Sum of pos. (outdeg. - beh.democracy_1)","degPosDiffX","beh.democracy_1","","endow",FALSE,FALSE,FALSE,FALSE,FALSE,",",0,0,"objective",NA,NA,0,0,0,0,"ego",FALSE,"","oneMode","Group1",1,411,"dv.net|endow|degPosDiffX|beh.democracy_1||0|1|NA","unused_native_template"
"dv.net","pos. (outdegree - beh.democracy_1)","New ties: Sum of pos. (outdeg. - beh.democracy_1)","degPosDiffX","beh.democracy_1","","creation",FALSE,FALSE,FALSE,FALSE,FALSE,",",0,0,"objective",NA,NA,0,0,0,0,"ego",FALSE,"","oneMode","Group1",1,412,"dv.net|creation|degPosDiffX|beh.democracy_1||0|1|NA","unused_native_template"
"dv.net","neg. (beh.democracy_1 - outdegree)","Sum of neg. (beh.democracy_1 - outdegree)","degNegDiffX","beh.democracy_1","","eval",FALSE,FALSE,FALSE,FALSE,FALSE,",",0,0,"objective",NA,NA,0,0,0,0,"ego",FALSE,"","oneMode","Group1",1,413,"dv.net|eval|degNegDiffX|beh.democracy_1||0|1|NA","unused_native_template"
"dv.net","neg. (beh.democracy_1 - outdegree)","Lost ties: Sum of neg. (beh.democracy_1 - outdegree)","degNegDiffX","beh.democracy_1","","endow",FALSE,FALSE,FALSE,FALSE,FALSE,",",0,0,"objective",NA,NA,0,0,0,0,"ego",FALSE,"","oneMode","Group1",1,414,"dv.net|endow|degNegDiffX|beh.democracy_1||0|1|NA","unused_native_template"
"dv.net","neg. (beh.democracy_1 - outdegree)","New ties: Sum of neg. (beh.democracy_1 - outdegree)","degNegDiffX","beh.democracy_1","","creation",FALSE,FALSE,FALSE,FALSE,FALSE,",",0,0,"objective",NA,NA,0,0,0,0,"ego",FALSE,"","oneMode","Group1",1,415,"dv.net|creation|degNegDiffX|beh.democracy_1||0|1|NA","unused_native_template"
"dv.net","beh.democracy_1 difference","Sum_ties diff beh.democracy_1","diffX","beh.democracy_1","","eval",FALSE,FALSE,FALSE,FALSE,FALSE,",",0,0,"objective",NA,NA,0,0,0,0,"dyadic",FALSE,"","oneMode","Group1",1,416,"dv.net|eval|diffX|beh.democracy_1||0|1|NA","unused_native_template"
"dv.net","beh.democracy_1 difference","Lost ties: Sum_ties diff beh.democracy_1","diffX","beh.democracy_1","","endow",FALSE,FALSE,FALSE,FALSE,FALSE,",",0,0,"objective",NA,NA,0,0,0,0,"dyadic",FALSE,"","oneMode","Group1",1,417,"dv.net|endow|diffX|beh.democracy_1||0|1|NA","unused_native_template"
"dv.net","beh.democracy_1 difference","New ties: Sum_ties diff beh.democracy_1","diffX","beh.democracy_1","","creation",FALSE,FALSE,FALSE,FALSE,FALSE,",",0,0,"objective",NA,NA,0,0,0,0,"dyadic",FALSE,"","oneMode","Group1",1,418,"dv.net|creation|diffX|beh.democracy_1||0|1|NA","unused_native_template"
"dv.net","beh.democracy_1 abs. difference","Sum_ties abs.diff beh.democracy_1","absDiffX","beh.democracy_1","","eval",FALSE,FALSE,FALSE,FALSE,FALSE,",",0,0,"objective",NA,NA,0,0,0,0,"dyadic",FALSE,"","oneMode","Group1",1,419,"dv.net|eval|absDiffX|beh.democracy_1||0|1|NA","unused_native_template"
"dv.net","beh.democracy_1 abs. difference","Lost ties: Sum_ties abs.diff beh.democracy_1","absDiffX","beh.democracy_1","","endow",FALSE,FALSE,FALSE,FALSE,FALSE,",",0,0,"objective",NA,NA,0,0,0,0,"dyadic",FALSE,"","oneMode","Group1",1,420,"dv.net|endow|absDiffX|beh.democracy_1||0|1|NA","unused_native_template"
"dv.net","beh.democracy_1 abs. difference","New ties: Sum_ties abs.diff beh.democracy_1","absDiffX","beh.democracy_1","","creation",FALSE,FALSE,FALSE,FALSE,FALSE,",",0,0,"objective",NA,NA,0,0,0,0,"dyadic",FALSE,"","oneMode","Group1",1,421,"dv.net|creation|absDiffX|beh.democracy_1||0|1|NA","unused_native_template"
"dv.net","beh.democracy_1 diff. squared","Sum_ties diff.sq beh.democracy_1","diffSqX","beh.democracy_1","","eval",FALSE,FALSE,FALSE,FALSE,FALSE,",",0,0,"objective",NA,NA,0,0,0,0,"dyadic",FALSE,"","oneMode","Group1",1,422,"dv.net|eval|diffSqX|beh.democracy_1||0|1|NA","unused_native_template"
"dv.net","beh.democracy_1 diff. squared","Lost ties: Sum_ties diff.sq beh.democracy_1","diffSqX","beh.democracy_1","","endow",FALSE,FALSE,FALSE,FALSE,FALSE,",",0,0,"objective",NA,NA,0,0,0,0,"dyadic",FALSE,"","oneMode","Group1",1,423,"dv.net|endow|diffSqX|beh.democracy_1||0|1|NA","unused_native_template"
"dv.net","beh.democracy_1 diff. squared","New ties: Sum_ties diff.sq beh.democracy_1","diffSqX","beh.democracy_1","","creation",FALSE,FALSE,FALSE,FALSE,FALSE,",",0,0,"objective",NA,NA,0,0,0,0,"dyadic",FALSE,"","oneMode","Group1",1,424,"dv.net|creation|diffSqX|beh.democracy_1||0|1|NA","unused_native_template"
"dv.net","beh.democracy_1 ego * diff.","Sum_ties ego x diff beh.democracy_1","egoDiffX","beh.democracy_1","","eval",FALSE,FALSE,FALSE,FALSE,FALSE,",",0,0,"objective",NA,NA,0,0,0,0,"dyadic",FALSE,"","oneMode","Group1",1,425,"dv.net|eval|egoDiffX|beh.democracy_1||0|1|NA","unused_native_template"
"dv.net","beh.democracy_1 ego * diff.","Lost ties: Sum_ties ego x diff beh.democracy_1","egoDiffX","beh.democracy_1","","endow",FALSE,FALSE,FALSE,FALSE,FALSE,",",0,0,"objective",NA,NA,0,0,0,0,"dyadic",FALSE,"","oneMode","Group1",1,426,"dv.net|endow|egoDiffX|beh.democracy_1||0|1|NA","unused_native_template"
"dv.net","beh.democracy_1 ego * diff.","New ties: Sum_ties ego x diff beh.democracy_1","egoDiffX","beh.democracy_1","","creation",FALSE,FALSE,FALSE,FALSE,FALSE,",",0,0,"objective",NA,NA,0,0,0,0,"dyadic",FALSE,"","oneMode","Group1",1,427,"dv.net|creation|egoDiffX|beh.democracy_1||0|1|NA","unused_native_template"
"dv.net","beh.democracy_1 similarity","beh.democracy_1 similarity","simX","beh.democracy_1","","eval",FALSE,FALSE,FALSE,FALSE,FALSE,",",0,0,"objective",NA,NA,0,0,0,0,"dyadic",FALSE,"","oneMode","Group1",1,428,"dv.net|eval|simX|beh.democracy_1||0|1|NA","unused_native_template"
"dv.net","beh.democracy_1 similarity","Lost ties: beh.democracy_1 similarity","simX","beh.democracy_1","","endow",FALSE,FALSE,FALSE,FALSE,FALSE,",",0,0,"objective",NA,NA,0,0,0,0,"dyadic",FALSE,"","oneMode","Group1",1,429,"dv.net|endow|simX|beh.democracy_1||0|1|NA","unused_native_template"
"dv.net","beh.democracy_1 similarity","New ties: beh.democracy_1 similarity","simX","beh.democracy_1","","creation",FALSE,FALSE,FALSE,FALSE,FALSE,",",0,0,"objective",NA,NA,0,0,0,0,"dyadic",FALSE,"","oneMode","Group1",1,430,"dv.net|creation|simX|beh.democracy_1||0|1|NA","unused_native_template"
"dv.net","beh.democracy_1 similarity","Gmm statistic: beh.democracy_1 similarity","simX_gmm","beh.democracy_1","","gmm",FALSE,FALSE,FALSE,TRUE,FALSE,",",0,0,"gmm",NA,NA,0,0,0,0,"dyadic",FALSE,"","oneMode","Group1",1,431,"dv.net|gmm|simX_gmm|beh.democracy_1||0|1|NA","unused_native_template"
"dv.net","ind. pop.^(1/1) weighted beh.democracy_1","indegree pop.^(1/1) weighted beh.democracy_1","inPopX","beh.democracy_1","","eval",FALSE,FALSE,FALSE,FALSE,FALSE,",",0,1,"objective",NA,NA,0,0,0,0,"dyadic",FALSE,"","oneMode","Group1",1,432,"dv.net|eval|inPopX|beh.democracy_1||1|1|NA","unused_native_template"
"dv.net","ind. pop.^(1/1) weighted beh.democracy_1","Lost ties: indegree pop.^(1/1) weighted beh.democracy_1","inPopX","beh.democracy_1","","endow",FALSE,FALSE,FALSE,FALSE,FALSE,",",0,1,"objective",NA,NA,0,0,0,0,"dyadic",FALSE,"","oneMode","Group1",1,433,"dv.net|endow|inPopX|beh.democracy_1||1|1|NA","unused_native_template"
"dv.net","ind. pop.^(1/1) weighted beh.democracy_1","New ties: indegree pop.^(1/1) weighted beh.democracy_1","inPopX","beh.democracy_1","","creation",FALSE,FALSE,FALSE,FALSE,FALSE,",",0,1,"objective",NA,NA,0,0,0,0,"dyadic",FALSE,"","oneMode","Group1",1,434,"dv.net|creation|inPopX|beh.democracy_1||1|1|NA","unused_native_template"
"dv.net","outd. pop.^(1/1) weighted beh.democracy_1","outdegree pop.^(1/1) weighted beh.democracy_1","outPopX","beh.democracy_1","","eval",FALSE,FALSE,FALSE,FALSE,FALSE,",",0,1,"objective",NA,NA,0,0,0,0,"dyadic",FALSE,"","oneMode","Group1",1,435,"dv.net|eval|outPopX|beh.democracy_1||1|1|NA","unused_native_template"
"dv.net","outd. pop.^(1/1) weighted beh.democracy_1","Lost ties: outdegree pop.^(1/1) weighted beh.democracy_1","outPopX","beh.democracy_1","","endow",FALSE,FALSE,FALSE,FALSE,FALSE,",",0,1,"objective",NA,NA,0,0,0,0,"dyadic",FALSE,"","oneMode","Group1",1,436,"dv.net|endow|outPopX|beh.democracy_1||1|1|NA","unused_native_template"
"dv.net","outd. pop.^(1/1) weighted beh.democracy_1","New ties: outdegree pop.^(1/1) weighted beh.democracy_1","outPopX","beh.democracy_1","","creation",FALSE,FALSE,FALSE,FALSE,FALSE,",",0,1,"objective",NA,NA,0,0,0,0,"dyadic",FALSE,"","oneMode","Group1",1,437,"dv.net|creation|outPopX|beh.democracy_1||1|1|NA","unused_native_template"
"dv.net","ind. act.^(1/1) weighted beh.democracy_1","indegree act.^(1/1) weighted beh.democracy_1","inActX","beh.democracy_1","","eval",FALSE,FALSE,FALSE,FALSE,FALSE,",",0,1,"objective",NA,NA,0,0,0,0,"dyadic",FALSE,"","oneMode","Group1",1,438,"dv.net|eval|inActX|beh.democracy_1||1|1|NA","unused_native_template"
"dv.net","ind. act.^(1/1) weighted beh.democracy_1","Lost ties: indegree act.^(1/1) weighted beh.democracy_1","inActX","beh.democracy_1","","endow",FALSE,FALSE,FALSE,FALSE,FALSE,",",0,1,"objective",NA,NA,0,0,0,0,"dyadic",FALSE,"","oneMode","Group1",1,439,"dv.net|endow|inActX|beh.democracy_1||1|1|NA","unused_native_template"
"dv.net","ind. act.^(1/1) weighted beh.democracy_1","New ties: indegree act.^(1/1) weighted beh.democracy_1","inActX","beh.democracy_1","","creation",FALSE,FALSE,FALSE,FALSE,FALSE,",",0,1,"objective",NA,NA,0,0,0,0,"dyadic",FALSE,"","oneMode","Group1",1,440,"dv.net|creation|inActX|beh.democracy_1||1|1|NA","unused_native_template"
"dv.net","outd. act.^(1/1) weighted beh.democracy_1","indegree act.^(1/1) weighted beh.democracy_1","outActX","beh.democracy_1","","eval",FALSE,FALSE,FALSE,FALSE,FALSE,",",0,1,"objective",NA,NA,0,0,0,0,"dyadic",FALSE,"","oneMode","Group1",1,441,"dv.net|eval|outActX|beh.democracy_1||1|1|NA","unused_native_template"
"dv.net","outd. act.^(1/1) weighted beh.democracy_1","Lost ties: indegree act.^(1/1) weighted beh.democracy_1","outActX","beh.democracy_1","","endow",FALSE,FALSE,FALSE,FALSE,FALSE,",",0,1,"objective",NA,NA,0,0,0,0,"dyadic",FALSE,"","oneMode","Group1",1,442,"dv.net|endow|outActX|beh.democracy_1||1|1|NA","unused_native_template"
"dv.net","outd. act.^(1/1) weighted beh.democracy_1","New ties: indegree act.^(1/1) weighted beh.democracy_1","outActX","beh.democracy_1","","creation",FALSE,FALSE,FALSE,FALSE,FALSE,",",0,1,"objective",NA,NA,0,0,0,0,"dyadic",FALSE,"","oneMode","Group1",1,443,"dv.net|creation|outActX|beh.democracy_1||1|1|NA","unused_native_template"
"dv.net","same beh.democracy_1","same beh.democracy_1","sameX","beh.democracy_1","","eval",FALSE,FALSE,FALSE,FALSE,FALSE,",",0,0,"objective",NA,NA,0,0,0,0,"dyadic",FALSE,"","oneMode","Group1",1,444,"dv.net|eval|sameX|beh.democracy_1||0|1|NA","unused_native_template"
"dv.net","same beh.democracy_1","Lost ties: same beh.democracy_1","sameX","beh.democracy_1","","endow",FALSE,FALSE,FALSE,FALSE,FALSE,",",0,0,"objective",NA,NA,0,0,0,0,"dyadic",FALSE,"","oneMode","Group1",1,445,"dv.net|endow|sameX|beh.democracy_1||0|1|NA","unused_native_template"
"dv.net","same beh.democracy_1","New ties: same beh.democracy_1","sameX","beh.democracy_1","","creation",FALSE,FALSE,FALSE,FALSE,FALSE,",",0,0,"objective",NA,NA,0,0,0,0,"dyadic",FALSE,"","oneMode","Group1",1,446,"dv.net|creation|sameX|beh.democracy_1||0|1|NA","unused_native_template"
"dv.net","ind. pop. from dif. beh.democracy_1","indegree pop. from dif. values on beh.democracy_1","diffXInPop","beh.democracy_1","","eval",FALSE,FALSE,FALSE,FALSE,FALSE,",",0,0,"objective",NA,NA,0,0,0,0,"dyadic",FALSE,"","oneMode","Group1",1,447,"dv.net|eval|diffXInPop|beh.democracy_1||0|1|NA","unused_native_template"
"dv.net","ind. pop. from dif. beh.democracy_1","Lost ties: indegree pop. from dif. values on beh.democracy_1","diffXInPop","beh.democracy_1","","endow",FALSE,FALSE,FALSE,FALSE,FALSE,",",0,0,"objective",NA,NA,0,0,0,0,"dyadic",FALSE,"","oneMode","Group1",1,448,"dv.net|endow|diffXInPop|beh.democracy_1||0|1|NA","unused_native_template"
"dv.net","ind. pop. from dif. beh.democracy_1","New ties: indegree pop. from dif. values on beh.democracy_1","diffXInPop","beh.democracy_1","","creation",FALSE,FALSE,FALSE,FALSE,FALSE,",",0,0,"objective",NA,NA,0,0,0,0,"dyadic",FALSE,"","oneMode","Group1",1,449,"dv.net|creation|diffXInPop|beh.democracy_1||0|1|NA","unused_native_template"
"dv.net","outd. act. to same beh.democracy_1","sum sqr. outd. to same values on beh.democracy_1","sameXOutAct","beh.democracy_1","","eval",FALSE,FALSE,FALSE,FALSE,FALSE,",",0,0,"objective",NA,NA,0,0,0,0,"",FALSE,"","oneMode","Group1",1,450,"dv.net|eval|sameXOutAct|beh.democracy_1||0|1|NA","unused_native_template"
"dv.net","outd. act. to same beh.democracy_1","Lost ties: sum sqr. outd. to same values on beh.democracy_1","sameXOutAct","beh.democracy_1","","endow",FALSE,FALSE,FALSE,FALSE,FALSE,",",0,0,"objective",NA,NA,0,0,0,0,"",FALSE,"","oneMode","Group1",1,451,"dv.net|endow|sameXOutAct|beh.democracy_1||0|1|NA","unused_native_template"
"dv.net","outd. act. to same beh.democracy_1","New ties: sum sqr. outd. to same values on beh.democracy_1","sameXOutAct","beh.democracy_1","","creation",FALSE,FALSE,FALSE,FALSE,FALSE,",",0,0,"objective",NA,NA,0,0,0,0,"",FALSE,"","oneMode","Group1",1,452,"dv.net|creation|sameXOutAct|beh.democracy_1||0|1|NA","unused_native_template"
"dv.net","outd. act. to dif. beh.democracy_1","sum sqr. outd. to dif. values on beh.democracy_1","diffXOutAct","beh.democracy_1","","eval",FALSE,FALSE,FALSE,FALSE,FALSE,",",0,0,"objective",NA,NA,0,0,0,0,"",FALSE,"","oneMode","Group1",1,453,"dv.net|eval|diffXOutAct|beh.democracy_1||0|1|NA","unused_native_template"
"dv.net","outd. act. to dif. beh.democracy_1","Lost ties: sum sqr. outd. to dif. values on beh.democracy_1","diffXOutAct","beh.democracy_1","","endow",FALSE,FALSE,FALSE,FALSE,FALSE,",",0,0,"objective",NA,NA,0,0,0,0,"",FALSE,"","oneMode","Group1",1,454,"dv.net|endow|diffXOutAct|beh.democracy_1||0|1|NA","unused_native_template"
"dv.net","outd. act. to dif. beh.democracy_1","New ties: sum sqr. outd. to dif. values on beh.democracy_1","diffXOutAct","beh.democracy_1","","creation",FALSE,FALSE,FALSE,FALSE,FALSE,",",0,0,"objective",NA,NA,0,0,0,0,"",FALSE,"","oneMode","Group1",1,455,"dv.net|creation|diffXOutAct|beh.democracy_1||0|1|NA","unused_native_template"
"dv.net","outd. act. to hom. beh.democracy_1","sum sqr. outd. to hom. values on beh.democracy_1","homXOutAct","beh.democracy_1","","eval",FALSE,FALSE,FALSE,FALSE,FALSE,",",0,0,"objective",NA,NA,0,0,0,0,"",FALSE,"","oneMode","Group1",1,456,"dv.net|eval|homXOutAct|beh.democracy_1||0|1|NA","unused_native_template"
"dv.net","outd. act. to hom. beh.democracy_1","Lost ties: sum sqr. outd. to hom. values on beh.democracy_1","homXOutAct","beh.democracy_1","","endow",FALSE,FALSE,FALSE,FALSE,FALSE,",",0,0,"objective",NA,NA,0,0,0,0,"",FALSE,"","oneMode","Group1",1,457,"dv.net|endow|homXOutAct|beh.democracy_1||0|1|NA","unused_native_template"
"dv.net","outd. act. to hom. beh.democracy_1","New ties: sum sqr. outd. to hom. values on beh.democracy_1","homXOutAct","beh.democracy_1","","creation",FALSE,FALSE,FALSE,FALSE,FALSE,",",0,0,"objective",NA,NA,0,0,0,0,"",FALSE,"","oneMode","Group1",1,458,"dv.net|creation|homXOutAct|beh.democracy_1||0|1|NA","unused_native_template"
"dv.net","outd. act. weight alt. beh.democracy_1","sum sqr. outd. weight alt. beh.democracy_1","altXOutAct","beh.democracy_1","","eval",FALSE,FALSE,FALSE,FALSE,FALSE,",",0,0,"objective",NA,NA,0,0,0,0,"",FALSE,"","oneMode","Group1",1,459,"dv.net|eval|altXOutAct|beh.democracy_1||0|1|NA","unused_native_template"
"dv.net","outd. act. weight alt. beh.democracy_1","Lost ties: sum sqr. outd. weight alt. beh.democracy_1","altXOutAct","beh.democracy_1","","endow",FALSE,FALSE,FALSE,FALSE,FALSE,",",0,0,"objective",NA,NA,0,0,0,0,"",FALSE,"","oneMode","Group1",1,460,"dv.net|endow|altXOutAct|beh.democracy_1||0|1|NA","unused_native_template"
"dv.net","outd. act. weight alt. beh.democracy_1","New ties: sum sqr. outd. weight alt. beh.democracy_1","altXOutAct","beh.democracy_1","","creation",FALSE,FALSE,FALSE,FALSE,FALSE,",",0,0,"objective",NA,NA,0,0,0,0,"",FALSE,"","oneMode","Group1",1,461,"dv.net|creation|altXOutAct|beh.democracy_1||0|1|NA","unused_native_template"
"dv.net","trans. triads intermed. beh.democracy_1","Number of trans. triads intermed. weight beh.democracy_1","transTripX","beh.democracy_1","","eval",FALSE,FALSE,FALSE,FALSE,FALSE,",",0,0,"objective",NA,NA,0,0,0,0,"",FALSE,"","oneMode","Group1",1,462,"dv.net|eval|transTripX|beh.democracy_1||0|1|NA","unused_native_template"
"dv.net","trans. triads intermed. beh.democracy_1","Lost ties: Number of trans. triads intermed. weight beh.democracy_1","transTripX","beh.democracy_1","","endow",FALSE,FALSE,FALSE,FALSE,FALSE,",",0,0,"objective",NA,NA,0,0,0,0,"",FALSE,"","oneMode","Group1",1,463,"dv.net|endow|transTripX|beh.democracy_1||0|1|NA","unused_native_template"
"dv.net","trans. triads intermed. beh.democracy_1","New ties: Number of trans. triads intermed. weight beh.democracy_1","transTripX","beh.democracy_1","","creation",FALSE,FALSE,FALSE,FALSE,FALSE,",",0,0,"objective",NA,NA,0,0,0,0,"",FALSE,"","oneMode","Group1",1,464,"dv.net|creation|transTripX|beh.democracy_1||0|1|NA","unused_native_template"
"dv.net","transitive triads same beh.democracy_1","Number of transitive triads same on beh.democracy_1","sameXTransTrip","beh.democracy_1","","eval",FALSE,FALSE,FALSE,FALSE,FALSE,",",0,0,"objective",NA,NA,0,0,0,0,"",FALSE,"","oneMode","Group1",1,465,"dv.net|eval|sameXTransTrip|beh.democracy_1||0|1|NA","unused_native_template"
"dv.net","transitive triads same beh.democracy_1","Lost ties: Number of transitive triads same on beh.democracy_1","sameXTransTrip","beh.democracy_1","","endow",FALSE,FALSE,FALSE,FALSE,FALSE,",",0,0,"objective",NA,NA,0,0,0,0,"",FALSE,"","oneMode","Group1",1,466,"dv.net|endow|sameXTransTrip|beh.democracy_1||0|1|NA","unused_native_template"
"dv.net","transitive triads same beh.democracy_1","New ties: Number of transitive triads same on beh.democracy_1","sameXTransTrip","beh.democracy_1","","creation",FALSE,FALSE,FALSE,FALSE,FALSE,",",0,0,"objective",NA,NA,0,0,0,0,"",FALSE,"","oneMode","Group1",1,467,"dv.net|creation|sameXTransTrip|beh.democracy_1||0|1|NA","unused_native_template"
"dv.net","transitive triads diff. beh.democracy_1","Number of transitive triads diff. on beh.democracy_1","diffXTransTrip","beh.democracy_1","","eval",FALSE,FALSE,FALSE,FALSE,FALSE,",",0,0,"objective",NA,NA,0,0,0,0,"",FALSE,"","oneMode","Group1",1,468,"dv.net|eval|diffXTransTrip|beh.democracy_1||0|1|NA","unused_native_template"
"dv.net","transitive triads diff. beh.democracy_1","Lost ties: Number of transitive triads diff. on beh.democracy_1","diffXTransTrip","beh.democracy_1","","endow",FALSE,FALSE,FALSE,FALSE,FALSE,",",0,0,"objective",NA,NA,0,0,0,0,"",FALSE,"","oneMode","Group1",1,469,"dv.net|endow|diffXTransTrip|beh.democracy_1||0|1|NA","unused_native_template"
"dv.net","transitive triads diff. beh.democracy_1","New ties: Number of transitive triads diff. on beh.democracy_1","diffXTransTrip","beh.democracy_1","","creation",FALSE,FALSE,FALSE,FALSE,FALSE,",",0,0,"objective",NA,NA,0,0,0,0,"",FALSE,"","oneMode","Group1",1,470,"dv.net|creation|diffXTransTrip|beh.democracy_1||0|1|NA","unused_native_template"
"dv.net","transitive triplets homog. beh.democracy_1","Number of transitive triplets homogeneous on beh.democracy_1","homXTransTrip","beh.democracy_1","","eval",FALSE,FALSE,FALSE,FALSE,FALSE,",",0,0,"objective",NA,NA,0,0,0,0,"",FALSE,"","oneMode","Group1",1,471,"dv.net|eval|homXTransTrip|beh.democracy_1||0|1|NA","unused_native_template"
"dv.net","transitive triplets homog. beh.democracy_1","Lost ties: Number of transitive triplets homogeneous on beh.democracy_1","homXTransTrip","beh.democracy_1","","endow",FALSE,FALSE,FALSE,FALSE,FALSE,",",0,0,"objective",NA,NA,0,0,0,0,"",FALSE,"","oneMode","Group1",1,472,"dv.net|endow|homXTransTrip|beh.democracy_1||0|1|NA","unused_native_template"
"dv.net","transitive triplets homog. beh.democracy_1","New ties: Number of transitive triplets homogeneous on beh.democracy_1","homXTransTrip","beh.democracy_1","","creation",FALSE,FALSE,FALSE,FALSE,FALSE,",",0,0,"objective",NA,NA,0,0,0,0,"",FALSE,"","oneMode","Group1",1,473,"dv.net|creation|homXTransTrip|beh.democracy_1||0|1|NA","unused_native_template"
"dv.net","transitive triads jumping beh.democracy_1","Number of transitive triads jumping beh.democracy_1","jumpXTransTrip","beh.democracy_1","","eval",FALSE,FALSE,FALSE,FALSE,FALSE,",",0,0,"objective",NA,NA,0,0,0,0,"",FALSE,"","oneMode","Group1",1,474,"dv.net|eval|jumpXTransTrip|beh.democracy_1||0|1|NA","unused_native_template"
"dv.net","transitive triads jumping beh.democracy_1","Lost ties: Number of transitive triads jumping beh.democracy_1","jumpXTransTrip","beh.democracy_1","","endow",FALSE,FALSE,FALSE,FALSE,FALSE,",",0,0,"objective",NA,NA,0,0,0,0,"",FALSE,"","oneMode","Group1",1,475,"dv.net|endow|jumpXTransTrip|beh.democracy_1||0|1|NA","unused_native_template"
"dv.net","transitive triads jumping beh.democracy_1","New ties: Number of transitive triads jumping beh.democracy_1","jumpXTransTrip","beh.democracy_1","","creation",FALSE,FALSE,FALSE,FALSE,FALSE,",",0,0,"objective",NA,NA,0,0,0,0,"",FALSE,"","oneMode","Group1",1,476,"dv.net|creation|jumpXTransTrip|beh.democracy_1||0|1|NA","unused_native_template"
"dv.net","beh.democracy_1 ego x beh.democracy_1 alter","beh.democracy_1 ego x beh.democracy_1 alter","egoXaltX","beh.democracy_1","","eval",FALSE,FALSE,FALSE,FALSE,FALSE,",",0,0,"objective",NA,NA,0,0,0,0,"dyadic",FALSE,"","oneMode","Group1",1,477,"dv.net|eval|egoXaltX|beh.democracy_1||0|1|NA","unused_native_template"
"dv.net","beh.democracy_1 ego x beh.democracy_1 alter","Lost ties: beh.democracy_1 ego x beh.democracy_1 alter","egoXaltX","beh.democracy_1","","endow",FALSE,FALSE,FALSE,FALSE,FALSE,",",0,0,"objective",NA,NA,0,0,0,0,"dyadic",FALSE,"","oneMode","Group1",1,478,"dv.net|endow|egoXaltX|beh.democracy_1||0|1|NA","unused_native_template"
"dv.net","beh.democracy_1 ego x beh.democracy_1 alter","New ties: beh.democracy_1 ego x beh.democracy_1 alter","egoXaltX","beh.democracy_1","","creation",FALSE,FALSE,FALSE,FALSE,FALSE,",",0,0,"objective",NA,NA,0,0,0,0,"dyadic",FALSE,"","oneMode","Group1",1,479,"dv.net|creation|egoXaltX|beh.democracy_1||0|1|NA","unused_native_template"
"dv.net","beh.democracy_1 of indirect ties","beh.democracy_1 of indirect ties","IndTies","beh.democracy_1","","eval",FALSE,FALSE,FALSE,FALSE,FALSE,",",0,0,"objective",NA,NA,0,0,0,0,"dyadic",FALSE,"","oneMode","Group1",1,480,"dv.net|eval|IndTies|beh.democracy_1||0|1|NA","unused_native_template"
"dv.net","beh.democracy_1 alter at dist 2 (1)","beh.democracy_1 alter at dist 2 (1)","altDist2","beh.democracy_1","","eval",FALSE,FALSE,FALSE,FALSE,FALSE,",",0,1,"objective",NA,NA,0,0,0,0,"dyadic",FALSE,"","oneMode","Group1",1,481,"dv.net|eval|altDist2|beh.democracy_1||1|1|NA","unused_native_template"
"dv.net","beh.democracy_1 alter at dist 2 (1)","Lost ties: beh.democracy_1 alter at dist 2 (1)","altDist2","beh.democracy_1","","endow",FALSE,FALSE,FALSE,FALSE,FALSE,",",0,1,"objective",NA,NA,0,0,0,0,"dyadic",FALSE,"","oneMode","Group1",1,482,"dv.net|endow|altDist2|beh.democracy_1||1|1|NA","unused_native_template"
"dv.net","beh.democracy_1 alter at dist 2 (1)","New ties: beh.democracy_1 alter at dist 2 (1)","altDist2","beh.democracy_1","","creation",FALSE,FALSE,FALSE,FALSE,FALSE,",",0,1,"objective",NA,NA,0,0,0,0,"dyadic",FALSE,"","oneMode","Group1",1,483,"dv.net|creation|altDist2|beh.democracy_1||1|1|NA","unused_native_template"
"dv.net","beh.democracy_1 tot alter at dist 2 (1)","beh.democracy_1 tot alter at dist 2 (1)","totDist2","beh.democracy_1","","eval",FALSE,FALSE,FALSE,FALSE,FALSE,",",0,1,"objective",NA,NA,0,0,0,0,"dyadic",FALSE,"","oneMode","Group1",1,484,"dv.net|eval|totDist2|beh.democracy_1||1|1|NA","unused_native_template"
"dv.net","beh.democracy_1 tot alter at dist 2 (1)","Lost ties: beh.democracy_1 tot alter at dist 2 (1)","totDist2","beh.democracy_1","","endow",FALSE,FALSE,FALSE,FALSE,FALSE,",",0,1,"objective",NA,NA,0,0,0,0,"dyadic",FALSE,"","oneMode","Group1",1,485,"dv.net|endow|totDist2|beh.democracy_1||1|1|NA","unused_native_template"
"dv.net","beh.democracy_1 tot alter at dist 2 (1)","New ties: beh.democracy_1 tot alter at dist 2 (1)","totDist2","beh.democracy_1","","creation",FALSE,FALSE,FALSE,FALSE,FALSE,",",0,1,"objective",NA,NA,0,0,0,0,"dyadic",FALSE,"","oneMode","Group1",1,486,"dv.net|creation|totDist2|beh.democracy_1||1|1|NA","unused_native_template"
"dv.net","beh.democracy_1 ego-alter dist 2 similarity","beh.democracy_1 ego-alter dist 2 similarity","simEgoDist2","beh.democracy_1","","eval",FALSE,FALSE,FALSE,FALSE,FALSE,",",0,1,"objective",NA,NA,0,0,0,0,"dyadic",FALSE,"","oneMode","Group1",1,487,"dv.net|eval|simEgoDist2|beh.democracy_1||1|1|NA","unused_native_template"
"dv.net","beh.democracy_1 ego-alter dist 2 similarity","Lost ties: beh.democracy_1 ego-alter dist 2 similarity","simEgoDist2","beh.democracy_1","","endow",FALSE,FALSE,FALSE,FALSE,FALSE,",",0,1,"objective",NA,NA,0,0,0,0,"dyadic",FALSE,"","oneMode","Group1",1,488,"dv.net|endow|simEgoDist2|beh.democracy_1||1|1|NA","unused_native_template"
"dv.net","beh.democracy_1 ego-alter dist 2 similarity","New ties: beh.democracy_1 ego-alter dist 2 similarity","simEgoDist2","beh.democracy_1","","creation",FALSE,FALSE,FALSE,FALSE,FALSE,",",0,1,"objective",NA,NA,0,0,0,0,"dyadic",FALSE,"","oneMode","Group1",1,489,"dv.net|creation|simEgoDist2|beh.democracy_1||1|1|NA","unused_native_template"
"dv.net","beh.democracy_1 similarity at dist 2","beh.democracy_1 similarity at dist 2","simDist2","beh.democracy_1","","eval",FALSE,FALSE,FALSE,FALSE,FALSE,",",0,1,"objective",NA,NA,0,0,0,0,"dyadic",FALSE,"","oneMode","Group1",1,490,"dv.net|eval|simDist2|beh.democracy_1||1|1|NA","unused_native_template"
"dv.net","beh.democracy_1 similarity at dist 2","Lost ties: beh.democracy_1 similarity at dist 2","simDist2","beh.democracy_1","","endow",FALSE,FALSE,FALSE,FALSE,FALSE,",",0,1,"objective",NA,NA,0,0,0,0,"dyadic",FALSE,"","oneMode","Group1",1,491,"dv.net|endow|simDist2|beh.democracy_1||1|1|NA","unused_native_template"
"dv.net","beh.democracy_1 similarity at dist 2","New ties: beh.democracy_1 similarity at dist 2","simDist2","beh.democracy_1","","creation",FALSE,FALSE,FALSE,FALSE,FALSE,",",0,1,"objective",NA,NA,0,0,0,0,"dyadic",FALSE,"","oneMode","Group1",1,492,"dv.net|creation|simDist2|beh.democracy_1||1|1|NA","unused_native_template"
"dv.net","beh.democracy_1 in-alter dist 2","beh.democracy_1 in-alter dist 2","altInDist2","beh.democracy_1","","eval",FALSE,FALSE,FALSE,FALSE,FALSE,",",0,0,"objective",NA,NA,0,0,0,0,"dyadic",FALSE,"","oneMode","Group1",1,493,"dv.net|eval|altInDist2|beh.democracy_1||0|1|NA","unused_native_template"
"dv.net","beh.democracy_1 in-alter dist 2","Lost ties: beh.democracy_1 in-alter dist 2","altInDist2","beh.democracy_1","","endow",FALSE,FALSE,FALSE,FALSE,FALSE,",",0,0,"objective",NA,NA,0,0,0,0,"dyadic",FALSE,"","oneMode","Group1",1,494,"dv.net|endow|altInDist2|beh.democracy_1||0|1|NA","unused_native_template"
"dv.net","beh.democracy_1 in-alter dist 2","New ties: beh.democracy_1 in-alter dist 2","altInDist2","beh.democracy_1","","creation",FALSE,FALSE,FALSE,FALSE,FALSE,",",0,0,"objective",NA,NA,0,0,0,0,"dyadic",FALSE,"","oneMode","Group1",1,495,"dv.net|creation|altInDist2|beh.democracy_1||0|1|NA","unused_native_template"
"dv.net","beh.democracy_1 tot in-alter dist 2","beh.democracy_1 tot in-alter dist 2","totInDist2","beh.democracy_1","","eval",FALSE,FALSE,FALSE,FALSE,FALSE,",",0,0,"objective",NA,NA,0,0,0,0,"dyadic",FALSE,"","oneMode","Group1",1,496,"dv.net|eval|totInDist2|beh.democracy_1||0|1|NA","unused_native_template"
"dv.net","beh.democracy_1 tot in-alter dist 2","Lost ties: beh.democracy_1 tot in-alter dist 2","totInDist2","beh.democracy_1","","endow",FALSE,FALSE,FALSE,FALSE,FALSE,",",0,0,"objective",NA,NA,0,0,0,0,"dyadic",FALSE,"","oneMode","Group1",1,497,"dv.net|endow|totInDist2|beh.democracy_1||0|1|NA","unused_native_template"
"dv.net","beh.democracy_1 tot in-alter dist 2","New ties: beh.democracy_1 tot in-alter dist 2","totInDist2","beh.democracy_1","","creation",FALSE,FALSE,FALSE,FALSE,FALSE,",",0,0,"objective",NA,NA,0,0,0,0,"dyadic",FALSE,"","oneMode","Group1",1,498,"dv.net|creation|totInDist2|beh.democracy_1||0|1|NA","unused_native_template"
"dv.net","beh.democracy_1 ego-in-alter dist 2 similarity","beh.democracy_1 ego-in-alter dist 2 similarity","simEgoInDist2","beh.democracy_1","","eval",FALSE,FALSE,FALSE,FALSE,FALSE,",",0,1,"objective",NA,NA,0,0,0,0,"dyadic",FALSE,"","oneMode","Group1",1,499,"dv.net|eval|simEgoInDist2|beh.democracy_1||1|1|NA","unused_native_template"
"dv.net","beh.democracy_1 ego-in-alter dist 2 similarity","Lost ties: beh.democracy_1 ego-in-alter dist 2 similarity","simEgoInDist2","beh.democracy_1","","endow",FALSE,FALSE,FALSE,FALSE,FALSE,",",0,1,"objective",NA,NA,0,0,0,0,"dyadic",FALSE,"","oneMode","Group1",1,500,"dv.net|endow|simEgoInDist2|beh.democracy_1||1|1|NA","unused_native_template"
"dv.net","beh.democracy_1 ego-in-alter dist 2 similarity","New ties: beh.democracy_1 ego-in-alter dist 2 similarity","simEgoInDist2","beh.democracy_1","","creation",FALSE,FALSE,FALSE,FALSE,FALSE,",",0,1,"objective",NA,NA,0,0,0,0,"dyadic",FALSE,"","oneMode","Group1",1,501,"dv.net|creation|simEgoInDist2|beh.democracy_1||1|1|NA","unused_native_template"
"dv.net","beh.democracy_1 group-av. ego","Sum of degr. x aver. beh.democracy_1","avGroupEgoX","beh.democracy_1","","eval",FALSE,FALSE,FALSE,FALSE,FALSE,",",0,0,"objective",NA,NA,0,0,0,0,"ego",FALSE,"","oneMode","Group1",1,502,"dv.net|eval|avGroupEgoX|beh.democracy_1||0|1|NA","unused_native_template"
"dv.net","beh.democracy_1 group-av. ego","Lost ties: Sum of degr. x aver. beh.democracy_1","avGroupEgoX","beh.democracy_1","","endow",FALSE,FALSE,FALSE,FALSE,FALSE,",",0,0,"objective",NA,NA,0,0,0,0,"ego",FALSE,"","oneMode","Group1",1,503,"dv.net|endow|avGroupEgoX|beh.democracy_1||0|1|NA","unused_native_template"
"dv.net","beh.democracy_1 group-av. ego","New ties: Sum of degr. x aver. beh.democracy_1","avGroupEgoX","beh.democracy_1","","creation",FALSE,FALSE,FALSE,FALSE,FALSE,",",0,0,"objective",NA,NA,0,0,0,0,"ego",FALSE,"","oneMode","Group1",1,504,"dv.net|creation|avGroupEgoX|beh.democracy_1||0|1|NA","unused_native_template"
"dv.net","beh.GDPgrowth_1 alter","Sum of degrees x beh.GDPgrowth_1","altX","beh.GDPgrowth_1","","eval",FALSE,FALSE,FALSE,FALSE,FALSE,",",0,0,"objective",NA,NA,0,0,0,0,"dyadic",FALSE,"","oneMode","Group1",1,505,"network|atom(altX|0|beh.GDPgrowth_1)","unused_native_template"
"dv.net","beh.GDPgrowth_1 alter","Lost ties: Sum of degrees x beh.GDPgrowth_1","altX","beh.GDPgrowth_1","","endow",FALSE,FALSE,FALSE,FALSE,FALSE,",",0,0,"objective",NA,NA,0,0,0,0,"dyadic",FALSE,"","oneMode","Group1",1,506,"dv.net|endow|altX|beh.GDPgrowth_1||0|1|NA","unused_native_template"
"dv.net","beh.GDPgrowth_1 alter","New ties: Sum of degrees x beh.GDPgrowth_1","altX","beh.GDPgrowth_1","","creation",FALSE,FALSE,FALSE,FALSE,FALSE,",",0,0,"objective",NA,NA,0,0,0,0,"dyadic",FALSE,"","oneMode","Group1",1,507,"dv.net|creation|altX|beh.GDPgrowth_1||0|1|NA","unused_native_template"
"dv.net","beh.GDPgrowth_1 squared alt","Sum of degrees x squared beh.GDPgrowth_1","altSqX","beh.GDPgrowth_1","","eval",FALSE,FALSE,FALSE,FALSE,FALSE,",",0,0,"objective",NA,NA,0,0,0,0,"dyadic",FALSE,"","oneMode","Group1",1,508,"dv.net|eval|altSqX|beh.GDPgrowth_1||0|1|NA","unused_native_template"
"dv.net","beh.GDPgrowth_1 squared alt","Lost ties: Sum of degrees x squared beh.GDPgrowth_1","altSqX","beh.GDPgrowth_1","","endow",FALSE,FALSE,FALSE,FALSE,FALSE,",",0,0,"objective",NA,NA,0,0,0,0,"dyadic",FALSE,"","oneMode","Group1",1,509,"dv.net|endow|altSqX|beh.GDPgrowth_1||0|1|NA","unused_native_template"
"dv.net","beh.GDPgrowth_1 squared alt","New ties: Sum of degrees x squared beh.GDPgrowth_1","altSqX","beh.GDPgrowth_1","","creation",FALSE,FALSE,FALSE,FALSE,FALSE,",",0,0,"objective",NA,NA,0,0,0,0,"dyadic",FALSE,"","oneMode","Group1",1,510,"dv.net|creation|altSqX|beh.GDPgrowth_1||0|1|NA","unused_native_template"
"dv.net","beh.GDPgrowth_1 left thr. (0) alter","Sum degr. * (beh.GDPgrowth_1 <= 0)","altLThresholdX","beh.GDPgrowth_1","","eval",FALSE,FALSE,FALSE,FALSE,FALSE,",",0,0,"objective",NA,NA,0,0,0,0,"ego",FALSE,"","oneMode","Group1",1,511,"dv.net|eval|altLThresholdX|beh.GDPgrowth_1||0|1|NA","unused_native_template"
"dv.net","beh.GDPgrowth_1 left thr. (0) alter","Lost ties: Sum degr. * (beh.GDPgrowth_1 <= 0)","altLThresholdX","beh.GDPgrowth_1","","endow",FALSE,FALSE,FALSE,FALSE,FALSE,",",0,0,"objective",NA,NA,0,0,0,0,"ego",FALSE,"","oneMode","Group1",1,512,"dv.net|endow|altLThresholdX|beh.GDPgrowth_1||0|1|NA","unused_native_template"
"dv.net","beh.GDPgrowth_1 left thr. (0) alter","New ties: Sum degr. * (beh.GDPgrowth_1 <= 0)","altLThresholdX","beh.GDPgrowth_1","","creation",FALSE,FALSE,FALSE,FALSE,FALSE,",",0,0,"objective",NA,NA,0,0,0,0,"ego",FALSE,"","oneMode","Group1",1,513,"dv.net|creation|altLThresholdX|beh.GDPgrowth_1||0|1|NA","unused_native_template"
"dv.net","beh.GDPgrowth_1 right thr. (0) alter","Sum degr. * (beh.GDPgrowth_1 >= 0)","altRThresholdX","beh.GDPgrowth_1","","eval",FALSE,FALSE,FALSE,FALSE,FALSE,",",0,0,"objective",NA,NA,0,0,0,0,"ego",FALSE,"","oneMode","Group1",1,514,"dv.net|eval|altRThresholdX|beh.GDPgrowth_1||0|1|NA","unused_native_template"
"dv.net","beh.GDPgrowth_1 right thr. (0) alter","Lost ties: Sum degr. * (beh.GDPgrowth_1 >= 0)","altRThresholdX","beh.GDPgrowth_1","","endow",FALSE,FALSE,FALSE,FALSE,FALSE,",",0,0,"objective",NA,NA,0,0,0,0,"ego",FALSE,"","oneMode","Group1",1,515,"dv.net|endow|altRThresholdX|beh.GDPgrowth_1||0|1|NA","unused_native_template"
"dv.net","beh.GDPgrowth_1 right thr. (0) alter","New ties: Sum degr. * (beh.GDPgrowth_1 >= 0)","altRThresholdX","beh.GDPgrowth_1","","creation",FALSE,FALSE,FALSE,FALSE,FALSE,",",0,0,"objective",NA,NA,0,0,0,0,"ego",FALSE,"","oneMode","Group1",1,516,"dv.net|creation|altRThresholdX|beh.GDPgrowth_1||0|1|NA","unused_native_template"
"dv.net","beh.GDPgrowth_1 ego","Sum of degrees x beh.GDPgrowth_1","egoX","beh.GDPgrowth_1","","eval",FALSE,FALSE,FALSE,FALSE,FALSE,",",0,0,"objective",NA,NA,0,0,0,0,"ego",FALSE,"","oneMode","Group1",1,517,"network|atom(egoX|0|beh.GDPgrowth_1)","unused_native_template"
"dv.net","beh.GDPgrowth_1 ego","Lost ties: Sum of degrees x beh.GDPgrowth_1","egoX","beh.GDPgrowth_1","","endow",FALSE,FALSE,FALSE,FALSE,FALSE,",",0,0,"objective",NA,NA,0,0,0,0,"ego",FALSE,"","oneMode","Group1",1,518,"dv.net|endow|egoX|beh.GDPgrowth_1||0|1|NA","unused_native_template"
"dv.net","beh.GDPgrowth_1 ego","New ties: Sum of degrees x beh.GDPgrowth_1","egoX","beh.GDPgrowth_1","","creation",FALSE,FALSE,FALSE,FALSE,FALSE,",",0,0,"objective",NA,NA,0,0,0,0,"ego",FALSE,"","oneMode","Group1",1,519,"dv.net|creation|egoX|beh.GDPgrowth_1||0|1|NA","unused_native_template"
"dv.net","beh.GDPgrowth_1 ego","Gmm statistic: Sum of degrees x beh.GDPgrowth_1","egoX_gmm","beh.GDPgrowth_1","","gmm",FALSE,FALSE,FALSE,TRUE,FALSE,",",0,0,"gmm",NA,NA,0,0,0,0,"ego",FALSE,"","oneMode","Group1",1,520,"dv.net|gmm|egoX_gmm|beh.GDPgrowth_1||0|1|NA","unused_native_template"
"dv.net","beh.GDPgrowth_1 squared ego","Sum of degrees x squared beh.GDPgrowth_1","egoSqX","beh.GDPgrowth_1","","eval",FALSE,FALSE,FALSE,FALSE,FALSE,",",0,0,"objective",NA,NA,0,0,0,0,"dyadic",FALSE,"","oneMode","Group1",1,521,"dv.net|eval|egoSqX|beh.GDPgrowth_1||0|1|NA","unused_native_template"
"dv.net","beh.GDPgrowth_1 squared ego","Lost ties: Sum of degrees x squared beh.GDPgrowth_1","egoSqX","beh.GDPgrowth_1","","endow",FALSE,FALSE,FALSE,FALSE,FALSE,",",0,0,"objective",NA,NA,0,0,0,0,"dyadic",FALSE,"","oneMode","Group1",1,522,"dv.net|endow|egoSqX|beh.GDPgrowth_1||0|1|NA","unused_native_template"
"dv.net","beh.GDPgrowth_1 squared ego","New ties: Sum of degrees x squared beh.GDPgrowth_1","egoSqX","beh.GDPgrowth_1","","creation",FALSE,FALSE,FALSE,FALSE,FALSE,",",0,0,"objective",NA,NA,0,0,0,0,"dyadic",FALSE,"","oneMode","Group1",1,523,"dv.net|creation|egoSqX|beh.GDPgrowth_1||0|1|NA","unused_native_template"
"dv.net","beh.GDPgrowth_1 ego and alt","2 * sum degr. x beh.GDPgrowth_1","egoPlusAltX","beh.GDPgrowth_1","","eval",FALSE,FALSE,FALSE,FALSE,FALSE,",",0,0,"objective",NA,NA,0,0,0,0,"dyadic",FALSE,"","oneMode","Group1",1,524,"dv.net|eval|egoPlusAltX|beh.GDPgrowth_1||0|1|NA","unused_native_template"
"dv.net","beh.GDPgrowth_1 ego and alt","Lost ties: 2 * sum degr. x beh.GDPgrowth_1","egoPlusAltX","beh.GDPgrowth_1","","endow",FALSE,FALSE,FALSE,FALSE,FALSE,",",0,0,"objective",NA,NA,0,0,0,0,"dyadic",FALSE,"","oneMode","Group1",1,525,"dv.net|endow|egoPlusAltX|beh.GDPgrowth_1||0|1|NA","unused_native_template"
"dv.net","beh.GDPgrowth_1 ego and alt","New ties: 2 * sum degr. x beh.GDPgrowth_1","egoPlusAltX","beh.GDPgrowth_1","","creation",FALSE,FALSE,FALSE,FALSE,FALSE,",",0,0,"objective",NA,NA,0,0,0,0,"dyadic",FALSE,"","oneMode","Group1",1,526,"dv.net|creation|egoPlusAltX|beh.GDPgrowth_1||0|1|NA","unused_native_template"
"dv.net","beh.GDPgrowth_1 sq. ego and alt","2 * sum degr. x squared beh.GDPgrowth_1","egoPlusAltSqX","beh.GDPgrowth_1","","eval",FALSE,FALSE,FALSE,FALSE,FALSE,",",0,0,"objective",NA,NA,0,0,0,0,"dyadic",FALSE,"","oneMode","Group1",1,527,"dv.net|eval|egoPlusAltSqX|beh.GDPgrowth_1||0|1|NA","unused_native_template"
"dv.net","beh.GDPgrowth_1 sq. ego and alt","Lost ties: 2 * sum degr. x squared beh.GDPgrowth_1","egoPlusAltSqX","beh.GDPgrowth_1","","endow",FALSE,FALSE,FALSE,FALSE,FALSE,",",0,0,"objective",NA,NA,0,0,0,0,"dyadic",FALSE,"","oneMode","Group1",1,528,"dv.net|endow|egoPlusAltSqX|beh.GDPgrowth_1||0|1|NA","unused_native_template"
"dv.net","beh.GDPgrowth_1 sq. ego and alt","New ties: 2 * sum degr. x squared beh.GDPgrowth_1","egoPlusAltSqX","beh.GDPgrowth_1","","creation",FALSE,FALSE,FALSE,FALSE,FALSE,",",0,0,"objective",NA,NA,0,0,0,0,"dyadic",FALSE,"","oneMode","Group1",1,529,"dv.net|creation|egoPlusAltSqX|beh.GDPgrowth_1||0|1|NA","unused_native_template"
"dv.net","beh.GDPgrowth_1 left thr. (0) ego","Sum degr. * (beh.GDPgrowth_1 <= 0)","egoLThresholdX","beh.GDPgrowth_1","","eval",FALSE,FALSE,FALSE,FALSE,FALSE,",",0,0,"objective",NA,NA,0,0,0,0,"ego",FALSE,"","oneMode","Group1",1,530,"dv.net|eval|egoLThresholdX|beh.GDPgrowth_1||0|1|NA","unused_native_template"
"dv.net","beh.GDPgrowth_1 left thr. (0) ego","Lost ties: Sum degr. * (beh.GDPgrowth_1 <= 0)","egoLThresholdX","beh.GDPgrowth_1","","endow",FALSE,FALSE,FALSE,FALSE,FALSE,",",0,0,"objective",NA,NA,0,0,0,0,"ego",FALSE,"","oneMode","Group1",1,531,"dv.net|endow|egoLThresholdX|beh.GDPgrowth_1||0|1|NA","unused_native_template"
"dv.net","beh.GDPgrowth_1 left thr. (0) ego","New ties: Sum degr. * (beh.GDPgrowth_1 <= 0)","egoLThresholdX","beh.GDPgrowth_1","","creation",FALSE,FALSE,FALSE,FALSE,FALSE,",",0,0,"objective",NA,NA,0,0,0,0,"ego",FALSE,"","oneMode","Group1",1,532,"dv.net|creation|egoLThresholdX|beh.GDPgrowth_1||0|1|NA","unused_native_template"
"dv.net","beh.GDPgrowth_1 right thr. (0) ego","Sum degr. * (beh.GDPgrowth_1 >= 0)","egoRThresholdX","beh.GDPgrowth_1","","eval",FALSE,FALSE,FALSE,FALSE,FALSE,",",0,0,"objective",NA,NA,0,0,0,0,"ego",FALSE,"","oneMode","Group1",1,533,"dv.net|eval|egoRThresholdX|beh.GDPgrowth_1||0|1|NA","unused_native_template"
"dv.net","beh.GDPgrowth_1 right thr. (0) ego","Lost ties: Sum degr. * (beh.GDPgrowth_1 >= 0)","egoRThresholdX","beh.GDPgrowth_1","","endow",FALSE,FALSE,FALSE,FALSE,FALSE,",",0,0,"objective",NA,NA,0,0,0,0,"ego",FALSE,"","oneMode","Group1",1,534,"dv.net|endow|egoRThresholdX|beh.GDPgrowth_1||0|1|NA","unused_native_template"
"dv.net","beh.GDPgrowth_1 right thr. (0) ego","New ties: Sum degr. * (beh.GDPgrowth_1 >= 0)","egoRThresholdX","beh.GDPgrowth_1","","creation",FALSE,FALSE,FALSE,FALSE,FALSE,",",0,0,"objective",NA,NA,0,0,0,0,"ego",FALSE,"","oneMode","Group1",1,535,"dv.net|creation|egoRThresholdX|beh.GDPgrowth_1||0|1|NA","unused_native_template"
"dv.net","abs. (outdegree - beh.GDPgrowth_1)","Sum of abs. (outdeg. - beh.GDPgrowth_1)","degAbsDiffX","beh.GDPgrowth_1","","eval",FALSE,FALSE,FALSE,FALSE,FALSE,",",0,0,"objective",NA,NA,0,0,0,0,"ego",FALSE,"","oneMode","Group1",1,536,"dv.net|eval|degAbsDiffX|beh.GDPgrowth_1||0|1|NA","unused_native_template"
"dv.net","abs. (outdegree - beh.GDPgrowth_1)","Lost ties: Sum of abs. (outdeg. - beh.GDPgrowth_1)","degAbsDiffX","beh.GDPgrowth_1","","endow",FALSE,FALSE,FALSE,FALSE,FALSE,",",0,0,"objective",NA,NA,0,0,0,0,"ego",FALSE,"","oneMode","Group1",1,537,"dv.net|endow|degAbsDiffX|beh.GDPgrowth_1||0|1|NA","unused_native_template"
"dv.net","abs. (outdegree - beh.GDPgrowth_1)","New ties: Sum of abs. (outdeg. - beh.GDPgrowth_1)","degAbsDiffX","beh.GDPgrowth_1","","creation",FALSE,FALSE,FALSE,FALSE,FALSE,",",0,0,"objective",NA,NA,0,0,0,0,"ego",FALSE,"","oneMode","Group1",1,538,"dv.net|creation|degAbsDiffX|beh.GDPgrowth_1||0|1|NA","unused_native_template"
"dv.net","pos. (outdegree - beh.GDPgrowth_1)","Sum of pos. (outdeg. - beh.GDPgrowth_1)","degPosDiffX","beh.GDPgrowth_1","","eval",FALSE,FALSE,FALSE,FALSE,FALSE,",",0,0,"objective",NA,NA,0,0,0,0,"ego",FALSE,"","oneMode","Group1",1,539,"dv.net|eval|degPosDiffX|beh.GDPgrowth_1||0|1|NA","unused_native_template"
"dv.net","pos. (outdegree - beh.GDPgrowth_1)","Lost ties: Sum of pos. (outdeg. - beh.GDPgrowth_1)","degPosDiffX","beh.GDPgrowth_1","","endow",FALSE,FALSE,FALSE,FALSE,FALSE,",",0,0,"objective",NA,NA,0,0,0,0,"ego",FALSE,"","oneMode","Group1",1,540,"dv.net|endow|degPosDiffX|beh.GDPgrowth_1||0|1|NA","unused_native_template"
"dv.net","pos. (outdegree - beh.GDPgrowth_1)","New ties: Sum of pos. (outdeg. - beh.GDPgrowth_1)","degPosDiffX","beh.GDPgrowth_1","","creation",FALSE,FALSE,FALSE,FALSE,FALSE,",",0,0,"objective",NA,NA,0,0,0,0,"ego",FALSE,"","oneMode","Group1",1,541,"dv.net|creation|degPosDiffX|beh.GDPgrowth_1||0|1|NA","unused_native_template"
"dv.net","neg. (beh.GDPgrowth_1 - outdegree)","Sum of neg. (beh.GDPgrowth_1 - outdegree)","degNegDiffX","beh.GDPgrowth_1","","eval",FALSE,FALSE,FALSE,FALSE,FALSE,",",0,0,"objective",NA,NA,0,0,0,0,"ego",FALSE,"","oneMode","Group1",1,542,"dv.net|eval|degNegDiffX|beh.GDPgrowth_1||0|1|NA","unused_native_template"
"dv.net","neg. (beh.GDPgrowth_1 - outdegree)","Lost ties: Sum of neg. (beh.GDPgrowth_1 - outdegree)","degNegDiffX","beh.GDPgrowth_1","","endow",FALSE,FALSE,FALSE,FALSE,FALSE,",",0,0,"objective",NA,NA,0,0,0,0,"ego",FALSE,"","oneMode","Group1",1,543,"dv.net|endow|degNegDiffX|beh.GDPgrowth_1||0|1|NA","unused_native_template"
"dv.net","neg. (beh.GDPgrowth_1 - outdegree)","New ties: Sum of neg. (beh.GDPgrowth_1 - outdegree)","degNegDiffX","beh.GDPgrowth_1","","creation",FALSE,FALSE,FALSE,FALSE,FALSE,",",0,0,"objective",NA,NA,0,0,0,0,"ego",FALSE,"","oneMode","Group1",1,544,"dv.net|creation|degNegDiffX|beh.GDPgrowth_1||0|1|NA","unused_native_template"
"dv.net","beh.GDPgrowth_1 difference","Sum_ties diff beh.GDPgrowth_1","diffX","beh.GDPgrowth_1","","eval",FALSE,FALSE,FALSE,FALSE,FALSE,",",0,0,"objective",NA,NA,0,0,0,0,"dyadic",FALSE,"","oneMode","Group1",1,545,"dv.net|eval|diffX|beh.GDPgrowth_1||0|1|NA","unused_native_template"
"dv.net","beh.GDPgrowth_1 difference","Lost ties: Sum_ties diff beh.GDPgrowth_1","diffX","beh.GDPgrowth_1","","endow",FALSE,FALSE,FALSE,FALSE,FALSE,",",0,0,"objective",NA,NA,0,0,0,0,"dyadic",FALSE,"","oneMode","Group1",1,546,"dv.net|endow|diffX|beh.GDPgrowth_1||0|1|NA","unused_native_template"
"dv.net","beh.GDPgrowth_1 difference","New ties: Sum_ties diff beh.GDPgrowth_1","diffX","beh.GDPgrowth_1","","creation",FALSE,FALSE,FALSE,FALSE,FALSE,",",0,0,"objective",NA,NA,0,0,0,0,"dyadic",FALSE,"","oneMode","Group1",1,547,"dv.net|creation|diffX|beh.GDPgrowth_1||0|1|NA","unused_native_template"
"dv.net","beh.GDPgrowth_1 abs. difference","Sum_ties abs.diff beh.GDPgrowth_1","absDiffX","beh.GDPgrowth_1","","eval",FALSE,FALSE,FALSE,FALSE,FALSE,",",0,0,"objective",NA,NA,0,0,0,0,"dyadic",FALSE,"","oneMode","Group1",1,548,"dv.net|eval|absDiffX|beh.GDPgrowth_1||0|1|NA","unused_native_template"
"dv.net","beh.GDPgrowth_1 abs. difference","Lost ties: Sum_ties abs.diff beh.GDPgrowth_1","absDiffX","beh.GDPgrowth_1","","endow",FALSE,FALSE,FALSE,FALSE,FALSE,",",0,0,"objective",NA,NA,0,0,0,0,"dyadic",FALSE,"","oneMode","Group1",1,549,"dv.net|endow|absDiffX|beh.GDPgrowth_1||0|1|NA","unused_native_template"
"dv.net","beh.GDPgrowth_1 abs. difference","New ties: Sum_ties abs.diff beh.GDPgrowth_1","absDiffX","beh.GDPgrowth_1","","creation",FALSE,FALSE,FALSE,FALSE,FALSE,",",0,0,"objective",NA,NA,0,0,0,0,"dyadic",FALSE,"","oneMode","Group1",1,550,"dv.net|creation|absDiffX|beh.GDPgrowth_1||0|1|NA","unused_native_template"
"dv.net","beh.GDPgrowth_1 diff. squared","Sum_ties diff.sq beh.GDPgrowth_1","diffSqX","beh.GDPgrowth_1","","eval",FALSE,FALSE,FALSE,FALSE,FALSE,",",0,0,"objective",NA,NA,0,0,0,0,"dyadic",FALSE,"","oneMode","Group1",1,551,"dv.net|eval|diffSqX|beh.GDPgrowth_1||0|1|NA","unused_native_template"
"dv.net","beh.GDPgrowth_1 diff. squared","Lost ties: Sum_ties diff.sq beh.GDPgrowth_1","diffSqX","beh.GDPgrowth_1","","endow",FALSE,FALSE,FALSE,FALSE,FALSE,",",0,0,"objective",NA,NA,0,0,0,0,"dyadic",FALSE,"","oneMode","Group1",1,552,"dv.net|endow|diffSqX|beh.GDPgrowth_1||0|1|NA","unused_native_template"
"dv.net","beh.GDPgrowth_1 diff. squared","New ties: Sum_ties diff.sq beh.GDPgrowth_1","diffSqX","beh.GDPgrowth_1","","creation",FALSE,FALSE,FALSE,FALSE,FALSE,",",0,0,"objective",NA,NA,0,0,0,0,"dyadic",FALSE,"","oneMode","Group1",1,553,"dv.net|creation|diffSqX|beh.GDPgrowth_1||0|1|NA","unused_native_template"
"dv.net","beh.GDPgrowth_1 ego * diff.","Sum_ties ego x diff beh.GDPgrowth_1","egoDiffX","beh.GDPgrowth_1","","eval",FALSE,FALSE,FALSE,FALSE,FALSE,",",0,0,"objective",NA,NA,0,0,0,0,"dyadic",FALSE,"","oneMode","Group1",1,554,"dv.net|eval|egoDiffX|beh.GDPgrowth_1||0|1|NA","unused_native_template"
"dv.net","beh.GDPgrowth_1 ego * diff.","Lost ties: Sum_ties ego x diff beh.GDPgrowth_1","egoDiffX","beh.GDPgrowth_1","","endow",FALSE,FALSE,FALSE,FALSE,FALSE,",",0,0,"objective",NA,NA,0,0,0,0,"dyadic",FALSE,"","oneMode","Group1",1,555,"dv.net|endow|egoDiffX|beh.GDPgrowth_1||0|1|NA","unused_native_template"
"dv.net","beh.GDPgrowth_1 ego * diff.","New ties: Sum_ties ego x diff beh.GDPgrowth_1","egoDiffX","beh.GDPgrowth_1","","creation",FALSE,FALSE,FALSE,FALSE,FALSE,",",0,0,"objective",NA,NA,0,0,0,0,"dyadic",FALSE,"","oneMode","Group1",1,556,"dv.net|creation|egoDiffX|beh.GDPgrowth_1||0|1|NA","unused_native_template"
"dv.net","beh.GDPgrowth_1 similarity","beh.GDPgrowth_1 similarity","simX","beh.GDPgrowth_1","","eval",FALSE,FALSE,FALSE,FALSE,FALSE,",",0,0,"objective",NA,NA,0,0,0,0,"dyadic",FALSE,"","oneMode","Group1",1,557,"dv.net|eval|simX|beh.GDPgrowth_1||0|1|NA","unused_native_template"
"dv.net","beh.GDPgrowth_1 similarity","Lost ties: beh.GDPgrowth_1 similarity","simX","beh.GDPgrowth_1","","endow",FALSE,FALSE,FALSE,FALSE,FALSE,",",0,0,"objective",NA,NA,0,0,0,0,"dyadic",FALSE,"","oneMode","Group1",1,558,"dv.net|endow|simX|beh.GDPgrowth_1||0|1|NA","unused_native_template"
"dv.net","beh.GDPgrowth_1 similarity","New ties: beh.GDPgrowth_1 similarity","simX","beh.GDPgrowth_1","","creation",FALSE,FALSE,FALSE,FALSE,FALSE,",",0,0,"objective",NA,NA,0,0,0,0,"dyadic",FALSE,"","oneMode","Group1",1,559,"dv.net|creation|simX|beh.GDPgrowth_1||0|1|NA","unused_native_template"
"dv.net","beh.GDPgrowth_1 similarity","Gmm statistic: beh.GDPgrowth_1 similarity","simX_gmm","beh.GDPgrowth_1","","gmm",FALSE,FALSE,FALSE,TRUE,FALSE,",",0,0,"gmm",NA,NA,0,0,0,0,"dyadic",FALSE,"","oneMode","Group1",1,560,"dv.net|gmm|simX_gmm|beh.GDPgrowth_1||0|1|NA","unused_native_template"
"dv.net","ind. pop.^(1/1) weighted beh.GDPgrowth_1","indegree pop.^(1/1) weighted beh.GDPgrowth_1","inPopX","beh.GDPgrowth_1","","eval",FALSE,FALSE,FALSE,FALSE,FALSE,",",0,1,"objective",NA,NA,0,0,0,0,"dyadic",FALSE,"","oneMode","Group1",1,561,"dv.net|eval|inPopX|beh.GDPgrowth_1||1|1|NA","unused_native_template"
"dv.net","ind. pop.^(1/1) weighted beh.GDPgrowth_1","Lost ties: indegree pop.^(1/1) weighted beh.GDPgrowth_1","inPopX","beh.GDPgrowth_1","","endow",FALSE,FALSE,FALSE,FALSE,FALSE,",",0,1,"objective",NA,NA,0,0,0,0,"dyadic",FALSE,"","oneMode","Group1",1,562,"dv.net|endow|inPopX|beh.GDPgrowth_1||1|1|NA","unused_native_template"
"dv.net","ind. pop.^(1/1) weighted beh.GDPgrowth_1","New ties: indegree pop.^(1/1) weighted beh.GDPgrowth_1","inPopX","beh.GDPgrowth_1","","creation",FALSE,FALSE,FALSE,FALSE,FALSE,",",0,1,"objective",NA,NA,0,0,0,0,"dyadic",FALSE,"","oneMode","Group1",1,563,"dv.net|creation|inPopX|beh.GDPgrowth_1||1|1|NA","unused_native_template"
"dv.net","outd. pop.^(1/1) weighted beh.GDPgrowth_1","outdegree pop.^(1/1) weighted beh.GDPgrowth_1","outPopX","beh.GDPgrowth_1","","eval",FALSE,FALSE,FALSE,FALSE,FALSE,",",0,1,"objective",NA,NA,0,0,0,0,"dyadic",FALSE,"","oneMode","Group1",1,564,"dv.net|eval|outPopX|beh.GDPgrowth_1||1|1|NA","unused_native_template"
"dv.net","outd. pop.^(1/1) weighted beh.GDPgrowth_1","Lost ties: outdegree pop.^(1/1) weighted beh.GDPgrowth_1","outPopX","beh.GDPgrowth_1","","endow",FALSE,FALSE,FALSE,FALSE,FALSE,",",0,1,"objective",NA,NA,0,0,0,0,"dyadic",FALSE,"","oneMode","Group1",1,565,"dv.net|endow|outPopX|beh.GDPgrowth_1||1|1|NA","unused_native_template"
"dv.net","outd. pop.^(1/1) weighted beh.GDPgrowth_1","New ties: outdegree pop.^(1/1) weighted beh.GDPgrowth_1","outPopX","beh.GDPgrowth_1","","creation",FALSE,FALSE,FALSE,FALSE,FALSE,",",0,1,"objective",NA,NA,0,0,0,0,"dyadic",FALSE,"","oneMode","Group1",1,566,"dv.net|creation|outPopX|beh.GDPgrowth_1||1|1|NA","unused_native_template"
"dv.net","ind. act.^(1/1) weighted beh.GDPgrowth_1","indegree act.^(1/1) weighted beh.GDPgrowth_1","inActX","beh.GDPgrowth_1","","eval",FALSE,FALSE,FALSE,FALSE,FALSE,",",0,1,"objective",NA,NA,0,0,0,0,"dyadic",FALSE,"","oneMode","Group1",1,567,"dv.net|eval|inActX|beh.GDPgrowth_1||1|1|NA","unused_native_template"
"dv.net","ind. act.^(1/1) weighted beh.GDPgrowth_1","Lost ties: indegree act.^(1/1) weighted beh.GDPgrowth_1","inActX","beh.GDPgrowth_1","","endow",FALSE,FALSE,FALSE,FALSE,FALSE,",",0,1,"objective",NA,NA,0,0,0,0,"dyadic",FALSE,"","oneMode","Group1",1,568,"dv.net|endow|inActX|beh.GDPgrowth_1||1|1|NA","unused_native_template"
"dv.net","ind. act.^(1/1) weighted beh.GDPgrowth_1","New ties: indegree act.^(1/1) weighted beh.GDPgrowth_1","inActX","beh.GDPgrowth_1","","creation",FALSE,FALSE,FALSE,FALSE,FALSE,",",0,1,"objective",NA,NA,0,0,0,0,"dyadic",FALSE,"","oneMode","Group1",1,569,"dv.net|creation|inActX|beh.GDPgrowth_1||1|1|NA","unused_native_template"
"dv.net","outd. act.^(1/1) weighted beh.GDPgrowth_1","indegree act.^(1/1) weighted beh.GDPgrowth_1","outActX","beh.GDPgrowth_1","","eval",FALSE,FALSE,FALSE,FALSE,FALSE,",",0,1,"objective",NA,NA,0,0,0,0,"dyadic",FALSE,"","oneMode","Group1",1,570,"dv.net|eval|outActX|beh.GDPgrowth_1||1|1|NA","unused_native_template"
"dv.net","outd. act.^(1/1) weighted beh.GDPgrowth_1","Lost ties: indegree act.^(1/1) weighted beh.GDPgrowth_1","outActX","beh.GDPgrowth_1","","endow",FALSE,FALSE,FALSE,FALSE,FALSE,",",0,1,"objective",NA,NA,0,0,0,0,"dyadic",FALSE,"","oneMode","Group1",1,571,"dv.net|endow|outActX|beh.GDPgrowth_1||1|1|NA","unused_native_template"
"dv.net","outd. act.^(1/1) weighted beh.GDPgrowth_1","New ties: indegree act.^(1/1) weighted beh.GDPgrowth_1","outActX","beh.GDPgrowth_1","","creation",FALSE,FALSE,FALSE,FALSE,FALSE,",",0,1,"objective",NA,NA,0,0,0,0,"dyadic",FALSE,"","oneMode","Group1",1,572,"dv.net|creation|outActX|beh.GDPgrowth_1||1|1|NA","unused_native_template"
"dv.net","same beh.GDPgrowth_1","same beh.GDPgrowth_1","sameX","beh.GDPgrowth_1","","eval",FALSE,FALSE,FALSE,FALSE,FALSE,",",0,0,"objective",NA,NA,0,0,0,0,"dyadic",FALSE,"","oneMode","Group1",1,573,"dv.net|eval|sameX|beh.GDPgrowth_1||0|1|NA","unused_native_template"
"dv.net","same beh.GDPgrowth_1","Lost ties: same beh.GDPgrowth_1","sameX","beh.GDPgrowth_1","","endow",FALSE,FALSE,FALSE,FALSE,FALSE,",",0,0,"objective",NA,NA,0,0,0,0,"dyadic",FALSE,"","oneMode","Group1",1,574,"dv.net|endow|sameX|beh.GDPgrowth_1||0|1|NA","unused_native_template"
"dv.net","same beh.GDPgrowth_1","New ties: same beh.GDPgrowth_1","sameX","beh.GDPgrowth_1","","creation",FALSE,FALSE,FALSE,FALSE,FALSE,",",0,0,"objective",NA,NA,0,0,0,0,"dyadic",FALSE,"","oneMode","Group1",1,575,"dv.net|creation|sameX|beh.GDPgrowth_1||0|1|NA","unused_native_template"
"dv.net","ind. pop. from dif. beh.GDPgrowth_1","indegree pop. from dif. values on beh.GDPgrowth_1","diffXInPop","beh.GDPgrowth_1","","eval",FALSE,FALSE,FALSE,FALSE,FALSE,",",0,0,"objective",NA,NA,0,0,0,0,"dyadic",FALSE,"","oneMode","Group1",1,576,"dv.net|eval|diffXInPop|beh.GDPgrowth_1||0|1|NA","unused_native_template"
"dv.net","ind. pop. from dif. beh.GDPgrowth_1","Lost ties: indegree pop. from dif. values on beh.GDPgrowth_1","diffXInPop","beh.GDPgrowth_1","","endow",FALSE,FALSE,FALSE,FALSE,FALSE,",",0,0,"objective",NA,NA,0,0,0,0,"dyadic",FALSE,"","oneMode","Group1",1,577,"dv.net|endow|diffXInPop|beh.GDPgrowth_1||0|1|NA","unused_native_template"
"dv.net","ind. pop. from dif. beh.GDPgrowth_1","New ties: indegree pop. from dif. values on beh.GDPgrowth_1","diffXInPop","beh.GDPgrowth_1","","creation",FALSE,FALSE,FALSE,FALSE,FALSE,",",0,0,"objective",NA,NA,0,0,0,0,"dyadic",FALSE,"","oneMode","Group1",1,578,"dv.net|creation|diffXInPop|beh.GDPgrowth_1||0|1|NA","unused_native_template"
"dv.net","outd. act. to same beh.GDPgrowth_1","sum sqr. outd. to same values on beh.GDPgrowth_1","sameXOutAct","beh.GDPgrowth_1","","eval",FALSE,FALSE,FALSE,FALSE,FALSE,",",0,0,"objective",NA,NA,0,0,0,0,"",FALSE,"","oneMode","Group1",1,579,"dv.net|eval|sameXOutAct|beh.GDPgrowth_1||0|1|NA","unused_native_template"
"dv.net","outd. act. to same beh.GDPgrowth_1","Lost ties: sum sqr. outd. to same values on beh.GDPgrowth_1","sameXOutAct","beh.GDPgrowth_1","","endow",FALSE,FALSE,FALSE,FALSE,FALSE,",",0,0,"objective",NA,NA,0,0,0,0,"",FALSE,"","oneMode","Group1",1,580,"dv.net|endow|sameXOutAct|beh.GDPgrowth_1||0|1|NA","unused_native_template"
"dv.net","outd. act. to same beh.GDPgrowth_1","New ties: sum sqr. outd. to same values on beh.GDPgrowth_1","sameXOutAct","beh.GDPgrowth_1","","creation",FALSE,FALSE,FALSE,FALSE,FALSE,",",0,0,"objective",NA,NA,0,0,0,0,"",FALSE,"","oneMode","Group1",1,581,"dv.net|creation|sameXOutAct|beh.GDPgrowth_1||0|1|NA","unused_native_template"
"dv.net","outd. act. to dif. beh.GDPgrowth_1","sum sqr. outd. to dif. values on beh.GDPgrowth_1","diffXOutAct","beh.GDPgrowth_1","","eval",FALSE,FALSE,FALSE,FALSE,FALSE,",",0,0,"objective",NA,NA,0,0,0,0,"",FALSE,"","oneMode","Group1",1,582,"dv.net|eval|diffXOutAct|beh.GDPgrowth_1||0|1|NA","unused_native_template"
"dv.net","outd. act. to dif. beh.GDPgrowth_1","Lost ties: sum sqr. outd. to dif. values on beh.GDPgrowth_1","diffXOutAct","beh.GDPgrowth_1","","endow",FALSE,FALSE,FALSE,FALSE,FALSE,",",0,0,"objective",NA,NA,0,0,0,0,"",FALSE,"","oneMode","Group1",1,583,"dv.net|endow|diffXOutAct|beh.GDPgrowth_1||0|1|NA","unused_native_template"
"dv.net","outd. act. to dif. beh.GDPgrowth_1","New ties: sum sqr. outd. to dif. values on beh.GDPgrowth_1","diffXOutAct","beh.GDPgrowth_1","","creation",FALSE,FALSE,FALSE,FALSE,FALSE,",",0,0,"objective",NA,NA,0,0,0,0,"",FALSE,"","oneMode","Group1",1,584,"dv.net|creation|diffXOutAct|beh.GDPgrowth_1||0|1|NA","unused_native_template"
"dv.net","outd. act. to hom. beh.GDPgrowth_1","sum sqr. outd. to hom. values on beh.GDPgrowth_1","homXOutAct","beh.GDPgrowth_1","","eval",FALSE,FALSE,FALSE,FALSE,FALSE,",",0,0,"objective",NA,NA,0,0,0,0,"",FALSE,"","oneMode","Group1",1,585,"dv.net|eval|homXOutAct|beh.GDPgrowth_1||0|1|NA","unused_native_template"
"dv.net","outd. act. to hom. beh.GDPgrowth_1","Lost ties: sum sqr. outd. to hom. values on beh.GDPgrowth_1","homXOutAct","beh.GDPgrowth_1","","endow",FALSE,FALSE,FALSE,FALSE,FALSE,",",0,0,"objective",NA,NA,0,0,0,0,"",FALSE,"","oneMode","Group1",1,586,"dv.net|endow|homXOutAct|beh.GDPgrowth_1||0|1|NA","unused_native_template"
"dv.net","outd. act. to hom. beh.GDPgrowth_1","New ties: sum sqr. outd. to hom. values on beh.GDPgrowth_1","homXOutAct","beh.GDPgrowth_1","","creation",FALSE,FALSE,FALSE,FALSE,FALSE,",",0,0,"objective",NA,NA,0,0,0,0,"",FALSE,"","oneMode","Group1",1,587,"dv.net|creation|homXOutAct|beh.GDPgrowth_1||0|1|NA","unused_native_template"
"dv.net","outd. act. weight alt. beh.GDPgrowth_1","sum sqr. outd. weight alt. beh.GDPgrowth_1","altXOutAct","beh.GDPgrowth_1","","eval",FALSE,FALSE,FALSE,FALSE,FALSE,",",0,0,"objective",NA,NA,0,0,0,0,"",FALSE,"","oneMode","Group1",1,588,"dv.net|eval|altXOutAct|beh.GDPgrowth_1||0|1|NA","unused_native_template"
"dv.net","outd. act. weight alt. beh.GDPgrowth_1","Lost ties: sum sqr. outd. weight alt. beh.GDPgrowth_1","altXOutAct","beh.GDPgrowth_1","","endow",FALSE,FALSE,FALSE,FALSE,FALSE,",",0,0,"objective",NA,NA,0,0,0,0,"",FALSE,"","oneMode","Group1",1,589,"dv.net|endow|altXOutAct|beh.GDPgrowth_1||0|1|NA","unused_native_template"
"dv.net","outd. act. weight alt. beh.GDPgrowth_1","New ties: sum sqr. outd. weight alt. beh.GDPgrowth_1","altXOutAct","beh.GDPgrowth_1","","creation",FALSE,FALSE,FALSE,FALSE,FALSE,",",0,0,"objective",NA,NA,0,0,0,0,"",FALSE,"","oneMode","Group1",1,590,"dv.net|creation|altXOutAct|beh.GDPgrowth_1||0|1|NA","unused_native_template"
"dv.net","trans. triads intermed. beh.GDPgrowth_1","Number of trans. triads intermed. weight beh.GDPgrowth_1","transTripX","beh.GDPgrowth_1","","eval",FALSE,FALSE,FALSE,FALSE,FALSE,",",0,0,"objective",NA,NA,0,0,0,0,"",FALSE,"","oneMode","Group1",1,591,"dv.net|eval|transTripX|beh.GDPgrowth_1||0|1|NA","unused_native_template"
"dv.net","trans. triads intermed. beh.GDPgrowth_1","Lost ties: Number of trans. triads intermed. weight beh.GDPgrowth_1","transTripX","beh.GDPgrowth_1","","endow",FALSE,FALSE,FALSE,FALSE,FALSE,",",0,0,"objective",NA,NA,0,0,0,0,"",FALSE,"","oneMode","Group1",1,592,"dv.net|endow|transTripX|beh.GDPgrowth_1||0|1|NA","unused_native_template"
"dv.net","trans. triads intermed. beh.GDPgrowth_1","New ties: Number of trans. triads intermed. weight beh.GDPgrowth_1","transTripX","beh.GDPgrowth_1","","creation",FALSE,FALSE,FALSE,FALSE,FALSE,",",0,0,"objective",NA,NA,0,0,0,0,"",FALSE,"","oneMode","Group1",1,593,"dv.net|creation|transTripX|beh.GDPgrowth_1||0|1|NA","unused_native_template"
"dv.net","transitive triads same beh.GDPgrowth_1","Number of transitive triads same on beh.GDPgrowth_1","sameXTransTrip","beh.GDPgrowth_1","","eval",FALSE,FALSE,FALSE,FALSE,FALSE,",",0,0,"objective",NA,NA,0,0,0,0,"",FALSE,"","oneMode","Group1",1,594,"dv.net|eval|sameXTransTrip|beh.GDPgrowth_1||0|1|NA","unused_native_template"
"dv.net","transitive triads same beh.GDPgrowth_1","Lost ties: Number of transitive triads same on beh.GDPgrowth_1","sameXTransTrip","beh.GDPgrowth_1","","endow",FALSE,FALSE,FALSE,FALSE,FALSE,",",0,0,"objective",NA,NA,0,0,0,0,"",FALSE,"","oneMode","Group1",1,595,"dv.net|endow|sameXTransTrip|beh.GDPgrowth_1||0|1|NA","unused_native_template"
"dv.net","transitive triads same beh.GDPgrowth_1","New ties: Number of transitive triads same on beh.GDPgrowth_1","sameXTransTrip","beh.GDPgrowth_1","","creation",FALSE,FALSE,FALSE,FALSE,FALSE,",",0,0,"objective",NA,NA,0,0,0,0,"",FALSE,"","oneMode","Group1",1,596,"dv.net|creation|sameXTransTrip|beh.GDPgrowth_1||0|1|NA","unused_native_template"
"dv.net","transitive triads diff. beh.GDPgrowth_1","Number of transitive triads diff. on beh.GDPgrowth_1","diffXTransTrip","beh.GDPgrowth_1","","eval",FALSE,FALSE,FALSE,FALSE,FALSE,",",0,0,"objective",NA,NA,0,0,0,0,"",FALSE,"","oneMode","Group1",1,597,"dv.net|eval|diffXTransTrip|beh.GDPgrowth_1||0|1|NA","unused_native_template"
"dv.net","transitive triads diff. beh.GDPgrowth_1","Lost ties: Number of transitive triads diff. on beh.GDPgrowth_1","diffXTransTrip","beh.GDPgrowth_1","","endow",FALSE,FALSE,FALSE,FALSE,FALSE,",",0,0,"objective",NA,NA,0,0,0,0,"",FALSE,"","oneMode","Group1",1,598,"dv.net|endow|diffXTransTrip|beh.GDPgrowth_1||0|1|NA","unused_native_template"
"dv.net","transitive triads diff. beh.GDPgrowth_1","New ties: Number of transitive triads diff. on beh.GDPgrowth_1","diffXTransTrip","beh.GDPgrowth_1","","creation",FALSE,FALSE,FALSE,FALSE,FALSE,",",0,0,"objective",NA,NA,0,0,0,0,"",FALSE,"","oneMode","Group1",1,599,"dv.net|creation|diffXTransTrip|beh.GDPgrowth_1||0|1|NA","unused_native_template"
"dv.net","transitive triplets homog. beh.GDPgrowth_1","Number of transitive triplets homogeneous on beh.GDPgrowth_1","homXTransTrip","beh.GDPgrowth_1","","eval",FALSE,FALSE,FALSE,FALSE,FALSE,",",0,0,"objective",NA,NA,0,0,0,0,"",FALSE,"","oneMode","Group1",1,600,"dv.net|eval|homXTransTrip|beh.GDPgrowth_1||0|1|NA","unused_native_template"
"dv.net","transitive triplets homog. beh.GDPgrowth_1","Lost ties: Number of transitive triplets homogeneous on beh.GDPgrowth_1","homXTransTrip","beh.GDPgrowth_1","","endow",FALSE,FALSE,FALSE,FALSE,FALSE,",",0,0,"objective",NA,NA,0,0,0,0,"",FALSE,"","oneMode","Group1",1,601,"dv.net|endow|homXTransTrip|beh.GDPgrowth_1||0|1|NA","unused_native_template"
"dv.net","transitive triplets homog. beh.GDPgrowth_1","New ties: Number of transitive triplets homogeneous on beh.GDPgrowth_1","homXTransTrip","beh.GDPgrowth_1","","creation",FALSE,FALSE,FALSE,FALSE,FALSE,",",0,0,"objective",NA,NA,0,0,0,0,"",FALSE,"","oneMode","Group1",1,602,"dv.net|creation|homXTransTrip|beh.GDPgrowth_1||0|1|NA","unused_native_template"
"dv.net","transitive triads jumping beh.GDPgrowth_1","Number of transitive triads jumping beh.GDPgrowth_1","jumpXTransTrip","beh.GDPgrowth_1","","eval",FALSE,FALSE,FALSE,FALSE,FALSE,",",0,0,"objective",NA,NA,0,0,0,0,"",FALSE,"","oneMode","Group1",1,603,"dv.net|eval|jumpXTransTrip|beh.GDPgrowth_1||0|1|NA","unused_native_template"
"dv.net","transitive triads jumping beh.GDPgrowth_1","Lost ties: Number of transitive triads jumping beh.GDPgrowth_1","jumpXTransTrip","beh.GDPgrowth_1","","endow",FALSE,FALSE,FALSE,FALSE,FALSE,",",0,0,"objective",NA,NA,0,0,0,0,"",FALSE,"","oneMode","Group1",1,604,"dv.net|endow|jumpXTransTrip|beh.GDPgrowth_1||0|1|NA","unused_native_template"
"dv.net","transitive triads jumping beh.GDPgrowth_1","New ties: Number of transitive triads jumping beh.GDPgrowth_1","jumpXTransTrip","beh.GDPgrowth_1","","creation",FALSE,FALSE,FALSE,FALSE,FALSE,",",0,0,"objective",NA,NA,0,0,0,0,"",FALSE,"","oneMode","Group1",1,605,"dv.net|creation|jumpXTransTrip|beh.GDPgrowth_1||0|1|NA","unused_native_template"
"dv.net","beh.GDPgrowth_1 ego x beh.GDPgrowth_1 alter","beh.GDPgrowth_1 ego x beh.GDPgrowth_1 alter","egoXaltX","beh.GDPgrowth_1","","eval",FALSE,FALSE,FALSE,FALSE,FALSE,",",0,0,"objective",NA,NA,0,0,0,0,"dyadic",FALSE,"","oneMode","Group1",1,606,"dv.net|eval|egoXaltX|beh.GDPgrowth_1||0|1|NA","unused_native_template"
"dv.net","beh.GDPgrowth_1 ego x beh.GDPgrowth_1 alter","Lost ties: beh.GDPgrowth_1 ego x beh.GDPgrowth_1 alter","egoXaltX","beh.GDPgrowth_1","","endow",FALSE,FALSE,FALSE,FALSE,FALSE,",",0,0,"objective",NA,NA,0,0,0,0,"dyadic",FALSE,"","oneMode","Group1",1,607,"dv.net|endow|egoXaltX|beh.GDPgrowth_1||0|1|NA","unused_native_template"
"dv.net","beh.GDPgrowth_1 ego x beh.GDPgrowth_1 alter","New ties: beh.GDPgrowth_1 ego x beh.GDPgrowth_1 alter","egoXaltX","beh.GDPgrowth_1","","creation",FALSE,FALSE,FALSE,FALSE,FALSE,",",0,0,"objective",NA,NA,0,0,0,0,"dyadic",FALSE,"","oneMode","Group1",1,608,"dv.net|creation|egoXaltX|beh.GDPgrowth_1||0|1|NA","unused_native_template"
"dv.net","beh.GDPgrowth_1 of indirect ties","beh.GDPgrowth_1 of indirect ties","IndTies","beh.GDPgrowth_1","","eval",FALSE,FALSE,FALSE,FALSE,FALSE,",",0,0,"objective",NA,NA,0,0,0,0,"dyadic",FALSE,"","oneMode","Group1",1,609,"dv.net|eval|IndTies|beh.GDPgrowth_1||0|1|NA","unused_native_template"
"dv.net","beh.GDPgrowth_1 alter at dist 2 (1)","beh.GDPgrowth_1 alter at dist 2 (1)","altDist2","beh.GDPgrowth_1","","eval",FALSE,FALSE,FALSE,FALSE,FALSE,",",0,1,"objective",NA,NA,0,0,0,0,"dyadic",FALSE,"","oneMode","Group1",1,610,"dv.net|eval|altDist2|beh.GDPgrowth_1||1|1|NA","unused_native_template"
"dv.net","beh.GDPgrowth_1 alter at dist 2 (1)","Lost ties: beh.GDPgrowth_1 alter at dist 2 (1)","altDist2","beh.GDPgrowth_1","","endow",FALSE,FALSE,FALSE,FALSE,FALSE,",",0,1,"objective",NA,NA,0,0,0,0,"dyadic",FALSE,"","oneMode","Group1",1,611,"dv.net|endow|altDist2|beh.GDPgrowth_1||1|1|NA","unused_native_template"
"dv.net","beh.GDPgrowth_1 alter at dist 2 (1)","New ties: beh.GDPgrowth_1 alter at dist 2 (1)","altDist2","beh.GDPgrowth_1","","creation",FALSE,FALSE,FALSE,FALSE,FALSE,",",0,1,"objective",NA,NA,0,0,0,0,"dyadic",FALSE,"","oneMode","Group1",1,612,"dv.net|creation|altDist2|beh.GDPgrowth_1||1|1|NA","unused_native_template"
"dv.net","beh.GDPgrowth_1 tot alter at dist 2 (1)","beh.GDPgrowth_1 tot alter at dist 2 (1)","totDist2","beh.GDPgrowth_1","","eval",FALSE,FALSE,FALSE,FALSE,FALSE,",",0,1,"objective",NA,NA,0,0,0,0,"dyadic",FALSE,"","oneMode","Group1",1,613,"dv.net|eval|totDist2|beh.GDPgrowth_1||1|1|NA","unused_native_template"
"dv.net","beh.GDPgrowth_1 tot alter at dist 2 (1)","Lost ties: beh.GDPgrowth_1 tot alter at dist 2 (1)","totDist2","beh.GDPgrowth_1","","endow",FALSE,FALSE,FALSE,FALSE,FALSE,",",0,1,"objective",NA,NA,0,0,0,0,"dyadic",FALSE,"","oneMode","Group1",1,614,"dv.net|endow|totDist2|beh.GDPgrowth_1||1|1|NA","unused_native_template"
"dv.net","beh.GDPgrowth_1 tot alter at dist 2 (1)","New ties: beh.GDPgrowth_1 tot alter at dist 2 (1)","totDist2","beh.GDPgrowth_1","","creation",FALSE,FALSE,FALSE,FALSE,FALSE,",",0,1,"objective",NA,NA,0,0,0,0,"dyadic",FALSE,"","oneMode","Group1",1,615,"dv.net|creation|totDist2|beh.GDPgrowth_1||1|1|NA","unused_native_template"
"dv.net","beh.GDPgrowth_1 ego-alter dist 2 similarity","beh.GDPgrowth_1 ego-alter dist 2 similarity","simEgoDist2","beh.GDPgrowth_1","","eval",FALSE,FALSE,FALSE,FALSE,FALSE,",",0,1,"objective",NA,NA,0,0,0,0,"dyadic",FALSE,"","oneMode","Group1",1,616,"dv.net|eval|simEgoDist2|beh.GDPgrowth_1||1|1|NA","unused_native_template"
"dv.net","beh.GDPgrowth_1 ego-alter dist 2 similarity","Lost ties: beh.GDPgrowth_1 ego-alter dist 2 similarity","simEgoDist2","beh.GDPgrowth_1","","endow",FALSE,FALSE,FALSE,FALSE,FALSE,",",0,1,"objective",NA,NA,0,0,0,0,"dyadic",FALSE,"","oneMode","Group1",1,617,"dv.net|endow|simEgoDist2|beh.GDPgrowth_1||1|1|NA","unused_native_template"
"dv.net","beh.GDPgrowth_1 ego-alter dist 2 similarity","New ties: beh.GDPgrowth_1 ego-alter dist 2 similarity","simEgoDist2","beh.GDPgrowth_1","","creation",FALSE,FALSE,FALSE,FALSE,FALSE,",",0,1,"objective",NA,NA,0,0,0,0,"dyadic",FALSE,"","oneMode","Group1",1,618,"dv.net|creation|simEgoDist2|beh.GDPgrowth_1||1|1|NA","unused_native_template"
"dv.net","beh.GDPgrowth_1 similarity at dist 2","beh.GDPgrowth_1 similarity at dist 2","simDist2","beh.GDPgrowth_1","","eval",FALSE,FALSE,FALSE,FALSE,FALSE,",",0,1,"objective",NA,NA,0,0,0,0,"dyadic",FALSE,"","oneMode","Group1",1,619,"dv.net|eval|simDist2|beh.GDPgrowth_1||1|1|NA","unused_native_template"
"dv.net","beh.GDPgrowth_1 similarity at dist 2","Lost ties: beh.GDPgrowth_1 similarity at dist 2","simDist2","beh.GDPgrowth_1","","endow",FALSE,FALSE,FALSE,FALSE,FALSE,",",0,1,"objective",NA,NA,0,0,0,0,"dyadic",FALSE,"","oneMode","Group1",1,620,"dv.net|endow|simDist2|beh.GDPgrowth_1||1|1|NA","unused_native_template"
"dv.net","beh.GDPgrowth_1 similarity at dist 2","New ties: beh.GDPgrowth_1 similarity at dist 2","simDist2","beh.GDPgrowth_1","","creation",FALSE,FALSE,FALSE,FALSE,FALSE,",",0,1,"objective",NA,NA,0,0,0,0,"dyadic",FALSE,"","oneMode","Group1",1,621,"dv.net|creation|simDist2|beh.GDPgrowth_1||1|1|NA","unused_native_template"
"dv.net","beh.GDPgrowth_1 in-alter dist 2","beh.GDPgrowth_1 in-alter dist 2","altInDist2","beh.GDPgrowth_1","","eval",FALSE,FALSE,FALSE,FALSE,FALSE,",",0,0,"objective",NA,NA,0,0,0,0,"dyadic",FALSE,"","oneMode","Group1",1,622,"dv.net|eval|altInDist2|beh.GDPgrowth_1||0|1|NA","unused_native_template"
"dv.net","beh.GDPgrowth_1 in-alter dist 2","Lost ties: beh.GDPgrowth_1 in-alter dist 2","altInDist2","beh.GDPgrowth_1","","endow",FALSE,FALSE,FALSE,FALSE,FALSE,",",0,0,"objective",NA,NA,0,0,0,0,"dyadic",FALSE,"","oneMode","Group1",1,623,"dv.net|endow|altInDist2|beh.GDPgrowth_1||0|1|NA","unused_native_template"
"dv.net","beh.GDPgrowth_1 in-alter dist 2","New ties: beh.GDPgrowth_1 in-alter dist 2","altInDist2","beh.GDPgrowth_1","","creation",FALSE,FALSE,FALSE,FALSE,FALSE,",",0,0,"objective",NA,NA,0,0,0,0,"dyadic",FALSE,"","oneMode","Group1",1,624,"dv.net|creation|altInDist2|beh.GDPgrowth_1||0|1|NA","unused_native_template"
"dv.net","beh.GDPgrowth_1 tot in-alter dist 2","beh.GDPgrowth_1 tot in-alter dist 2","totInDist2","beh.GDPgrowth_1","","eval",FALSE,FALSE,FALSE,FALSE,FALSE,",",0,0,"objective",NA,NA,0,0,0,0,"dyadic",FALSE,"","oneMode","Group1",1,625,"dv.net|eval|totInDist2|beh.GDPgrowth_1||0|1|NA","unused_native_template"
"dv.net","beh.GDPgrowth_1 tot in-alter dist 2","Lost ties: beh.GDPgrowth_1 tot in-alter dist 2","totInDist2","beh.GDPgrowth_1","","endow",FALSE,FALSE,FALSE,FALSE,FALSE,",",0,0,"objective",NA,NA,0,0,0,0,"dyadic",FALSE,"","oneMode","Group1",1,626,"dv.net|endow|totInDist2|beh.GDPgrowth_1||0|1|NA","unused_native_template"
"dv.net","beh.GDPgrowth_1 tot in-alter dist 2","New ties: beh.GDPgrowth_1 tot in-alter dist 2","totInDist2","beh.GDPgrowth_1","","creation",FALSE,FALSE,FALSE,FALSE,FALSE,",",0,0,"objective",NA,NA,0,0,0,0,"dyadic",FALSE,"","oneMode","Group1",1,627,"dv.net|creation|totInDist2|beh.GDPgrowth_1||0|1|NA","unused_native_template"
"dv.net","beh.GDPgrowth_1 ego-in-alter dist 2 similarity","beh.GDPgrowth_1 ego-in-alter dist 2 similarity","simEgoInDist2","beh.GDPgrowth_1","","eval",FALSE,FALSE,FALSE,FALSE,FALSE,",",0,1,"objective",NA,NA,0,0,0,0,"dyadic",FALSE,"","oneMode","Group1",1,628,"dv.net|eval|simEgoInDist2|beh.GDPgrowth_1||1|1|NA","unused_native_template"
"dv.net","beh.GDPgrowth_1 ego-in-alter dist 2 similarity","Lost ties: beh.GDPgrowth_1 ego-in-alter dist 2 similarity","simEgoInDist2","beh.GDPgrowth_1","","endow",FALSE,FALSE,FALSE,FALSE,FALSE,",",0,1,"objective",NA,NA,0,0,0,0,"dyadic",FALSE,"","oneMode","Group1",1,629,"dv.net|endow|simEgoInDist2|beh.GDPgrowth_1||1|1|NA","unused_native_template"
"dv.net","beh.GDPgrowth_1 ego-in-alter dist 2 similarity","New ties: beh.GDPgrowth_1 ego-in-alter dist 2 similarity","simEgoInDist2","beh.GDPgrowth_1","","creation",FALSE,FALSE,FALSE,FALSE,FALSE,",",0,1,"objective",NA,NA,0,0,0,0,"dyadic",FALSE,"","oneMode","Group1",1,630,"dv.net|creation|simEgoInDist2|beh.GDPgrowth_1||1|1|NA","unused_native_template"
"dv.net","beh.GDPgrowth_1 group-av. ego","Sum of degr. x aver. beh.GDPgrowth_1","avGroupEgoX","beh.GDPgrowth_1","","eval",FALSE,FALSE,FALSE,FALSE,FALSE,",",0,0,"objective",NA,NA,0,0,0,0,"ego",FALSE,"","oneMode","Group1",1,631,"dv.net|eval|avGroupEgoX|beh.GDPgrowth_1||0|1|NA","unused_native_template"
"dv.net","beh.GDPgrowth_1 group-av. ego","Lost ties: Sum of degr. x aver. beh.GDPgrowth_1","avGroupEgoX","beh.GDPgrowth_1","","endow",FALSE,FALSE,FALSE,FALSE,FALSE,",",0,0,"objective",NA,NA,0,0,0,0,"ego",FALSE,"","oneMode","Group1",1,632,"dv.net|endow|avGroupEgoX|beh.GDPgrowth_1||0|1|NA","unused_native_template"
"dv.net","beh.GDPgrowth_1 group-av. ego","New ties: Sum of degr. x aver. beh.GDPgrowth_1","avGroupEgoX","beh.GDPgrowth_1","","creation",FALSE,FALSE,FALSE,FALSE,FALSE,",",0,0,"objective",NA,NA,0,0,0,0,"ego",FALSE,"","oneMode","Group1",1,633,"dv.net|creation|avGroupEgoX|beh.GDPgrowth_1||0|1|NA","unused_native_template"
"dv.net","beh.nato_1 alter","Sum of degrees x beh.nato_1","altX","beh.nato_1","","eval",FALSE,FALSE,FALSE,FALSE,FALSE,",",0,0,"objective",NA,NA,0,0,0,0,"dyadic",FALSE,"","oneMode","Group1",1,634,"network|atom(altX|0|beh.nato_1)","unused_native_template"
"dv.net","beh.nato_1 alter","Lost ties: Sum of degrees x beh.nato_1","altX","beh.nato_1","","endow",FALSE,FALSE,FALSE,FALSE,FALSE,",",0,0,"objective",NA,NA,0,0,0,0,"dyadic",FALSE,"","oneMode","Group1",1,635,"dv.net|endow|altX|beh.nato_1||0|1|NA","unused_native_template"
"dv.net","beh.nato_1 alter","New ties: Sum of degrees x beh.nato_1","altX","beh.nato_1","","creation",FALSE,FALSE,FALSE,FALSE,FALSE,",",0,0,"objective",NA,NA,0,0,0,0,"dyadic",FALSE,"","oneMode","Group1",1,636,"dv.net|creation|altX|beh.nato_1||0|1|NA","unused_native_template"
"dv.net","beh.nato_1 squared alt","Sum of degrees x squared beh.nato_1","altSqX","beh.nato_1","","eval",FALSE,FALSE,FALSE,FALSE,FALSE,",",0,0,"objective",NA,NA,0,0,0,0,"dyadic",FALSE,"","oneMode","Group1",1,637,"dv.net|eval|altSqX|beh.nato_1||0|1|NA","unused_native_template"
"dv.net","beh.nato_1 squared alt","Lost ties: Sum of degrees x squared beh.nato_1","altSqX","beh.nato_1","","endow",FALSE,FALSE,FALSE,FALSE,FALSE,",",0,0,"objective",NA,NA,0,0,0,0,"dyadic",FALSE,"","oneMode","Group1",1,638,"dv.net|endow|altSqX|beh.nato_1||0|1|NA","unused_native_template"
"dv.net","beh.nato_1 squared alt","New ties: Sum of degrees x squared beh.nato_1","altSqX","beh.nato_1","","creation",FALSE,FALSE,FALSE,FALSE,FALSE,",",0,0,"objective",NA,NA,0,0,0,0,"dyadic",FALSE,"","oneMode","Group1",1,639,"dv.net|creation|altSqX|beh.nato_1||0|1|NA","unused_native_template"
"dv.net","beh.nato_1 left thr. (0) alter","Sum degr. * (beh.nato_1 <= 0)","altLThresholdX","beh.nato_1","","eval",FALSE,FALSE,FALSE,FALSE,FALSE,",",0,0,"objective",NA,NA,0,0,0,0,"ego",FALSE,"","oneMode","Group1",1,640,"dv.net|eval|altLThresholdX|beh.nato_1||0|1|NA","unused_native_template"
"dv.net","beh.nato_1 left thr. (0) alter","Lost ties: Sum degr. * (beh.nato_1 <= 0)","altLThresholdX","beh.nato_1","","endow",FALSE,FALSE,FALSE,FALSE,FALSE,",",0,0,"objective",NA,NA,0,0,0,0,"ego",FALSE,"","oneMode","Group1",1,641,"dv.net|endow|altLThresholdX|beh.nato_1||0|1|NA","unused_native_template"
"dv.net","beh.nato_1 left thr. (0) alter","New ties: Sum degr. * (beh.nato_1 <= 0)","altLThresholdX","beh.nato_1","","creation",FALSE,FALSE,FALSE,FALSE,FALSE,",",0,0,"objective",NA,NA,0,0,0,0,"ego",FALSE,"","oneMode","Group1",1,642,"dv.net|creation|altLThresholdX|beh.nato_1||0|1|NA","unused_native_template"
"dv.net","beh.nato_1 right thr. (0) alter","Sum degr. * (beh.nato_1 >= 0)","altRThresholdX","beh.nato_1","","eval",FALSE,FALSE,FALSE,FALSE,FALSE,",",0,0,"objective",NA,NA,0,0,0,0,"ego",FALSE,"","oneMode","Group1",1,643,"dv.net|eval|altRThresholdX|beh.nato_1||0|1|NA","unused_native_template"
"dv.net","beh.nato_1 right thr. (0) alter","Lost ties: Sum degr. * (beh.nato_1 >= 0)","altRThresholdX","beh.nato_1","","endow",FALSE,FALSE,FALSE,FALSE,FALSE,",",0,0,"objective",NA,NA,0,0,0,0,"ego",FALSE,"","oneMode","Group1",1,644,"dv.net|endow|altRThresholdX|beh.nato_1||0|1|NA","unused_native_template"
"dv.net","beh.nato_1 right thr. (0) alter","New ties: Sum degr. * (beh.nato_1 >= 0)","altRThresholdX","beh.nato_1","","creation",FALSE,FALSE,FALSE,FALSE,FALSE,",",0,0,"objective",NA,NA,0,0,0,0,"ego",FALSE,"","oneMode","Group1",1,645,"dv.net|creation|altRThresholdX|beh.nato_1||0|1|NA","unused_native_template"
"dv.net","beh.nato_1 ego","Sum of degrees x beh.nato_1","egoX","beh.nato_1","","eval",FALSE,FALSE,FALSE,FALSE,FALSE,",",0,0,"objective",NA,NA,0,0,0,0,"ego",FALSE,"","oneMode","Group1",1,646,"network|atom(egoX|0|beh.nato_1)","unused_native_template"
"dv.net","beh.nato_1 ego","Lost ties: Sum of degrees x beh.nato_1","egoX","beh.nato_1","","endow",FALSE,FALSE,FALSE,FALSE,FALSE,",",0,0,"objective",NA,NA,0,0,0,0,"ego",FALSE,"","oneMode","Group1",1,647,"dv.net|endow|egoX|beh.nato_1||0|1|NA","unused_native_template"
"dv.net","beh.nato_1 ego","New ties: Sum of degrees x beh.nato_1","egoX","beh.nato_1","","creation",FALSE,FALSE,FALSE,FALSE,FALSE,",",0,0,"objective",NA,NA,0,0,0,0,"ego",FALSE,"","oneMode","Group1",1,648,"dv.net|creation|egoX|beh.nato_1||0|1|NA","unused_native_template"
"dv.net","beh.nato_1 ego","Gmm statistic: Sum of degrees x beh.nato_1","egoX_gmm","beh.nato_1","","gmm",FALSE,FALSE,FALSE,TRUE,FALSE,",",0,0,"gmm",NA,NA,0,0,0,0,"ego",FALSE,"","oneMode","Group1",1,649,"dv.net|gmm|egoX_gmm|beh.nato_1||0|1|NA","unused_native_template"
"dv.net","beh.nato_1 squared ego","Sum of degrees x squared beh.nato_1","egoSqX","beh.nato_1","","eval",FALSE,FALSE,FALSE,FALSE,FALSE,",",0,0,"objective",NA,NA,0,0,0,0,"dyadic",FALSE,"","oneMode","Group1",1,650,"dv.net|eval|egoSqX|beh.nato_1||0|1|NA","unused_native_template"
"dv.net","beh.nato_1 squared ego","Lost ties: Sum of degrees x squared beh.nato_1","egoSqX","beh.nato_1","","endow",FALSE,FALSE,FALSE,FALSE,FALSE,",",0,0,"objective",NA,NA,0,0,0,0,"dyadic",FALSE,"","oneMode","Group1",1,651,"dv.net|endow|egoSqX|beh.nato_1||0|1|NA","unused_native_template"
"dv.net","beh.nato_1 squared ego","New ties: Sum of degrees x squared beh.nato_1","egoSqX","beh.nato_1","","creation",FALSE,FALSE,FALSE,FALSE,FALSE,",",0,0,"objective",NA,NA,0,0,0,0,"dyadic",FALSE,"","oneMode","Group1",1,652,"dv.net|creation|egoSqX|beh.nato_1||0|1|NA","unused_native_template"
"dv.net","beh.nato_1 ego and alt","2 * sum degr. x beh.nato_1","egoPlusAltX","beh.nato_1","","eval",FALSE,FALSE,FALSE,FALSE,FALSE,",",0,0,"objective",NA,NA,0,0,0,0,"dyadic",FALSE,"","oneMode","Group1",1,653,"dv.net|eval|egoPlusAltX|beh.nato_1||0|1|NA","unused_native_template"
"dv.net","beh.nato_1 ego and alt","Lost ties: 2 * sum degr. x beh.nato_1","egoPlusAltX","beh.nato_1","","endow",FALSE,FALSE,FALSE,FALSE,FALSE,",",0,0,"objective",NA,NA,0,0,0,0,"dyadic",FALSE,"","oneMode","Group1",1,654,"dv.net|endow|egoPlusAltX|beh.nato_1||0|1|NA","unused_native_template"
"dv.net","beh.nato_1 ego and alt","New ties: 2 * sum degr. x beh.nato_1","egoPlusAltX","beh.nato_1","","creation",FALSE,FALSE,FALSE,FALSE,FALSE,",",0,0,"objective",NA,NA,0,0,0,0,"dyadic",FALSE,"","oneMode","Group1",1,655,"dv.net|creation|egoPlusAltX|beh.nato_1||0|1|NA","unused_native_template"
"dv.net","beh.nato_1 sq. ego and alt","2 * sum degr. x squared beh.nato_1","egoPlusAltSqX","beh.nato_1","","eval",FALSE,FALSE,FALSE,FALSE,FALSE,",",0,0,"objective",NA,NA,0,0,0,0,"dyadic",FALSE,"","oneMode","Group1",1,656,"dv.net|eval|egoPlusAltSqX|beh.nato_1||0|1|NA","unused_native_template"
"dv.net","beh.nato_1 sq. ego and alt","Lost ties: 2 * sum degr. x squared beh.nato_1","egoPlusAltSqX","beh.nato_1","","endow",FALSE,FALSE,FALSE,FALSE,FALSE,",",0,0,"objective",NA,NA,0,0,0,0,"dyadic",FALSE,"","oneMode","Group1",1,657,"dv.net|endow|egoPlusAltSqX|beh.nato_1||0|1|NA","unused_native_template"
"dv.net","beh.nato_1 sq. ego and alt","New ties: 2 * sum degr. x squared beh.nato_1","egoPlusAltSqX","beh.nato_1","","creation",FALSE,FALSE,FALSE,FALSE,FALSE,",",0,0,"objective",NA,NA,0,0,0,0,"dyadic",FALSE,"","oneMode","Group1",1,658,"dv.net|creation|egoPlusAltSqX|beh.nato_1||0|1|NA","unused_native_template"
"dv.net","beh.nato_1 left thr. (0) ego","Sum degr. * (beh.nato_1 <= 0)","egoLThresholdX","beh.nato_1","","eval",FALSE,FALSE,FALSE,FALSE,FALSE,",",0,0,"objective",NA,NA,0,0,0,0,"ego",FALSE,"","oneMode","Group1",1,659,"dv.net|eval|egoLThresholdX|beh.nato_1||0|1|NA","unused_native_template"
"dv.net","beh.nato_1 left thr. (0) ego","Lost ties: Sum degr. * (beh.nato_1 <= 0)","egoLThresholdX","beh.nato_1","","endow",FALSE,FALSE,FALSE,FALSE,FALSE,",",0,0,"objective",NA,NA,0,0,0,0,"ego",FALSE,"","oneMode","Group1",1,660,"dv.net|endow|egoLThresholdX|beh.nato_1||0|1|NA","unused_native_template"
"dv.net","beh.nato_1 left thr. (0) ego","New ties: Sum degr. * (beh.nato_1 <= 0)","egoLThresholdX","beh.nato_1","","creation",FALSE,FALSE,FALSE,FALSE,FALSE,",",0,0,"objective",NA,NA,0,0,0,0,"ego",FALSE,"","oneMode","Group1",1,661,"dv.net|creation|egoLThresholdX|beh.nato_1||0|1|NA","unused_native_template"
"dv.net","beh.nato_1 right thr. (0) ego","Sum degr. * (beh.nato_1 >= 0)","egoRThresholdX","beh.nato_1","","eval",FALSE,FALSE,FALSE,FALSE,FALSE,",",0,0,"objective",NA,NA,0,0,0,0,"ego",FALSE,"","oneMode","Group1",1,662,"dv.net|eval|egoRThresholdX|beh.nato_1||0|1|NA","unused_native_template"
"dv.net","beh.nato_1 right thr. (0) ego","Lost ties: Sum degr. * (beh.nato_1 >= 0)","egoRThresholdX","beh.nato_1","","endow",FALSE,FALSE,FALSE,FALSE,FALSE,",",0,0,"objective",NA,NA,0,0,0,0,"ego",FALSE,"","oneMode","Group1",1,663,"dv.net|endow|egoRThresholdX|beh.nato_1||0|1|NA","unused_native_template"
"dv.net","beh.nato_1 right thr. (0) ego","New ties: Sum degr. * (beh.nato_1 >= 0)","egoRThresholdX","beh.nato_1","","creation",FALSE,FALSE,FALSE,FALSE,FALSE,",",0,0,"objective",NA,NA,0,0,0,0,"ego",FALSE,"","oneMode","Group1",1,664,"dv.net|creation|egoRThresholdX|beh.nato_1||0|1|NA","unused_native_template"
"dv.net","abs. (outdegree - beh.nato_1)","Sum of abs. (outdeg. - beh.nato_1)","degAbsDiffX","beh.nato_1","","eval",FALSE,FALSE,FALSE,FALSE,FALSE,",",0,0,"objective",NA,NA,0,0,0,0,"ego",FALSE,"","oneMode","Group1",1,665,"dv.net|eval|degAbsDiffX|beh.nato_1||0|1|NA","unused_native_template"
"dv.net","abs. (outdegree - beh.nato_1)","Lost ties: Sum of abs. (outdeg. - beh.nato_1)","degAbsDiffX","beh.nato_1","","endow",FALSE,FALSE,FALSE,FALSE,FALSE,",",0,0,"objective",NA,NA,0,0,0,0,"ego",FALSE,"","oneMode","Group1",1,666,"dv.net|endow|degAbsDiffX|beh.nato_1||0|1|NA","unused_native_template"
"dv.net","abs. (outdegree - beh.nato_1)","New ties: Sum of abs. (outdeg. - beh.nato_1)","degAbsDiffX","beh.nato_1","","creation",FALSE,FALSE,FALSE,FALSE,FALSE,",",0,0,"objective",NA,NA,0,0,0,0,"ego",FALSE,"","oneMode","Group1",1,667,"dv.net|creation|degAbsDiffX|beh.nato_1||0|1|NA","unused_native_template"
"dv.net","pos. (outdegree - beh.nato_1)","Sum of pos. (outdeg. - beh.nato_1)","degPosDiffX","beh.nato_1","","eval",FALSE,FALSE,FALSE,FALSE,FALSE,",",0,0,"objective",NA,NA,0,0,0,0,"ego",FALSE,"","oneMode","Group1",1,668,"dv.net|eval|degPosDiffX|beh.nato_1||0|1|NA","unused_native_template"
"dv.net","pos. (outdegree - beh.nato_1)","Lost ties: Sum of pos. (outdeg. - beh.nato_1)","degPosDiffX","beh.nato_1","","endow",FALSE,FALSE,FALSE,FALSE,FALSE,",",0,0,"objective",NA,NA,0,0,0,0,"ego",FALSE,"","oneMode","Group1",1,669,"dv.net|endow|degPosDiffX|beh.nato_1||0|1|NA","unused_native_template"
"dv.net","pos. (outdegree - beh.nato_1)","New ties: Sum of pos. (outdeg. - beh.nato_1)","degPosDiffX","beh.nato_1","","creation",FALSE,FALSE,FALSE,FALSE,FALSE,",",0,0,"objective",NA,NA,0,0,0,0,"ego",FALSE,"","oneMode","Group1",1,670,"dv.net|creation|degPosDiffX|beh.nato_1||0|1|NA","unused_native_template"
"dv.net","neg. (beh.nato_1 - outdegree)","Sum of neg. (beh.nato_1 - outdegree)","degNegDiffX","beh.nato_1","","eval",FALSE,FALSE,FALSE,FALSE,FALSE,",",0,0,"objective",NA,NA,0,0,0,0,"ego",FALSE,"","oneMode","Group1",1,671,"dv.net|eval|degNegDiffX|beh.nato_1||0|1|NA","unused_native_template"
"dv.net","neg. (beh.nato_1 - outdegree)","Lost ties: Sum of neg. (beh.nato_1 - outdegree)","degNegDiffX","beh.nato_1","","endow",FALSE,FALSE,FALSE,FALSE,FALSE,",",0,0,"objective",NA,NA,0,0,0,0,"ego",FALSE,"","oneMode","Group1",1,672,"dv.net|endow|degNegDiffX|beh.nato_1||0|1|NA","unused_native_template"
"dv.net","neg. (beh.nato_1 - outdegree)","New ties: Sum of neg. (beh.nato_1 - outdegree)","degNegDiffX","beh.nato_1","","creation",FALSE,FALSE,FALSE,FALSE,FALSE,",",0,0,"objective",NA,NA,0,0,0,0,"ego",FALSE,"","oneMode","Group1",1,673,"dv.net|creation|degNegDiffX|beh.nato_1||0|1|NA","unused_native_template"
"dv.net","beh.nato_1 difference","Sum_ties diff beh.nato_1","diffX","beh.nato_1","","eval",FALSE,FALSE,FALSE,FALSE,FALSE,",",0,0,"objective",NA,NA,0,0,0,0,"dyadic",FALSE,"","oneMode","Group1",1,674,"dv.net|eval|diffX|beh.nato_1||0|1|NA","unused_native_template"
"dv.net","beh.nato_1 difference","Lost ties: Sum_ties diff beh.nato_1","diffX","beh.nato_1","","endow",FALSE,FALSE,FALSE,FALSE,FALSE,",",0,0,"objective",NA,NA,0,0,0,0,"dyadic",FALSE,"","oneMode","Group1",1,675,"dv.net|endow|diffX|beh.nato_1||0|1|NA","unused_native_template"
"dv.net","beh.nato_1 difference","New ties: Sum_ties diff beh.nato_1","diffX","beh.nato_1","","creation",FALSE,FALSE,FALSE,FALSE,FALSE,",",0,0,"objective",NA,NA,0,0,0,0,"dyadic",FALSE,"","oneMode","Group1",1,676,"dv.net|creation|diffX|beh.nato_1||0|1|NA","unused_native_template"
"dv.net","beh.nato_1 abs. difference","Sum_ties abs.diff beh.nato_1","absDiffX","beh.nato_1","","eval",FALSE,FALSE,FALSE,FALSE,FALSE,",",0,0,"objective",NA,NA,0,0,0,0,"dyadic",FALSE,"","oneMode","Group1",1,677,"dv.net|eval|absDiffX|beh.nato_1||0|1|NA","unused_native_template"
"dv.net","beh.nato_1 abs. difference","Lost ties: Sum_ties abs.diff beh.nato_1","absDiffX","beh.nato_1","","endow",FALSE,FALSE,FALSE,FALSE,FALSE,",",0,0,"objective",NA,NA,0,0,0,0,"dyadic",FALSE,"","oneMode","Group1",1,678,"dv.net|endow|absDiffX|beh.nato_1||0|1|NA","unused_native_template"
"dv.net","beh.nato_1 abs. difference","New ties: Sum_ties abs.diff beh.nato_1","absDiffX","beh.nato_1","","creation",FALSE,FALSE,FALSE,FALSE,FALSE,",",0,0,"objective",NA,NA,0,0,0,0,"dyadic",FALSE,"","oneMode","Group1",1,679,"dv.net|creation|absDiffX|beh.nato_1||0|1|NA","unused_native_template"
"dv.net","beh.nato_1 diff. squared","Sum_ties diff.sq beh.nato_1","diffSqX","beh.nato_1","","eval",FALSE,FALSE,FALSE,FALSE,FALSE,",",0,0,"objective",NA,NA,0,0,0,0,"dyadic",FALSE,"","oneMode","Group1",1,680,"dv.net|eval|diffSqX|beh.nato_1||0|1|NA","unused_native_template"
"dv.net","beh.nato_1 diff. squared","Lost ties: Sum_ties diff.sq beh.nato_1","diffSqX","beh.nato_1","","endow",FALSE,FALSE,FALSE,FALSE,FALSE,",",0,0,"objective",NA,NA,0,0,0,0,"dyadic",FALSE,"","oneMode","Group1",1,681,"dv.net|endow|diffSqX|beh.nato_1||0|1|NA","unused_native_template"
"dv.net","beh.nato_1 diff. squared","New ties: Sum_ties diff.sq beh.nato_1","diffSqX","beh.nato_1","","creation",FALSE,FALSE,FALSE,FALSE,FALSE,",",0,0,"objective",NA,NA,0,0,0,0,"dyadic",FALSE,"","oneMode","Group1",1,682,"dv.net|creation|diffSqX|beh.nato_1||0|1|NA","unused_native_template"
"dv.net","beh.nato_1 ego * diff.","Sum_ties ego x diff beh.nato_1","egoDiffX","beh.nato_1","","eval",FALSE,FALSE,FALSE,FALSE,FALSE,",",0,0,"objective",NA,NA,0,0,0,0,"dyadic",FALSE,"","oneMode","Group1",1,683,"dv.net|eval|egoDiffX|beh.nato_1||0|1|NA","unused_native_template"
"dv.net","beh.nato_1 ego * diff.","Lost ties: Sum_ties ego x diff beh.nato_1","egoDiffX","beh.nato_1","","endow",FALSE,FALSE,FALSE,FALSE,FALSE,",",0,0,"objective",NA,NA,0,0,0,0,"dyadic",FALSE,"","oneMode","Group1",1,684,"dv.net|endow|egoDiffX|beh.nato_1||0|1|NA","unused_native_template"
"dv.net","beh.nato_1 ego * diff.","New ties: Sum_ties ego x diff beh.nato_1","egoDiffX","beh.nato_1","","creation",FALSE,FALSE,FALSE,FALSE,FALSE,",",0,0,"objective",NA,NA,0,0,0,0,"dyadic",FALSE,"","oneMode","Group1",1,685,"dv.net|creation|egoDiffX|beh.nato_1||0|1|NA","unused_native_template"
"dv.net","beh.nato_1 similarity","beh.nato_1 similarity","simX","beh.nato_1","","eval",FALSE,FALSE,FALSE,FALSE,FALSE,",",0,0,"objective",NA,NA,0,0,0,0,"dyadic",FALSE,"","oneMode","Group1",1,686,"dv.net|eval|simX|beh.nato_1||0|1|NA","unused_native_template"
"dv.net","beh.nato_1 similarity","Lost ties: beh.nato_1 similarity","simX","beh.nato_1","","endow",FALSE,FALSE,FALSE,FALSE,FALSE,",",0,0,"objective",NA,NA,0,0,0,0,"dyadic",FALSE,"","oneMode","Group1",1,687,"dv.net|endow|simX|beh.nato_1||0|1|NA","unused_native_template"
"dv.net","beh.nato_1 similarity","New ties: beh.nato_1 similarity","simX","beh.nato_1","","creation",FALSE,FALSE,FALSE,FALSE,FALSE,",",0,0,"objective",NA,NA,0,0,0,0,"dyadic",FALSE,"","oneMode","Group1",1,688,"dv.net|creation|simX|beh.nato_1||0|1|NA","unused_native_template"
"dv.net","beh.nato_1 similarity","Gmm statistic: beh.nato_1 similarity","simX_gmm","beh.nato_1","","gmm",FALSE,FALSE,FALSE,TRUE,FALSE,",",0,0,"gmm",NA,NA,0,0,0,0,"dyadic",FALSE,"","oneMode","Group1",1,689,"dv.net|gmm|simX_gmm|beh.nato_1||0|1|NA","unused_native_template"
"dv.net","ind. pop.^(1/1) weighted beh.nato_1","indegree pop.^(1/1) weighted beh.nato_1","inPopX","beh.nato_1","","eval",FALSE,FALSE,FALSE,FALSE,FALSE,",",0,1,"objective",NA,NA,0,0,0,0,"dyadic",FALSE,"","oneMode","Group1",1,690,"dv.net|eval|inPopX|beh.nato_1||1|1|NA","unused_native_template"
"dv.net","ind. pop.^(1/1) weighted beh.nato_1","Lost ties: indegree pop.^(1/1) weighted beh.nato_1","inPopX","beh.nato_1","","endow",FALSE,FALSE,FALSE,FALSE,FALSE,",",0,1,"objective",NA,NA,0,0,0,0,"dyadic",FALSE,"","oneMode","Group1",1,691,"dv.net|endow|inPopX|beh.nato_1||1|1|NA","unused_native_template"
"dv.net","ind. pop.^(1/1) weighted beh.nato_1","New ties: indegree pop.^(1/1) weighted beh.nato_1","inPopX","beh.nato_1","","creation",FALSE,FALSE,FALSE,FALSE,FALSE,",",0,1,"objective",NA,NA,0,0,0,0,"dyadic",FALSE,"","oneMode","Group1",1,692,"dv.net|creation|inPopX|beh.nato_1||1|1|NA","unused_native_template"
"dv.net","outd. pop.^(1/1) weighted beh.nato_1","outdegree pop.^(1/1) weighted beh.nato_1","outPopX","beh.nato_1","","eval",FALSE,FALSE,FALSE,FALSE,FALSE,",",0,1,"objective",NA,NA,0,0,0,0,"dyadic",FALSE,"","oneMode","Group1",1,693,"dv.net|eval|outPopX|beh.nato_1||1|1|NA","unused_native_template"
"dv.net","outd. pop.^(1/1) weighted beh.nato_1","Lost ties: outdegree pop.^(1/1) weighted beh.nato_1","outPopX","beh.nato_1","","endow",FALSE,FALSE,FALSE,FALSE,FALSE,",",0,1,"objective",NA,NA,0,0,0,0,"dyadic",FALSE,"","oneMode","Group1",1,694,"dv.net|endow|outPopX|beh.nato_1||1|1|NA","unused_native_template"
"dv.net","outd. pop.^(1/1) weighted beh.nato_1","New ties: outdegree pop.^(1/1) weighted beh.nato_1","outPopX","beh.nato_1","","creation",FALSE,FALSE,FALSE,FALSE,FALSE,",",0,1,"objective",NA,NA,0,0,0,0,"dyadic",FALSE,"","oneMode","Group1",1,695,"dv.net|creation|outPopX|beh.nato_1||1|1|NA","unused_native_template"
"dv.net","ind. act.^(1/1) weighted beh.nato_1","indegree act.^(1/1) weighted beh.nato_1","inActX","beh.nato_1","","eval",FALSE,FALSE,FALSE,FALSE,FALSE,",",0,1,"objective",NA,NA,0,0,0,0,"dyadic",FALSE,"","oneMode","Group1",1,696,"dv.net|eval|inActX|beh.nato_1||1|1|NA","unused_native_template"
"dv.net","ind. act.^(1/1) weighted beh.nato_1","Lost ties: indegree act.^(1/1) weighted beh.nato_1","inActX","beh.nato_1","","endow",FALSE,FALSE,FALSE,FALSE,FALSE,",",0,1,"objective",NA,NA,0,0,0,0,"dyadic",FALSE,"","oneMode","Group1",1,697,"dv.net|endow|inActX|beh.nato_1||1|1|NA","unused_native_template"
"dv.net","ind. act.^(1/1) weighted beh.nato_1","New ties: indegree act.^(1/1) weighted beh.nato_1","inActX","beh.nato_1","","creation",FALSE,FALSE,FALSE,FALSE,FALSE,",",0,1,"objective",NA,NA,0,0,0,0,"dyadic",FALSE,"","oneMode","Group1",1,698,"dv.net|creation|inActX|beh.nato_1||1|1|NA","unused_native_template"
"dv.net","outd. act.^(1/1) weighted beh.nato_1","indegree act.^(1/1) weighted beh.nato_1","outActX","beh.nato_1","","eval",FALSE,FALSE,FALSE,FALSE,FALSE,",",0,1,"objective",NA,NA,0,0,0,0,"dyadic",FALSE,"","oneMode","Group1",1,699,"dv.net|eval|outActX|beh.nato_1||1|1|NA","unused_native_template"
"dv.net","outd. act.^(1/1) weighted beh.nato_1","Lost ties: indegree act.^(1/1) weighted beh.nato_1","outActX","beh.nato_1","","endow",FALSE,FALSE,FALSE,FALSE,FALSE,",",0,1,"objective",NA,NA,0,0,0,0,"dyadic",FALSE,"","oneMode","Group1",1,700,"dv.net|endow|outActX|beh.nato_1||1|1|NA","unused_native_template"
"dv.net","outd. act.^(1/1) weighted beh.nato_1","New ties: indegree act.^(1/1) weighted beh.nato_1","outActX","beh.nato_1","","creation",FALSE,FALSE,FALSE,FALSE,FALSE,",",0,1,"objective",NA,NA,0,0,0,0,"dyadic",FALSE,"","oneMode","Group1",1,701,"dv.net|creation|outActX|beh.nato_1||1|1|NA","unused_native_template"
"dv.net","same beh.nato_1","same beh.nato_1","sameX","beh.nato_1","","eval",FALSE,FALSE,FALSE,FALSE,FALSE,",",0,0,"objective",NA,NA,0,0,0,0,"dyadic",FALSE,"","oneMode","Group1",1,702,"dv.net|eval|sameX|beh.nato_1||0|1|NA","unused_native_template"
"dv.net","same beh.nato_1","Lost ties: same beh.nato_1","sameX","beh.nato_1","","endow",FALSE,FALSE,FALSE,FALSE,FALSE,",",0,0,"objective",NA,NA,0,0,0,0,"dyadic",FALSE,"","oneMode","Group1",1,703,"dv.net|endow|sameX|beh.nato_1||0|1|NA","unused_native_template"
"dv.net","same beh.nato_1","New ties: same beh.nato_1","sameX","beh.nato_1","","creation",FALSE,FALSE,FALSE,FALSE,FALSE,",",0,0,"objective",NA,NA,0,0,0,0,"dyadic",FALSE,"","oneMode","Group1",1,704,"dv.net|creation|sameX|beh.nato_1||0|1|NA","unused_native_template"
"dv.net","ind. pop. from dif. beh.nato_1","indegree pop. from dif. values on beh.nato_1","diffXInPop","beh.nato_1","","eval",FALSE,FALSE,FALSE,FALSE,FALSE,",",0,0,"objective",NA,NA,0,0,0,0,"dyadic",FALSE,"","oneMode","Group1",1,705,"dv.net|eval|diffXInPop|beh.nato_1||0|1|NA","unused_native_template"
"dv.net","ind. pop. from dif. beh.nato_1","Lost ties: indegree pop. from dif. values on beh.nato_1","diffXInPop","beh.nato_1","","endow",FALSE,FALSE,FALSE,FALSE,FALSE,",",0,0,"objective",NA,NA,0,0,0,0,"dyadic",FALSE,"","oneMode","Group1",1,706,"dv.net|endow|diffXInPop|beh.nato_1||0|1|NA","unused_native_template"
"dv.net","ind. pop. from dif. beh.nato_1","New ties: indegree pop. from dif. values on beh.nato_1","diffXInPop","beh.nato_1","","creation",FALSE,FALSE,FALSE,FALSE,FALSE,",",0,0,"objective",NA,NA,0,0,0,0,"dyadic",FALSE,"","oneMode","Group1",1,707,"dv.net|creation|diffXInPop|beh.nato_1||0|1|NA","unused_native_template"
"dv.net","outd. act. to same beh.nato_1","sum sqr. outd. to same values on beh.nato_1","sameXOutAct","beh.nato_1","","eval",FALSE,FALSE,FALSE,FALSE,FALSE,",",0,0,"objective",NA,NA,0,0,0,0,"",FALSE,"","oneMode","Group1",1,708,"dv.net|eval|sameXOutAct|beh.nato_1||0|1|NA","unused_native_template"
"dv.net","outd. act. to same beh.nato_1","Lost ties: sum sqr. outd. to same values on beh.nato_1","sameXOutAct","beh.nato_1","","endow",FALSE,FALSE,FALSE,FALSE,FALSE,",",0,0,"objective",NA,NA,0,0,0,0,"",FALSE,"","oneMode","Group1",1,709,"dv.net|endow|sameXOutAct|beh.nato_1||0|1|NA","unused_native_template"
"dv.net","outd. act. to same beh.nato_1","New ties: sum sqr. outd. to same values on beh.nato_1","sameXOutAct","beh.nato_1","","creation",FALSE,FALSE,FALSE,FALSE,FALSE,",",0,0,"objective",NA,NA,0,0,0,0,"",FALSE,"","oneMode","Group1",1,710,"dv.net|creation|sameXOutAct|beh.nato_1||0|1|NA","unused_native_template"
"dv.net","outd. act. to dif. beh.nato_1","sum sqr. outd. to dif. values on beh.nato_1","diffXOutAct","beh.nato_1","","eval",FALSE,FALSE,FALSE,FALSE,FALSE,",",0,0,"objective",NA,NA,0,0,0,0,"",FALSE,"","oneMode","Group1",1,711,"dv.net|eval|diffXOutAct|beh.nato_1||0|1|NA","unused_native_template"
"dv.net","outd. act. to dif. beh.nato_1","Lost ties: sum sqr. outd. to dif. values on beh.nato_1","diffXOutAct","beh.nato_1","","endow",FALSE,FALSE,FALSE,FALSE,FALSE,",",0,0,"objective",NA,NA,0,0,0,0,"",FALSE,"","oneMode","Group1",1,712,"dv.net|endow|diffXOutAct|beh.nato_1||0|1|NA","unused_native_template"
"dv.net","outd. act. to dif. beh.nato_1","New ties: sum sqr. outd. to dif. values on beh.nato_1","diffXOutAct","beh.nato_1","","creation",FALSE,FALSE,FALSE,FALSE,FALSE,",",0,0,"objective",NA,NA,0,0,0,0,"",FALSE,"","oneMode","Group1",1,713,"dv.net|creation|diffXOutAct|beh.nato_1||0|1|NA","unused_native_template"
"dv.net","outd. act. to hom. beh.nato_1","sum sqr. outd. to hom. values on beh.nato_1","homXOutAct","beh.nato_1","","eval",FALSE,FALSE,FALSE,FALSE,FALSE,",",0,0,"objective",NA,NA,0,0,0,0,"",FALSE,"","oneMode","Group1",1,714,"dv.net|eval|homXOutAct|beh.nato_1||0|1|NA","unused_native_template"
"dv.net","outd. act. to hom. beh.nato_1","Lost ties: sum sqr. outd. to hom. values on beh.nato_1","homXOutAct","beh.nato_1","","endow",FALSE,FALSE,FALSE,FALSE,FALSE,",",0,0,"objective",NA,NA,0,0,0,0,"",FALSE,"","oneMode","Group1",1,715,"dv.net|endow|homXOutAct|beh.nato_1||0|1|NA","unused_native_template"
"dv.net","outd. act. to hom. beh.nato_1","New ties: sum sqr. outd. to hom. values on beh.nato_1","homXOutAct","beh.nato_1","","creation",FALSE,FALSE,FALSE,FALSE,FALSE,",",0,0,"objective",NA,NA,0,0,0,0,"",FALSE,"","oneMode","Group1",1,716,"dv.net|creation|homXOutAct|beh.nato_1||0|1|NA","unused_native_template"
"dv.net","outd. act. weight alt. beh.nato_1","sum sqr. outd. weight alt. beh.nato_1","altXOutAct","beh.nato_1","","eval",FALSE,FALSE,FALSE,FALSE,FALSE,",",0,0,"objective",NA,NA,0,0,0,0,"",FALSE,"","oneMode","Group1",1,717,"dv.net|eval|altXOutAct|beh.nato_1||0|1|NA","unused_native_template"
"dv.net","outd. act. weight alt. beh.nato_1","Lost ties: sum sqr. outd. weight alt. beh.nato_1","altXOutAct","beh.nato_1","","endow",FALSE,FALSE,FALSE,FALSE,FALSE,",",0,0,"objective",NA,NA,0,0,0,0,"",FALSE,"","oneMode","Group1",1,718,"dv.net|endow|altXOutAct|beh.nato_1||0|1|NA","unused_native_template"
"dv.net","outd. act. weight alt. beh.nato_1","New ties: sum sqr. outd. weight alt. beh.nato_1","altXOutAct","beh.nato_1","","creation",FALSE,FALSE,FALSE,FALSE,FALSE,",",0,0,"objective",NA,NA,0,0,0,0,"",FALSE,"","oneMode","Group1",1,719,"dv.net|creation|altXOutAct|beh.nato_1||0|1|NA","unused_native_template"
"dv.net","trans. triads intermed. beh.nato_1","Number of trans. triads intermed. weight beh.nato_1","transTripX","beh.nato_1","","eval",FALSE,FALSE,FALSE,FALSE,FALSE,",",0,0,"objective",NA,NA,0,0,0,0,"",FALSE,"","oneMode","Group1",1,720,"dv.net|eval|transTripX|beh.nato_1||0|1|NA","unused_native_template"
"dv.net","trans. triads intermed. beh.nato_1","Lost ties: Number of trans. triads intermed. weight beh.nato_1","transTripX","beh.nato_1","","endow",FALSE,FALSE,FALSE,FALSE,FALSE,",",0,0,"objective",NA,NA,0,0,0,0,"",FALSE,"","oneMode","Group1",1,721,"dv.net|endow|transTripX|beh.nato_1||0|1|NA","unused_native_template"
"dv.net","trans. triads intermed. beh.nato_1","New ties: Number of trans. triads intermed. weight beh.nato_1","transTripX","beh.nato_1","","creation",FALSE,FALSE,FALSE,FALSE,FALSE,",",0,0,"objective",NA,NA,0,0,0,0,"",FALSE,"","oneMode","Group1",1,722,"dv.net|creation|transTripX|beh.nato_1||0|1|NA","unused_native_template"
"dv.net","transitive triads same beh.nato_1","Number of transitive triads same on beh.nato_1","sameXTransTrip","beh.nato_1","","eval",FALSE,FALSE,FALSE,FALSE,FALSE,",",0,0,"objective",NA,NA,0,0,0,0,"",FALSE,"","oneMode","Group1",1,723,"dv.net|eval|sameXTransTrip|beh.nato_1||0|1|NA","unused_native_template"
"dv.net","transitive triads same beh.nato_1","Lost ties: Number of transitive triads same on beh.nato_1","sameXTransTrip","beh.nato_1","","endow",FALSE,FALSE,FALSE,FALSE,FALSE,",",0,0,"objective",NA,NA,0,0,0,0,"",FALSE,"","oneMode","Group1",1,724,"dv.net|endow|sameXTransTrip|beh.nato_1||0|1|NA","unused_native_template"
"dv.net","transitive triads same beh.nato_1","New ties: Number of transitive triads same on beh.nato_1","sameXTransTrip","beh.nato_1","","creation",FALSE,FALSE,FALSE,FALSE,FALSE,",",0,0,"objective",NA,NA,0,0,0,0,"",FALSE,"","oneMode","Group1",1,725,"dv.net|creation|sameXTransTrip|beh.nato_1||0|1|NA","unused_native_template"
"dv.net","transitive triads diff. beh.nato_1","Number of transitive triads diff. on beh.nato_1","diffXTransTrip","beh.nato_1","","eval",FALSE,FALSE,FALSE,FALSE,FALSE,",",0,0,"objective",NA,NA,0,0,0,0,"",FALSE,"","oneMode","Group1",1,726,"dv.net|eval|diffXTransTrip|beh.nato_1||0|1|NA","unused_native_template"
"dv.net","transitive triads diff. beh.nato_1","Lost ties: Number of transitive triads diff. on beh.nato_1","diffXTransTrip","beh.nato_1","","endow",FALSE,FALSE,FALSE,FALSE,FALSE,",",0,0,"objective",NA,NA,0,0,0,0,"",FALSE,"","oneMode","Group1",1,727,"dv.net|endow|diffXTransTrip|beh.nato_1||0|1|NA","unused_native_template"
"dv.net","transitive triads diff. beh.nato_1","New ties: Number of transitive triads diff. on beh.nato_1","diffXTransTrip","beh.nato_1","","creation",FALSE,FALSE,FALSE,FALSE,FALSE,",",0,0,"objective",NA,NA,0,0,0,0,"",FALSE,"","oneMode","Group1",1,728,"dv.net|creation|diffXTransTrip|beh.nato_1||0|1|NA","unused_native_template"
"dv.net","transitive triplets homog. beh.nato_1","Number of transitive triplets homogeneous on beh.nato_1","homXTransTrip","beh.nato_1","","eval",FALSE,FALSE,FALSE,FALSE,FALSE,",",0,0,"objective",NA,NA,0,0,0,0,"",FALSE,"","oneMode","Group1",1,729,"dv.net|eval|homXTransTrip|beh.nato_1||0|1|NA","unused_native_template"
"dv.net","transitive triplets homog. beh.nato_1","Lost ties: Number of transitive triplets homogeneous on beh.nato_1","homXTransTrip","beh.nato_1","","endow",FALSE,FALSE,FALSE,FALSE,FALSE,",",0,0,"objective",NA,NA,0,0,0,0,"",FALSE,"","oneMode","Group1",1,730,"dv.net|endow|homXTransTrip|beh.nato_1||0|1|NA","unused_native_template"
"dv.net","transitive triplets homog. beh.nato_1","New ties: Number of transitive triplets homogeneous on beh.nato_1","homXTransTrip","beh.nato_1","","creation",FALSE,FALSE,FALSE,FALSE,FALSE,",",0,0,"objective",NA,NA,0,0,0,0,"",FALSE,"","oneMode","Group1",1,731,"dv.net|creation|homXTransTrip|beh.nato_1||0|1|NA","unused_native_template"
"dv.net","transitive triads jumping beh.nato_1","Number of transitive triads jumping beh.nato_1","jumpXTransTrip","beh.nato_1","","eval",FALSE,FALSE,FALSE,FALSE,FALSE,",",0,0,"objective",NA,NA,0,0,0,0,"",FALSE,"","oneMode","Group1",1,732,"dv.net|eval|jumpXTransTrip|beh.nato_1||0|1|NA","unused_native_template"
"dv.net","transitive triads jumping beh.nato_1","Lost ties: Number of transitive triads jumping beh.nato_1","jumpXTransTrip","beh.nato_1","","endow",FALSE,FALSE,FALSE,FALSE,FALSE,",",0,0,"objective",NA,NA,0,0,0,0,"",FALSE,"","oneMode","Group1",1,733,"dv.net|endow|jumpXTransTrip|beh.nato_1||0|1|NA","unused_native_template"
"dv.net","transitive triads jumping beh.nato_1","New ties: Number of transitive triads jumping beh.nato_1","jumpXTransTrip","beh.nato_1","","creation",FALSE,FALSE,FALSE,FALSE,FALSE,",",0,0,"objective",NA,NA,0,0,0,0,"",FALSE,"","oneMode","Group1",1,734,"dv.net|creation|jumpXTransTrip|beh.nato_1||0|1|NA","unused_native_template"
"dv.net","beh.nato_1 ego x beh.nato_1 alter","beh.nato_1 ego x beh.nato_1 alter","egoXaltX","beh.nato_1","","eval",FALSE,FALSE,FALSE,FALSE,FALSE,",",0,0,"objective",NA,NA,0,0,0,0,"dyadic",FALSE,"","oneMode","Group1",1,735,"dv.net|eval|egoXaltX|beh.nato_1||0|1|NA","unused_native_template"
"dv.net","beh.nato_1 ego x beh.nato_1 alter","Lost ties: beh.nato_1 ego x beh.nato_1 alter","egoXaltX","beh.nato_1","","endow",FALSE,FALSE,FALSE,FALSE,FALSE,",",0,0,"objective",NA,NA,0,0,0,0,"dyadic",FALSE,"","oneMode","Group1",1,736,"dv.net|endow|egoXaltX|beh.nato_1||0|1|NA","unused_native_template"
"dv.net","beh.nato_1 ego x beh.nato_1 alter","New ties: beh.nato_1 ego x beh.nato_1 alter","egoXaltX","beh.nato_1","","creation",FALSE,FALSE,FALSE,FALSE,FALSE,",",0,0,"objective",NA,NA,0,0,0,0,"dyadic",FALSE,"","oneMode","Group1",1,737,"dv.net|creation|egoXaltX|beh.nato_1||0|1|NA","unused_native_template"
"dv.net","beh.nato_1 of indirect ties","beh.nato_1 of indirect ties","IndTies","beh.nato_1","","eval",FALSE,FALSE,FALSE,FALSE,FALSE,",",0,0,"objective",NA,NA,0,0,0,0,"dyadic",FALSE,"","oneMode","Group1",1,738,"dv.net|eval|IndTies|beh.nato_1||0|1|NA","unused_native_template"
"dv.net","beh.nato_1 alter at dist 2 (1)","beh.nato_1 alter at dist 2 (1)","altDist2","beh.nato_1","","eval",FALSE,FALSE,FALSE,FALSE,FALSE,",",0,1,"objective",NA,NA,0,0,0,0,"dyadic",FALSE,"","oneMode","Group1",1,739,"dv.net|eval|altDist2|beh.nato_1||1|1|NA","unused_native_template"
"dv.net","beh.nato_1 alter at dist 2 (1)","Lost ties: beh.nato_1 alter at dist 2 (1)","altDist2","beh.nato_1","","endow",FALSE,FALSE,FALSE,FALSE,FALSE,",",0,1,"objective",NA,NA,0,0,0,0,"dyadic",FALSE,"","oneMode","Group1",1,740,"dv.net|endow|altDist2|beh.nato_1||1|1|NA","unused_native_template"
"dv.net","beh.nato_1 alter at dist 2 (1)","New ties: beh.nato_1 alter at dist 2 (1)","altDist2","beh.nato_1","","creation",FALSE,FALSE,FALSE,FALSE,FALSE,",",0,1,"objective",NA,NA,0,0,0,0,"dyadic",FALSE,"","oneMode","Group1",1,741,"dv.net|creation|altDist2|beh.nato_1||1|1|NA","unused_native_template"
"dv.net","beh.nato_1 tot alter at dist 2 (1)","beh.nato_1 tot alter at dist 2 (1)","totDist2","beh.nato_1","","eval",FALSE,FALSE,FALSE,FALSE,FALSE,",",0,1,"objective",NA,NA,0,0,0,0,"dyadic",FALSE,"","oneMode","Group1",1,742,"dv.net|eval|totDist2|beh.nato_1||1|1|NA","unused_native_template"
"dv.net","beh.nato_1 tot alter at dist 2 (1)","Lost ties: beh.nato_1 tot alter at dist 2 (1)","totDist2","beh.nato_1","","endow",FALSE,FALSE,FALSE,FALSE,FALSE,",",0,1,"objective",NA,NA,0,0,0,0,"dyadic",FALSE,"","oneMode","Group1",1,743,"dv.net|endow|totDist2|beh.nato_1||1|1|NA","unused_native_template"
"dv.net","beh.nato_1 tot alter at dist 2 (1)","New ties: beh.nato_1 tot alter at dist 2 (1)","totDist2","beh.nato_1","","creation",FALSE,FALSE,FALSE,FALSE,FALSE,",",0,1,"objective",NA,NA,0,0,0,0,"dyadic",FALSE,"","oneMode","Group1",1,744,"dv.net|creation|totDist2|beh.nato_1||1|1|NA","unused_native_template"
"dv.net","beh.nato_1 ego-alter dist 2 similarity","beh.nato_1 ego-alter dist 2 similarity","simEgoDist2","beh.nato_1","","eval",FALSE,FALSE,FALSE,FALSE,FALSE,",",0,1,"objective",NA,NA,0,0,0,0,"dyadic",FALSE,"","oneMode","Group1",1,745,"dv.net|eval|simEgoDist2|beh.nato_1||1|1|NA","unused_native_template"
"dv.net","beh.nato_1 ego-alter dist 2 similarity","Lost ties: beh.nato_1 ego-alter dist 2 similarity","simEgoDist2","beh.nato_1","","endow",FALSE,FALSE,FALSE,FALSE,FALSE,",",0,1,"objective",NA,NA,0,0,0,0,"dyadic",FALSE,"","oneMode","Group1",1,746,"dv.net|endow|simEgoDist2|beh.nato_1||1|1|NA","unused_native_template"
"dv.net","beh.nato_1 ego-alter dist 2 similarity","New ties: beh.nato_1 ego-alter dist 2 similarity","simEgoDist2","beh.nato_1","","creation",FALSE,FALSE,FALSE,FALSE,FALSE,",",0,1,"objective",NA,NA,0,0,0,0,"dyadic",FALSE,"","oneMode","Group1",1,747,"dv.net|creation|simEgoDist2|beh.nato_1||1|1|NA","unused_native_template"
"dv.net","beh.nato_1 similarity at dist 2","beh.nato_1 similarity at dist 2","simDist2","beh.nato_1","","eval",FALSE,FALSE,FALSE,FALSE,FALSE,",",0,1,"objective",NA,NA,0,0,0,0,"dyadic",FALSE,"","oneMode","Group1",1,748,"dv.net|eval|simDist2|beh.nato_1||1|1|NA","unused_native_template"
"dv.net","beh.nato_1 similarity at dist 2","Lost ties: beh.nato_1 similarity at dist 2","simDist2","beh.nato_1","","endow",FALSE,FALSE,FALSE,FALSE,FALSE,",",0,1,"objective",NA,NA,0,0,0,0,"dyadic",FALSE,"","oneMode","Group1",1,749,"dv.net|endow|simDist2|beh.nato_1||1|1|NA","unused_native_template"
"dv.net","beh.nato_1 similarity at dist 2","New ties: beh.nato_1 similarity at dist 2","simDist2","beh.nato_1","","creation",FALSE,FALSE,FALSE,FALSE,FALSE,",",0,1,"objective",NA,NA,0,0,0,0,"dyadic",FALSE,"","oneMode","Group1",1,750,"dv.net|creation|simDist2|beh.nato_1||1|1|NA","unused_native_template"
"dv.net","beh.nato_1 in-alter dist 2","beh.nato_1 in-alter dist 2","altInDist2","beh.nato_1","","eval",FALSE,FALSE,FALSE,FALSE,FALSE,",",0,0,"objective",NA,NA,0,0,0,0,"dyadic",FALSE,"","oneMode","Group1",1,751,"dv.net|eval|altInDist2|beh.nato_1||0|1|NA","unused_native_template"
"dv.net","beh.nato_1 in-alter dist 2","Lost ties: beh.nato_1 in-alter dist 2","altInDist2","beh.nato_1","","endow",FALSE,FALSE,FALSE,FALSE,FALSE,",",0,0,"objective",NA,NA,0,0,0,0,"dyadic",FALSE,"","oneMode","Group1",1,752,"dv.net|endow|altInDist2|beh.nato_1||0|1|NA","unused_native_template"
"dv.net","beh.nato_1 in-alter dist 2","New ties: beh.nato_1 in-alter dist 2","altInDist2","beh.nato_1","","creation",FALSE,FALSE,FALSE,FALSE,FALSE,",",0,0,"objective",NA,NA,0,0,0,0,"dyadic",FALSE,"","oneMode","Group1",1,753,"dv.net|creation|altInDist2|beh.nato_1||0|1|NA","unused_native_template"
"dv.net","beh.nato_1 tot in-alter dist 2","beh.nato_1 tot in-alter dist 2","totInDist2","beh.nato_1","","eval",FALSE,FALSE,FALSE,FALSE,FALSE,",",0,0,"objective",NA,NA,0,0,0,0,"dyadic",FALSE,"","oneMode","Group1",1,754,"dv.net|eval|totInDist2|beh.nato_1||0|1|NA","unused_native_template"
"dv.net","beh.nato_1 tot in-alter dist 2","Lost ties: beh.nato_1 tot in-alter dist 2","totInDist2","beh.nato_1","","endow",FALSE,FALSE,FALSE,FALSE,FALSE,",",0,0,"objective",NA,NA,0,0,0,0,"dyadic",FALSE,"","oneMode","Group1",1,755,"dv.net|endow|totInDist2|beh.nato_1||0|1|NA","unused_native_template"
"dv.net","beh.nato_1 tot in-alter dist 2","New ties: beh.nato_1 tot in-alter dist 2","totInDist2","beh.nato_1","","creation",FALSE,FALSE,FALSE,FALSE,FALSE,",",0,0,"objective",NA,NA,0,0,0,0,"dyadic",FALSE,"","oneMode","Group1",1,756,"dv.net|creation|totInDist2|beh.nato_1||0|1|NA","unused_native_template"
"dv.net","beh.nato_1 ego-in-alter dist 2 similarity","beh.nato_1 ego-in-alter dist 2 similarity","simEgoInDist2","beh.nato_1","","eval",FALSE,FALSE,FALSE,FALSE,FALSE,",",0,1,"objective",NA,NA,0,0,0,0,"dyadic",FALSE,"","oneMode","Group1",1,757,"dv.net|eval|simEgoInDist2|beh.nato_1||1|1|NA","unused_native_template"
"dv.net","beh.nato_1 ego-in-alter dist 2 similarity","Lost ties: beh.nato_1 ego-in-alter dist 2 similarity","simEgoInDist2","beh.nato_1","","endow",FALSE,FALSE,FALSE,FALSE,FALSE,",",0,1,"objective",NA,NA,0,0,0,0,"dyadic",FALSE,"","oneMode","Group1",1,758,"dv.net|endow|simEgoInDist2|beh.nato_1||1|1|NA","unused_native_template"
"dv.net","beh.nato_1 ego-in-alter dist 2 similarity","New ties: beh.nato_1 ego-in-alter dist 2 similarity","simEgoInDist2","beh.nato_1","","creation",FALSE,FALSE,FALSE,FALSE,FALSE,",",0,1,"objective",NA,NA,0,0,0,0,"dyadic",FALSE,"","oneMode","Group1",1,759,"dv.net|creation|simEgoInDist2|beh.nato_1||1|1|NA","unused_native_template"
"dv.net","beh.nato_1 group-av. ego","Sum of degr. x aver. beh.nato_1","avGroupEgoX","beh.nato_1","","eval",FALSE,FALSE,FALSE,FALSE,FALSE,",",0,0,"objective",NA,NA,0,0,0,0,"ego",FALSE,"","oneMode","Group1",1,760,"dv.net|eval|avGroupEgoX|beh.nato_1||0|1|NA","unused_native_template"
"dv.net","beh.nato_1 group-av. ego","Lost ties: Sum of degr. x aver. beh.nato_1","avGroupEgoX","beh.nato_1","","endow",FALSE,FALSE,FALSE,FALSE,FALSE,",",0,0,"objective",NA,NA,0,0,0,0,"ego",FALSE,"","oneMode","Group1",1,761,"dv.net|endow|avGroupEgoX|beh.nato_1||0|1|NA","unused_native_template"
"dv.net","beh.nato_1 group-av. ego","New ties: Sum of degr. x aver. beh.nato_1","avGroupEgoX","beh.nato_1","","creation",FALSE,FALSE,FALSE,FALSE,FALSE,",",0,0,"objective",NA,NA,0,0,0,0,"ego",FALSE,"","oneMode","Group1",1,762,"dv.net|creation|avGroupEgoX|beh.nato_1||0|1|NA","unused_native_template"
"dv.net","beh.allies_1 alter","Sum of degrees x beh.allies_1","altX","beh.allies_1","","eval",FALSE,FALSE,FALSE,FALSE,FALSE,",",0,0,"objective",NA,NA,0,0,0,0,"dyadic",FALSE,"","oneMode","Group1",1,763,"network|atom(altX|0|beh.allies_1)","unused_native_template"
"dv.net","beh.allies_1 alter","Lost ties: Sum of degrees x beh.allies_1","altX","beh.allies_1","","endow",FALSE,FALSE,FALSE,FALSE,FALSE,",",0,0,"objective",NA,NA,0,0,0,0,"dyadic",FALSE,"","oneMode","Group1",1,764,"dv.net|endow|altX|beh.allies_1||0|1|NA","unused_native_template"
"dv.net","beh.allies_1 alter","New ties: Sum of degrees x beh.allies_1","altX","beh.allies_1","","creation",FALSE,FALSE,FALSE,FALSE,FALSE,",",0,0,"objective",NA,NA,0,0,0,0,"dyadic",FALSE,"","oneMode","Group1",1,765,"dv.net|creation|altX|beh.allies_1||0|1|NA","unused_native_template"
"dv.net","beh.allies_1 squared alt","Sum of degrees x squared beh.allies_1","altSqX","beh.allies_1","","eval",FALSE,FALSE,FALSE,FALSE,FALSE,",",0,0,"objective",NA,NA,0,0,0,0,"dyadic",FALSE,"","oneMode","Group1",1,766,"dv.net|eval|altSqX|beh.allies_1||0|1|NA","unused_native_template"
"dv.net","beh.allies_1 squared alt","Lost ties: Sum of degrees x squared beh.allies_1","altSqX","beh.allies_1","","endow",FALSE,FALSE,FALSE,FALSE,FALSE,",",0,0,"objective",NA,NA,0,0,0,0,"dyadic",FALSE,"","oneMode","Group1",1,767,"dv.net|endow|altSqX|beh.allies_1||0|1|NA","unused_native_template"
"dv.net","beh.allies_1 squared alt","New ties: Sum of degrees x squared beh.allies_1","altSqX","beh.allies_1","","creation",FALSE,FALSE,FALSE,FALSE,FALSE,",",0,0,"objective",NA,NA,0,0,0,0,"dyadic",FALSE,"","oneMode","Group1",1,768,"dv.net|creation|altSqX|beh.allies_1||0|1|NA","unused_native_template"
"dv.net","beh.allies_1 left thr. (0) alter","Sum degr. * (beh.allies_1 <= 0)","altLThresholdX","beh.allies_1","","eval",FALSE,FALSE,FALSE,FALSE,FALSE,",",0,0,"objective",NA,NA,0,0,0,0,"ego",FALSE,"","oneMode","Group1",1,769,"dv.net|eval|altLThresholdX|beh.allies_1||0|1|NA","unused_native_template"
"dv.net","beh.allies_1 left thr. (0) alter","Lost ties: Sum degr. * (beh.allies_1 <= 0)","altLThresholdX","beh.allies_1","","endow",FALSE,FALSE,FALSE,FALSE,FALSE,",",0,0,"objective",NA,NA,0,0,0,0,"ego",FALSE,"","oneMode","Group1",1,770,"dv.net|endow|altLThresholdX|beh.allies_1||0|1|NA","unused_native_template"
"dv.net","beh.allies_1 left thr. (0) alter","New ties: Sum degr. * (beh.allies_1 <= 0)","altLThresholdX","beh.allies_1","","creation",FALSE,FALSE,FALSE,FALSE,FALSE,",",0,0,"objective",NA,NA,0,0,0,0,"ego",FALSE,"","oneMode","Group1",1,771,"dv.net|creation|altLThresholdX|beh.allies_1||0|1|NA","unused_native_template"
"dv.net","beh.allies_1 right thr. (0) alter","Sum degr. * (beh.allies_1 >= 0)","altRThresholdX","beh.allies_1","","eval",FALSE,FALSE,FALSE,FALSE,FALSE,",",0,0,"objective",NA,NA,0,0,0,0,"ego",FALSE,"","oneMode","Group1",1,772,"dv.net|eval|altRThresholdX|beh.allies_1||0|1|NA","unused_native_template"
"dv.net","beh.allies_1 right thr. (0) alter","Lost ties: Sum degr. * (beh.allies_1 >= 0)","altRThresholdX","beh.allies_1","","endow",FALSE,FALSE,FALSE,FALSE,FALSE,",",0,0,"objective",NA,NA,0,0,0,0,"ego",FALSE,"","oneMode","Group1",1,773,"dv.net|endow|altRThresholdX|beh.allies_1||0|1|NA","unused_native_template"
"dv.net","beh.allies_1 right thr. (0) alter","New ties: Sum degr. * (beh.allies_1 >= 0)","altRThresholdX","beh.allies_1","","creation",FALSE,FALSE,FALSE,FALSE,FALSE,",",0,0,"objective",NA,NA,0,0,0,0,"ego",FALSE,"","oneMode","Group1",1,774,"dv.net|creation|altRThresholdX|beh.allies_1||0|1|NA","unused_native_template"
"dv.net","beh.allies_1 ego","Sum of degrees x beh.allies_1","egoX","beh.allies_1","","eval",FALSE,FALSE,FALSE,FALSE,FALSE,",",0,0,"objective",NA,NA,0,0,0,0,"ego",FALSE,"","oneMode","Group1",1,775,"network|atom(egoX|0|beh.allies_1)","unused_native_template"
"dv.net","beh.allies_1 ego","Lost ties: Sum of degrees x beh.allies_1","egoX","beh.allies_1","","endow",FALSE,FALSE,FALSE,FALSE,FALSE,",",0,0,"objective",NA,NA,0,0,0,0,"ego",FALSE,"","oneMode","Group1",1,776,"dv.net|endow|egoX|beh.allies_1||0|1|NA","unused_native_template"
"dv.net","beh.allies_1 ego","New ties: Sum of degrees x beh.allies_1","egoX","beh.allies_1","","creation",FALSE,FALSE,FALSE,FALSE,FALSE,",",0,0,"objective",NA,NA,0,0,0,0,"ego",FALSE,"","oneMode","Group1",1,777,"dv.net|creation|egoX|beh.allies_1||0|1|NA","unused_native_template"
"dv.net","beh.allies_1 ego","Gmm statistic: Sum of degrees x beh.allies_1","egoX_gmm","beh.allies_1","","gmm",FALSE,FALSE,FALSE,TRUE,FALSE,",",0,0,"gmm",NA,NA,0,0,0,0,"ego",FALSE,"","oneMode","Group1",1,778,"dv.net|gmm|egoX_gmm|beh.allies_1||0|1|NA","unused_native_template"
"dv.net","beh.allies_1 squared ego","Sum of degrees x squared beh.allies_1","egoSqX","beh.allies_1","","eval",FALSE,FALSE,FALSE,FALSE,FALSE,",",0,0,"objective",NA,NA,0,0,0,0,"dyadic",FALSE,"","oneMode","Group1",1,779,"dv.net|eval|egoSqX|beh.allies_1||0|1|NA","unused_native_template"
"dv.net","beh.allies_1 squared ego","Lost ties: Sum of degrees x squared beh.allies_1","egoSqX","beh.allies_1","","endow",FALSE,FALSE,FALSE,FALSE,FALSE,",",0,0,"objective",NA,NA,0,0,0,0,"dyadic",FALSE,"","oneMode","Group1",1,780,"dv.net|endow|egoSqX|beh.allies_1||0|1|NA","unused_native_template"
"dv.net","beh.allies_1 squared ego","New ties: Sum of degrees x squared beh.allies_1","egoSqX","beh.allies_1","","creation",FALSE,FALSE,FALSE,FALSE,FALSE,",",0,0,"objective",NA,NA,0,0,0,0,"dyadic",FALSE,"","oneMode","Group1",1,781,"dv.net|creation|egoSqX|beh.allies_1||0|1|NA","unused_native_template"
"dv.net","beh.allies_1 ego and alt","2 * sum degr. x beh.allies_1","egoPlusAltX","beh.allies_1","","eval",FALSE,FALSE,FALSE,FALSE,FALSE,",",0,0,"objective",NA,NA,0,0,0,0,"dyadic",FALSE,"","oneMode","Group1",1,782,"dv.net|eval|egoPlusAltX|beh.allies_1||0|1|NA","unused_native_template"
"dv.net","beh.allies_1 ego and alt","Lost ties: 2 * sum degr. x beh.allies_1","egoPlusAltX","beh.allies_1","","endow",FALSE,FALSE,FALSE,FALSE,FALSE,",",0,0,"objective",NA,NA,0,0,0,0,"dyadic",FALSE,"","oneMode","Group1",1,783,"dv.net|endow|egoPlusAltX|beh.allies_1||0|1|NA","unused_native_template"
"dv.net","beh.allies_1 ego and alt","New ties: 2 * sum degr. x beh.allies_1","egoPlusAltX","beh.allies_1","","creation",FALSE,FALSE,FALSE,FALSE,FALSE,",",0,0,"objective",NA,NA,0,0,0,0,"dyadic",FALSE,"","oneMode","Group1",1,784,"dv.net|creation|egoPlusAltX|beh.allies_1||0|1|NA","unused_native_template"
"dv.net","beh.allies_1 sq. ego and alt","2 * sum degr. x squared beh.allies_1","egoPlusAltSqX","beh.allies_1","","eval",FALSE,FALSE,FALSE,FALSE,FALSE,",",0,0,"objective",NA,NA,0,0,0,0,"dyadic",FALSE,"","oneMode","Group1",1,785,"dv.net|eval|egoPlusAltSqX|beh.allies_1||0|1|NA","unused_native_template"
"dv.net","beh.allies_1 sq. ego and alt","Lost ties: 2 * sum degr. x squared beh.allies_1","egoPlusAltSqX","beh.allies_1","","endow",FALSE,FALSE,FALSE,FALSE,FALSE,",",0,0,"objective",NA,NA,0,0,0,0,"dyadic",FALSE,"","oneMode","Group1",1,786,"dv.net|endow|egoPlusAltSqX|beh.allies_1||0|1|NA","unused_native_template"
"dv.net","beh.allies_1 sq. ego and alt","New ties: 2 * sum degr. x squared beh.allies_1","egoPlusAltSqX","beh.allies_1","","creation",FALSE,FALSE,FALSE,FALSE,FALSE,",",0,0,"objective",NA,NA,0,0,0,0,"dyadic",FALSE,"","oneMode","Group1",1,787,"dv.net|creation|egoPlusAltSqX|beh.allies_1||0|1|NA","unused_native_template"
"dv.net","beh.allies_1 left thr. (0) ego","Sum degr. * (beh.allies_1 <= 0)","egoLThresholdX","beh.allies_1","","eval",FALSE,FALSE,FALSE,FALSE,FALSE,",",0,0,"objective",NA,NA,0,0,0,0,"ego",FALSE,"","oneMode","Group1",1,788,"dv.net|eval|egoLThresholdX|beh.allies_1||0|1|NA","unused_native_template"
"dv.net","beh.allies_1 left thr. (0) ego","Lost ties: Sum degr. * (beh.allies_1 <= 0)","egoLThresholdX","beh.allies_1","","endow",FALSE,FALSE,FALSE,FALSE,FALSE,",",0,0,"objective",NA,NA,0,0,0,0,"ego",FALSE,"","oneMode","Group1",1,789,"dv.net|endow|egoLThresholdX|beh.allies_1||0|1|NA","unused_native_template"
"dv.net","beh.allies_1 left thr. (0) ego","New ties: Sum degr. * (beh.allies_1 <= 0)","egoLThresholdX","beh.allies_1","","creation",FALSE,FALSE,FALSE,FALSE,FALSE,",",0,0,"objective",NA,NA,0,0,0,0,"ego",FALSE,"","oneMode","Group1",1,790,"dv.net|creation|egoLThresholdX|beh.allies_1||0|1|NA","unused_native_template"
"dv.net","beh.allies_1 right thr. (0) ego","Sum degr. * (beh.allies_1 >= 0)","egoRThresholdX","beh.allies_1","","eval",FALSE,FALSE,FALSE,FALSE,FALSE,",",0,0,"objective",NA,NA,0,0,0,0,"ego",FALSE,"","oneMode","Group1",1,791,"dv.net|eval|egoRThresholdX|beh.allies_1||0|1|NA","unused_native_template"
"dv.net","beh.allies_1 right thr. (0) ego","Lost ties: Sum degr. * (beh.allies_1 >= 0)","egoRThresholdX","beh.allies_1","","endow",FALSE,FALSE,FALSE,FALSE,FALSE,",",0,0,"objective",NA,NA,0,0,0,0,"ego",FALSE,"","oneMode","Group1",1,792,"dv.net|endow|egoRThresholdX|beh.allies_1||0|1|NA","unused_native_template"
"dv.net","beh.allies_1 right thr. (0) ego","New ties: Sum degr. * (beh.allies_1 >= 0)","egoRThresholdX","beh.allies_1","","creation",FALSE,FALSE,FALSE,FALSE,FALSE,",",0,0,"objective",NA,NA,0,0,0,0,"ego",FALSE,"","oneMode","Group1",1,793,"dv.net|creation|egoRThresholdX|beh.allies_1||0|1|NA","unused_native_template"
"dv.net","abs. (outdegree - beh.allies_1)","Sum of abs. (outdeg. - beh.allies_1)","degAbsDiffX","beh.allies_1","","eval",FALSE,FALSE,FALSE,FALSE,FALSE,",",0,0,"objective",NA,NA,0,0,0,0,"ego",FALSE,"","oneMode","Group1",1,794,"dv.net|eval|degAbsDiffX|beh.allies_1||0|1|NA","unused_native_template"
"dv.net","abs. (outdegree - beh.allies_1)","Lost ties: Sum of abs. (outdeg. - beh.allies_1)","degAbsDiffX","beh.allies_1","","endow",FALSE,FALSE,FALSE,FALSE,FALSE,",",0,0,"objective",NA,NA,0,0,0,0,"ego",FALSE,"","oneMode","Group1",1,795,"dv.net|endow|degAbsDiffX|beh.allies_1||0|1|NA","unused_native_template"
"dv.net","abs. (outdegree - beh.allies_1)","New ties: Sum of abs. (outdeg. - beh.allies_1)","degAbsDiffX","beh.allies_1","","creation",FALSE,FALSE,FALSE,FALSE,FALSE,",",0,0,"objective",NA,NA,0,0,0,0,"ego",FALSE,"","oneMode","Group1",1,796,"dv.net|creation|degAbsDiffX|beh.allies_1||0|1|NA","unused_native_template"
"dv.net","pos. (outdegree - beh.allies_1)","Sum of pos. (outdeg. - beh.allies_1)","degPosDiffX","beh.allies_1","","eval",FALSE,FALSE,FALSE,FALSE,FALSE,",",0,0,"objective",NA,NA,0,0,0,0,"ego",FALSE,"","oneMode","Group1",1,797,"dv.net|eval|degPosDiffX|beh.allies_1||0|1|NA","unused_native_template"
"dv.net","pos. (outdegree - beh.allies_1)","Lost ties: Sum of pos. (outdeg. - beh.allies_1)","degPosDiffX","beh.allies_1","","endow",FALSE,FALSE,FALSE,FALSE,FALSE,",",0,0,"objective",NA,NA,0,0,0,0,"ego",FALSE,"","oneMode","Group1",1,798,"dv.net|endow|degPosDiffX|beh.allies_1||0|1|NA","unused_native_template"
"dv.net","pos. (outdegree - beh.allies_1)","New ties: Sum of pos. (outdeg. - beh.allies_1)","degPosDiffX","beh.allies_1","","creation",FALSE,FALSE,FALSE,FALSE,FALSE,",",0,0,"objective",NA,NA,0,0,0,0,"ego",FALSE,"","oneMode","Group1",1,799,"dv.net|creation|degPosDiffX|beh.allies_1||0|1|NA","unused_native_template"
"dv.net","neg. (beh.allies_1 - outdegree)","Sum of neg. (beh.allies_1 - outdegree)","degNegDiffX","beh.allies_1","","eval",FALSE,FALSE,FALSE,FALSE,FALSE,",",0,0,"objective",NA,NA,0,0,0,0,"ego",FALSE,"","oneMode","Group1",1,800,"dv.net|eval|degNegDiffX|beh.allies_1||0|1|NA","unused_native_template"
"dv.net","neg. (beh.allies_1 - outdegree)","Lost ties: Sum of neg. (beh.allies_1 - outdegree)","degNegDiffX","beh.allies_1","","endow",FALSE,FALSE,FALSE,FALSE,FALSE,",",0,0,"objective",NA,NA,0,0,0,0,"ego",FALSE,"","oneMode","Group1",1,801,"dv.net|endow|degNegDiffX|beh.allies_1||0|1|NA","unused_native_template"
"dv.net","neg. (beh.allies_1 - outdegree)","New ties: Sum of neg. (beh.allies_1 - outdegree)","degNegDiffX","beh.allies_1","","creation",FALSE,FALSE,FALSE,FALSE,FALSE,",",0,0,"objective",NA,NA,0,0,0,0,"ego",FALSE,"","oneMode","Group1",1,802,"dv.net|creation|degNegDiffX|beh.allies_1||0|1|NA","unused_native_template"
"dv.net","beh.allies_1 difference","Sum_ties diff beh.allies_1","diffX","beh.allies_1","","eval",FALSE,FALSE,FALSE,FALSE,FALSE,",",0,0,"objective",NA,NA,0,0,0,0,"dyadic",FALSE,"","oneMode","Group1",1,803,"dv.net|eval|diffX|beh.allies_1||0|1|NA","unused_native_template"
"dv.net","beh.allies_1 difference","Lost ties: Sum_ties diff beh.allies_1","diffX","beh.allies_1","","endow",FALSE,FALSE,FALSE,FALSE,FALSE,",",0,0,"objective",NA,NA,0,0,0,0,"dyadic",FALSE,"","oneMode","Group1",1,804,"dv.net|endow|diffX|beh.allies_1||0|1|NA","unused_native_template"
"dv.net","beh.allies_1 difference","New ties: Sum_ties diff beh.allies_1","diffX","beh.allies_1","","creation",FALSE,FALSE,FALSE,FALSE,FALSE,",",0,0,"objective",NA,NA,0,0,0,0,"dyadic",FALSE,"","oneMode","Group1",1,805,"dv.net|creation|diffX|beh.allies_1||0|1|NA","unused_native_template"
"dv.net","beh.allies_1 abs. difference","Sum_ties abs.diff beh.allies_1","absDiffX","beh.allies_1","","eval",FALSE,FALSE,FALSE,FALSE,FALSE,",",0,0,"objective",NA,NA,0,0,0,0,"dyadic",FALSE,"","oneMode","Group1",1,806,"dv.net|eval|absDiffX|beh.allies_1||0|1|NA","unused_native_template"
"dv.net","beh.allies_1 abs. difference","Lost ties: Sum_ties abs.diff beh.allies_1","absDiffX","beh.allies_1","","endow",FALSE,FALSE,FALSE,FALSE,FALSE,",",0,0,"objective",NA,NA,0,0,0,0,"dyadic",FALSE,"","oneMode","Group1",1,807,"dv.net|endow|absDiffX|beh.allies_1||0|1|NA","unused_native_template"
"dv.net","beh.allies_1 abs. difference","New ties: Sum_ties abs.diff beh.allies_1","absDiffX","beh.allies_1","","creation",FALSE,FALSE,FALSE,FALSE,FALSE,",",0,0,"objective",NA,NA,0,0,0,0,"dyadic",FALSE,"","oneMode","Group1",1,808,"dv.net|creation|absDiffX|beh.allies_1||0|1|NA","unused_native_template"
"dv.net","beh.allies_1 diff. squared","Sum_ties diff.sq beh.allies_1","diffSqX","beh.allies_1","","eval",FALSE,FALSE,FALSE,FALSE,FALSE,",",0,0,"objective",NA,NA,0,0,0,0,"dyadic",FALSE,"","oneMode","Group1",1,809,"dv.net|eval|diffSqX|beh.allies_1||0|1|NA","unused_native_template"
"dv.net","beh.allies_1 diff. squared","Lost ties: Sum_ties diff.sq beh.allies_1","diffSqX","beh.allies_1","","endow",FALSE,FALSE,FALSE,FALSE,FALSE,",",0,0,"objective",NA,NA,0,0,0,0,"dyadic",FALSE,"","oneMode","Group1",1,810,"dv.net|endow|diffSqX|beh.allies_1||0|1|NA","unused_native_template"
"dv.net","beh.allies_1 diff. squared","New ties: Sum_ties diff.sq beh.allies_1","diffSqX","beh.allies_1","","creation",FALSE,FALSE,FALSE,FALSE,FALSE,",",0,0,"objective",NA,NA,0,0,0,0,"dyadic",FALSE,"","oneMode","Group1",1,811,"dv.net|creation|diffSqX|beh.allies_1||0|1|NA","unused_native_template"
"dv.net","beh.allies_1 ego * diff.","Sum_ties ego x diff beh.allies_1","egoDiffX","beh.allies_1","","eval",FALSE,FALSE,FALSE,FALSE,FALSE,",",0,0,"objective",NA,NA,0,0,0,0,"dyadic",FALSE,"","oneMode","Group1",1,812,"dv.net|eval|egoDiffX|beh.allies_1||0|1|NA","unused_native_template"
"dv.net","beh.allies_1 ego * diff.","Lost ties: Sum_ties ego x diff beh.allies_1","egoDiffX","beh.allies_1","","endow",FALSE,FALSE,FALSE,FALSE,FALSE,",",0,0,"objective",NA,NA,0,0,0,0,"dyadic",FALSE,"","oneMode","Group1",1,813,"dv.net|endow|egoDiffX|beh.allies_1||0|1|NA","unused_native_template"
"dv.net","beh.allies_1 ego * diff.","New ties: Sum_ties ego x diff beh.allies_1","egoDiffX","beh.allies_1","","creation",FALSE,FALSE,FALSE,FALSE,FALSE,",",0,0,"objective",NA,NA,0,0,0,0,"dyadic",FALSE,"","oneMode","Group1",1,814,"dv.net|creation|egoDiffX|beh.allies_1||0|1|NA","unused_native_template"
"dv.net","beh.allies_1 similarity","beh.allies_1 similarity","simX","beh.allies_1","","eval",FALSE,FALSE,FALSE,FALSE,FALSE,",",0,0,"objective",NA,NA,0,0,0,0,"dyadic",FALSE,"","oneMode","Group1",1,815,"dv.net|eval|simX|beh.allies_1||0|1|NA","unused_native_template"
"dv.net","beh.allies_1 similarity","Lost ties: beh.allies_1 similarity","simX","beh.allies_1","","endow",FALSE,FALSE,FALSE,FALSE,FALSE,",",0,0,"objective",NA,NA,0,0,0,0,"dyadic",FALSE,"","oneMode","Group1",1,816,"dv.net|endow|simX|beh.allies_1||0|1|NA","unused_native_template"
"dv.net","beh.allies_1 similarity","New ties: beh.allies_1 similarity","simX","beh.allies_1","","creation",FALSE,FALSE,FALSE,FALSE,FALSE,",",0,0,"objective",NA,NA,0,0,0,0,"dyadic",FALSE,"","oneMode","Group1",1,817,"dv.net|creation|simX|beh.allies_1||0|1|NA","unused_native_template"
"dv.net","beh.allies_1 similarity","Gmm statistic: beh.allies_1 similarity","simX_gmm","beh.allies_1","","gmm",FALSE,FALSE,FALSE,TRUE,FALSE,",",0,0,"gmm",NA,NA,0,0,0,0,"dyadic",FALSE,"","oneMode","Group1",1,818,"dv.net|gmm|simX_gmm|beh.allies_1||0|1|NA","unused_native_template"
"dv.net","ind. pop.^(1/1) weighted beh.allies_1","indegree pop.^(1/1) weighted beh.allies_1","inPopX","beh.allies_1","","eval",FALSE,FALSE,FALSE,FALSE,FALSE,",",0,1,"objective",NA,NA,0,0,0,0,"dyadic",FALSE,"","oneMode","Group1",1,819,"dv.net|eval|inPopX|beh.allies_1||1|1|NA","unused_native_template"
"dv.net","ind. pop.^(1/1) weighted beh.allies_1","Lost ties: indegree pop.^(1/1) weighted beh.allies_1","inPopX","beh.allies_1","","endow",FALSE,FALSE,FALSE,FALSE,FALSE,",",0,1,"objective",NA,NA,0,0,0,0,"dyadic",FALSE,"","oneMode","Group1",1,820,"dv.net|endow|inPopX|beh.allies_1||1|1|NA","unused_native_template"
"dv.net","ind. pop.^(1/1) weighted beh.allies_1","New ties: indegree pop.^(1/1) weighted beh.allies_1","inPopX","beh.allies_1","","creation",FALSE,FALSE,FALSE,FALSE,FALSE,",",0,1,"objective",NA,NA,0,0,0,0,"dyadic",FALSE,"","oneMode","Group1",1,821,"dv.net|creation|inPopX|beh.allies_1||1|1|NA","unused_native_template"
"dv.net","outd. pop.^(1/1) weighted beh.allies_1","outdegree pop.^(1/1) weighted beh.allies_1","outPopX","beh.allies_1","","eval",FALSE,FALSE,FALSE,FALSE,FALSE,",",0,1,"objective",NA,NA,0,0,0,0,"dyadic",FALSE,"","oneMode","Group1",1,822,"dv.net|eval|outPopX|beh.allies_1||1|1|NA","unused_native_template"
"dv.net","outd. pop.^(1/1) weighted beh.allies_1","Lost ties: outdegree pop.^(1/1) weighted beh.allies_1","outPopX","beh.allies_1","","endow",FALSE,FALSE,FALSE,FALSE,FALSE,",",0,1,"objective",NA,NA,0,0,0,0,"dyadic",FALSE,"","oneMode","Group1",1,823,"dv.net|endow|outPopX|beh.allies_1||1|1|NA","unused_native_template"
"dv.net","outd. pop.^(1/1) weighted beh.allies_1","New ties: outdegree pop.^(1/1) weighted beh.allies_1","outPopX","beh.allies_1","","creation",FALSE,FALSE,FALSE,FALSE,FALSE,",",0,1,"objective",NA,NA,0,0,0,0,"dyadic",FALSE,"","oneMode","Group1",1,824,"dv.net|creation|outPopX|beh.allies_1||1|1|NA","unused_native_template"
"dv.net","ind. act.^(1/1) weighted beh.allies_1","indegree act.^(1/1) weighted beh.allies_1","inActX","beh.allies_1","","eval",FALSE,FALSE,FALSE,FALSE,FALSE,",",0,1,"objective",NA,NA,0,0,0,0,"dyadic",FALSE,"","oneMode","Group1",1,825,"dv.net|eval|inActX|beh.allies_1||1|1|NA","unused_native_template"
"dv.net","ind. act.^(1/1) weighted beh.allies_1","Lost ties: indegree act.^(1/1) weighted beh.allies_1","inActX","beh.allies_1","","endow",FALSE,FALSE,FALSE,FALSE,FALSE,",",0,1,"objective",NA,NA,0,0,0,0,"dyadic",FALSE,"","oneMode","Group1",1,826,"dv.net|endow|inActX|beh.allies_1||1|1|NA","unused_native_template"
"dv.net","ind. act.^(1/1) weighted beh.allies_1","New ties: indegree act.^(1/1) weighted beh.allies_1","inActX","beh.allies_1","","creation",FALSE,FALSE,FALSE,FALSE,FALSE,",",0,1,"objective",NA,NA,0,0,0,0,"dyadic",FALSE,"","oneMode","Group1",1,827,"dv.net|creation|inActX|beh.allies_1||1|1|NA","unused_native_template"
"dv.net","outd. act.^(1/1) weighted beh.allies_1","indegree act.^(1/1) weighted beh.allies_1","outActX","beh.allies_1","","eval",FALSE,FALSE,FALSE,FALSE,FALSE,",",0,1,"objective",NA,NA,0,0,0,0,"dyadic",FALSE,"","oneMode","Group1",1,828,"dv.net|eval|outActX|beh.allies_1||1|1|NA","unused_native_template"
"dv.net","outd. act.^(1/1) weighted beh.allies_1","Lost ties: indegree act.^(1/1) weighted beh.allies_1","outActX","beh.allies_1","","endow",FALSE,FALSE,FALSE,FALSE,FALSE,",",0,1,"objective",NA,NA,0,0,0,0,"dyadic",FALSE,"","oneMode","Group1",1,829,"dv.net|endow|outActX|beh.allies_1||1|1|NA","unused_native_template"
"dv.net","outd. act.^(1/1) weighted beh.allies_1","New ties: indegree act.^(1/1) weighted beh.allies_1","outActX","beh.allies_1","","creation",FALSE,FALSE,FALSE,FALSE,FALSE,",",0,1,"objective",NA,NA,0,0,0,0,"dyadic",FALSE,"","oneMode","Group1",1,830,"dv.net|creation|outActX|beh.allies_1||1|1|NA","unused_native_template"
"dv.net","same beh.allies_1","same beh.allies_1","sameX","beh.allies_1","","eval",FALSE,FALSE,FALSE,FALSE,FALSE,",",0,0,"objective",NA,NA,0,0,0,0,"dyadic",FALSE,"","oneMode","Group1",1,831,"dv.net|eval|sameX|beh.allies_1||0|1|NA","unused_native_template"
"dv.net","same beh.allies_1","Lost ties: same beh.allies_1","sameX","beh.allies_1","","endow",FALSE,FALSE,FALSE,FALSE,FALSE,",",0,0,"objective",NA,NA,0,0,0,0,"dyadic",FALSE,"","oneMode","Group1",1,832,"dv.net|endow|sameX|beh.allies_1||0|1|NA","unused_native_template"
"dv.net","same beh.allies_1","New ties: same beh.allies_1","sameX","beh.allies_1","","creation",FALSE,FALSE,FALSE,FALSE,FALSE,",",0,0,"objective",NA,NA,0,0,0,0,"dyadic",FALSE,"","oneMode","Group1",1,833,"dv.net|creation|sameX|beh.allies_1||0|1|NA","unused_native_template"
"dv.net","ind. pop. from dif. beh.allies_1","indegree pop. from dif. values on beh.allies_1","diffXInPop","beh.allies_1","","eval",FALSE,FALSE,FALSE,FALSE,FALSE,",",0,0,"objective",NA,NA,0,0,0,0,"dyadic",FALSE,"","oneMode","Group1",1,834,"dv.net|eval|diffXInPop|beh.allies_1||0|1|NA","unused_native_template"
"dv.net","ind. pop. from dif. beh.allies_1","Lost ties: indegree pop. from dif. values on beh.allies_1","diffXInPop","beh.allies_1","","endow",FALSE,FALSE,FALSE,FALSE,FALSE,",",0,0,"objective",NA,NA,0,0,0,0,"dyadic",FALSE,"","oneMode","Group1",1,835,"dv.net|endow|diffXInPop|beh.allies_1||0|1|NA","unused_native_template"
"dv.net","ind. pop. from dif. beh.allies_1","New ties: indegree pop. from dif. values on beh.allies_1","diffXInPop","beh.allies_1","","creation",FALSE,FALSE,FALSE,FALSE,FALSE,",",0,0,"objective",NA,NA,0,0,0,0,"dyadic",FALSE,"","oneMode","Group1",1,836,"dv.net|creation|diffXInPop|beh.allies_1||0|1|NA","unused_native_template"
"dv.net","outd. act. to same beh.allies_1","sum sqr. outd. to same values on beh.allies_1","sameXOutAct","beh.allies_1","","eval",FALSE,FALSE,FALSE,FALSE,FALSE,",",0,0,"objective",NA,NA,0,0,0,0,"",FALSE,"","oneMode","Group1",1,837,"dv.net|eval|sameXOutAct|beh.allies_1||0|1|NA","unused_native_template"
"dv.net","outd. act. to same beh.allies_1","Lost ties: sum sqr. outd. to same values on beh.allies_1","sameXOutAct","beh.allies_1","","endow",FALSE,FALSE,FALSE,FALSE,FALSE,",",0,0,"objective",NA,NA,0,0,0,0,"",FALSE,"","oneMode","Group1",1,838,"dv.net|endow|sameXOutAct|beh.allies_1||0|1|NA","unused_native_template"
"dv.net","outd. act. to same beh.allies_1","New ties: sum sqr. outd. to same values on beh.allies_1","sameXOutAct","beh.allies_1","","creation",FALSE,FALSE,FALSE,FALSE,FALSE,",",0,0,"objective",NA,NA,0,0,0,0,"",FALSE,"","oneMode","Group1",1,839,"dv.net|creation|sameXOutAct|beh.allies_1||0|1|NA","unused_native_template"
"dv.net","outd. act. to dif. beh.allies_1","sum sqr. outd. to dif. values on beh.allies_1","diffXOutAct","beh.allies_1","","eval",FALSE,FALSE,FALSE,FALSE,FALSE,",",0,0,"objective",NA,NA,0,0,0,0,"",FALSE,"","oneMode","Group1",1,840,"dv.net|eval|diffXOutAct|beh.allies_1||0|1|NA","unused_native_template"
"dv.net","outd. act. to dif. beh.allies_1","Lost ties: sum sqr. outd. to dif. values on beh.allies_1","diffXOutAct","beh.allies_1","","endow",FALSE,FALSE,FALSE,FALSE,FALSE,",",0,0,"objective",NA,NA,0,0,0,0,"",FALSE,"","oneMode","Group1",1,841,"dv.net|endow|diffXOutAct|beh.allies_1||0|1|NA","unused_native_template"
"dv.net","outd. act. to dif. beh.allies_1","New ties: sum sqr. outd. to dif. values on beh.allies_1","diffXOutAct","beh.allies_1","","creation",FALSE,FALSE,FALSE,FALSE,FALSE,",",0,0,"objective",NA,NA,0,0,0,0,"",FALSE,"","oneMode","Group1",1,842,"dv.net|creation|diffXOutAct|beh.allies_1||0|1|NA","unused_native_template"
"dv.net","outd. act. to hom. beh.allies_1","sum sqr. outd. to hom. values on beh.allies_1","homXOutAct","beh.allies_1","","eval",FALSE,FALSE,FALSE,FALSE,FALSE,",",0,0,"objective",NA,NA,0,0,0,0,"",FALSE,"","oneMode","Group1",1,843,"dv.net|eval|homXOutAct|beh.allies_1||0|1|NA","unused_native_template"
"dv.net","outd. act. to hom. beh.allies_1","Lost ties: sum sqr. outd. to hom. values on beh.allies_1","homXOutAct","beh.allies_1","","endow",FALSE,FALSE,FALSE,FALSE,FALSE,",",0,0,"objective",NA,NA,0,0,0,0,"",FALSE,"","oneMode","Group1",1,844,"dv.net|endow|homXOutAct|beh.allies_1||0|1|NA","unused_native_template"
"dv.net","outd. act. to hom. beh.allies_1","New ties: sum sqr. outd. to hom. values on beh.allies_1","homXOutAct","beh.allies_1","","creation",FALSE,FALSE,FALSE,FALSE,FALSE,",",0,0,"objective",NA,NA,0,0,0,0,"",FALSE,"","oneMode","Group1",1,845,"dv.net|creation|homXOutAct|beh.allies_1||0|1|NA","unused_native_template"
"dv.net","outd. act. weight alt. beh.allies_1","sum sqr. outd. weight alt. beh.allies_1","altXOutAct","beh.allies_1","","eval",FALSE,FALSE,FALSE,FALSE,FALSE,",",0,0,"objective",NA,NA,0,0,0,0,"",FALSE,"","oneMode","Group1",1,846,"dv.net|eval|altXOutAct|beh.allies_1||0|1|NA","unused_native_template"
"dv.net","outd. act. weight alt. beh.allies_1","Lost ties: sum sqr. outd. weight alt. beh.allies_1","altXOutAct","beh.allies_1","","endow",FALSE,FALSE,FALSE,FALSE,FALSE,",",0,0,"objective",NA,NA,0,0,0,0,"",FALSE,"","oneMode","Group1",1,847,"dv.net|endow|altXOutAct|beh.allies_1||0|1|NA","unused_native_template"
"dv.net","outd. act. weight alt. beh.allies_1","New ties: sum sqr. outd. weight alt. beh.allies_1","altXOutAct","beh.allies_1","","creation",FALSE,FALSE,FALSE,FALSE,FALSE,",",0,0,"objective",NA,NA,0,0,0,0,"",FALSE,"","oneMode","Group1",1,848,"dv.net|creation|altXOutAct|beh.allies_1||0|1|NA","unused_native_template"
"dv.net","trans. triads intermed. beh.allies_1","Number of trans. triads intermed. weight beh.allies_1","transTripX","beh.allies_1","","eval",FALSE,FALSE,FALSE,FALSE,FALSE,",",0,0,"objective",NA,NA,0,0,0,0,"",FALSE,"","oneMode","Group1",1,849,"dv.net|eval|transTripX|beh.allies_1||0|1|NA","unused_native_template"
"dv.net","trans. triads intermed. beh.allies_1","Lost ties: Number of trans. triads intermed. weight beh.allies_1","transTripX","beh.allies_1","","endow",FALSE,FALSE,FALSE,FALSE,FALSE,",",0,0,"objective",NA,NA,0,0,0,0,"",FALSE,"","oneMode","Group1",1,850,"dv.net|endow|transTripX|beh.allies_1||0|1|NA","unused_native_template"
"dv.net","trans. triads intermed. beh.allies_1","New ties: Number of trans. triads intermed. weight beh.allies_1","transTripX","beh.allies_1","","creation",FALSE,FALSE,FALSE,FALSE,FALSE,",",0,0,"objective",NA,NA,0,0,0,0,"",FALSE,"","oneMode","Group1",1,851,"dv.net|creation|transTripX|beh.allies_1||0|1|NA","unused_native_template"
"dv.net","transitive triads same beh.allies_1","Number of transitive triads same on beh.allies_1","sameXTransTrip","beh.allies_1","","eval",FALSE,FALSE,FALSE,FALSE,FALSE,",",0,0,"objective",NA,NA,0,0,0,0,"",FALSE,"","oneMode","Group1",1,852,"dv.net|eval|sameXTransTrip|beh.allies_1||0|1|NA","unused_native_template"
"dv.net","transitive triads same beh.allies_1","Lost ties: Number of transitive triads same on beh.allies_1","sameXTransTrip","beh.allies_1","","endow",FALSE,FALSE,FALSE,FALSE,FALSE,",",0,0,"objective",NA,NA,0,0,0,0,"",FALSE,"","oneMode","Group1",1,853,"dv.net|endow|sameXTransTrip|beh.allies_1||0|1|NA","unused_native_template"
"dv.net","transitive triads same beh.allies_1","New ties: Number of transitive triads same on beh.allies_1","sameXTransTrip","beh.allies_1","","creation",FALSE,FALSE,FALSE,FALSE,FALSE,",",0,0,"objective",NA,NA,0,0,0,0,"",FALSE,"","oneMode","Group1",1,854,"dv.net|creation|sameXTransTrip|beh.allies_1||0|1|NA","unused_native_template"
"dv.net","transitive triads diff. beh.allies_1","Number of transitive triads diff. on beh.allies_1","diffXTransTrip","beh.allies_1","","eval",FALSE,FALSE,FALSE,FALSE,FALSE,",",0,0,"objective",NA,NA,0,0,0,0,"",FALSE,"","oneMode","Group1",1,855,"dv.net|eval|diffXTransTrip|beh.allies_1||0|1|NA","unused_native_template"
"dv.net","transitive triads diff. beh.allies_1","Lost ties: Number of transitive triads diff. on beh.allies_1","diffXTransTrip","beh.allies_1","","endow",FALSE,FALSE,FALSE,FALSE,FALSE,",",0,0,"objective",NA,NA,0,0,0,0,"",FALSE,"","oneMode","Group1",1,856,"dv.net|endow|diffXTransTrip|beh.allies_1||0|1|NA","unused_native_template"
"dv.net","transitive triads diff. beh.allies_1","New ties: Number of transitive triads diff. on beh.allies_1","diffXTransTrip","beh.allies_1","","creation",FALSE,FALSE,FALSE,FALSE,FALSE,",",0,0,"objective",NA,NA,0,0,0,0,"",FALSE,"","oneMode","Group1",1,857,"dv.net|creation|diffXTransTrip|beh.allies_1||0|1|NA","unused_native_template"
"dv.net","transitive triplets homog. beh.allies_1","Number of transitive triplets homogeneous on beh.allies_1","homXTransTrip","beh.allies_1","","eval",FALSE,FALSE,FALSE,FALSE,FALSE,",",0,0,"objective",NA,NA,0,0,0,0,"",FALSE,"","oneMode","Group1",1,858,"dv.net|eval|homXTransTrip|beh.allies_1||0|1|NA","unused_native_template"
"dv.net","transitive triplets homog. beh.allies_1","Lost ties: Number of transitive triplets homogeneous on beh.allies_1","homXTransTrip","beh.allies_1","","endow",FALSE,FALSE,FALSE,FALSE,FALSE,",",0,0,"objective",NA,NA,0,0,0,0,"",FALSE,"","oneMode","Group1",1,859,"dv.net|endow|homXTransTrip|beh.allies_1||0|1|NA","unused_native_template"
"dv.net","transitive triplets homog. beh.allies_1","New ties: Number of transitive triplets homogeneous on beh.allies_1","homXTransTrip","beh.allies_1","","creation",FALSE,FALSE,FALSE,FALSE,FALSE,",",0,0,"objective",NA,NA,0,0,0,0,"",FALSE,"","oneMode","Group1",1,860,"dv.net|creation|homXTransTrip|beh.allies_1||0|1|NA","unused_native_template"
"dv.net","transitive triads jumping beh.allies_1","Number of transitive triads jumping beh.allies_1","jumpXTransTrip","beh.allies_1","","eval",FALSE,FALSE,FALSE,FALSE,FALSE,",",0,0,"objective",NA,NA,0,0,0,0,"",FALSE,"","oneMode","Group1",1,861,"dv.net|eval|jumpXTransTrip|beh.allies_1||0|1|NA","unused_native_template"
"dv.net","transitive triads jumping beh.allies_1","Lost ties: Number of transitive triads jumping beh.allies_1","jumpXTransTrip","beh.allies_1","","endow",FALSE,FALSE,FALSE,FALSE,FALSE,",",0,0,"objective",NA,NA,0,0,0,0,"",FALSE,"","oneMode","Group1",1,862,"dv.net|endow|jumpXTransTrip|beh.allies_1||0|1|NA","unused_native_template"
"dv.net","transitive triads jumping beh.allies_1","New ties: Number of transitive triads jumping beh.allies_1","jumpXTransTrip","beh.allies_1","","creation",FALSE,FALSE,FALSE,FALSE,FALSE,",",0,0,"objective",NA,NA,0,0,0,0,"",FALSE,"","oneMode","Group1",1,863,"dv.net|creation|jumpXTransTrip|beh.allies_1||0|1|NA","unused_native_template"
"dv.net","beh.allies_1 ego x beh.allies_1 alter","beh.allies_1 ego x beh.allies_1 alter","egoXaltX","beh.allies_1","","eval",FALSE,FALSE,FALSE,FALSE,FALSE,",",0,0,"objective",NA,NA,0,0,0,0,"dyadic",FALSE,"","oneMode","Group1",1,864,"dv.net|eval|egoXaltX|beh.allies_1||0|1|NA","unused_native_template"
"dv.net","beh.allies_1 ego x beh.allies_1 alter","Lost ties: beh.allies_1 ego x beh.allies_1 alter","egoXaltX","beh.allies_1","","endow",FALSE,FALSE,FALSE,FALSE,FALSE,",",0,0,"objective",NA,NA,0,0,0,0,"dyadic",FALSE,"","oneMode","Group1",1,865,"dv.net|endow|egoXaltX|beh.allies_1||0|1|NA","unused_native_template"
"dv.net","beh.allies_1 ego x beh.allies_1 alter","New ties: beh.allies_1 ego x beh.allies_1 alter","egoXaltX","beh.allies_1","","creation",FALSE,FALSE,FALSE,FALSE,FALSE,",",0,0,"objective",NA,NA,0,0,0,0,"dyadic",FALSE,"","oneMode","Group1",1,866,"dv.net|creation|egoXaltX|beh.allies_1||0|1|NA","unused_native_template"
"dv.net","beh.allies_1 of indirect ties","beh.allies_1 of indirect ties","IndTies","beh.allies_1","","eval",FALSE,FALSE,FALSE,FALSE,FALSE,",",0,0,"objective",NA,NA,0,0,0,0,"dyadic",FALSE,"","oneMode","Group1",1,867,"dv.net|eval|IndTies|beh.allies_1||0|1|NA","unused_native_template"
"dv.net","beh.allies_1 alter at dist 2 (1)","beh.allies_1 alter at dist 2 (1)","altDist2","beh.allies_1","","eval",FALSE,FALSE,FALSE,FALSE,FALSE,",",0,1,"objective",NA,NA,0,0,0,0,"dyadic",FALSE,"","oneMode","Group1",1,868,"dv.net|eval|altDist2|beh.allies_1||1|1|NA","unused_native_template"
"dv.net","beh.allies_1 alter at dist 2 (1)","Lost ties: beh.allies_1 alter at dist 2 (1)","altDist2","beh.allies_1","","endow",FALSE,FALSE,FALSE,FALSE,FALSE,",",0,1,"objective",NA,NA,0,0,0,0,"dyadic",FALSE,"","oneMode","Group1",1,869,"dv.net|endow|altDist2|beh.allies_1||1|1|NA","unused_native_template"
"dv.net","beh.allies_1 alter at dist 2 (1)","New ties: beh.allies_1 alter at dist 2 (1)","altDist2","beh.allies_1","","creation",FALSE,FALSE,FALSE,FALSE,FALSE,",",0,1,"objective",NA,NA,0,0,0,0,"dyadic",FALSE,"","oneMode","Group1",1,870,"dv.net|creation|altDist2|beh.allies_1||1|1|NA","unused_native_template"
"dv.net","beh.allies_1 tot alter at dist 2 (1)","beh.allies_1 tot alter at dist 2 (1)","totDist2","beh.allies_1","","eval",FALSE,FALSE,FALSE,FALSE,FALSE,",",0,1,"objective",NA,NA,0,0,0,0,"dyadic",FALSE,"","oneMode","Group1",1,871,"dv.net|eval|totDist2|beh.allies_1||1|1|NA","unused_native_template"
"dv.net","beh.allies_1 tot alter at dist 2 (1)","Lost ties: beh.allies_1 tot alter at dist 2 (1)","totDist2","beh.allies_1","","endow",FALSE,FALSE,FALSE,FALSE,FALSE,",",0,1,"objective",NA,NA,0,0,0,0,"dyadic",FALSE,"","oneMode","Group1",1,872,"dv.net|endow|totDist2|beh.allies_1||1|1|NA","unused_native_template"
"dv.net","beh.allies_1 tot alter at dist 2 (1)","New ties: beh.allies_1 tot alter at dist 2 (1)","totDist2","beh.allies_1","","creation",FALSE,FALSE,FALSE,FALSE,FALSE,",",0,1,"objective",NA,NA,0,0,0,0,"dyadic",FALSE,"","oneMode","Group1",1,873,"dv.net|creation|totDist2|beh.allies_1||1|1|NA","unused_native_template"
"dv.net","beh.allies_1 ego-alter dist 2 similarity","beh.allies_1 ego-alter dist 2 similarity","simEgoDist2","beh.allies_1","","eval",FALSE,FALSE,FALSE,FALSE,FALSE,",",0,1,"objective",NA,NA,0,0,0,0,"dyadic",FALSE,"","oneMode","Group1",1,874,"dv.net|eval|simEgoDist2|beh.allies_1||1|1|NA","unused_native_template"
"dv.net","beh.allies_1 ego-alter dist 2 similarity","Lost ties: beh.allies_1 ego-alter dist 2 similarity","simEgoDist2","beh.allies_1","","endow",FALSE,FALSE,FALSE,FALSE,FALSE,",",0,1,"objective",NA,NA,0,0,0,0,"dyadic",FALSE,"","oneMode","Group1",1,875,"dv.net|endow|simEgoDist2|beh.allies_1||1|1|NA","unused_native_template"
"dv.net","beh.allies_1 ego-alter dist 2 similarity","New ties: beh.allies_1 ego-alter dist 2 similarity","simEgoDist2","beh.allies_1","","creation",FALSE,FALSE,FALSE,FALSE,FALSE,",",0,1,"objective",NA,NA,0,0,0,0,"dyadic",FALSE,"","oneMode","Group1",1,876,"dv.net|creation|simEgoDist2|beh.allies_1||1|1|NA","unused_native_template"
"dv.net","beh.allies_1 similarity at dist 2","beh.allies_1 similarity at dist 2","simDist2","beh.allies_1","","eval",FALSE,FALSE,FALSE,FALSE,FALSE,",",0,1,"objective",NA,NA,0,0,0,0,"dyadic",FALSE,"","oneMode","Group1",1,877,"dv.net|eval|simDist2|beh.allies_1||1|1|NA","unused_native_template"
"dv.net","beh.allies_1 similarity at dist 2","Lost ties: beh.allies_1 similarity at dist 2","simDist2","beh.allies_1","","endow",FALSE,FALSE,FALSE,FALSE,FALSE,",",0,1,"objective",NA,NA,0,0,0,0,"dyadic",FALSE,"","oneMode","Group1",1,878,"dv.net|endow|simDist2|beh.allies_1||1|1|NA","unused_native_template"
"dv.net","beh.allies_1 similarity at dist 2","New ties: beh.allies_1 similarity at dist 2","simDist2","beh.allies_1","","creation",FALSE,FALSE,FALSE,FALSE,FALSE,",",0,1,"objective",NA,NA,0,0,0,0,"dyadic",FALSE,"","oneMode","Group1",1,879,"dv.net|creation|simDist2|beh.allies_1||1|1|NA","unused_native_template"
"dv.net","beh.allies_1 in-alter dist 2","beh.allies_1 in-alter dist 2","altInDist2","beh.allies_1","","eval",FALSE,FALSE,FALSE,FALSE,FALSE,",",0,0,"objective",NA,NA,0,0,0,0,"dyadic",FALSE,"","oneMode","Group1",1,880,"dv.net|eval|altInDist2|beh.allies_1||0|1|NA","unused_native_template"
"dv.net","beh.allies_1 in-alter dist 2","Lost ties: beh.allies_1 in-alter dist 2","altInDist2","beh.allies_1","","endow",FALSE,FALSE,FALSE,FALSE,FALSE,",",0,0,"objective",NA,NA,0,0,0,0,"dyadic",FALSE,"","oneMode","Group1",1,881,"dv.net|endow|altInDist2|beh.allies_1||0|1|NA","unused_native_template"
"dv.net","beh.allies_1 in-alter dist 2","New ties: beh.allies_1 in-alter dist 2","altInDist2","beh.allies_1","","creation",FALSE,FALSE,FALSE,FALSE,FALSE,",",0,0,"objective",NA,NA,0,0,0,0,"dyadic",FALSE,"","oneMode","Group1",1,882,"dv.net|creation|altInDist2|beh.allies_1||0|1|NA","unused_native_template"
"dv.net","beh.allies_1 tot in-alter dist 2","beh.allies_1 tot in-alter dist 2","totInDist2","beh.allies_1","","eval",FALSE,FALSE,FALSE,FALSE,FALSE,",",0,0,"objective",NA,NA,0,0,0,0,"dyadic",FALSE,"","oneMode","Group1",1,883,"dv.net|eval|totInDist2|beh.allies_1||0|1|NA","unused_native_template"
"dv.net","beh.allies_1 tot in-alter dist 2","Lost ties: beh.allies_1 tot in-alter dist 2","totInDist2","beh.allies_1","","endow",FALSE,FALSE,FALSE,FALSE,FALSE,",",0,0,"objective",NA,NA,0,0,0,0,"dyadic",FALSE,"","oneMode","Group1",1,884,"dv.net|endow|totInDist2|beh.allies_1||0|1|NA","unused_native_template"
"dv.net","beh.allies_1 tot in-alter dist 2","New ties: beh.allies_1 tot in-alter dist 2","totInDist2","beh.allies_1","","creation",FALSE,FALSE,FALSE,FALSE,FALSE,",",0,0,"objective",NA,NA,0,0,0,0,"dyadic",FALSE,"","oneMode","Group1",1,885,"dv.net|creation|totInDist2|beh.allies_1||0|1|NA","unused_native_template"
"dv.net","beh.allies_1 ego-in-alter dist 2 similarity","beh.allies_1 ego-in-alter dist 2 similarity","simEgoInDist2","beh.allies_1","","eval",FALSE,FALSE,FALSE,FALSE,FALSE,",",0,1,"objective",NA,NA,0,0,0,0,"dyadic",FALSE,"","oneMode","Group1",1,886,"dv.net|eval|simEgoInDist2|beh.allies_1||1|1|NA","unused_native_template"
"dv.net","beh.allies_1 ego-in-alter dist 2 similarity","Lost ties: beh.allies_1 ego-in-alter dist 2 similarity","simEgoInDist2","beh.allies_1","","endow",FALSE,FALSE,FALSE,FALSE,FALSE,",",0,1,"objective",NA,NA,0,0,0,0,"dyadic",FALSE,"","oneMode","Group1",1,887,"dv.net|endow|simEgoInDist2|beh.allies_1||1|1|NA","unused_native_template"
"dv.net","beh.allies_1 ego-in-alter dist 2 similarity","New ties: beh.allies_1 ego-in-alter dist 2 similarity","simEgoInDist2","beh.allies_1","","creation",FALSE,FALSE,FALSE,FALSE,FALSE,",",0,1,"objective",NA,NA,0,0,0,0,"dyadic",FALSE,"","oneMode","Group1",1,888,"dv.net|creation|simEgoInDist2|beh.allies_1||1|1|NA","unused_native_template"
"dv.net","beh.allies_1 group-av. ego","Sum of degr. x aver. beh.allies_1","avGroupEgoX","beh.allies_1","","eval",FALSE,FALSE,FALSE,FALSE,FALSE,",",0,0,"objective",NA,NA,0,0,0,0,"ego",FALSE,"","oneMode","Group1",1,889,"dv.net|eval|avGroupEgoX|beh.allies_1||0|1|NA","unused_native_template"
"dv.net","beh.allies_1 group-av. ego","Lost ties: Sum of degr. x aver. beh.allies_1","avGroupEgoX","beh.allies_1","","endow",FALSE,FALSE,FALSE,FALSE,FALSE,",",0,0,"objective",NA,NA,0,0,0,0,"ego",FALSE,"","oneMode","Group1",1,890,"dv.net|endow|avGroupEgoX|beh.allies_1||0|1|NA","unused_native_template"
"dv.net","beh.allies_1 group-av. ego","New ties: Sum of degr. x aver. beh.allies_1","avGroupEgoX","beh.allies_1","","creation",FALSE,FALSE,FALSE,FALSE,FALSE,",",0,0,"objective",NA,NA,0,0,0,0,"ego",FALSE,"","oneMode","Group1",1,891,"dv.net|creation|avGroupEgoX|beh.allies_1||0|1|NA","unused_native_template"
"dv.net","beh.military_1 alter","Sum of degrees x beh.military_1","altX","beh.military_1","","eval",FALSE,FALSE,FALSE,FALSE,FALSE,",",0,0,"objective",NA,NA,0,0,0,0,"dyadic",FALSE,"","oneMode","Group1",1,892,"network|atom(altX|0|beh.military_1)","unused_native_template"
"dv.net","beh.military_1 alter","Lost ties: Sum of degrees x beh.military_1","altX","beh.military_1","","endow",FALSE,FALSE,FALSE,FALSE,FALSE,",",0,0,"objective",NA,NA,0,0,0,0,"dyadic",FALSE,"","oneMode","Group1",1,893,"dv.net|endow|altX|beh.military_1||0|1|NA","unused_native_template"
"dv.net","beh.military_1 alter","New ties: Sum of degrees x beh.military_1","altX","beh.military_1","","creation",FALSE,FALSE,FALSE,FALSE,FALSE,",",0,0,"objective",NA,NA,0,0,0,0,"dyadic",FALSE,"","oneMode","Group1",1,894,"dv.net|creation|altX|beh.military_1||0|1|NA","unused_native_template"
"dv.net","beh.military_1 squared alt","Sum of degrees x squared beh.military_1","altSqX","beh.military_1","","eval",FALSE,FALSE,FALSE,FALSE,FALSE,",",0,0,"objective",NA,NA,0,0,0,0,"dyadic",FALSE,"","oneMode","Group1",1,895,"dv.net|eval|altSqX|beh.military_1||0|1|NA","unused_native_template"
"dv.net","beh.military_1 squared alt","Lost ties: Sum of degrees x squared beh.military_1","altSqX","beh.military_1","","endow",FALSE,FALSE,FALSE,FALSE,FALSE,",",0,0,"objective",NA,NA,0,0,0,0,"dyadic",FALSE,"","oneMode","Group1",1,896,"dv.net|endow|altSqX|beh.military_1||0|1|NA","unused_native_template"
"dv.net","beh.military_1 squared alt","New ties: Sum of degrees x squared beh.military_1","altSqX","beh.military_1","","creation",FALSE,FALSE,FALSE,FALSE,FALSE,",",0,0,"objective",NA,NA,0,0,0,0,"dyadic",FALSE,"","oneMode","Group1",1,897,"dv.net|creation|altSqX|beh.military_1||0|1|NA","unused_native_template"
"dv.net","beh.military_1 left thr. (0) alter","Sum degr. * (beh.military_1 <= 0)","altLThresholdX","beh.military_1","","eval",FALSE,FALSE,FALSE,FALSE,FALSE,",",0,0,"objective",NA,NA,0,0,0,0,"ego",FALSE,"","oneMode","Group1",1,898,"dv.net|eval|altLThresholdX|beh.military_1||0|1|NA","unused_native_template"
"dv.net","beh.military_1 left thr. (0) alter","Lost ties: Sum degr. * (beh.military_1 <= 0)","altLThresholdX","beh.military_1","","endow",FALSE,FALSE,FALSE,FALSE,FALSE,",",0,0,"objective",NA,NA,0,0,0,0,"ego",FALSE,"","oneMode","Group1",1,899,"dv.net|endow|altLThresholdX|beh.military_1||0|1|NA","unused_native_template"
"dv.net","beh.military_1 left thr. (0) alter","New ties: Sum degr. * (beh.military_1 <= 0)","altLThresholdX","beh.military_1","","creation",FALSE,FALSE,FALSE,FALSE,FALSE,",",0,0,"objective",NA,NA,0,0,0,0,"ego",FALSE,"","oneMode","Group1",1,900,"dv.net|creation|altLThresholdX|beh.military_1||0|1|NA","unused_native_template"
"dv.net","beh.military_1 right thr. (0) alter","Sum degr. * (beh.military_1 >= 0)","altRThresholdX","beh.military_1","","eval",FALSE,FALSE,FALSE,FALSE,FALSE,",",0,0,"objective",NA,NA,0,0,0,0,"ego",FALSE,"","oneMode","Group1",1,901,"dv.net|eval|altRThresholdX|beh.military_1||0|1|NA","unused_native_template"
"dv.net","beh.military_1 right thr. (0) alter","Lost ties: Sum degr. * (beh.military_1 >= 0)","altRThresholdX","beh.military_1","","endow",FALSE,FALSE,FALSE,FALSE,FALSE,",",0,0,"objective",NA,NA,0,0,0,0,"ego",FALSE,"","oneMode","Group1",1,902,"dv.net|endow|altRThresholdX|beh.military_1||0|1|NA","unused_native_template"
"dv.net","beh.military_1 right thr. (0) alter","New ties: Sum degr. * (beh.military_1 >= 0)","altRThresholdX","beh.military_1","","creation",FALSE,FALSE,FALSE,FALSE,FALSE,",",0,0,"objective",NA,NA,0,0,0,0,"ego",FALSE,"","oneMode","Group1",1,903,"dv.net|creation|altRThresholdX|beh.military_1||0|1|NA","unused_native_template"
"dv.net","beh.military_1 ego","Sum of degrees x beh.military_1","egoX","beh.military_1","","eval",FALSE,FALSE,FALSE,FALSE,FALSE,",",0,0,"objective",NA,NA,0,0,0,0,"ego",FALSE,"","oneMode","Group1",1,904,"network|atom(egoX|0|beh.military_1)","unused_native_template"
"dv.net","beh.military_1 ego","Lost ties: Sum of degrees x beh.military_1","egoX","beh.military_1","","endow",FALSE,FALSE,FALSE,FALSE,FALSE,",",0,0,"objective",NA,NA,0,0,0,0,"ego",FALSE,"","oneMode","Group1",1,905,"dv.net|endow|egoX|beh.military_1||0|1|NA","unused_native_template"
"dv.net","beh.military_1 ego","New ties: Sum of degrees x beh.military_1","egoX","beh.military_1","","creation",FALSE,FALSE,FALSE,FALSE,FALSE,",",0,0,"objective",NA,NA,0,0,0,0,"ego",FALSE,"","oneMode","Group1",1,906,"dv.net|creation|egoX|beh.military_1||0|1|NA","unused_native_template"
"dv.net","beh.military_1 ego","Gmm statistic: Sum of degrees x beh.military_1","egoX_gmm","beh.military_1","","gmm",FALSE,FALSE,FALSE,TRUE,FALSE,",",0,0,"gmm",NA,NA,0,0,0,0,"ego",FALSE,"","oneMode","Group1",1,907,"dv.net|gmm|egoX_gmm|beh.military_1||0|1|NA","unused_native_template"
"dv.net","beh.military_1 squared ego","Sum of degrees x squared beh.military_1","egoSqX","beh.military_1","","eval",FALSE,FALSE,FALSE,FALSE,FALSE,",",0,0,"objective",NA,NA,0,0,0,0,"dyadic",FALSE,"","oneMode","Group1",1,908,"dv.net|eval|egoSqX|beh.military_1||0|1|NA","unused_native_template"
"dv.net","beh.military_1 squared ego","Lost ties: Sum of degrees x squared beh.military_1","egoSqX","beh.military_1","","endow",FALSE,FALSE,FALSE,FALSE,FALSE,",",0,0,"objective",NA,NA,0,0,0,0,"dyadic",FALSE,"","oneMode","Group1",1,909,"dv.net|endow|egoSqX|beh.military_1||0|1|NA","unused_native_template"
"dv.net","beh.military_1 squared ego","New ties: Sum of degrees x squared beh.military_1","egoSqX","beh.military_1","","creation",FALSE,FALSE,FALSE,FALSE,FALSE,",",0,0,"objective",NA,NA,0,0,0,0,"dyadic",FALSE,"","oneMode","Group1",1,910,"dv.net|creation|egoSqX|beh.military_1||0|1|NA","unused_native_template"
"dv.net","beh.military_1 ego and alt","2 * sum degr. x beh.military_1","egoPlusAltX","beh.military_1","","eval",FALSE,FALSE,FALSE,FALSE,FALSE,",",0,0,"objective",NA,NA,0,0,0,0,"dyadic",FALSE,"","oneMode","Group1",1,911,"dv.net|eval|egoPlusAltX|beh.military_1||0|1|NA","unused_native_template"
"dv.net","beh.military_1 ego and alt","Lost ties: 2 * sum degr. x beh.military_1","egoPlusAltX","beh.military_1","","endow",FALSE,FALSE,FALSE,FALSE,FALSE,",",0,0,"objective",NA,NA,0,0,0,0,"dyadic",FALSE,"","oneMode","Group1",1,912,"dv.net|endow|egoPlusAltX|beh.military_1||0|1|NA","unused_native_template"
"dv.net","beh.military_1 ego and alt","New ties: 2 * sum degr. x beh.military_1","egoPlusAltX","beh.military_1","","creation",FALSE,FALSE,FALSE,FALSE,FALSE,",",0,0,"objective",NA,NA,0,0,0,0,"dyadic",FALSE,"","oneMode","Group1",1,913,"dv.net|creation|egoPlusAltX|beh.military_1||0|1|NA","unused_native_template"
"dv.net","beh.military_1 sq. ego and alt","2 * sum degr. x squared beh.military_1","egoPlusAltSqX","beh.military_1","","eval",FALSE,FALSE,FALSE,FALSE,FALSE,",",0,0,"objective",NA,NA,0,0,0,0,"dyadic",FALSE,"","oneMode","Group1",1,914,"dv.net|eval|egoPlusAltSqX|beh.military_1||0|1|NA","unused_native_template"
"dv.net","beh.military_1 sq. ego and alt","Lost ties: 2 * sum degr. x squared beh.military_1","egoPlusAltSqX","beh.military_1","","endow",FALSE,FALSE,FALSE,FALSE,FALSE,",",0,0,"objective",NA,NA,0,0,0,0,"dyadic",FALSE,"","oneMode","Group1",1,915,"dv.net|endow|egoPlusAltSqX|beh.military_1||0|1|NA","unused_native_template"
"dv.net","beh.military_1 sq. ego and alt","New ties: 2 * sum degr. x squared beh.military_1","egoPlusAltSqX","beh.military_1","","creation",FALSE,FALSE,FALSE,FALSE,FALSE,",",0,0,"objective",NA,NA,0,0,0,0,"dyadic",FALSE,"","oneMode","Group1",1,916,"dv.net|creation|egoPlusAltSqX|beh.military_1||0|1|NA","unused_native_template"
"dv.net","beh.military_1 left thr. (0) ego","Sum degr. * (beh.military_1 <= 0)","egoLThresholdX","beh.military_1","","eval",FALSE,FALSE,FALSE,FALSE,FALSE,",",0,0,"objective",NA,NA,0,0,0,0,"ego",FALSE,"","oneMode","Group1",1,917,"dv.net|eval|egoLThresholdX|beh.military_1||0|1|NA","unused_native_template"
"dv.net","beh.military_1 left thr. (0) ego","Lost ties: Sum degr. * (beh.military_1 <= 0)","egoLThresholdX","beh.military_1","","endow",FALSE,FALSE,FALSE,FALSE,FALSE,",",0,0,"objective",NA,NA,0,0,0,0,"ego",FALSE,"","oneMode","Group1",1,918,"dv.net|endow|egoLThresholdX|beh.military_1||0|1|NA","unused_native_template"
"dv.net","beh.military_1 left thr. (0) ego","New ties: Sum degr. * (beh.military_1 <= 0)","egoLThresholdX","beh.military_1","","creation",FALSE,FALSE,FALSE,FALSE,FALSE,",",0,0,"objective",NA,NA,0,0,0,0,"ego",FALSE,"","oneMode","Group1",1,919,"dv.net|creation|egoLThresholdX|beh.military_1||0|1|NA","unused_native_template"
"dv.net","beh.military_1 right thr. (0) ego","Sum degr. * (beh.military_1 >= 0)","egoRThresholdX","beh.military_1","","eval",FALSE,FALSE,FALSE,FALSE,FALSE,",",0,0,"objective",NA,NA,0,0,0,0,"ego",FALSE,"","oneMode","Group1",1,920,"dv.net|eval|egoRThresholdX|beh.military_1||0|1|NA","unused_native_template"
"dv.net","beh.military_1 right thr. (0) ego","Lost ties: Sum degr. * (beh.military_1 >= 0)","egoRThresholdX","beh.military_1","","endow",FALSE,FALSE,FALSE,FALSE,FALSE,",",0,0,"objective",NA,NA,0,0,0,0,"ego",FALSE,"","oneMode","Group1",1,921,"dv.net|endow|egoRThresholdX|beh.military_1||0|1|NA","unused_native_template"
"dv.net","beh.military_1 right thr. (0) ego","New ties: Sum degr. * (beh.military_1 >= 0)","egoRThresholdX","beh.military_1","","creation",FALSE,FALSE,FALSE,FALSE,FALSE,",",0,0,"objective",NA,NA,0,0,0,0,"ego",FALSE,"","oneMode","Group1",1,922,"dv.net|creation|egoRThresholdX|beh.military_1||0|1|NA","unused_native_template"
"dv.net","abs. (outdegree - beh.military_1)","Sum of abs. (outdeg. - beh.military_1)","degAbsDiffX","beh.military_1","","eval",FALSE,FALSE,FALSE,FALSE,FALSE,",",0,0,"objective",NA,NA,0,0,0,0,"ego",FALSE,"","oneMode","Group1",1,923,"dv.net|eval|degAbsDiffX|beh.military_1||0|1|NA","unused_native_template"
"dv.net","abs. (outdegree - beh.military_1)","Lost ties: Sum of abs. (outdeg. - beh.military_1)","degAbsDiffX","beh.military_1","","endow",FALSE,FALSE,FALSE,FALSE,FALSE,",",0,0,"objective",NA,NA,0,0,0,0,"ego",FALSE,"","oneMode","Group1",1,924,"dv.net|endow|degAbsDiffX|beh.military_1||0|1|NA","unused_native_template"
"dv.net","abs. (outdegree - beh.military_1)","New ties: Sum of abs. (outdeg. - beh.military_1)","degAbsDiffX","beh.military_1","","creation",FALSE,FALSE,FALSE,FALSE,FALSE,",",0,0,"objective",NA,NA,0,0,0,0,"ego",FALSE,"","oneMode","Group1",1,925,"dv.net|creation|degAbsDiffX|beh.military_1||0|1|NA","unused_native_template"
"dv.net","pos. (outdegree - beh.military_1)","Sum of pos. (outdeg. - beh.military_1)","degPosDiffX","beh.military_1","","eval",FALSE,FALSE,FALSE,FALSE,FALSE,",",0,0,"objective",NA,NA,0,0,0,0,"ego",FALSE,"","oneMode","Group1",1,926,"dv.net|eval|degPosDiffX|beh.military_1||0|1|NA","unused_native_template"
"dv.net","pos. (outdegree - beh.military_1)","Lost ties: Sum of pos. (outdeg. - beh.military_1)","degPosDiffX","beh.military_1","","endow",FALSE,FALSE,FALSE,FALSE,FALSE,",",0,0,"objective",NA,NA,0,0,0,0,"ego",FALSE,"","oneMode","Group1",1,927,"dv.net|endow|degPosDiffX|beh.military_1||0|1|NA","unused_native_template"
"dv.net","pos. (outdegree - beh.military_1)","New ties: Sum of pos. (outdeg. - beh.military_1)","degPosDiffX","beh.military_1","","creation",FALSE,FALSE,FALSE,FALSE,FALSE,",",0,0,"objective",NA,NA,0,0,0,0,"ego",FALSE,"","oneMode","Group1",1,928,"dv.net|creation|degPosDiffX|beh.military_1||0|1|NA","unused_native_template"
"dv.net","neg. (beh.military_1 - outdegree)","Sum of neg. (beh.military_1 - outdegree)","degNegDiffX","beh.military_1","","eval",FALSE,FALSE,FALSE,FALSE,FALSE,",",0,0,"objective",NA,NA,0,0,0,0,"ego",FALSE,"","oneMode","Group1",1,929,"dv.net|eval|degNegDiffX|beh.military_1||0|1|NA","unused_native_template"
"dv.net","neg. (beh.military_1 - outdegree)","Lost ties: Sum of neg. (beh.military_1 - outdegree)","degNegDiffX","beh.military_1","","endow",FALSE,FALSE,FALSE,FALSE,FALSE,",",0,0,"objective",NA,NA,0,0,0,0,"ego",FALSE,"","oneMode","Group1",1,930,"dv.net|endow|degNegDiffX|beh.military_1||0|1|NA","unused_native_template"
"dv.net","neg. (beh.military_1 - outdegree)","New ties: Sum of neg. (beh.military_1 - outdegree)","degNegDiffX","beh.military_1","","creation",FALSE,FALSE,FALSE,FALSE,FALSE,",",0,0,"objective",NA,NA,0,0,0,0,"ego",FALSE,"","oneMode","Group1",1,931,"dv.net|creation|degNegDiffX|beh.military_1||0|1|NA","unused_native_template"
"dv.net","beh.military_1 difference","Sum_ties diff beh.military_1","diffX","beh.military_1","","eval",FALSE,FALSE,FALSE,FALSE,FALSE,",",0,0,"objective",NA,NA,0,0,0,0,"dyadic",FALSE,"","oneMode","Group1",1,932,"dv.net|eval|diffX|beh.military_1||0|1|NA","unused_native_template"
"dv.net","beh.military_1 difference","Lost ties: Sum_ties diff beh.military_1","diffX","beh.military_1","","endow",FALSE,FALSE,FALSE,FALSE,FALSE,",",0,0,"objective",NA,NA,0,0,0,0,"dyadic",FALSE,"","oneMode","Group1",1,933,"dv.net|endow|diffX|beh.military_1||0|1|NA","unused_native_template"
"dv.net","beh.military_1 difference","New ties: Sum_ties diff beh.military_1","diffX","beh.military_1","","creation",FALSE,FALSE,FALSE,FALSE,FALSE,",",0,0,"objective",NA,NA,0,0,0,0,"dyadic",FALSE,"","oneMode","Group1",1,934,"dv.net|creation|diffX|beh.military_1||0|1|NA","unused_native_template"
"dv.net","beh.military_1 abs. difference","Sum_ties abs.diff beh.military_1","absDiffX","beh.military_1","","eval",FALSE,FALSE,FALSE,FALSE,FALSE,",",0,0,"objective",NA,NA,0,0,0,0,"dyadic",FALSE,"","oneMode","Group1",1,935,"dv.net|eval|absDiffX|beh.military_1||0|1|NA","unused_native_template"
"dv.net","beh.military_1 abs. difference","Lost ties: Sum_ties abs.diff beh.military_1","absDiffX","beh.military_1","","endow",FALSE,FALSE,FALSE,FALSE,FALSE,",",0,0,"objective",NA,NA,0,0,0,0,"dyadic",FALSE,"","oneMode","Group1",1,936,"dv.net|endow|absDiffX|beh.military_1||0|1|NA","unused_native_template"
"dv.net","beh.military_1 abs. difference","New ties: Sum_ties abs.diff beh.military_1","absDiffX","beh.military_1","","creation",FALSE,FALSE,FALSE,FALSE,FALSE,",",0,0,"objective",NA,NA,0,0,0,0,"dyadic",FALSE,"","oneMode","Group1",1,937,"dv.net|creation|absDiffX|beh.military_1||0|1|NA","unused_native_template"
"dv.net","beh.military_1 diff. squared","Sum_ties diff.sq beh.military_1","diffSqX","beh.military_1","","eval",FALSE,FALSE,FALSE,FALSE,FALSE,",",0,0,"objective",NA,NA,0,0,0,0,"dyadic",FALSE,"","oneMode","Group1",1,938,"dv.net|eval|diffSqX|beh.military_1||0|1|NA","unused_native_template"
"dv.net","beh.military_1 diff. squared","Lost ties: Sum_ties diff.sq beh.military_1","diffSqX","beh.military_1","","endow",FALSE,FALSE,FALSE,FALSE,FALSE,",",0,0,"objective",NA,NA,0,0,0,0,"dyadic",FALSE,"","oneMode","Group1",1,939,"dv.net|endow|diffSqX|beh.military_1||0|1|NA","unused_native_template"
"dv.net","beh.military_1 diff. squared","New ties: Sum_ties diff.sq beh.military_1","diffSqX","beh.military_1","","creation",FALSE,FALSE,FALSE,FALSE,FALSE,",",0,0,"objective",NA,NA,0,0,0,0,"dyadic",FALSE,"","oneMode","Group1",1,940,"dv.net|creation|diffSqX|beh.military_1||0|1|NA","unused_native_template"
"dv.net","beh.military_1 ego * diff.","Sum_ties ego x diff beh.military_1","egoDiffX","beh.military_1","","eval",FALSE,FALSE,FALSE,FALSE,FALSE,",",0,0,"objective",NA,NA,0,0,0,0,"dyadic",FALSE,"","oneMode","Group1",1,941,"dv.net|eval|egoDiffX|beh.military_1||0|1|NA","unused_native_template"
"dv.net","beh.military_1 ego * diff.","Lost ties: Sum_ties ego x diff beh.military_1","egoDiffX","beh.military_1","","endow",FALSE,FALSE,FALSE,FALSE,FALSE,",",0,0,"objective",NA,NA,0,0,0,0,"dyadic",FALSE,"","oneMode","Group1",1,942,"dv.net|endow|egoDiffX|beh.military_1||0|1|NA","unused_native_template"
"dv.net","beh.military_1 ego * diff.","New ties: Sum_ties ego x diff beh.military_1","egoDiffX","beh.military_1","","creation",FALSE,FALSE,FALSE,FALSE,FALSE,",",0,0,"objective",NA,NA,0,0,0,0,"dyadic",FALSE,"","oneMode","Group1",1,943,"dv.net|creation|egoDiffX|beh.military_1||0|1|NA","unused_native_template"
"dv.net","beh.military_1 similarity","beh.military_1 similarity","simX","beh.military_1","","eval",FALSE,FALSE,FALSE,FALSE,FALSE,",",0,0,"objective",NA,NA,0,0,0,0,"dyadic",FALSE,"","oneMode","Group1",1,944,"dv.net|eval|simX|beh.military_1||0|1|NA","unused_native_template"
"dv.net","beh.military_1 similarity","Lost ties: beh.military_1 similarity","simX","beh.military_1","","endow",FALSE,FALSE,FALSE,FALSE,FALSE,",",0,0,"objective",NA,NA,0,0,0,0,"dyadic",FALSE,"","oneMode","Group1",1,945,"dv.net|endow|simX|beh.military_1||0|1|NA","unused_native_template"
"dv.net","beh.military_1 similarity","New ties: beh.military_1 similarity","simX","beh.military_1","","creation",FALSE,FALSE,FALSE,FALSE,FALSE,",",0,0,"objective",NA,NA,0,0,0,0,"dyadic",FALSE,"","oneMode","Group1",1,946,"dv.net|creation|simX|beh.military_1||0|1|NA","unused_native_template"
"dv.net","beh.military_1 similarity","Gmm statistic: beh.military_1 similarity","simX_gmm","beh.military_1","","gmm",FALSE,FALSE,FALSE,TRUE,FALSE,",",0,0,"gmm",NA,NA,0,0,0,0,"dyadic",FALSE,"","oneMode","Group1",1,947,"dv.net|gmm|simX_gmm|beh.military_1||0|1|NA","unused_native_template"
"dv.net","ind. pop.^(1/1) weighted beh.military_1","indegree pop.^(1/1) weighted beh.military_1","inPopX","beh.military_1","","eval",FALSE,FALSE,FALSE,FALSE,FALSE,",",0,1,"objective",NA,NA,0,0,0,0,"dyadic",FALSE,"","oneMode","Group1",1,948,"dv.net|eval|inPopX|beh.military_1||1|1|NA","unused_native_template"
"dv.net","ind. pop.^(1/1) weighted beh.military_1","Lost ties: indegree pop.^(1/1) weighted beh.military_1","inPopX","beh.military_1","","endow",FALSE,FALSE,FALSE,FALSE,FALSE,",",0,1,"objective",NA,NA,0,0,0,0,"dyadic",FALSE,"","oneMode","Group1",1,949,"dv.net|endow|inPopX|beh.military_1||1|1|NA","unused_native_template"
"dv.net","ind. pop.^(1/1) weighted beh.military_1","New ties: indegree pop.^(1/1) weighted beh.military_1","inPopX","beh.military_1","","creation",FALSE,FALSE,FALSE,FALSE,FALSE,",",0,1,"objective",NA,NA,0,0,0,0,"dyadic",FALSE,"","oneMode","Group1",1,950,"dv.net|creation|inPopX|beh.military_1||1|1|NA","unused_native_template"
"dv.net","outd. pop.^(1/1) weighted beh.military_1","outdegree pop.^(1/1) weighted beh.military_1","outPopX","beh.military_1","","eval",FALSE,FALSE,FALSE,FALSE,FALSE,",",0,1,"objective",NA,NA,0,0,0,0,"dyadic",FALSE,"","oneMode","Group1",1,951,"dv.net|eval|outPopX|beh.military_1||1|1|NA","unused_native_template"
"dv.net","outd. pop.^(1/1) weighted beh.military_1","Lost ties: outdegree pop.^(1/1) weighted beh.military_1","outPopX","beh.military_1","","endow",FALSE,FALSE,FALSE,FALSE,FALSE,",",0,1,"objective",NA,NA,0,0,0,0,"dyadic",FALSE,"","oneMode","Group1",1,952,"dv.net|endow|outPopX|beh.military_1||1|1|NA","unused_native_template"
"dv.net","outd. pop.^(1/1) weighted beh.military_1","New ties: outdegree pop.^(1/1) weighted beh.military_1","outPopX","beh.military_1","","creation",FALSE,FALSE,FALSE,FALSE,FALSE,",",0,1,"objective",NA,NA,0,0,0,0,"dyadic",FALSE,"","oneMode","Group1",1,953,"dv.net|creation|outPopX|beh.military_1||1|1|NA","unused_native_template"
"dv.net","ind. act.^(1/1) weighted beh.military_1","indegree act.^(1/1) weighted beh.military_1","inActX","beh.military_1","","eval",FALSE,FALSE,FALSE,FALSE,FALSE,",",0,1,"objective",NA,NA,0,0,0,0,"dyadic",FALSE,"","oneMode","Group1",1,954,"dv.net|eval|inActX|beh.military_1||1|1|NA","unused_native_template"
"dv.net","ind. act.^(1/1) weighted beh.military_1","Lost ties: indegree act.^(1/1) weighted beh.military_1","inActX","beh.military_1","","endow",FALSE,FALSE,FALSE,FALSE,FALSE,",",0,1,"objective",NA,NA,0,0,0,0,"dyadic",FALSE,"","oneMode","Group1",1,955,"dv.net|endow|inActX|beh.military_1||1|1|NA","unused_native_template"
"dv.net","ind. act.^(1/1) weighted beh.military_1","New ties: indegree act.^(1/1) weighted beh.military_1","inActX","beh.military_1","","creation",FALSE,FALSE,FALSE,FALSE,FALSE,",",0,1,"objective",NA,NA,0,0,0,0,"dyadic",FALSE,"","oneMode","Group1",1,956,"dv.net|creation|inActX|beh.military_1||1|1|NA","unused_native_template"
"dv.net","outd. act.^(1/1) weighted beh.military_1","indegree act.^(1/1) weighted beh.military_1","outActX","beh.military_1","","eval",FALSE,FALSE,FALSE,FALSE,FALSE,",",0,1,"objective",NA,NA,0,0,0,0,"dyadic",FALSE,"","oneMode","Group1",1,957,"dv.net|eval|outActX|beh.military_1||1|1|NA","unused_native_template"
"dv.net","outd. act.^(1/1) weighted beh.military_1","Lost ties: indegree act.^(1/1) weighted beh.military_1","outActX","beh.military_1","","endow",FALSE,FALSE,FALSE,FALSE,FALSE,",",0,1,"objective",NA,NA,0,0,0,0,"dyadic",FALSE,"","oneMode","Group1",1,958,"dv.net|endow|outActX|beh.military_1||1|1|NA","unused_native_template"
"dv.net","outd. act.^(1/1) weighted beh.military_1","New ties: indegree act.^(1/1) weighted beh.military_1","outActX","beh.military_1","","creation",FALSE,FALSE,FALSE,FALSE,FALSE,",",0,1,"objective",NA,NA,0,0,0,0,"dyadic",FALSE,"","oneMode","Group1",1,959,"dv.net|creation|outActX|beh.military_1||1|1|NA","unused_native_template"
"dv.net","same beh.military_1","same beh.military_1","sameX","beh.military_1","","eval",FALSE,FALSE,FALSE,FALSE,FALSE,",",0,0,"objective",NA,NA,0,0,0,0,"dyadic",FALSE,"","oneMode","Group1",1,960,"dv.net|eval|sameX|beh.military_1||0|1|NA","unused_native_template"
"dv.net","same beh.military_1","Lost ties: same beh.military_1","sameX","beh.military_1","","endow",FALSE,FALSE,FALSE,FALSE,FALSE,",",0,0,"objective",NA,NA,0,0,0,0,"dyadic",FALSE,"","oneMode","Group1",1,961,"dv.net|endow|sameX|beh.military_1||0|1|NA","unused_native_template"
"dv.net","same beh.military_1","New ties: same beh.military_1","sameX","beh.military_1","","creation",FALSE,FALSE,FALSE,FALSE,FALSE,",",0,0,"objective",NA,NA,0,0,0,0,"dyadic",FALSE,"","oneMode","Group1",1,962,"dv.net|creation|sameX|beh.military_1||0|1|NA","unused_native_template"
"dv.net","ind. pop. from dif. beh.military_1","indegree pop. from dif. values on beh.military_1","diffXInPop","beh.military_1","","eval",FALSE,FALSE,FALSE,FALSE,FALSE,",",0,0,"objective",NA,NA,0,0,0,0,"dyadic",FALSE,"","oneMode","Group1",1,963,"dv.net|eval|diffXInPop|beh.military_1||0|1|NA","unused_native_template"
"dv.net","ind. pop. from dif. beh.military_1","Lost ties: indegree pop. from dif. values on beh.military_1","diffXInPop","beh.military_1","","endow",FALSE,FALSE,FALSE,FALSE,FALSE,",",0,0,"objective",NA,NA,0,0,0,0,"dyadic",FALSE,"","oneMode","Group1",1,964,"dv.net|endow|diffXInPop|beh.military_1||0|1|NA","unused_native_template"
"dv.net","ind. pop. from dif. beh.military_1","New ties: indegree pop. from dif. values on beh.military_1","diffXInPop","beh.military_1","","creation",FALSE,FALSE,FALSE,FALSE,FALSE,",",0,0,"objective",NA,NA,0,0,0,0,"dyadic",FALSE,"","oneMode","Group1",1,965,"dv.net|creation|diffXInPop|beh.military_1||0|1|NA","unused_native_template"
"dv.net","outd. act. to same beh.military_1","sum sqr. outd. to same values on beh.military_1","sameXOutAct","beh.military_1","","eval",FALSE,FALSE,FALSE,FALSE,FALSE,",",0,0,"objective",NA,NA,0,0,0,0,"",FALSE,"","oneMode","Group1",1,966,"dv.net|eval|sameXOutAct|beh.military_1||0|1|NA","unused_native_template"
"dv.net","outd. act. to same beh.military_1","Lost ties: sum sqr. outd. to same values on beh.military_1","sameXOutAct","beh.military_1","","endow",FALSE,FALSE,FALSE,FALSE,FALSE,",",0,0,"objective",NA,NA,0,0,0,0,"",FALSE,"","oneMode","Group1",1,967,"dv.net|endow|sameXOutAct|beh.military_1||0|1|NA","unused_native_template"
"dv.net","outd. act. to same beh.military_1","New ties: sum sqr. outd. to same values on beh.military_1","sameXOutAct","beh.military_1","","creation",FALSE,FALSE,FALSE,FALSE,FALSE,",",0,0,"objective",NA,NA,0,0,0,0,"",FALSE,"","oneMode","Group1",1,968,"dv.net|creation|sameXOutAct|beh.military_1||0|1|NA","unused_native_template"
"dv.net","outd. act. to dif. beh.military_1","sum sqr. outd. to dif. values on beh.military_1","diffXOutAct","beh.military_1","","eval",FALSE,FALSE,FALSE,FALSE,FALSE,",",0,0,"objective",NA,NA,0,0,0,0,"",FALSE,"","oneMode","Group1",1,969,"dv.net|eval|diffXOutAct|beh.military_1||0|1|NA","unused_native_template"
"dv.net","outd. act. to dif. beh.military_1","Lost ties: sum sqr. outd. to dif. values on beh.military_1","diffXOutAct","beh.military_1","","endow",FALSE,FALSE,FALSE,FALSE,FALSE,",",0,0,"objective",NA,NA,0,0,0,0,"",FALSE,"","oneMode","Group1",1,970,"dv.net|endow|diffXOutAct|beh.military_1||0|1|NA","unused_native_template"
"dv.net","outd. act. to dif. beh.military_1","New ties: sum sqr. outd. to dif. values on beh.military_1","diffXOutAct","beh.military_1","","creation",FALSE,FALSE,FALSE,FALSE,FALSE,",",0,0,"objective",NA,NA,0,0,0,0,"",FALSE,"","oneMode","Group1",1,971,"dv.net|creation|diffXOutAct|beh.military_1||0|1|NA","unused_native_template"
"dv.net","outd. act. to hom. beh.military_1","sum sqr. outd. to hom. values on beh.military_1","homXOutAct","beh.military_1","","eval",FALSE,FALSE,FALSE,FALSE,FALSE,",",0,0,"objective",NA,NA,0,0,0,0,"",FALSE,"","oneMode","Group1",1,972,"dv.net|eval|homXOutAct|beh.military_1||0|1|NA","unused_native_template"
"dv.net","outd. act. to hom. beh.military_1","Lost ties: sum sqr. outd. to hom. values on beh.military_1","homXOutAct","beh.military_1","","endow",FALSE,FALSE,FALSE,FALSE,FALSE,",",0,0,"objective",NA,NA,0,0,0,0,"",FALSE,"","oneMode","Group1",1,973,"dv.net|endow|homXOutAct|beh.military_1||0|1|NA","unused_native_template"
"dv.net","outd. act. to hom. beh.military_1","New ties: sum sqr. outd. to hom. values on beh.military_1","homXOutAct","beh.military_1","","creation",FALSE,FALSE,FALSE,FALSE,FALSE,",",0,0,"objective",NA,NA,0,0,0,0,"",FALSE,"","oneMode","Group1",1,974,"dv.net|creation|homXOutAct|beh.military_1||0|1|NA","unused_native_template"
"dv.net","outd. act. weight alt. beh.military_1","sum sqr. outd. weight alt. beh.military_1","altXOutAct","beh.military_1","","eval",FALSE,FALSE,FALSE,FALSE,FALSE,",",0,0,"objective",NA,NA,0,0,0,0,"",FALSE,"","oneMode","Group1",1,975,"dv.net|eval|altXOutAct|beh.military_1||0|1|NA","unused_native_template"
"dv.net","outd. act. weight alt. beh.military_1","Lost ties: sum sqr. outd. weight alt. beh.military_1","altXOutAct","beh.military_1","","endow",FALSE,FALSE,FALSE,FALSE,FALSE,",",0,0,"objective",NA,NA,0,0,0,0,"",FALSE,"","oneMode","Group1",1,976,"dv.net|endow|altXOutAct|beh.military_1||0|1|NA","unused_native_template"
"dv.net","outd. act. weight alt. beh.military_1","New ties: sum sqr. outd. weight alt. beh.military_1","altXOutAct","beh.military_1","","creation",FALSE,FALSE,FALSE,FALSE,FALSE,",",0,0,"objective",NA,NA,0,0,0,0,"",FALSE,"","oneMode","Group1",1,977,"dv.net|creation|altXOutAct|beh.military_1||0|1|NA","unused_native_template"
"dv.net","trans. triads intermed. beh.military_1","Number of trans. triads intermed. weight beh.military_1","transTripX","beh.military_1","","eval",FALSE,FALSE,FALSE,FALSE,FALSE,",",0,0,"objective",NA,NA,0,0,0,0,"",FALSE,"","oneMode","Group1",1,978,"dv.net|eval|transTripX|beh.military_1||0|1|NA","unused_native_template"
"dv.net","trans. triads intermed. beh.military_1","Lost ties: Number of trans. triads intermed. weight beh.military_1","transTripX","beh.military_1","","endow",FALSE,FALSE,FALSE,FALSE,FALSE,",",0,0,"objective",NA,NA,0,0,0,0,"",FALSE,"","oneMode","Group1",1,979,"dv.net|endow|transTripX|beh.military_1||0|1|NA","unused_native_template"
"dv.net","trans. triads intermed. beh.military_1","New ties: Number of trans. triads intermed. weight beh.military_1","transTripX","beh.military_1","","creation",FALSE,FALSE,FALSE,FALSE,FALSE,",",0,0,"objective",NA,NA,0,0,0,0,"",FALSE,"","oneMode","Group1",1,980,"dv.net|creation|transTripX|beh.military_1||0|1|NA","unused_native_template"
"dv.net","transitive triads same beh.military_1","Number of transitive triads same on beh.military_1","sameXTransTrip","beh.military_1","","eval",FALSE,FALSE,FALSE,FALSE,FALSE,",",0,0,"objective",NA,NA,0,0,0,0,"",FALSE,"","oneMode","Group1",1,981,"dv.net|eval|sameXTransTrip|beh.military_1||0|1|NA","unused_native_template"
"dv.net","transitive triads same beh.military_1","Lost ties: Number of transitive triads same on beh.military_1","sameXTransTrip","beh.military_1","","endow",FALSE,FALSE,FALSE,FALSE,FALSE,",",0,0,"objective",NA,NA,0,0,0,0,"",FALSE,"","oneMode","Group1",1,982,"dv.net|endow|sameXTransTrip|beh.military_1||0|1|NA","unused_native_template"
"dv.net","transitive triads same beh.military_1","New ties: Number of transitive triads same on beh.military_1","sameXTransTrip","beh.military_1","","creation",FALSE,FALSE,FALSE,FALSE,FALSE,",",0,0,"objective",NA,NA,0,0,0,0,"",FALSE,"","oneMode","Group1",1,983,"dv.net|creation|sameXTransTrip|beh.military_1||0|1|NA","unused_native_template"
"dv.net","transitive triads diff. beh.military_1","Number of transitive triads diff. on beh.military_1","diffXTransTrip","beh.military_1","","eval",FALSE,FALSE,FALSE,FALSE,FALSE,",",0,0,"objective",NA,NA,0,0,0,0,"",FALSE,"","oneMode","Group1",1,984,"dv.net|eval|diffXTransTrip|beh.military_1||0|1|NA","unused_native_template"
"dv.net","transitive triads diff. beh.military_1","Lost ties: Number of transitive triads diff. on beh.military_1","diffXTransTrip","beh.military_1","","endow",FALSE,FALSE,FALSE,FALSE,FALSE,",",0,0,"objective",NA,NA,0,0,0,0,"",FALSE,"","oneMode","Group1",1,985,"dv.net|endow|diffXTransTrip|beh.military_1||0|1|NA","unused_native_template"
"dv.net","transitive triads diff. beh.military_1","New ties: Number of transitive triads diff. on beh.military_1","diffXTransTrip","beh.military_1","","creation",FALSE,FALSE,FALSE,FALSE,FALSE,",",0,0,"objective",NA,NA,0,0,0,0,"",FALSE,"","oneMode","Group1",1,986,"dv.net|creation|diffXTransTrip|beh.military_1||0|1|NA","unused_native_template"
"dv.net","transitive triplets homog. beh.military_1","Number of transitive triplets homogeneous on beh.military_1","homXTransTrip","beh.military_1","","eval",FALSE,FALSE,FALSE,FALSE,FALSE,",",0,0,"objective",NA,NA,0,0,0,0,"",FALSE,"","oneMode","Group1",1,987,"dv.net|eval|homXTransTrip|beh.military_1||0|1|NA","unused_native_template"
"dv.net","transitive triplets homog. beh.military_1","Lost ties: Number of transitive triplets homogeneous on beh.military_1","homXTransTrip","beh.military_1","","endow",FALSE,FALSE,FALSE,FALSE,FALSE,",",0,0,"objective",NA,NA,0,0,0,0,"",FALSE,"","oneMode","Group1",1,988,"dv.net|endow|homXTransTrip|beh.military_1||0|1|NA","unused_native_template"
"dv.net","transitive triplets homog. beh.military_1","New ties: Number of transitive triplets homogeneous on beh.military_1","homXTransTrip","beh.military_1","","creation",FALSE,FALSE,FALSE,FALSE,FALSE,",",0,0,"objective",NA,NA,0,0,0,0,"",FALSE,"","oneMode","Group1",1,989,"dv.net|creation|homXTransTrip|beh.military_1||0|1|NA","unused_native_template"
"dv.net","transitive triads jumping beh.military_1","Number of transitive triads jumping beh.military_1","jumpXTransTrip","beh.military_1","","eval",FALSE,FALSE,FALSE,FALSE,FALSE,",",0,0,"objective",NA,NA,0,0,0,0,"",FALSE,"","oneMode","Group1",1,990,"dv.net|eval|jumpXTransTrip|beh.military_1||0|1|NA","unused_native_template"
"dv.net","transitive triads jumping beh.military_1","Lost ties: Number of transitive triads jumping beh.military_1","jumpXTransTrip","beh.military_1","","endow",FALSE,FALSE,FALSE,FALSE,FALSE,",",0,0,"objective",NA,NA,0,0,0,0,"",FALSE,"","oneMode","Group1",1,991,"dv.net|endow|jumpXTransTrip|beh.military_1||0|1|NA","unused_native_template"
"dv.net","transitive triads jumping beh.military_1","New ties: Number of transitive triads jumping beh.military_1","jumpXTransTrip","beh.military_1","","creation",FALSE,FALSE,FALSE,FALSE,FALSE,",",0,0,"objective",NA,NA,0,0,0,0,"",FALSE,"","oneMode","Group1",1,992,"dv.net|creation|jumpXTransTrip|beh.military_1||0|1|NA","unused_native_template"
"dv.net","beh.military_1 ego x beh.military_1 alter","beh.military_1 ego x beh.military_1 alter","egoXaltX","beh.military_1","","eval",FALSE,FALSE,FALSE,FALSE,FALSE,",",0,0,"objective",NA,NA,0,0,0,0,"dyadic",FALSE,"","oneMode","Group1",1,993,"dv.net|eval|egoXaltX|beh.military_1||0|1|NA","unused_native_template"
"dv.net","beh.military_1 ego x beh.military_1 alter","Lost ties: beh.military_1 ego x beh.military_1 alter","egoXaltX","beh.military_1","","endow",FALSE,FALSE,FALSE,FALSE,FALSE,",",0,0,"objective",NA,NA,0,0,0,0,"dyadic",FALSE,"","oneMode","Group1",1,994,"dv.net|endow|egoXaltX|beh.military_1||0|1|NA","unused_native_template"
"dv.net","beh.military_1 ego x beh.military_1 alter","New ties: beh.military_1 ego x beh.military_1 alter","egoXaltX","beh.military_1","","creation",FALSE,FALSE,FALSE,FALSE,FALSE,",",0,0,"objective",NA,NA,0,0,0,0,"dyadic",FALSE,"","oneMode","Group1",1,995,"dv.net|creation|egoXaltX|beh.military_1||0|1|NA","unused_native_template"
"dv.net","beh.military_1 of indirect ties","beh.military_1 of indirect ties","IndTies","beh.military_1","","eval",FALSE,FALSE,FALSE,FALSE,FALSE,",",0,0,"objective",NA,NA,0,0,0,0,"dyadic",FALSE,"","oneMode","Group1",1,996,"dv.net|eval|IndTies|beh.military_1||0|1|NA","unused_native_template"
"dv.net","beh.military_1 alter at dist 2 (1)","beh.military_1 alter at dist 2 (1)","altDist2","beh.military_1","","eval",FALSE,FALSE,FALSE,FALSE,FALSE,",",0,1,"objective",NA,NA,0,0,0,0,"dyadic",FALSE,"","oneMode","Group1",1,997,"dv.net|eval|altDist2|beh.military_1||1|1|NA","unused_native_template"
"dv.net","beh.military_1 alter at dist 2 (1)","Lost ties: beh.military_1 alter at dist 2 (1)","altDist2","beh.military_1","","endow",FALSE,FALSE,FALSE,FALSE,FALSE,",",0,1,"objective",NA,NA,0,0,0,0,"dyadic",FALSE,"","oneMode","Group1",1,998,"dv.net|endow|altDist2|beh.military_1||1|1|NA","unused_native_template"
"dv.net","beh.military_1 alter at dist 2 (1)","New ties: beh.military_1 alter at dist 2 (1)","altDist2","beh.military_1","","creation",FALSE,FALSE,FALSE,FALSE,FALSE,",",0,1,"objective",NA,NA,0,0,0,0,"dyadic",FALSE,"","oneMode","Group1",1,999,"dv.net|creation|altDist2|beh.military_1||1|1|NA","unused_native_template"
"dv.net","beh.military_1 tot alter at dist 2 (1)","beh.military_1 tot alter at dist 2 (1)","totDist2","beh.military_1","","eval",FALSE,FALSE,FALSE,FALSE,FALSE,",",0,1,"objective",NA,NA,0,0,0,0,"dyadic",FALSE,"","oneMode","Group1",1,1000,"dv.net|eval|totDist2|beh.military_1||1|1|NA","unused_native_template"
"dv.net","beh.military_1 tot alter at dist 2 (1)","Lost ties: beh.military_1 tot alter at dist 2 (1)","totDist2","beh.military_1","","endow",FALSE,FALSE,FALSE,FALSE,FALSE,",",0,1,"objective",NA,NA,0,0,0,0,"dyadic",FALSE,"","oneMode","Group1",1,1001,"dv.net|endow|totDist2|beh.military_1||1|1|NA","unused_native_template"
"dv.net","beh.military_1 tot alter at dist 2 (1)","New ties: beh.military_1 tot alter at dist 2 (1)","totDist2","beh.military_1","","creation",FALSE,FALSE,FALSE,FALSE,FALSE,",",0,1,"objective",NA,NA,0,0,0,0,"dyadic",FALSE,"","oneMode","Group1",1,1002,"dv.net|creation|totDist2|beh.military_1||1|1|NA","unused_native_template"
"dv.net","beh.military_1 ego-alter dist 2 similarity","beh.military_1 ego-alter dist 2 similarity","simEgoDist2","beh.military_1","","eval",FALSE,FALSE,FALSE,FALSE,FALSE,",",0,1,"objective",NA,NA,0,0,0,0,"dyadic",FALSE,"","oneMode","Group1",1,1003,"dv.net|eval|simEgoDist2|beh.military_1||1|1|NA","unused_native_template"
"dv.net","beh.military_1 ego-alter dist 2 similarity","Lost ties: beh.military_1 ego-alter dist 2 similarity","simEgoDist2","beh.military_1","","endow",FALSE,FALSE,FALSE,FALSE,FALSE,",",0,1,"objective",NA,NA,0,0,0,0,"dyadic",FALSE,"","oneMode","Group1",1,1004,"dv.net|endow|simEgoDist2|beh.military_1||1|1|NA","unused_native_template"
"dv.net","beh.military_1 ego-alter dist 2 similarity","New ties: beh.military_1 ego-alter dist 2 similarity","simEgoDist2","beh.military_1","","creation",FALSE,FALSE,FALSE,FALSE,FALSE,",",0,1,"objective",NA,NA,0,0,0,0,"dyadic",FALSE,"","oneMode","Group1",1,1005,"dv.net|creation|simEgoDist2|beh.military_1||1|1|NA","unused_native_template"
"dv.net","beh.military_1 similarity at dist 2","beh.military_1 similarity at dist 2","simDist2","beh.military_1","","eval",FALSE,FALSE,FALSE,FALSE,FALSE,",",0,1,"objective",NA,NA,0,0,0,0,"dyadic",FALSE,"","oneMode","Group1",1,1006,"dv.net|eval|simDist2|beh.military_1||1|1|NA","unused_native_template"
"dv.net","beh.military_1 similarity at dist 2","Lost ties: beh.military_1 similarity at dist 2","simDist2","beh.military_1","","endow",FALSE,FALSE,FALSE,FALSE,FALSE,",",0,1,"objective",NA,NA,0,0,0,0,"dyadic",FALSE,"","oneMode","Group1",1,1007,"dv.net|endow|simDist2|beh.military_1||1|1|NA","unused_native_template"
"dv.net","beh.military_1 similarity at dist 2","New ties: beh.military_1 similarity at dist 2","simDist2","beh.military_1","","creation",FALSE,FALSE,FALSE,FALSE,FALSE,",",0,1,"objective",NA,NA,0,0,0,0,"dyadic",FALSE,"","oneMode","Group1",1,1008,"dv.net|creation|simDist2|beh.military_1||1|1|NA","unused_native_template"
"dv.net","beh.military_1 in-alter dist 2","beh.military_1 in-alter dist 2","altInDist2","beh.military_1","","eval",FALSE,FALSE,FALSE,FALSE,FALSE,",",0,0,"objective",NA,NA,0,0,0,0,"dyadic",FALSE,"","oneMode","Group1",1,1009,"dv.net|eval|altInDist2|beh.military_1||0|1|NA","unused_native_template"
"dv.net","beh.military_1 in-alter dist 2","Lost ties: beh.military_1 in-alter dist 2","altInDist2","beh.military_1","","endow",FALSE,FALSE,FALSE,FALSE,FALSE,",",0,0,"objective",NA,NA,0,0,0,0,"dyadic",FALSE,"","oneMode","Group1",1,1010,"dv.net|endow|altInDist2|beh.military_1||0|1|NA","unused_native_template"
"dv.net","beh.military_1 in-alter dist 2","New ties: beh.military_1 in-alter dist 2","altInDist2","beh.military_1","","creation",FALSE,FALSE,FALSE,FALSE,FALSE,",",0,0,"objective",NA,NA,0,0,0,0,"dyadic",FALSE,"","oneMode","Group1",1,1011,"dv.net|creation|altInDist2|beh.military_1||0|1|NA","unused_native_template"
"dv.net","beh.military_1 tot in-alter dist 2","beh.military_1 tot in-alter dist 2","totInDist2","beh.military_1","","eval",FALSE,FALSE,FALSE,FALSE,FALSE,",",0,0,"objective",NA,NA,0,0,0,0,"dyadic",FALSE,"","oneMode","Group1",1,1012,"dv.net|eval|totInDist2|beh.military_1||0|1|NA","unused_native_template"
"dv.net","beh.military_1 tot in-alter dist 2","Lost ties: beh.military_1 tot in-alter dist 2","totInDist2","beh.military_1","","endow",FALSE,FALSE,FALSE,FALSE,FALSE,",",0,0,"objective",NA,NA,0,0,0,0,"dyadic",FALSE,"","oneMode","Group1",1,1013,"dv.net|endow|totInDist2|beh.military_1||0|1|NA","unused_native_template"
"dv.net","beh.military_1 tot in-alter dist 2","New ties: beh.military_1 tot in-alter dist 2","totInDist2","beh.military_1","","creation",FALSE,FALSE,FALSE,FALSE,FALSE,",",0,0,"objective",NA,NA,0,0,0,0,"dyadic",FALSE,"","oneMode","Group1",1,1014,"dv.net|creation|totInDist2|beh.military_1||0|1|NA","unused_native_template"
"dv.net","beh.military_1 ego-in-alter dist 2 similarity","beh.military_1 ego-in-alter dist 2 similarity","simEgoInDist2","beh.military_1","","eval",FALSE,FALSE,FALSE,FALSE,FALSE,",",0,1,"objective",NA,NA,0,0,0,0,"dyadic",FALSE,"","oneMode","Group1",1,1015,"dv.net|eval|simEgoInDist2|beh.military_1||1|1|NA","unused_native_template"
"dv.net","beh.military_1 ego-in-alter dist 2 similarity","Lost ties: beh.military_1 ego-in-alter dist 2 similarity","simEgoInDist2","beh.military_1","","endow",FALSE,FALSE,FALSE,FALSE,FALSE,",",0,1,"objective",NA,NA,0,0,0,0,"dyadic",FALSE,"","oneMode","Group1",1,1016,"dv.net|endow|simEgoInDist2|beh.military_1||1|1|NA","unused_native_template"
"dv.net","beh.military_1 ego-in-alter dist 2 similarity","New ties: beh.military_1 ego-in-alter dist 2 similarity","simEgoInDist2","beh.military_1","","creation",FALSE,FALSE,FALSE,FALSE,FALSE,",",0,1,"objective",NA,NA,0,0,0,0,"dyadic",FALSE,"","oneMode","Group1",1,1017,"dv.net|creation|simEgoInDist2|beh.military_1||1|1|NA","unused_native_template"
"dv.net","beh.military_1 group-av. ego","Sum of degr. x aver. beh.military_1","avGroupEgoX","beh.military_1","","eval",FALSE,FALSE,FALSE,FALSE,FALSE,",",0,0,"objective",NA,NA,0,0,0,0,"ego",FALSE,"","oneMode","Group1",1,1018,"dv.net|eval|avGroupEgoX|beh.military_1||0|1|NA","unused_native_template"
"dv.net","beh.military_1 group-av. ego","Lost ties: Sum of degr. x aver. beh.military_1","avGroupEgoX","beh.military_1","","endow",FALSE,FALSE,FALSE,FALSE,FALSE,",",0,0,"objective",NA,NA,0,0,0,0,"ego",FALSE,"","oneMode","Group1",1,1019,"dv.net|endow|avGroupEgoX|beh.military_1||0|1|NA","unused_native_template"
"dv.net","beh.military_1 group-av. ego","New ties: Sum of degr. x aver. beh.military_1","avGroupEgoX","beh.military_1","","creation",FALSE,FALSE,FALSE,FALSE,FALSE,",",0,0,"objective",NA,NA,0,0,0,0,"ego",FALSE,"","oneMode","Group1",1,1020,"dv.net|creation|avGroupEgoX|beh.military_1||0|1|NA","unused_native_template"
"dv.net","beh.lnmids_1 alter","Sum of degrees x beh.lnmids_1","altX","beh.lnmids_1","","eval",FALSE,FALSE,FALSE,FALSE,FALSE,",",0,0,"objective",NA,NA,0,0,0,0,"dyadic",FALSE,"","oneMode","Group1",1,1021,"network|atom(altX|0|beh.lnmids_1)","unused_native_template"
"dv.net","beh.lnmids_1 alter","Lost ties: Sum of degrees x beh.lnmids_1","altX","beh.lnmids_1","","endow",FALSE,FALSE,FALSE,FALSE,FALSE,",",0,0,"objective",NA,NA,0,0,0,0,"dyadic",FALSE,"","oneMode","Group1",1,1022,"dv.net|endow|altX|beh.lnmids_1||0|1|NA","unused_native_template"
"dv.net","beh.lnmids_1 alter","New ties: Sum of degrees x beh.lnmids_1","altX","beh.lnmids_1","","creation",FALSE,FALSE,FALSE,FALSE,FALSE,",",0,0,"objective",NA,NA,0,0,0,0,"dyadic",FALSE,"","oneMode","Group1",1,1023,"dv.net|creation|altX|beh.lnmids_1||0|1|NA","unused_native_template"
"dv.net","beh.lnmids_1 squared alt","Sum of degrees x squared beh.lnmids_1","altSqX","beh.lnmids_1","","eval",FALSE,FALSE,FALSE,FALSE,FALSE,",",0,0,"objective",NA,NA,0,0,0,0,"dyadic",FALSE,"","oneMode","Group1",1,1024,"dv.net|eval|altSqX|beh.lnmids_1||0|1|NA","unused_native_template"
"dv.net","beh.lnmids_1 squared alt","Lost ties: Sum of degrees x squared beh.lnmids_1","altSqX","beh.lnmids_1","","endow",FALSE,FALSE,FALSE,FALSE,FALSE,",",0,0,"objective",NA,NA,0,0,0,0,"dyadic",FALSE,"","oneMode","Group1",1,1025,"dv.net|endow|altSqX|beh.lnmids_1||0|1|NA","unused_native_template"
"dv.net","beh.lnmids_1 squared alt","New ties: Sum of degrees x squared beh.lnmids_1","altSqX","beh.lnmids_1","","creation",FALSE,FALSE,FALSE,FALSE,FALSE,",",0,0,"objective",NA,NA,0,0,0,0,"dyadic",FALSE,"","oneMode","Group1",1,1026,"dv.net|creation|altSqX|beh.lnmids_1||0|1|NA","unused_native_template"
"dv.net","beh.lnmids_1 left thr. (0) alter","Sum degr. * (beh.lnmids_1 <= 0)","altLThresholdX","beh.lnmids_1","","eval",FALSE,FALSE,FALSE,FALSE,FALSE,",",0,0,"objective",NA,NA,0,0,0,0,"ego",FALSE,"","oneMode","Group1",1,1027,"dv.net|eval|altLThresholdX|beh.lnmids_1||0|1|NA","unused_native_template"
"dv.net","beh.lnmids_1 left thr. (0) alter","Lost ties: Sum degr. * (beh.lnmids_1 <= 0)","altLThresholdX","beh.lnmids_1","","endow",FALSE,FALSE,FALSE,FALSE,FALSE,",",0,0,"objective",NA,NA,0,0,0,0,"ego",FALSE,"","oneMode","Group1",1,1028,"dv.net|endow|altLThresholdX|beh.lnmids_1||0|1|NA","unused_native_template"
"dv.net","beh.lnmids_1 left thr. (0) alter","New ties: Sum degr. * (beh.lnmids_1 <= 0)","altLThresholdX","beh.lnmids_1","","creation",FALSE,FALSE,FALSE,FALSE,FALSE,",",0,0,"objective",NA,NA,0,0,0,0,"ego",FALSE,"","oneMode","Group1",1,1029,"dv.net|creation|altLThresholdX|beh.lnmids_1||0|1|NA","unused_native_template"
"dv.net","beh.lnmids_1 right thr. (0) alter","Sum degr. * (beh.lnmids_1 >= 0)","altRThresholdX","beh.lnmids_1","","eval",FALSE,FALSE,FALSE,FALSE,FALSE,",",0,0,"objective",NA,NA,0,0,0,0,"ego",FALSE,"","oneMode","Group1",1,1030,"dv.net|eval|altRThresholdX|beh.lnmids_1||0|1|NA","unused_native_template"
"dv.net","beh.lnmids_1 right thr. (0) alter","Lost ties: Sum degr. * (beh.lnmids_1 >= 0)","altRThresholdX","beh.lnmids_1","","endow",FALSE,FALSE,FALSE,FALSE,FALSE,",",0,0,"objective",NA,NA,0,0,0,0,"ego",FALSE,"","oneMode","Group1",1,1031,"dv.net|endow|altRThresholdX|beh.lnmids_1||0|1|NA","unused_native_template"
"dv.net","beh.lnmids_1 right thr. (0) alter","New ties: Sum degr. * (beh.lnmids_1 >= 0)","altRThresholdX","beh.lnmids_1","","creation",FALSE,FALSE,FALSE,FALSE,FALSE,",",0,0,"objective",NA,NA,0,0,0,0,"ego",FALSE,"","oneMode","Group1",1,1032,"dv.net|creation|altRThresholdX|beh.lnmids_1||0|1|NA","unused_native_template"
"dv.net","beh.lnmids_1 ego","Sum of degrees x beh.lnmids_1","egoX","beh.lnmids_1","","eval",FALSE,FALSE,FALSE,FALSE,FALSE,",",0,0,"objective",NA,NA,0,0,0,0,"ego",FALSE,"","oneMode","Group1",1,1033,"network|atom(egoX|0|beh.lnmids_1)","unused_native_template"
"dv.net","beh.lnmids_1 ego","Lost ties: Sum of degrees x beh.lnmids_1","egoX","beh.lnmids_1","","endow",FALSE,FALSE,FALSE,FALSE,FALSE,",",0,0,"objective",NA,NA,0,0,0,0,"ego",FALSE,"","oneMode","Group1",1,1034,"dv.net|endow|egoX|beh.lnmids_1||0|1|NA","unused_native_template"
"dv.net","beh.lnmids_1 ego","New ties: Sum of degrees x beh.lnmids_1","egoX","beh.lnmids_1","","creation",FALSE,FALSE,FALSE,FALSE,FALSE,",",0,0,"objective",NA,NA,0,0,0,0,"ego",FALSE,"","oneMode","Group1",1,1035,"dv.net|creation|egoX|beh.lnmids_1||0|1|NA","unused_native_template"
"dv.net","beh.lnmids_1 ego","Gmm statistic: Sum of degrees x beh.lnmids_1","egoX_gmm","beh.lnmids_1","","gmm",FALSE,FALSE,FALSE,TRUE,FALSE,",",0,0,"gmm",NA,NA,0,0,0,0,"ego",FALSE,"","oneMode","Group1",1,1036,"dv.net|gmm|egoX_gmm|beh.lnmids_1||0|1|NA","unused_native_template"
"dv.net","beh.lnmids_1 squared ego","Sum of degrees x squared beh.lnmids_1","egoSqX","beh.lnmids_1","","eval",FALSE,FALSE,FALSE,FALSE,FALSE,",",0,0,"objective",NA,NA,0,0,0,0,"dyadic",FALSE,"","oneMode","Group1",1,1037,"dv.net|eval|egoSqX|beh.lnmids_1||0|1|NA","unused_native_template"
"dv.net","beh.lnmids_1 squared ego","Lost ties: Sum of degrees x squared beh.lnmids_1","egoSqX","beh.lnmids_1","","endow",FALSE,FALSE,FALSE,FALSE,FALSE,",",0,0,"objective",NA,NA,0,0,0,0,"dyadic",FALSE,"","oneMode","Group1",1,1038,"dv.net|endow|egoSqX|beh.lnmids_1||0|1|NA","unused_native_template"
"dv.net","beh.lnmids_1 squared ego","New ties: Sum of degrees x squared beh.lnmids_1","egoSqX","beh.lnmids_1","","creation",FALSE,FALSE,FALSE,FALSE,FALSE,",",0,0,"objective",NA,NA,0,0,0,0,"dyadic",FALSE,"","oneMode","Group1",1,1039,"dv.net|creation|egoSqX|beh.lnmids_1||0|1|NA","unused_native_template"
"dv.net","beh.lnmids_1 ego and alt","2 * sum degr. x beh.lnmids_1","egoPlusAltX","beh.lnmids_1","","eval",FALSE,FALSE,FALSE,FALSE,FALSE,",",0,0,"objective",NA,NA,0,0,0,0,"dyadic",FALSE,"","oneMode","Group1",1,1040,"dv.net|eval|egoPlusAltX|beh.lnmids_1||0|1|NA","unused_native_template"
"dv.net","beh.lnmids_1 ego and alt","Lost ties: 2 * sum degr. x beh.lnmids_1","egoPlusAltX","beh.lnmids_1","","endow",FALSE,FALSE,FALSE,FALSE,FALSE,",",0,0,"objective",NA,NA,0,0,0,0,"dyadic",FALSE,"","oneMode","Group1",1,1041,"dv.net|endow|egoPlusAltX|beh.lnmids_1||0|1|NA","unused_native_template"
"dv.net","beh.lnmids_1 ego and alt","New ties: 2 * sum degr. x beh.lnmids_1","egoPlusAltX","beh.lnmids_1","","creation",FALSE,FALSE,FALSE,FALSE,FALSE,",",0,0,"objective",NA,NA,0,0,0,0,"dyadic",FALSE,"","oneMode","Group1",1,1042,"dv.net|creation|egoPlusAltX|beh.lnmids_1||0|1|NA","unused_native_template"
"dv.net","beh.lnmids_1 sq. ego and alt","2 * sum degr. x squared beh.lnmids_1","egoPlusAltSqX","beh.lnmids_1","","eval",FALSE,FALSE,FALSE,FALSE,FALSE,",",0,0,"objective",NA,NA,0,0,0,0,"dyadic",FALSE,"","oneMode","Group1",1,1043,"dv.net|eval|egoPlusAltSqX|beh.lnmids_1||0|1|NA","unused_native_template"
"dv.net","beh.lnmids_1 sq. ego and alt","Lost ties: 2 * sum degr. x squared beh.lnmids_1","egoPlusAltSqX","beh.lnmids_1","","endow",FALSE,FALSE,FALSE,FALSE,FALSE,",",0,0,"objective",NA,NA,0,0,0,0,"dyadic",FALSE,"","oneMode","Group1",1,1044,"dv.net|endow|egoPlusAltSqX|beh.lnmids_1||0|1|NA","unused_native_template"
"dv.net","beh.lnmids_1 sq. ego and alt","New ties: 2 * sum degr. x squared beh.lnmids_1","egoPlusAltSqX","beh.lnmids_1","","creation",FALSE,FALSE,FALSE,FALSE,FALSE,",",0,0,"objective",NA,NA,0,0,0,0,"dyadic",FALSE,"","oneMode","Group1",1,1045,"dv.net|creation|egoPlusAltSqX|beh.lnmids_1||0|1|NA","unused_native_template"
"dv.net","beh.lnmids_1 left thr. (0) ego","Sum degr. * (beh.lnmids_1 <= 0)","egoLThresholdX","beh.lnmids_1","","eval",FALSE,FALSE,FALSE,FALSE,FALSE,",",0,0,"objective",NA,NA,0,0,0,0,"ego",FALSE,"","oneMode","Group1",1,1046,"dv.net|eval|egoLThresholdX|beh.lnmids_1||0|1|NA","unused_native_template"
"dv.net","beh.lnmids_1 left thr. (0) ego","Lost ties: Sum degr. * (beh.lnmids_1 <= 0)","egoLThresholdX","beh.lnmids_1","","endow",FALSE,FALSE,FALSE,FALSE,FALSE,",",0,0,"objective",NA,NA,0,0,0,0,"ego",FALSE,"","oneMode","Group1",1,1047,"dv.net|endow|egoLThresholdX|beh.lnmids_1||0|1|NA","unused_native_template"
"dv.net","beh.lnmids_1 left thr. (0) ego","New ties: Sum degr. * (beh.lnmids_1 <= 0)","egoLThresholdX","beh.lnmids_1","","creation",FALSE,FALSE,FALSE,FALSE,FALSE,",",0,0,"objective",NA,NA,0,0,0,0,"ego",FALSE,"","oneMode","Group1",1,1048,"dv.net|creation|egoLThresholdX|beh.lnmids_1||0|1|NA","unused_native_template"
"dv.net","beh.lnmids_1 right thr. (0) ego","Sum degr. * (beh.lnmids_1 >= 0)","egoRThresholdX","beh.lnmids_1","","eval",FALSE,FALSE,FALSE,FALSE,FALSE,",",0,0,"objective",NA,NA,0,0,0,0,"ego",FALSE,"","oneMode","Group1",1,1049,"dv.net|eval|egoRThresholdX|beh.lnmids_1||0|1|NA","unused_native_template"
"dv.net","beh.lnmids_1 right thr. (0) ego","Lost ties: Sum degr. * (beh.lnmids_1 >= 0)","egoRThresholdX","beh.lnmids_1","","endow",FALSE,FALSE,FALSE,FALSE,FALSE,",",0,0,"objective",NA,NA,0,0,0,0,"ego",FALSE,"","oneMode","Group1",1,1050,"dv.net|endow|egoRThresholdX|beh.lnmids_1||0|1|NA","unused_native_template"
"dv.net","beh.lnmids_1 right thr. (0) ego","New ties: Sum degr. * (beh.lnmids_1 >= 0)","egoRThresholdX","beh.lnmids_1","","creation",FALSE,FALSE,FALSE,FALSE,FALSE,",",0,0,"objective",NA,NA,0,0,0,0,"ego",FALSE,"","oneMode","Group1",1,1051,"dv.net|creation|egoRThresholdX|beh.lnmids_1||0|1|NA","unused_native_template"
"dv.net","abs. (outdegree - beh.lnmids_1)","Sum of abs. (outdeg. - beh.lnmids_1)","degAbsDiffX","beh.lnmids_1","","eval",FALSE,FALSE,FALSE,FALSE,FALSE,",",0,0,"objective",NA,NA,0,0,0,0,"ego",FALSE,"","oneMode","Group1",1,1052,"dv.net|eval|degAbsDiffX|beh.lnmids_1||0|1|NA","unused_native_template"
"dv.net","abs. (outdegree - beh.lnmids_1)","Lost ties: Sum of abs. (outdeg. - beh.lnmids_1)","degAbsDiffX","beh.lnmids_1","","endow",FALSE,FALSE,FALSE,FALSE,FALSE,",",0,0,"objective",NA,NA,0,0,0,0,"ego",FALSE,"","oneMode","Group1",1,1053,"dv.net|endow|degAbsDiffX|beh.lnmids_1||0|1|NA","unused_native_template"
"dv.net","abs. (outdegree - beh.lnmids_1)","New ties: Sum of abs. (outdeg. - beh.lnmids_1)","degAbsDiffX","beh.lnmids_1","","creation",FALSE,FALSE,FALSE,FALSE,FALSE,",",0,0,"objective",NA,NA,0,0,0,0,"ego",FALSE,"","oneMode","Group1",1,1054,"dv.net|creation|degAbsDiffX|beh.lnmids_1||0|1|NA","unused_native_template"
"dv.net","pos. (outdegree - beh.lnmids_1)","Sum of pos. (outdeg. - beh.lnmids_1)","degPosDiffX","beh.lnmids_1","","eval",FALSE,FALSE,FALSE,FALSE,FALSE,",",0,0,"objective",NA,NA,0,0,0,0,"ego",FALSE,"","oneMode","Group1",1,1055,"dv.net|eval|degPosDiffX|beh.lnmids_1||0|1|NA","unused_native_template"
"dv.net","pos. (outdegree - beh.lnmids_1)","Lost ties: Sum of pos. (outdeg. - beh.lnmids_1)","degPosDiffX","beh.lnmids_1","","endow",FALSE,FALSE,FALSE,FALSE,FALSE,",",0,0,"objective",NA,NA,0,0,0,0,"ego",FALSE,"","oneMode","Group1",1,1056,"dv.net|endow|degPosDiffX|beh.lnmids_1||0|1|NA","unused_native_template"
"dv.net","pos. (outdegree - beh.lnmids_1)","New ties: Sum of pos. (outdeg. - beh.lnmids_1)","degPosDiffX","beh.lnmids_1","","creation",FALSE,FALSE,FALSE,FALSE,FALSE,",",0,0,"objective",NA,NA,0,0,0,0,"ego",FALSE,"","oneMode","Group1",1,1057,"dv.net|creation|degPosDiffX|beh.lnmids_1||0|1|NA","unused_native_template"
"dv.net","neg. (beh.lnmids_1 - outdegree)","Sum of neg. (beh.lnmids_1 - outdegree)","degNegDiffX","beh.lnmids_1","","eval",FALSE,FALSE,FALSE,FALSE,FALSE,",",0,0,"objective",NA,NA,0,0,0,0,"ego",FALSE,"","oneMode","Group1",1,1058,"dv.net|eval|degNegDiffX|beh.lnmids_1||0|1|NA","unused_native_template"
"dv.net","neg. (beh.lnmids_1 - outdegree)","Lost ties: Sum of neg. (beh.lnmids_1 - outdegree)","degNegDiffX","beh.lnmids_1","","endow",FALSE,FALSE,FALSE,FALSE,FALSE,",",0,0,"objective",NA,NA,0,0,0,0,"ego",FALSE,"","oneMode","Group1",1,1059,"dv.net|endow|degNegDiffX|beh.lnmids_1||0|1|NA","unused_native_template"
"dv.net","neg. (beh.lnmids_1 - outdegree)","New ties: Sum of neg. (beh.lnmids_1 - outdegree)","degNegDiffX","beh.lnmids_1","","creation",FALSE,FALSE,FALSE,FALSE,FALSE,",",0,0,"objective",NA,NA,0,0,0,0,"ego",FALSE,"","oneMode","Group1",1,1060,"dv.net|creation|degNegDiffX|beh.lnmids_1||0|1|NA","unused_native_template"
"dv.net","beh.lnmids_1 difference","Sum_ties diff beh.lnmids_1","diffX","beh.lnmids_1","","eval",FALSE,FALSE,FALSE,FALSE,FALSE,",",0,0,"objective",NA,NA,0,0,0,0,"dyadic",FALSE,"","oneMode","Group1",1,1061,"dv.net|eval|diffX|beh.lnmids_1||0|1|NA","unused_native_template"
"dv.net","beh.lnmids_1 difference","Lost ties: Sum_ties diff beh.lnmids_1","diffX","beh.lnmids_1","","endow",FALSE,FALSE,FALSE,FALSE,FALSE,",",0,0,"objective",NA,NA,0,0,0,0,"dyadic",FALSE,"","oneMode","Group1",1,1062,"dv.net|endow|diffX|beh.lnmids_1||0|1|NA","unused_native_template"
"dv.net","beh.lnmids_1 difference","New ties: Sum_ties diff beh.lnmids_1","diffX","beh.lnmids_1","","creation",FALSE,FALSE,FALSE,FALSE,FALSE,",",0,0,"objective",NA,NA,0,0,0,0,"dyadic",FALSE,"","oneMode","Group1",1,1063,"dv.net|creation|diffX|beh.lnmids_1||0|1|NA","unused_native_template"
"dv.net","beh.lnmids_1 abs. difference","Sum_ties abs.diff beh.lnmids_1","absDiffX","beh.lnmids_1","","eval",FALSE,FALSE,FALSE,FALSE,FALSE,",",0,0,"objective",NA,NA,0,0,0,0,"dyadic",FALSE,"","oneMode","Group1",1,1064,"dv.net|eval|absDiffX|beh.lnmids_1||0|1|NA","unused_native_template"
"dv.net","beh.lnmids_1 abs. difference","Lost ties: Sum_ties abs.diff beh.lnmids_1","absDiffX","beh.lnmids_1","","endow",FALSE,FALSE,FALSE,FALSE,FALSE,",",0,0,"objective",NA,NA,0,0,0,0,"dyadic",FALSE,"","oneMode","Group1",1,1065,"dv.net|endow|absDiffX|beh.lnmids_1||0|1|NA","unused_native_template"
"dv.net","beh.lnmids_1 abs. difference","New ties: Sum_ties abs.diff beh.lnmids_1","absDiffX","beh.lnmids_1","","creation",FALSE,FALSE,FALSE,FALSE,FALSE,",",0,0,"objective",NA,NA,0,0,0,0,"dyadic",FALSE,"","oneMode","Group1",1,1066,"dv.net|creation|absDiffX|beh.lnmids_1||0|1|NA","unused_native_template"
"dv.net","beh.lnmids_1 diff. squared","Sum_ties diff.sq beh.lnmids_1","diffSqX","beh.lnmids_1","","eval",FALSE,FALSE,FALSE,FALSE,FALSE,",",0,0,"objective",NA,NA,0,0,0,0,"dyadic",FALSE,"","oneMode","Group1",1,1067,"dv.net|eval|diffSqX|beh.lnmids_1||0|1|NA","unused_native_template"
"dv.net","beh.lnmids_1 diff. squared","Lost ties: Sum_ties diff.sq beh.lnmids_1","diffSqX","beh.lnmids_1","","endow",FALSE,FALSE,FALSE,FALSE,FALSE,",",0,0,"objective",NA,NA,0,0,0,0,"dyadic",FALSE,"","oneMode","Group1",1,1068,"dv.net|endow|diffSqX|beh.lnmids_1||0|1|NA","unused_native_template"
"dv.net","beh.lnmids_1 diff. squared","New ties: Sum_ties diff.sq beh.lnmids_1","diffSqX","beh.lnmids_1","","creation",FALSE,FALSE,FALSE,FALSE,FALSE,",",0,0,"objective",NA,NA,0,0,0,0,"dyadic",FALSE,"","oneMode","Group1",1,1069,"dv.net|creation|diffSqX|beh.lnmids_1||0|1|NA","unused_native_template"
"dv.net","beh.lnmids_1 ego * diff.","Sum_ties ego x diff beh.lnmids_1","egoDiffX","beh.lnmids_1","","eval",FALSE,FALSE,FALSE,FALSE,FALSE,",",0,0,"objective",NA,NA,0,0,0,0,"dyadic",FALSE,"","oneMode","Group1",1,1070,"dv.net|eval|egoDiffX|beh.lnmids_1||0|1|NA","unused_native_template"
"dv.net","beh.lnmids_1 ego * diff.","Lost ties: Sum_ties ego x diff beh.lnmids_1","egoDiffX","beh.lnmids_1","","endow",FALSE,FALSE,FALSE,FALSE,FALSE,",",0,0,"objective",NA,NA,0,0,0,0,"dyadic",FALSE,"","oneMode","Group1",1,1071,"dv.net|endow|egoDiffX|beh.lnmids_1||0|1|NA","unused_native_template"
"dv.net","beh.lnmids_1 ego * diff.","New ties: Sum_ties ego x diff beh.lnmids_1","egoDiffX","beh.lnmids_1","","creation",FALSE,FALSE,FALSE,FALSE,FALSE,",",0,0,"objective",NA,NA,0,0,0,0,"dyadic",FALSE,"","oneMode","Group1",1,1072,"dv.net|creation|egoDiffX|beh.lnmids_1||0|1|NA","unused_native_template"
"dv.net","beh.lnmids_1 similarity","beh.lnmids_1 similarity","simX","beh.lnmids_1","","eval",FALSE,FALSE,FALSE,FALSE,FALSE,",",0,0,"objective",NA,NA,0,0,0,0,"dyadic",FALSE,"","oneMode","Group1",1,1073,"dv.net|eval|simX|beh.lnmids_1||0|1|NA","unused_native_template"
"dv.net","beh.lnmids_1 similarity","Lost ties: beh.lnmids_1 similarity","simX","beh.lnmids_1","","endow",FALSE,FALSE,FALSE,FALSE,FALSE,",",0,0,"objective",NA,NA,0,0,0,0,"dyadic",FALSE,"","oneMode","Group1",1,1074,"dv.net|endow|simX|beh.lnmids_1||0|1|NA","unused_native_template"
"dv.net","beh.lnmids_1 similarity","New ties: beh.lnmids_1 similarity","simX","beh.lnmids_1","","creation",FALSE,FALSE,FALSE,FALSE,FALSE,",",0,0,"objective",NA,NA,0,0,0,0,"dyadic",FALSE,"","oneMode","Group1",1,1075,"dv.net|creation|simX|beh.lnmids_1||0|1|NA","unused_native_template"
"dv.net","beh.lnmids_1 similarity","Gmm statistic: beh.lnmids_1 similarity","simX_gmm","beh.lnmids_1","","gmm",FALSE,FALSE,FALSE,TRUE,FALSE,",",0,0,"gmm",NA,NA,0,0,0,0,"dyadic",FALSE,"","oneMode","Group1",1,1076,"dv.net|gmm|simX_gmm|beh.lnmids_1||0|1|NA","unused_native_template"
"dv.net","ind. pop.^(1/1) weighted beh.lnmids_1","indegree pop.^(1/1) weighted beh.lnmids_1","inPopX","beh.lnmids_1","","eval",FALSE,FALSE,FALSE,FALSE,FALSE,",",0,1,"objective",NA,NA,0,0,0,0,"dyadic",FALSE,"","oneMode","Group1",1,1077,"dv.net|eval|inPopX|beh.lnmids_1||1|1|NA","unused_native_template"
"dv.net","ind. pop.^(1/1) weighted beh.lnmids_1","Lost ties: indegree pop.^(1/1) weighted beh.lnmids_1","inPopX","beh.lnmids_1","","endow",FALSE,FALSE,FALSE,FALSE,FALSE,",",0,1,"objective",NA,NA,0,0,0,0,"dyadic",FALSE,"","oneMode","Group1",1,1078,"dv.net|endow|inPopX|beh.lnmids_1||1|1|NA","unused_native_template"
"dv.net","ind. pop.^(1/1) weighted beh.lnmids_1","New ties: indegree pop.^(1/1) weighted beh.lnmids_1","inPopX","beh.lnmids_1","","creation",FALSE,FALSE,FALSE,FALSE,FALSE,",",0,1,"objective",NA,NA,0,0,0,0,"dyadic",FALSE,"","oneMode","Group1",1,1079,"dv.net|creation|inPopX|beh.lnmids_1||1|1|NA","unused_native_template"
"dv.net","outd. pop.^(1/1) weighted beh.lnmids_1","outdegree pop.^(1/1) weighted beh.lnmids_1","outPopX","beh.lnmids_1","","eval",FALSE,FALSE,FALSE,FALSE,FALSE,",",0,1,"objective",NA,NA,0,0,0,0,"dyadic",FALSE,"","oneMode","Group1",1,1080,"dv.net|eval|outPopX|beh.lnmids_1||1|1|NA","unused_native_template"
"dv.net","outd. pop.^(1/1) weighted beh.lnmids_1","Lost ties: outdegree pop.^(1/1) weighted beh.lnmids_1","outPopX","beh.lnmids_1","","endow",FALSE,FALSE,FALSE,FALSE,FALSE,",",0,1,"objective",NA,NA,0,0,0,0,"dyadic",FALSE,"","oneMode","Group1",1,1081,"dv.net|endow|outPopX|beh.lnmids_1||1|1|NA","unused_native_template"
"dv.net","outd. pop.^(1/1) weighted beh.lnmids_1","New ties: outdegree pop.^(1/1) weighted beh.lnmids_1","outPopX","beh.lnmids_1","","creation",FALSE,FALSE,FALSE,FALSE,FALSE,",",0,1,"objective",NA,NA,0,0,0,0,"dyadic",FALSE,"","oneMode","Group1",1,1082,"dv.net|creation|outPopX|beh.lnmids_1||1|1|NA","unused_native_template"
"dv.net","ind. act.^(1/1) weighted beh.lnmids_1","indegree act.^(1/1) weighted beh.lnmids_1","inActX","beh.lnmids_1","","eval",FALSE,FALSE,FALSE,FALSE,FALSE,",",0,1,"objective",NA,NA,0,0,0,0,"dyadic",FALSE,"","oneMode","Group1",1,1083,"dv.net|eval|inActX|beh.lnmids_1||1|1|NA","unused_native_template"
"dv.net","ind. act.^(1/1) weighted beh.lnmids_1","Lost ties: indegree act.^(1/1) weighted beh.lnmids_1","inActX","beh.lnmids_1","","endow",FALSE,FALSE,FALSE,FALSE,FALSE,",",0,1,"objective",NA,NA,0,0,0,0,"dyadic",FALSE,"","oneMode","Group1",1,1084,"dv.net|endow|inActX|beh.lnmids_1||1|1|NA","unused_native_template"
"dv.net","ind. act.^(1/1) weighted beh.lnmids_1","New ties: indegree act.^(1/1) weighted beh.lnmids_1","inActX","beh.lnmids_1","","creation",FALSE,FALSE,FALSE,FALSE,FALSE,",",0,1,"objective",NA,NA,0,0,0,0,"dyadic",FALSE,"","oneMode","Group1",1,1085,"dv.net|creation|inActX|beh.lnmids_1||1|1|NA","unused_native_template"
"dv.net","outd. act.^(1/1) weighted beh.lnmids_1","indegree act.^(1/1) weighted beh.lnmids_1","outActX","beh.lnmids_1","","eval",FALSE,FALSE,FALSE,FALSE,FALSE,",",0,1,"objective",NA,NA,0,0,0,0,"dyadic",FALSE,"","oneMode","Group1",1,1086,"dv.net|eval|outActX|beh.lnmids_1||1|1|NA","unused_native_template"
"dv.net","outd. act.^(1/1) weighted beh.lnmids_1","Lost ties: indegree act.^(1/1) weighted beh.lnmids_1","outActX","beh.lnmids_1","","endow",FALSE,FALSE,FALSE,FALSE,FALSE,",",0,1,"objective",NA,NA,0,0,0,0,"dyadic",FALSE,"","oneMode","Group1",1,1087,"dv.net|endow|outActX|beh.lnmids_1||1|1|NA","unused_native_template"
"dv.net","outd. act.^(1/1) weighted beh.lnmids_1","New ties: indegree act.^(1/1) weighted beh.lnmids_1","outActX","beh.lnmids_1","","creation",FALSE,FALSE,FALSE,FALSE,FALSE,",",0,1,"objective",NA,NA,0,0,0,0,"dyadic",FALSE,"","oneMode","Group1",1,1088,"dv.net|creation|outActX|beh.lnmids_1||1|1|NA","unused_native_template"
"dv.net","same beh.lnmids_1","same beh.lnmids_1","sameX","beh.lnmids_1","","eval",FALSE,FALSE,FALSE,FALSE,FALSE,",",0,0,"objective",NA,NA,0,0,0,0,"dyadic",FALSE,"","oneMode","Group1",1,1089,"dv.net|eval|sameX|beh.lnmids_1||0|1|NA","unused_native_template"
"dv.net","same beh.lnmids_1","Lost ties: same beh.lnmids_1","sameX","beh.lnmids_1","","endow",FALSE,FALSE,FALSE,FALSE,FALSE,",",0,0,"objective",NA,NA,0,0,0,0,"dyadic",FALSE,"","oneMode","Group1",1,1090,"dv.net|endow|sameX|beh.lnmids_1||0|1|NA","unused_native_template"
"dv.net","same beh.lnmids_1","New ties: same beh.lnmids_1","sameX","beh.lnmids_1","","creation",FALSE,FALSE,FALSE,FALSE,FALSE,",",0,0,"objective",NA,NA,0,0,0,0,"dyadic",FALSE,"","oneMode","Group1",1,1091,"dv.net|creation|sameX|beh.lnmids_1||0|1|NA","unused_native_template"
"dv.net","ind. pop. from dif. beh.lnmids_1","indegree pop. from dif. values on beh.lnmids_1","diffXInPop","beh.lnmids_1","","eval",FALSE,FALSE,FALSE,FALSE,FALSE,",",0,0,"objective",NA,NA,0,0,0,0,"dyadic",FALSE,"","oneMode","Group1",1,1092,"dv.net|eval|diffXInPop|beh.lnmids_1||0|1|NA","unused_native_template"
"dv.net","ind. pop. from dif. beh.lnmids_1","Lost ties: indegree pop. from dif. values on beh.lnmids_1","diffXInPop","beh.lnmids_1","","endow",FALSE,FALSE,FALSE,FALSE,FALSE,",",0,0,"objective",NA,NA,0,0,0,0,"dyadic",FALSE,"","oneMode","Group1",1,1093,"dv.net|endow|diffXInPop|beh.lnmids_1||0|1|NA","unused_native_template"
"dv.net","ind. pop. from dif. beh.lnmids_1","New ties: indegree pop. from dif. values on beh.lnmids_1","diffXInPop","beh.lnmids_1","","creation",FALSE,FALSE,FALSE,FALSE,FALSE,",",0,0,"objective",NA,NA,0,0,0,0,"dyadic",FALSE,"","oneMode","Group1",1,1094,"dv.net|creation|diffXInPop|beh.lnmids_1||0|1|NA","unused_native_template"
"dv.net","outd. act. to same beh.lnmids_1","sum sqr. outd. to same values on beh.lnmids_1","sameXOutAct","beh.lnmids_1","","eval",FALSE,FALSE,FALSE,FALSE,FALSE,",",0,0,"objective",NA,NA,0,0,0,0,"",FALSE,"","oneMode","Group1",1,1095,"dv.net|eval|sameXOutAct|beh.lnmids_1||0|1|NA","unused_native_template"
"dv.net","outd. act. to same beh.lnmids_1","Lost ties: sum sqr. outd. to same values on beh.lnmids_1","sameXOutAct","beh.lnmids_1","","endow",FALSE,FALSE,FALSE,FALSE,FALSE,",",0,0,"objective",NA,NA,0,0,0,0,"",FALSE,"","oneMode","Group1",1,1096,"dv.net|endow|sameXOutAct|beh.lnmids_1||0|1|NA","unused_native_template"
"dv.net","outd. act. to same beh.lnmids_1","New ties: sum sqr. outd. to same values on beh.lnmids_1","sameXOutAct","beh.lnmids_1","","creation",FALSE,FALSE,FALSE,FALSE,FALSE,",",0,0,"objective",NA,NA,0,0,0,0,"",FALSE,"","oneMode","Group1",1,1097,"dv.net|creation|sameXOutAct|beh.lnmids_1||0|1|NA","unused_native_template"
"dv.net","outd. act. to dif. beh.lnmids_1","sum sqr. outd. to dif. values on beh.lnmids_1","diffXOutAct","beh.lnmids_1","","eval",FALSE,FALSE,FALSE,FALSE,FALSE,",",0,0,"objective",NA,NA,0,0,0,0,"",FALSE,"","oneMode","Group1",1,1098,"dv.net|eval|diffXOutAct|beh.lnmids_1||0|1|NA","unused_native_template"
"dv.net","outd. act. to dif. beh.lnmids_1","Lost ties: sum sqr. outd. to dif. values on beh.lnmids_1","diffXOutAct","beh.lnmids_1","","endow",FALSE,FALSE,FALSE,FALSE,FALSE,",",0,0,"objective",NA,NA,0,0,0,0,"",FALSE,"","oneMode","Group1",1,1099,"dv.net|endow|diffXOutAct|beh.lnmids_1||0|1|NA","unused_native_template"
"dv.net","outd. act. to dif. beh.lnmids_1","New ties: sum sqr. outd. to dif. values on beh.lnmids_1","diffXOutAct","beh.lnmids_1","","creation",FALSE,FALSE,FALSE,FALSE,FALSE,",",0,0,"objective",NA,NA,0,0,0,0,"",FALSE,"","oneMode","Group1",1,1100,"dv.net|creation|diffXOutAct|beh.lnmids_1||0|1|NA","unused_native_template"
"dv.net","outd. act. to hom. beh.lnmids_1","sum sqr. outd. to hom. values on beh.lnmids_1","homXOutAct","beh.lnmids_1","","eval",FALSE,FALSE,FALSE,FALSE,FALSE,",",0,0,"objective",NA,NA,0,0,0,0,"",FALSE,"","oneMode","Group1",1,1101,"dv.net|eval|homXOutAct|beh.lnmids_1||0|1|NA","unused_native_template"
"dv.net","outd. act. to hom. beh.lnmids_1","Lost ties: sum sqr. outd. to hom. values on beh.lnmids_1","homXOutAct","beh.lnmids_1","","endow",FALSE,FALSE,FALSE,FALSE,FALSE,",",0,0,"objective",NA,NA,0,0,0,0,"",FALSE,"","oneMode","Group1",1,1102,"dv.net|endow|homXOutAct|beh.lnmids_1||0|1|NA","unused_native_template"
"dv.net","outd. act. to hom. beh.lnmids_1","New ties: sum sqr. outd. to hom. values on beh.lnmids_1","homXOutAct","beh.lnmids_1","","creation",FALSE,FALSE,FALSE,FALSE,FALSE,",",0,0,"objective",NA,NA,0,0,0,0,"",FALSE,"","oneMode","Group1",1,1103,"dv.net|creation|homXOutAct|beh.lnmids_1||0|1|NA","unused_native_template"
"dv.net","outd. act. weight alt. beh.lnmids_1","sum sqr. outd. weight alt. beh.lnmids_1","altXOutAct","beh.lnmids_1","","eval",FALSE,FALSE,FALSE,FALSE,FALSE,",",0,0,"objective",NA,NA,0,0,0,0,"",FALSE,"","oneMode","Group1",1,1104,"dv.net|eval|altXOutAct|beh.lnmids_1||0|1|NA","unused_native_template"
"dv.net","outd. act. weight alt. beh.lnmids_1","Lost ties: sum sqr. outd. weight alt. beh.lnmids_1","altXOutAct","beh.lnmids_1","","endow",FALSE,FALSE,FALSE,FALSE,FALSE,",",0,0,"objective",NA,NA,0,0,0,0,"",FALSE,"","oneMode","Group1",1,1105,"dv.net|endow|altXOutAct|beh.lnmids_1||0|1|NA","unused_native_template"
"dv.net","outd. act. weight alt. beh.lnmids_1","New ties: sum sqr. outd. weight alt. beh.lnmids_1","altXOutAct","beh.lnmids_1","","creation",FALSE,FALSE,FALSE,FALSE,FALSE,",",0,0,"objective",NA,NA,0,0,0,0,"",FALSE,"","oneMode","Group1",1,1106,"dv.net|creation|altXOutAct|beh.lnmids_1||0|1|NA","unused_native_template"
"dv.net","trans. triads intermed. beh.lnmids_1","Number of trans. triads intermed. weight beh.lnmids_1","transTripX","beh.lnmids_1","","eval",FALSE,FALSE,FALSE,FALSE,FALSE,",",0,0,"objective",NA,NA,0,0,0,0,"",FALSE,"","oneMode","Group1",1,1107,"dv.net|eval|transTripX|beh.lnmids_1||0|1|NA","unused_native_template"
"dv.net","trans. triads intermed. beh.lnmids_1","Lost ties: Number of trans. triads intermed. weight beh.lnmids_1","transTripX","beh.lnmids_1","","endow",FALSE,FALSE,FALSE,FALSE,FALSE,",",0,0,"objective",NA,NA,0,0,0,0,"",FALSE,"","oneMode","Group1",1,1108,"dv.net|endow|transTripX|beh.lnmids_1||0|1|NA","unused_native_template"
"dv.net","trans. triads intermed. beh.lnmids_1","New ties: Number of trans. triads intermed. weight beh.lnmids_1","transTripX","beh.lnmids_1","","creation",FALSE,FALSE,FALSE,FALSE,FALSE,",",0,0,"objective",NA,NA,0,0,0,0,"",FALSE,"","oneMode","Group1",1,1109,"dv.net|creation|transTripX|beh.lnmids_1||0|1|NA","unused_native_template"
"dv.net","transitive triads same beh.lnmids_1","Number of transitive triads same on beh.lnmids_1","sameXTransTrip","beh.lnmids_1","","eval",FALSE,FALSE,FALSE,FALSE,FALSE,",",0,0,"objective",NA,NA,0,0,0,0,"",FALSE,"","oneMode","Group1",1,1110,"dv.net|eval|sameXTransTrip|beh.lnmids_1||0|1|NA","unused_native_template"
"dv.net","transitive triads same beh.lnmids_1","Lost ties: Number of transitive triads same on beh.lnmids_1","sameXTransTrip","beh.lnmids_1","","endow",FALSE,FALSE,FALSE,FALSE,FALSE,",",0,0,"objective",NA,NA,0,0,0,0,"",FALSE,"","oneMode","Group1",1,1111,"dv.net|endow|sameXTransTrip|beh.lnmids_1||0|1|NA","unused_native_template"
"dv.net","transitive triads same beh.lnmids_1","New ties: Number of transitive triads same on beh.lnmids_1","sameXTransTrip","beh.lnmids_1","","creation",FALSE,FALSE,FALSE,FALSE,FALSE,",",0,0,"objective",NA,NA,0,0,0,0,"",FALSE,"","oneMode","Group1",1,1112,"dv.net|creation|sameXTransTrip|beh.lnmids_1||0|1|NA","unused_native_template"
"dv.net","transitive triads diff. beh.lnmids_1","Number of transitive triads diff. on beh.lnmids_1","diffXTransTrip","beh.lnmids_1","","eval",FALSE,FALSE,FALSE,FALSE,FALSE,",",0,0,"objective",NA,NA,0,0,0,0,"",FALSE,"","oneMode","Group1",1,1113,"dv.net|eval|diffXTransTrip|beh.lnmids_1||0|1|NA","unused_native_template"
"dv.net","transitive triads diff. beh.lnmids_1","Lost ties: Number of transitive triads diff. on beh.lnmids_1","diffXTransTrip","beh.lnmids_1","","endow",FALSE,FALSE,FALSE,FALSE,FALSE,",",0,0,"objective",NA,NA,0,0,0,0,"",FALSE,"","oneMode","Group1",1,1114,"dv.net|endow|diffXTransTrip|beh.lnmids_1||0|1|NA","unused_native_template"
"dv.net","transitive triads diff. beh.lnmids_1","New ties: Number of transitive triads diff. on beh.lnmids_1","diffXTransTrip","beh.lnmids_1","","creation",FALSE,FALSE,FALSE,FALSE,FALSE,",",0,0,"objective",NA,NA,0,0,0,0,"",FALSE,"","oneMode","Group1",1,1115,"dv.net|creation|diffXTransTrip|beh.lnmids_1||0|1|NA","unused_native_template"
"dv.net","transitive triplets homog. beh.lnmids_1","Number of transitive triplets homogeneous on beh.lnmids_1","homXTransTrip","beh.lnmids_1","","eval",FALSE,FALSE,FALSE,FALSE,FALSE,",",0,0,"objective",NA,NA,0,0,0,0,"",FALSE,"","oneMode","Group1",1,1116,"dv.net|eval|homXTransTrip|beh.lnmids_1||0|1|NA","unused_native_template"
"dv.net","transitive triplets homog. beh.lnmids_1","Lost ties: Number of transitive triplets homogeneous on beh.lnmids_1","homXTransTrip","beh.lnmids_1","","endow",FALSE,FALSE,FALSE,FALSE,FALSE,",",0,0,"objective",NA,NA,0,0,0,0,"",FALSE,"","oneMode","Group1",1,1117,"dv.net|endow|homXTransTrip|beh.lnmids_1||0|1|NA","unused_native_template"
"dv.net","transitive triplets homog. beh.lnmids_1","New ties: Number of transitive triplets homogeneous on beh.lnmids_1","homXTransTrip","beh.lnmids_1","","creation",FALSE,FALSE,FALSE,FALSE,FALSE,",",0,0,"objective",NA,NA,0,0,0,0,"",FALSE,"","oneMode","Group1",1,1118,"dv.net|creation|homXTransTrip|beh.lnmids_1||0|1|NA","unused_native_template"
"dv.net","transitive triads jumping beh.lnmids_1","Number of transitive triads jumping beh.lnmids_1","jumpXTransTrip","beh.lnmids_1","","eval",FALSE,FALSE,FALSE,FALSE,FALSE,",",0,0,"objective",NA,NA,0,0,0,0,"",FALSE,"","oneMode","Group1",1,1119,"dv.net|eval|jumpXTransTrip|beh.lnmids_1||0|1|NA","unused_native_template"
"dv.net","transitive triads jumping beh.lnmids_1","Lost ties: Number of transitive triads jumping beh.lnmids_1","jumpXTransTrip","beh.lnmids_1","","endow",FALSE,FALSE,FALSE,FALSE,FALSE,",",0,0,"objective",NA,NA,0,0,0,0,"",FALSE,"","oneMode","Group1",1,1120,"dv.net|endow|jumpXTransTrip|beh.lnmids_1||0|1|NA","unused_native_template"
"dv.net","transitive triads jumping beh.lnmids_1","New ties: Number of transitive triads jumping beh.lnmids_1","jumpXTransTrip","beh.lnmids_1","","creation",FALSE,FALSE,FALSE,FALSE,FALSE,",",0,0,"objective",NA,NA,0,0,0,0,"",FALSE,"","oneMode","Group1",1,1121,"dv.net|creation|jumpXTransTrip|beh.lnmids_1||0|1|NA","unused_native_template"
"dv.net","beh.lnmids_1 ego x beh.lnmids_1 alter","beh.lnmids_1 ego x beh.lnmids_1 alter","egoXaltX","beh.lnmids_1","","eval",FALSE,FALSE,FALSE,FALSE,FALSE,",",0,0,"objective",NA,NA,0,0,0,0,"dyadic",FALSE,"","oneMode","Group1",1,1122,"dv.net|eval|egoXaltX|beh.lnmids_1||0|1|NA","unused_native_template"
"dv.net","beh.lnmids_1 ego x beh.lnmids_1 alter","Lost ties: beh.lnmids_1 ego x beh.lnmids_1 alter","egoXaltX","beh.lnmids_1","","endow",FALSE,FALSE,FALSE,FALSE,FALSE,",",0,0,"objective",NA,NA,0,0,0,0,"dyadic",FALSE,"","oneMode","Group1",1,1123,"dv.net|endow|egoXaltX|beh.lnmids_1||0|1|NA","unused_native_template"
"dv.net","beh.lnmids_1 ego x beh.lnmids_1 alter","New ties: beh.lnmids_1 ego x beh.lnmids_1 alter","egoXaltX","beh.lnmids_1","","creation",FALSE,FALSE,FALSE,FALSE,FALSE,",",0,0,"objective",NA,NA,0,0,0,0,"dyadic",FALSE,"","oneMode","Group1",1,1124,"dv.net|creation|egoXaltX|beh.lnmids_1||0|1|NA","unused_native_template"
"dv.net","beh.lnmids_1 of indirect ties","beh.lnmids_1 of indirect ties","IndTies","beh.lnmids_1","","eval",FALSE,FALSE,FALSE,FALSE,FALSE,",",0,0,"objective",NA,NA,0,0,0,0,"dyadic",FALSE,"","oneMode","Group1",1,1125,"dv.net|eval|IndTies|beh.lnmids_1||0|1|NA","unused_native_template"
"dv.net","beh.lnmids_1 alter at dist 2 (1)","beh.lnmids_1 alter at dist 2 (1)","altDist2","beh.lnmids_1","","eval",FALSE,FALSE,FALSE,FALSE,FALSE,",",0,1,"objective",NA,NA,0,0,0,0,"dyadic",FALSE,"","oneMode","Group1",1,1126,"dv.net|eval|altDist2|beh.lnmids_1||1|1|NA","unused_native_template"
"dv.net","beh.lnmids_1 alter at dist 2 (1)","Lost ties: beh.lnmids_1 alter at dist 2 (1)","altDist2","beh.lnmids_1","","endow",FALSE,FALSE,FALSE,FALSE,FALSE,",",0,1,"objective",NA,NA,0,0,0,0,"dyadic",FALSE,"","oneMode","Group1",1,1127,"dv.net|endow|altDist2|beh.lnmids_1||1|1|NA","unused_native_template"
"dv.net","beh.lnmids_1 alter at dist 2 (1)","New ties: beh.lnmids_1 alter at dist 2 (1)","altDist2","beh.lnmids_1","","creation",FALSE,FALSE,FALSE,FALSE,FALSE,",",0,1,"objective",NA,NA,0,0,0,0,"dyadic",FALSE,"","oneMode","Group1",1,1128,"dv.net|creation|altDist2|beh.lnmids_1||1|1|NA","unused_native_template"
"dv.net","beh.lnmids_1 tot alter at dist 2 (1)","beh.lnmids_1 tot alter at dist 2 (1)","totDist2","beh.lnmids_1","","eval",FALSE,FALSE,FALSE,FALSE,FALSE,",",0,1,"objective",NA,NA,0,0,0,0,"dyadic",FALSE,"","oneMode","Group1",1,1129,"dv.net|eval|totDist2|beh.lnmids_1||1|1|NA","unused_native_template"
"dv.net","beh.lnmids_1 tot alter at dist 2 (1)","Lost ties: beh.lnmids_1 tot alter at dist 2 (1)","totDist2","beh.lnmids_1","","endow",FALSE,FALSE,FALSE,FALSE,FALSE,",",0,1,"objective",NA,NA,0,0,0,0,"dyadic",FALSE,"","oneMode","Group1",1,1130,"dv.net|endow|totDist2|beh.lnmids_1||1|1|NA","unused_native_template"
"dv.net","beh.lnmids_1 tot alter at dist 2 (1)","New ties: beh.lnmids_1 tot alter at dist 2 (1)","totDist2","beh.lnmids_1","","creation",FALSE,FALSE,FALSE,FALSE,FALSE,",",0,1,"objective",NA,NA,0,0,0,0,"dyadic",FALSE,"","oneMode","Group1",1,1131,"dv.net|creation|totDist2|beh.lnmids_1||1|1|NA","unused_native_template"
"dv.net","beh.lnmids_1 ego-alter dist 2 similarity","beh.lnmids_1 ego-alter dist 2 similarity","simEgoDist2","beh.lnmids_1","","eval",FALSE,FALSE,FALSE,FALSE,FALSE,",",0,1,"objective",NA,NA,0,0,0,0,"dyadic",FALSE,"","oneMode","Group1",1,1132,"dv.net|eval|simEgoDist2|beh.lnmids_1||1|1|NA","unused_native_template"
"dv.net","beh.lnmids_1 ego-alter dist 2 similarity","Lost ties: beh.lnmids_1 ego-alter dist 2 similarity","simEgoDist2","beh.lnmids_1","","endow",FALSE,FALSE,FALSE,FALSE,FALSE,",",0,1,"objective",NA,NA,0,0,0,0,"dyadic",FALSE,"","oneMode","Group1",1,1133,"dv.net|endow|simEgoDist2|beh.lnmids_1||1|1|NA","unused_native_template"
"dv.net","beh.lnmids_1 ego-alter dist 2 similarity","New ties: beh.lnmids_1 ego-alter dist 2 similarity","simEgoDist2","beh.lnmids_1","","creation",FALSE,FALSE,FALSE,FALSE,FALSE,",",0,1,"objective",NA,NA,0,0,0,0,"dyadic",FALSE,"","oneMode","Group1",1,1134,"dv.net|creation|simEgoDist2|beh.lnmids_1||1|1|NA","unused_native_template"
"dv.net","beh.lnmids_1 similarity at dist 2","beh.lnmids_1 similarity at dist 2","simDist2","beh.lnmids_1","","eval",FALSE,FALSE,FALSE,FALSE,FALSE,",",0,1,"objective",NA,NA,0,0,0,0,"dyadic",FALSE,"","oneMode","Group1",1,1135,"dv.net|eval|simDist2|beh.lnmids_1||1|1|NA","unused_native_template"
"dv.net","beh.lnmids_1 similarity at dist 2","Lost ties: beh.lnmids_1 similarity at dist 2","simDist2","beh.lnmids_1","","endow",FALSE,FALSE,FALSE,FALSE,FALSE,",",0,1,"objective",NA,NA,0,0,0,0,"dyadic",FALSE,"","oneMode","Group1",1,1136,"dv.net|endow|simDist2|beh.lnmids_1||1|1|NA","unused_native_template"
"dv.net","beh.lnmids_1 similarity at dist 2","New ties: beh.lnmids_1 similarity at dist 2","simDist2","beh.lnmids_1","","creation",FALSE,FALSE,FALSE,FALSE,FALSE,",",0,1,"objective",NA,NA,0,0,0,0,"dyadic",FALSE,"","oneMode","Group1",1,1137,"dv.net|creation|simDist2|beh.lnmids_1||1|1|NA","unused_native_template"
"dv.net","beh.lnmids_1 in-alter dist 2","beh.lnmids_1 in-alter dist 2","altInDist2","beh.lnmids_1","","eval",FALSE,FALSE,FALSE,FALSE,FALSE,",",0,0,"objective",NA,NA,0,0,0,0,"dyadic",FALSE,"","oneMode","Group1",1,1138,"dv.net|eval|altInDist2|beh.lnmids_1||0|1|NA","unused_native_template"
"dv.net","beh.lnmids_1 in-alter dist 2","Lost ties: beh.lnmids_1 in-alter dist 2","altInDist2","beh.lnmids_1","","endow",FALSE,FALSE,FALSE,FALSE,FALSE,",",0,0,"objective",NA,NA,0,0,0,0,"dyadic",FALSE,"","oneMode","Group1",1,1139,"dv.net|endow|altInDist2|beh.lnmids_1||0|1|NA","unused_native_template"
"dv.net","beh.lnmids_1 in-alter dist 2","New ties: beh.lnmids_1 in-alter dist 2","altInDist2","beh.lnmids_1","","creation",FALSE,FALSE,FALSE,FALSE,FALSE,",",0,0,"objective",NA,NA,0,0,0,0,"dyadic",FALSE,"","oneMode","Group1",1,1140,"dv.net|creation|altInDist2|beh.lnmids_1||0|1|NA","unused_native_template"
"dv.net","beh.lnmids_1 tot in-alter dist 2","beh.lnmids_1 tot in-alter dist 2","totInDist2","beh.lnmids_1","","eval",FALSE,FALSE,FALSE,FALSE,FALSE,",",0,0,"objective",NA,NA,0,0,0,0,"dyadic",FALSE,"","oneMode","Group1",1,1141,"dv.net|eval|totInDist2|beh.lnmids_1||0|1|NA","unused_native_template"
"dv.net","beh.lnmids_1 tot in-alter dist 2","Lost ties: beh.lnmids_1 tot in-alter dist 2","totInDist2","beh.lnmids_1","","endow",FALSE,FALSE,FALSE,FALSE,FALSE,",",0,0,"objective",NA,NA,0,0,0,0,"dyadic",FALSE,"","oneMode","Group1",1,1142,"dv.net|endow|totInDist2|beh.lnmids_1||0|1|NA","unused_native_template"
"dv.net","beh.lnmids_1 tot in-alter dist 2","New ties: beh.lnmids_1 tot in-alter dist 2","totInDist2","beh.lnmids_1","","creation",FALSE,FALSE,FALSE,FALSE,FALSE,",",0,0,"objective",NA,NA,0,0,0,0,"dyadic",FALSE,"","oneMode","Group1",1,1143,"dv.net|creation|totInDist2|beh.lnmids_1||0|1|NA","unused_native_template"
"dv.net","beh.lnmids_1 ego-in-alter dist 2 similarity","beh.lnmids_1 ego-in-alter dist 2 similarity","simEgoInDist2","beh.lnmids_1","","eval",FALSE,FALSE,FALSE,FALSE,FALSE,",",0,1,"objective",NA,NA,0,0,0,0,"dyadic",FALSE,"","oneMode","Group1",1,1144,"dv.net|eval|simEgoInDist2|beh.lnmids_1||1|1|NA","unused_native_template"
"dv.net","beh.lnmids_1 ego-in-alter dist 2 similarity","Lost ties: beh.lnmids_1 ego-in-alter dist 2 similarity","simEgoInDist2","beh.lnmids_1","","endow",FALSE,FALSE,FALSE,FALSE,FALSE,",",0,1,"objective",NA,NA,0,0,0,0,"dyadic",FALSE,"","oneMode","Group1",1,1145,"dv.net|endow|simEgoInDist2|beh.lnmids_1||1|1|NA","unused_native_template"
"dv.net","beh.lnmids_1 ego-in-alter dist 2 similarity","New ties: beh.lnmids_1 ego-in-alter dist 2 similarity","simEgoInDist2","beh.lnmids_1","","creation",FALSE,FALSE,FALSE,FALSE,FALSE,",",0,1,"objective",NA,NA,0,0,0,0,"dyadic",FALSE,"","oneMode","Group1",1,1146,"dv.net|creation|simEgoInDist2|beh.lnmids_1||1|1|NA","unused_native_template"
"dv.net","beh.lnmids_1 group-av. ego","Sum of degr. x aver. beh.lnmids_1","avGroupEgoX","beh.lnmids_1","","eval",FALSE,FALSE,FALSE,FALSE,FALSE,",",0,0,"objective",NA,NA,0,0,0,0,"ego",FALSE,"","oneMode","Group1",1,1147,"dv.net|eval|avGroupEgoX|beh.lnmids_1||0|1|NA","unused_native_template"
"dv.net","beh.lnmids_1 group-av. ego","Lost ties: Sum of degr. x aver. beh.lnmids_1","avGroupEgoX","beh.lnmids_1","","endow",FALSE,FALSE,FALSE,FALSE,FALSE,",",0,0,"objective",NA,NA,0,0,0,0,"ego",FALSE,"","oneMode","Group1",1,1148,"dv.net|endow|avGroupEgoX|beh.lnmids_1||0|1|NA","unused_native_template"
"dv.net","beh.lnmids_1 group-av. ego","New ties: Sum of degr. x aver. beh.lnmids_1","avGroupEgoX","beh.lnmids_1","","creation",FALSE,FALSE,FALSE,FALSE,FALSE,",",0,0,"objective",NA,NA,0,0,0,0,"ego",FALSE,"","oneMode","Group1",1,1149,"dv.net|creation|avGroupEgoX|beh.lnmids_1||0|1|NA","unused_native_template"
"dv.net","beh.lncinc_1 alter","Sum of degrees x beh.lncinc_1","altX","beh.lncinc_1","","eval",FALSE,TRUE,FALSE,FALSE,FALSE,",",0,0,"objective",NA,NA,0,0,0,0,"dyadic",FALSE,"","oneMode","Group1",1,1150,"network|atom(altX|0|beh.lncinc_1)","original_control_or_spending"
"dv.net","beh.lncinc_1 alter","Lost ties: Sum of degrees x beh.lncinc_1","altX","beh.lncinc_1","","endow",FALSE,FALSE,FALSE,FALSE,FALSE,",",0,0,"objective",NA,NA,0,0,0,0,"dyadic",FALSE,"","oneMode","Group1",1,1151,"dv.net|endow|altX|beh.lncinc_1||0|1|NA","unused_native_template"
"dv.net","beh.lncinc_1 alter","New ties: Sum of degrees x beh.lncinc_1","altX","beh.lncinc_1","","creation",FALSE,FALSE,FALSE,FALSE,FALSE,",",0,0,"objective",NA,NA,0,0,0,0,"dyadic",FALSE,"","oneMode","Group1",1,1152,"dv.net|creation|altX|beh.lncinc_1||0|1|NA","unused_native_template"
"dv.net","beh.lncinc_1 squared alt","Sum of degrees x squared beh.lncinc_1","altSqX","beh.lncinc_1","","eval",FALSE,FALSE,FALSE,FALSE,FALSE,",",0,0,"objective",NA,NA,0,0,0,0,"dyadic",FALSE,"","oneMode","Group1",1,1153,"dv.net|eval|altSqX|beh.lncinc_1||0|1|NA","unused_native_template"
"dv.net","beh.lncinc_1 squared alt","Lost ties: Sum of degrees x squared beh.lncinc_1","altSqX","beh.lncinc_1","","endow",FALSE,FALSE,FALSE,FALSE,FALSE,",",0,0,"objective",NA,NA,0,0,0,0,"dyadic",FALSE,"","oneMode","Group1",1,1154,"dv.net|endow|altSqX|beh.lncinc_1||0|1|NA","unused_native_template"
"dv.net","beh.lncinc_1 squared alt","New ties: Sum of degrees x squared beh.lncinc_1","altSqX","beh.lncinc_1","","creation",FALSE,FALSE,FALSE,FALSE,FALSE,",",0,0,"objective",NA,NA,0,0,0,0,"dyadic",FALSE,"","oneMode","Group1",1,1155,"dv.net|creation|altSqX|beh.lncinc_1||0|1|NA","unused_native_template"
"dv.net","beh.lncinc_1 left thr. (0) alter","Sum degr. * (beh.lncinc_1 <= 0)","altLThresholdX","beh.lncinc_1","","eval",FALSE,FALSE,FALSE,FALSE,FALSE,",",0,0,"objective",NA,NA,0,0,0,0,"ego",FALSE,"","oneMode","Group1",1,1156,"dv.net|eval|altLThresholdX|beh.lncinc_1||0|1|NA","unused_native_template"
"dv.net","beh.lncinc_1 left thr. (0) alter","Lost ties: Sum degr. * (beh.lncinc_1 <= 0)","altLThresholdX","beh.lncinc_1","","endow",FALSE,FALSE,FALSE,FALSE,FALSE,",",0,0,"objective",NA,NA,0,0,0,0,"ego",FALSE,"","oneMode","Group1",1,1157,"dv.net|endow|altLThresholdX|beh.lncinc_1||0|1|NA","unused_native_template"
"dv.net","beh.lncinc_1 left thr. (0) alter","New ties: Sum degr. * (beh.lncinc_1 <= 0)","altLThresholdX","beh.lncinc_1","","creation",FALSE,FALSE,FALSE,FALSE,FALSE,",",0,0,"objective",NA,NA,0,0,0,0,"ego",FALSE,"","oneMode","Group1",1,1158,"dv.net|creation|altLThresholdX|beh.lncinc_1||0|1|NA","unused_native_template"
"dv.net","beh.lncinc_1 right thr. (0) alter","Sum degr. * (beh.lncinc_1 >= 0)","altRThresholdX","beh.lncinc_1","","eval",FALSE,FALSE,FALSE,FALSE,FALSE,",",0,0,"objective",NA,NA,0,0,0,0,"ego",FALSE,"","oneMode","Group1",1,1159,"dv.net|eval|altRThresholdX|beh.lncinc_1||0|1|NA","unused_native_template"
"dv.net","beh.lncinc_1 right thr. (0) alter","Lost ties: Sum degr. * (beh.lncinc_1 >= 0)","altRThresholdX","beh.lncinc_1","","endow",FALSE,FALSE,FALSE,FALSE,FALSE,",",0,0,"objective",NA,NA,0,0,0,0,"ego",FALSE,"","oneMode","Group1",1,1160,"dv.net|endow|altRThresholdX|beh.lncinc_1||0|1|NA","unused_native_template"
"dv.net","beh.lncinc_1 right thr. (0) alter","New ties: Sum degr. * (beh.lncinc_1 >= 0)","altRThresholdX","beh.lncinc_1","","creation",FALSE,FALSE,FALSE,FALSE,FALSE,",",0,0,"objective",NA,NA,0,0,0,0,"ego",FALSE,"","oneMode","Group1",1,1161,"dv.net|creation|altRThresholdX|beh.lncinc_1||0|1|NA","unused_native_template"
"dv.net","beh.lncinc_1 ego","Sum of degrees x beh.lncinc_1","egoX","beh.lncinc_1","","eval",FALSE,FALSE,FALSE,FALSE,FALSE,",",0,0,"objective",NA,NA,0,0,0,0,"ego",FALSE,"","oneMode","Group1",1,1162,"network|atom(egoX|0|beh.lncinc_1)","unused_native_template"
"dv.net","beh.lncinc_1 ego","Lost ties: Sum of degrees x beh.lncinc_1","egoX","beh.lncinc_1","","endow",FALSE,FALSE,FALSE,FALSE,FALSE,",",0,0,"objective",NA,NA,0,0,0,0,"ego",FALSE,"","oneMode","Group1",1,1163,"dv.net|endow|egoX|beh.lncinc_1||0|1|NA","unused_native_template"
"dv.net","beh.lncinc_1 ego","New ties: Sum of degrees x beh.lncinc_1","egoX","beh.lncinc_1","","creation",FALSE,FALSE,FALSE,FALSE,FALSE,",",0,0,"objective",NA,NA,0,0,0,0,"ego",FALSE,"","oneMode","Group1",1,1164,"dv.net|creation|egoX|beh.lncinc_1||0|1|NA","unused_native_template"
"dv.net","beh.lncinc_1 ego","Gmm statistic: Sum of degrees x beh.lncinc_1","egoX_gmm","beh.lncinc_1","","gmm",FALSE,FALSE,FALSE,TRUE,FALSE,",",0,0,"gmm",NA,NA,0,0,0,0,"ego",FALSE,"","oneMode","Group1",1,1165,"dv.net|gmm|egoX_gmm|beh.lncinc_1||0|1|NA","unused_native_template"
"dv.net","beh.lncinc_1 squared ego","Sum of degrees x squared beh.lncinc_1","egoSqX","beh.lncinc_1","","eval",FALSE,FALSE,FALSE,FALSE,FALSE,",",0,0,"objective",NA,NA,0,0,0,0,"dyadic",FALSE,"","oneMode","Group1",1,1166,"dv.net|eval|egoSqX|beh.lncinc_1||0|1|NA","unused_native_template"
"dv.net","beh.lncinc_1 squared ego","Lost ties: Sum of degrees x squared beh.lncinc_1","egoSqX","beh.lncinc_1","","endow",FALSE,FALSE,FALSE,FALSE,FALSE,",",0,0,"objective",NA,NA,0,0,0,0,"dyadic",FALSE,"","oneMode","Group1",1,1167,"dv.net|endow|egoSqX|beh.lncinc_1||0|1|NA","unused_native_template"
"dv.net","beh.lncinc_1 squared ego","New ties: Sum of degrees x squared beh.lncinc_1","egoSqX","beh.lncinc_1","","creation",FALSE,FALSE,FALSE,FALSE,FALSE,",",0,0,"objective",NA,NA,0,0,0,0,"dyadic",FALSE,"","oneMode","Group1",1,1168,"dv.net|creation|egoSqX|beh.lncinc_1||0|1|NA","unused_native_template"
"dv.net","beh.lncinc_1 ego and alt","2 * sum degr. x beh.lncinc_1","egoPlusAltX","beh.lncinc_1","","eval",FALSE,FALSE,FALSE,FALSE,FALSE,",",0,0,"objective",NA,NA,0,0,0,0,"dyadic",FALSE,"","oneMode","Group1",1,1169,"dv.net|eval|egoPlusAltX|beh.lncinc_1||0|1|NA","unused_native_template"
"dv.net","beh.lncinc_1 ego and alt","Lost ties: 2 * sum degr. x beh.lncinc_1","egoPlusAltX","beh.lncinc_1","","endow",FALSE,FALSE,FALSE,FALSE,FALSE,",",0,0,"objective",NA,NA,0,0,0,0,"dyadic",FALSE,"","oneMode","Group1",1,1170,"dv.net|endow|egoPlusAltX|beh.lncinc_1||0|1|NA","unused_native_template"
"dv.net","beh.lncinc_1 ego and alt","New ties: 2 * sum degr. x beh.lncinc_1","egoPlusAltX","beh.lncinc_1","","creation",FALSE,FALSE,FALSE,FALSE,FALSE,",",0,0,"objective",NA,NA,0,0,0,0,"dyadic",FALSE,"","oneMode","Group1",1,1171,"dv.net|creation|egoPlusAltX|beh.lncinc_1||0|1|NA","unused_native_template"
"dv.net","beh.lncinc_1 sq. ego and alt","2 * sum degr. x squared beh.lncinc_1","egoPlusAltSqX","beh.lncinc_1","","eval",FALSE,FALSE,FALSE,FALSE,FALSE,",",0,0,"objective",NA,NA,0,0,0,0,"dyadic",FALSE,"","oneMode","Group1",1,1172,"dv.net|eval|egoPlusAltSqX|beh.lncinc_1||0|1|NA","unused_native_template"
"dv.net","beh.lncinc_1 sq. ego and alt","Lost ties: 2 * sum degr. x squared beh.lncinc_1","egoPlusAltSqX","beh.lncinc_1","","endow",FALSE,FALSE,FALSE,FALSE,FALSE,",",0,0,"objective",NA,NA,0,0,0,0,"dyadic",FALSE,"","oneMode","Group1",1,1173,"dv.net|endow|egoPlusAltSqX|beh.lncinc_1||0|1|NA","unused_native_template"
"dv.net","beh.lncinc_1 sq. ego and alt","New ties: 2 * sum degr. x squared beh.lncinc_1","egoPlusAltSqX","beh.lncinc_1","","creation",FALSE,FALSE,FALSE,FALSE,FALSE,",",0,0,"objective",NA,NA,0,0,0,0,"dyadic",FALSE,"","oneMode","Group1",1,1174,"dv.net|creation|egoPlusAltSqX|beh.lncinc_1||0|1|NA","unused_native_template"
"dv.net","beh.lncinc_1 left thr. (0) ego","Sum degr. * (beh.lncinc_1 <= 0)","egoLThresholdX","beh.lncinc_1","","eval",FALSE,FALSE,FALSE,FALSE,FALSE,",",0,0,"objective",NA,NA,0,0,0,0,"ego",FALSE,"","oneMode","Group1",1,1175,"dv.net|eval|egoLThresholdX|beh.lncinc_1||0|1|NA","unused_native_template"
"dv.net","beh.lncinc_1 left thr. (0) ego","Lost ties: Sum degr. * (beh.lncinc_1 <= 0)","egoLThresholdX","beh.lncinc_1","","endow",FALSE,FALSE,FALSE,FALSE,FALSE,",",0,0,"objective",NA,NA,0,0,0,0,"ego",FALSE,"","oneMode","Group1",1,1176,"dv.net|endow|egoLThresholdX|beh.lncinc_1||0|1|NA","unused_native_template"
"dv.net","beh.lncinc_1 left thr. (0) ego","New ties: Sum degr. * (beh.lncinc_1 <= 0)","egoLThresholdX","beh.lncinc_1","","creation",FALSE,FALSE,FALSE,FALSE,FALSE,",",0,0,"objective",NA,NA,0,0,0,0,"ego",FALSE,"","oneMode","Group1",1,1177,"dv.net|creation|egoLThresholdX|beh.lncinc_1||0|1|NA","unused_native_template"
"dv.net","beh.lncinc_1 right thr. (0) ego","Sum degr. * (beh.lncinc_1 >= 0)","egoRThresholdX","beh.lncinc_1","","eval",FALSE,FALSE,FALSE,FALSE,FALSE,",",0,0,"objective",NA,NA,0,0,0,0,"ego",FALSE,"","oneMode","Group1",1,1178,"dv.net|eval|egoRThresholdX|beh.lncinc_1||0|1|NA","unused_native_template"
"dv.net","beh.lncinc_1 right thr. (0) ego","Lost ties: Sum degr. * (beh.lncinc_1 >= 0)","egoRThresholdX","beh.lncinc_1","","endow",FALSE,FALSE,FALSE,FALSE,FALSE,",",0,0,"objective",NA,NA,0,0,0,0,"ego",FALSE,"","oneMode","Group1",1,1179,"dv.net|endow|egoRThresholdX|beh.lncinc_1||0|1|NA","unused_native_template"
"dv.net","beh.lncinc_1 right thr. (0) ego","New ties: Sum degr. * (beh.lncinc_1 >= 0)","egoRThresholdX","beh.lncinc_1","","creation",FALSE,FALSE,FALSE,FALSE,FALSE,",",0,0,"objective",NA,NA,0,0,0,0,"ego",FALSE,"","oneMode","Group1",1,1180,"dv.net|creation|egoRThresholdX|beh.lncinc_1||0|1|NA","unused_native_template"
"dv.net","abs. (outdegree - beh.lncinc_1)","Sum of abs. (outdeg. - beh.lncinc_1)","degAbsDiffX","beh.lncinc_1","","eval",FALSE,FALSE,FALSE,FALSE,FALSE,",",0,0,"objective",NA,NA,0,0,0,0,"ego",FALSE,"","oneMode","Group1",1,1181,"dv.net|eval|degAbsDiffX|beh.lncinc_1||0|1|NA","unused_native_template"
"dv.net","abs. (outdegree - beh.lncinc_1)","Lost ties: Sum of abs. (outdeg. - beh.lncinc_1)","degAbsDiffX","beh.lncinc_1","","endow",FALSE,FALSE,FALSE,FALSE,FALSE,",",0,0,"objective",NA,NA,0,0,0,0,"ego",FALSE,"","oneMode","Group1",1,1182,"dv.net|endow|degAbsDiffX|beh.lncinc_1||0|1|NA","unused_native_template"
"dv.net","abs. (outdegree - beh.lncinc_1)","New ties: Sum of abs. (outdeg. - beh.lncinc_1)","degAbsDiffX","beh.lncinc_1","","creation",FALSE,FALSE,FALSE,FALSE,FALSE,",",0,0,"objective",NA,NA,0,0,0,0,"ego",FALSE,"","oneMode","Group1",1,1183,"dv.net|creation|degAbsDiffX|beh.lncinc_1||0|1|NA","unused_native_template"
"dv.net","pos. (outdegree - beh.lncinc_1)","Sum of pos. (outdeg. - beh.lncinc_1)","degPosDiffX","beh.lncinc_1","","eval",FALSE,FALSE,FALSE,FALSE,FALSE,",",0,0,"objective",NA,NA,0,0,0,0,"ego",FALSE,"","oneMode","Group1",1,1184,"dv.net|eval|degPosDiffX|beh.lncinc_1||0|1|NA","unused_native_template"
"dv.net","pos. (outdegree - beh.lncinc_1)","Lost ties: Sum of pos. (outdeg. - beh.lncinc_1)","degPosDiffX","beh.lncinc_1","","endow",FALSE,FALSE,FALSE,FALSE,FALSE,",",0,0,"objective",NA,NA,0,0,0,0,"ego",FALSE,"","oneMode","Group1",1,1185,"dv.net|endow|degPosDiffX|beh.lncinc_1||0|1|NA","unused_native_template"
"dv.net","pos. (outdegree - beh.lncinc_1)","New ties: Sum of pos. (outdeg. - beh.lncinc_1)","degPosDiffX","beh.lncinc_1","","creation",FALSE,FALSE,FALSE,FALSE,FALSE,",",0,0,"objective",NA,NA,0,0,0,0,"ego",FALSE,"","oneMode","Group1",1,1186,"dv.net|creation|degPosDiffX|beh.lncinc_1||0|1|NA","unused_native_template"
"dv.net","neg. (beh.lncinc_1 - outdegree)","Sum of neg. (beh.lncinc_1 - outdegree)","degNegDiffX","beh.lncinc_1","","eval",FALSE,FALSE,FALSE,FALSE,FALSE,",",0,0,"objective",NA,NA,0,0,0,0,"ego",FALSE,"","oneMode","Group1",1,1187,"dv.net|eval|degNegDiffX|beh.lncinc_1||0|1|NA","unused_native_template"
"dv.net","neg. (beh.lncinc_1 - outdegree)","Lost ties: Sum of neg. (beh.lncinc_1 - outdegree)","degNegDiffX","beh.lncinc_1","","endow",FALSE,FALSE,FALSE,FALSE,FALSE,",",0,0,"objective",NA,NA,0,0,0,0,"ego",FALSE,"","oneMode","Group1",1,1188,"dv.net|endow|degNegDiffX|beh.lncinc_1||0|1|NA","unused_native_template"
"dv.net","neg. (beh.lncinc_1 - outdegree)","New ties: Sum of neg. (beh.lncinc_1 - outdegree)","degNegDiffX","beh.lncinc_1","","creation",FALSE,FALSE,FALSE,FALSE,FALSE,",",0,0,"objective",NA,NA,0,0,0,0,"ego",FALSE,"","oneMode","Group1",1,1189,"dv.net|creation|degNegDiffX|beh.lncinc_1||0|1|NA","unused_native_template"
"dv.net","beh.lncinc_1 difference","Sum_ties diff beh.lncinc_1","diffX","beh.lncinc_1","","eval",FALSE,FALSE,FALSE,FALSE,FALSE,",",0,0,"objective",NA,NA,0,0,0,0,"dyadic",FALSE,"","oneMode","Group1",1,1190,"dv.net|eval|diffX|beh.lncinc_1||0|1|NA","unused_native_template"
"dv.net","beh.lncinc_1 difference","Lost ties: Sum_ties diff beh.lncinc_1","diffX","beh.lncinc_1","","endow",FALSE,FALSE,FALSE,FALSE,FALSE,",",0,0,"objective",NA,NA,0,0,0,0,"dyadic",FALSE,"","oneMode","Group1",1,1191,"dv.net|endow|diffX|beh.lncinc_1||0|1|NA","unused_native_template"
"dv.net","beh.lncinc_1 difference","New ties: Sum_ties diff beh.lncinc_1","diffX","beh.lncinc_1","","creation",FALSE,FALSE,FALSE,FALSE,FALSE,",",0,0,"objective",NA,NA,0,0,0,0,"dyadic",FALSE,"","oneMode","Group1",1,1192,"dv.net|creation|diffX|beh.lncinc_1||0|1|NA","unused_native_template"
"dv.net","beh.lncinc_1 abs. difference","Sum_ties abs.diff beh.lncinc_1","absDiffX","beh.lncinc_1","","eval",FALSE,FALSE,FALSE,FALSE,FALSE,",",0,0,"objective",NA,NA,0,0,0,0,"dyadic",FALSE,"","oneMode","Group1",1,1193,"dv.net|eval|absDiffX|beh.lncinc_1||0|1|NA","unused_native_template"
"dv.net","beh.lncinc_1 abs. difference","Lost ties: Sum_ties abs.diff beh.lncinc_1","absDiffX","beh.lncinc_1","","endow",FALSE,FALSE,FALSE,FALSE,FALSE,",",0,0,"objective",NA,NA,0,0,0,0,"dyadic",FALSE,"","oneMode","Group1",1,1194,"dv.net|endow|absDiffX|beh.lncinc_1||0|1|NA","unused_native_template"
"dv.net","beh.lncinc_1 abs. difference","New ties: Sum_ties abs.diff beh.lncinc_1","absDiffX","beh.lncinc_1","","creation",FALSE,FALSE,FALSE,FALSE,FALSE,",",0,0,"objective",NA,NA,0,0,0,0,"dyadic",FALSE,"","oneMode","Group1",1,1195,"dv.net|creation|absDiffX|beh.lncinc_1||0|1|NA","unused_native_template"
"dv.net","beh.lncinc_1 diff. squared","Sum_ties diff.sq beh.lncinc_1","diffSqX","beh.lncinc_1","","eval",FALSE,FALSE,FALSE,FALSE,FALSE,",",0,0,"objective",NA,NA,0,0,0,0,"dyadic",FALSE,"","oneMode","Group1",1,1196,"dv.net|eval|diffSqX|beh.lncinc_1||0|1|NA","unused_native_template"
"dv.net","beh.lncinc_1 diff. squared","Lost ties: Sum_ties diff.sq beh.lncinc_1","diffSqX","beh.lncinc_1","","endow",FALSE,FALSE,FALSE,FALSE,FALSE,",",0,0,"objective",NA,NA,0,0,0,0,"dyadic",FALSE,"","oneMode","Group1",1,1197,"dv.net|endow|diffSqX|beh.lncinc_1||0|1|NA","unused_native_template"
"dv.net","beh.lncinc_1 diff. squared","New ties: Sum_ties diff.sq beh.lncinc_1","diffSqX","beh.lncinc_1","","creation",FALSE,FALSE,FALSE,FALSE,FALSE,",",0,0,"objective",NA,NA,0,0,0,0,"dyadic",FALSE,"","oneMode","Group1",1,1198,"dv.net|creation|diffSqX|beh.lncinc_1||0|1|NA","unused_native_template"
"dv.net","beh.lncinc_1 ego * diff.","Sum_ties ego x diff beh.lncinc_1","egoDiffX","beh.lncinc_1","","eval",FALSE,FALSE,FALSE,FALSE,FALSE,",",0,0,"objective",NA,NA,0,0,0,0,"dyadic",FALSE,"","oneMode","Group1",1,1199,"dv.net|eval|egoDiffX|beh.lncinc_1||0|1|NA","unused_native_template"
"dv.net","beh.lncinc_1 ego * diff.","Lost ties: Sum_ties ego x diff beh.lncinc_1","egoDiffX","beh.lncinc_1","","endow",FALSE,FALSE,FALSE,FALSE,FALSE,",",0,0,"objective",NA,NA,0,0,0,0,"dyadic",FALSE,"","oneMode","Group1",1,1200,"dv.net|endow|egoDiffX|beh.lncinc_1||0|1|NA","unused_native_template"
"dv.net","beh.lncinc_1 ego * diff.","New ties: Sum_ties ego x diff beh.lncinc_1","egoDiffX","beh.lncinc_1","","creation",FALSE,FALSE,FALSE,FALSE,FALSE,",",0,0,"objective",NA,NA,0,0,0,0,"dyadic",FALSE,"","oneMode","Group1",1,1201,"dv.net|creation|egoDiffX|beh.lncinc_1||0|1|NA","unused_native_template"
"dv.net","beh.lncinc_1 similarity","beh.lncinc_1 similarity","simX","beh.lncinc_1","","eval",FALSE,FALSE,FALSE,FALSE,FALSE,",",0,0,"objective",NA,NA,0,0,0,0,"dyadic",FALSE,"","oneMode","Group1",1,1202,"dv.net|eval|simX|beh.lncinc_1||0|1|NA","unused_native_template"
"dv.net","beh.lncinc_1 similarity","Lost ties: beh.lncinc_1 similarity","simX","beh.lncinc_1","","endow",FALSE,FALSE,FALSE,FALSE,FALSE,",",0,0,"objective",NA,NA,0,0,0,0,"dyadic",FALSE,"","oneMode","Group1",1,1203,"dv.net|endow|simX|beh.lncinc_1||0|1|NA","unused_native_template"
"dv.net","beh.lncinc_1 similarity","New ties: beh.lncinc_1 similarity","simX","beh.lncinc_1","","creation",FALSE,FALSE,FALSE,FALSE,FALSE,",",0,0,"objective",NA,NA,0,0,0,0,"dyadic",FALSE,"","oneMode","Group1",1,1204,"dv.net|creation|simX|beh.lncinc_1||0|1|NA","unused_native_template"
"dv.net","beh.lncinc_1 similarity","Gmm statistic: beh.lncinc_1 similarity","simX_gmm","beh.lncinc_1","","gmm",FALSE,FALSE,FALSE,TRUE,FALSE,",",0,0,"gmm",NA,NA,0,0,0,0,"dyadic",FALSE,"","oneMode","Group1",1,1205,"dv.net|gmm|simX_gmm|beh.lncinc_1||0|1|NA","unused_native_template"
"dv.net","ind. pop.^(1/1) weighted beh.lncinc_1","indegree pop.^(1/1) weighted beh.lncinc_1","inPopX","beh.lncinc_1","","eval",FALSE,FALSE,FALSE,FALSE,FALSE,",",0,1,"objective",NA,NA,0,0,0,0,"dyadic",FALSE,"","oneMode","Group1",1,1206,"dv.net|eval|inPopX|beh.lncinc_1||1|1|NA","unused_native_template"
"dv.net","ind. pop.^(1/1) weighted beh.lncinc_1","Lost ties: indegree pop.^(1/1) weighted beh.lncinc_1","inPopX","beh.lncinc_1","","endow",FALSE,FALSE,FALSE,FALSE,FALSE,",",0,1,"objective",NA,NA,0,0,0,0,"dyadic",FALSE,"","oneMode","Group1",1,1207,"dv.net|endow|inPopX|beh.lncinc_1||1|1|NA","unused_native_template"
"dv.net","ind. pop.^(1/1) weighted beh.lncinc_1","New ties: indegree pop.^(1/1) weighted beh.lncinc_1","inPopX","beh.lncinc_1","","creation",FALSE,FALSE,FALSE,FALSE,FALSE,",",0,1,"objective",NA,NA,0,0,0,0,"dyadic",FALSE,"","oneMode","Group1",1,1208,"dv.net|creation|inPopX|beh.lncinc_1||1|1|NA","unused_native_template"
"dv.net","outd. pop.^(1/1) weighted beh.lncinc_1","outdegree pop.^(1/1) weighted beh.lncinc_1","outPopX","beh.lncinc_1","","eval",FALSE,FALSE,FALSE,FALSE,FALSE,",",0,1,"objective",NA,NA,0,0,0,0,"dyadic",FALSE,"","oneMode","Group1",1,1209,"dv.net|eval|outPopX|beh.lncinc_1||1|1|NA","unused_native_template"
"dv.net","outd. pop.^(1/1) weighted beh.lncinc_1","Lost ties: outdegree pop.^(1/1) weighted beh.lncinc_1","outPopX","beh.lncinc_1","","endow",FALSE,FALSE,FALSE,FALSE,FALSE,",",0,1,"objective",NA,NA,0,0,0,0,"dyadic",FALSE,"","oneMode","Group1",1,1210,"dv.net|endow|outPopX|beh.lncinc_1||1|1|NA","unused_native_template"
"dv.net","outd. pop.^(1/1) weighted beh.lncinc_1","New ties: outdegree pop.^(1/1) weighted beh.lncinc_1","outPopX","beh.lncinc_1","","creation",FALSE,FALSE,FALSE,FALSE,FALSE,",",0,1,"objective",NA,NA,0,0,0,0,"dyadic",FALSE,"","oneMode","Group1",1,1211,"dv.net|creation|outPopX|beh.lncinc_1||1|1|NA","unused_native_template"
"dv.net","ind. act.^(1/1) weighted beh.lncinc_1","indegree act.^(1/1) weighted beh.lncinc_1","inActX","beh.lncinc_1","","eval",FALSE,FALSE,FALSE,FALSE,FALSE,",",0,1,"objective",NA,NA,0,0,0,0,"dyadic",FALSE,"","oneMode","Group1",1,1212,"dv.net|eval|inActX|beh.lncinc_1||1|1|NA","unused_native_template"
"dv.net","ind. act.^(1/1) weighted beh.lncinc_1","Lost ties: indegree act.^(1/1) weighted beh.lncinc_1","inActX","beh.lncinc_1","","endow",FALSE,FALSE,FALSE,FALSE,FALSE,",",0,1,"objective",NA,NA,0,0,0,0,"dyadic",FALSE,"","oneMode","Group1",1,1213,"dv.net|endow|inActX|beh.lncinc_1||1|1|NA","unused_native_template"
"dv.net","ind. act.^(1/1) weighted beh.lncinc_1","New ties: indegree act.^(1/1) weighted beh.lncinc_1","inActX","beh.lncinc_1","","creation",FALSE,FALSE,FALSE,FALSE,FALSE,",",0,1,"objective",NA,NA,0,0,0,0,"dyadic",FALSE,"","oneMode","Group1",1,1214,"dv.net|creation|inActX|beh.lncinc_1||1|1|NA","unused_native_template"
"dv.net","outd. act.^(1/1) weighted beh.lncinc_1","indegree act.^(1/1) weighted beh.lncinc_1","outActX","beh.lncinc_1","","eval",FALSE,FALSE,FALSE,FALSE,FALSE,",",0,1,"objective",NA,NA,0,0,0,0,"dyadic",FALSE,"","oneMode","Group1",1,1215,"dv.net|eval|outActX|beh.lncinc_1||1|1|NA","unused_native_template"
"dv.net","outd. act.^(1/1) weighted beh.lncinc_1","Lost ties: indegree act.^(1/1) weighted beh.lncinc_1","outActX","beh.lncinc_1","","endow",FALSE,FALSE,FALSE,FALSE,FALSE,",",0,1,"objective",NA,NA,0,0,0,0,"dyadic",FALSE,"","oneMode","Group1",1,1216,"dv.net|endow|outActX|beh.lncinc_1||1|1|NA","unused_native_template"
"dv.net","outd. act.^(1/1) weighted beh.lncinc_1","New ties: indegree act.^(1/1) weighted beh.lncinc_1","outActX","beh.lncinc_1","","creation",FALSE,FALSE,FALSE,FALSE,FALSE,",",0,1,"objective",NA,NA,0,0,0,0,"dyadic",FALSE,"","oneMode","Group1",1,1217,"dv.net|creation|outActX|beh.lncinc_1||1|1|NA","unused_native_template"
"dv.net","same beh.lncinc_1","same beh.lncinc_1","sameX","beh.lncinc_1","","eval",FALSE,FALSE,FALSE,FALSE,FALSE,",",0,0,"objective",NA,NA,0,0,0,0,"dyadic",FALSE,"","oneMode","Group1",1,1218,"dv.net|eval|sameX|beh.lncinc_1||0|1|NA","unused_native_template"
"dv.net","same beh.lncinc_1","Lost ties: same beh.lncinc_1","sameX","beh.lncinc_1","","endow",FALSE,FALSE,FALSE,FALSE,FALSE,",",0,0,"objective",NA,NA,0,0,0,0,"dyadic",FALSE,"","oneMode","Group1",1,1219,"dv.net|endow|sameX|beh.lncinc_1||0|1|NA","unused_native_template"
"dv.net","same beh.lncinc_1","New ties: same beh.lncinc_1","sameX","beh.lncinc_1","","creation",FALSE,FALSE,FALSE,FALSE,FALSE,",",0,0,"objective",NA,NA,0,0,0,0,"dyadic",FALSE,"","oneMode","Group1",1,1220,"dv.net|creation|sameX|beh.lncinc_1||0|1|NA","unused_native_template"
"dv.net","ind. pop. from dif. beh.lncinc_1","indegree pop. from dif. values on beh.lncinc_1","diffXInPop","beh.lncinc_1","","eval",FALSE,FALSE,FALSE,FALSE,FALSE,",",0,0,"objective",NA,NA,0,0,0,0,"dyadic",FALSE,"","oneMode","Group1",1,1221,"dv.net|eval|diffXInPop|beh.lncinc_1||0|1|NA","unused_native_template"
"dv.net","ind. pop. from dif. beh.lncinc_1","Lost ties: indegree pop. from dif. values on beh.lncinc_1","diffXInPop","beh.lncinc_1","","endow",FALSE,FALSE,FALSE,FALSE,FALSE,",",0,0,"objective",NA,NA,0,0,0,0,"dyadic",FALSE,"","oneMode","Group1",1,1222,"dv.net|endow|diffXInPop|beh.lncinc_1||0|1|NA","unused_native_template"
"dv.net","ind. pop. from dif. beh.lncinc_1","New ties: indegree pop. from dif. values on beh.lncinc_1","diffXInPop","beh.lncinc_1","","creation",FALSE,FALSE,FALSE,FALSE,FALSE,",",0,0,"objective",NA,NA,0,0,0,0,"dyadic",FALSE,"","oneMode","Group1",1,1223,"dv.net|creation|diffXInPop|beh.lncinc_1||0|1|NA","unused_native_template"
"dv.net","outd. act. to same beh.lncinc_1","sum sqr. outd. to same values on beh.lncinc_1","sameXOutAct","beh.lncinc_1","","eval",FALSE,FALSE,FALSE,FALSE,FALSE,",",0,0,"objective",NA,NA,0,0,0,0,"",FALSE,"","oneMode","Group1",1,1224,"dv.net|eval|sameXOutAct|beh.lncinc_1||0|1|NA","unused_native_template"
"dv.net","outd. act. to same beh.lncinc_1","Lost ties: sum sqr. outd. to same values on beh.lncinc_1","sameXOutAct","beh.lncinc_1","","endow",FALSE,FALSE,FALSE,FALSE,FALSE,",",0,0,"objective",NA,NA,0,0,0,0,"",FALSE,"","oneMode","Group1",1,1225,"dv.net|endow|sameXOutAct|beh.lncinc_1||0|1|NA","unused_native_template"
"dv.net","outd. act. to same beh.lncinc_1","New ties: sum sqr. outd. to same values on beh.lncinc_1","sameXOutAct","beh.lncinc_1","","creation",FALSE,FALSE,FALSE,FALSE,FALSE,",",0,0,"objective",NA,NA,0,0,0,0,"",FALSE,"","oneMode","Group1",1,1226,"dv.net|creation|sameXOutAct|beh.lncinc_1||0|1|NA","unused_native_template"
"dv.net","outd. act. to dif. beh.lncinc_1","sum sqr. outd. to dif. values on beh.lncinc_1","diffXOutAct","beh.lncinc_1","","eval",FALSE,FALSE,FALSE,FALSE,FALSE,",",0,0,"objective",NA,NA,0,0,0,0,"",FALSE,"","oneMode","Group1",1,1227,"dv.net|eval|diffXOutAct|beh.lncinc_1||0|1|NA","unused_native_template"
"dv.net","outd. act. to dif. beh.lncinc_1","Lost ties: sum sqr. outd. to dif. values on beh.lncinc_1","diffXOutAct","beh.lncinc_1","","endow",FALSE,FALSE,FALSE,FALSE,FALSE,",",0,0,"objective",NA,NA,0,0,0,0,"",FALSE,"","oneMode","Group1",1,1228,"dv.net|endow|diffXOutAct|beh.lncinc_1||0|1|NA","unused_native_template"
"dv.net","outd. act. to dif. beh.lncinc_1","New ties: sum sqr. outd. to dif. values on beh.lncinc_1","diffXOutAct","beh.lncinc_1","","creation",FALSE,FALSE,FALSE,FALSE,FALSE,",",0,0,"objective",NA,NA,0,0,0,0,"",FALSE,"","oneMode","Group1",1,1229,"dv.net|creation|diffXOutAct|beh.lncinc_1||0|1|NA","unused_native_template"
"dv.net","outd. act. to hom. beh.lncinc_1","sum sqr. outd. to hom. values on beh.lncinc_1","homXOutAct","beh.lncinc_1","","eval",FALSE,FALSE,FALSE,FALSE,FALSE,",",0,0,"objective",NA,NA,0,0,0,0,"",FALSE,"","oneMode","Group1",1,1230,"dv.net|eval|homXOutAct|beh.lncinc_1||0|1|NA","unused_native_template"
"dv.net","outd. act. to hom. beh.lncinc_1","Lost ties: sum sqr. outd. to hom. values on beh.lncinc_1","homXOutAct","beh.lncinc_1","","endow",FALSE,FALSE,FALSE,FALSE,FALSE,",",0,0,"objective",NA,NA,0,0,0,0,"",FALSE,"","oneMode","Group1",1,1231,"dv.net|endow|homXOutAct|beh.lncinc_1||0|1|NA","unused_native_template"
"dv.net","outd. act. to hom. beh.lncinc_1","New ties: sum sqr. outd. to hom. values on beh.lncinc_1","homXOutAct","beh.lncinc_1","","creation",FALSE,FALSE,FALSE,FALSE,FALSE,",",0,0,"objective",NA,NA,0,0,0,0,"",FALSE,"","oneMode","Group1",1,1232,"dv.net|creation|homXOutAct|beh.lncinc_1||0|1|NA","unused_native_template"
"dv.net","outd. act. weight alt. beh.lncinc_1","sum sqr. outd. weight alt. beh.lncinc_1","altXOutAct","beh.lncinc_1","","eval",FALSE,FALSE,FALSE,FALSE,FALSE,",",0,0,"objective",NA,NA,0,0,0,0,"",FALSE,"","oneMode","Group1",1,1233,"dv.net|eval|altXOutAct|beh.lncinc_1||0|1|NA","unused_native_template"
"dv.net","outd. act. weight alt. beh.lncinc_1","Lost ties: sum sqr. outd. weight alt. beh.lncinc_1","altXOutAct","beh.lncinc_1","","endow",FALSE,FALSE,FALSE,FALSE,FALSE,",",0,0,"objective",NA,NA,0,0,0,0,"",FALSE,"","oneMode","Group1",1,1234,"dv.net|endow|altXOutAct|beh.lncinc_1||0|1|NA","unused_native_template"
"dv.net","outd. act. weight alt. beh.lncinc_1","New ties: sum sqr. outd. weight alt. beh.lncinc_1","altXOutAct","beh.lncinc_1","","creation",FALSE,FALSE,FALSE,FALSE,FALSE,",",0,0,"objective",NA,NA,0,0,0,0,"",FALSE,"","oneMode","Group1",1,1235,"dv.net|creation|altXOutAct|beh.lncinc_1||0|1|NA","unused_native_template"
"dv.net","trans. triads intermed. beh.lncinc_1","Number of trans. triads intermed. weight beh.lncinc_1","transTripX","beh.lncinc_1","","eval",FALSE,FALSE,FALSE,FALSE,FALSE,",",0,0,"objective",NA,NA,0,0,0,0,"",FALSE,"","oneMode","Group1",1,1236,"dv.net|eval|transTripX|beh.lncinc_1||0|1|NA","unused_native_template"
"dv.net","trans. triads intermed. beh.lncinc_1","Lost ties: Number of trans. triads intermed. weight beh.lncinc_1","transTripX","beh.lncinc_1","","endow",FALSE,FALSE,FALSE,FALSE,FALSE,",",0,0,"objective",NA,NA,0,0,0,0,"",FALSE,"","oneMode","Group1",1,1237,"dv.net|endow|transTripX|beh.lncinc_1||0|1|NA","unused_native_template"
"dv.net","trans. triads intermed. beh.lncinc_1","New ties: Number of trans. triads intermed. weight beh.lncinc_1","transTripX","beh.lncinc_1","","creation",FALSE,FALSE,FALSE,FALSE,FALSE,",",0,0,"objective",NA,NA,0,0,0,0,"",FALSE,"","oneMode","Group1",1,1238,"dv.net|creation|transTripX|beh.lncinc_1||0|1|NA","unused_native_template"
"dv.net","transitive triads same beh.lncinc_1","Number of transitive triads same on beh.lncinc_1","sameXTransTrip","beh.lncinc_1","","eval",FALSE,FALSE,FALSE,FALSE,FALSE,",",0,0,"objective",NA,NA,0,0,0,0,"",FALSE,"","oneMode","Group1",1,1239,"dv.net|eval|sameXTransTrip|beh.lncinc_1||0|1|NA","unused_native_template"
"dv.net","transitive triads same beh.lncinc_1","Lost ties: Number of transitive triads same on beh.lncinc_1","sameXTransTrip","beh.lncinc_1","","endow",FALSE,FALSE,FALSE,FALSE,FALSE,",",0,0,"objective",NA,NA,0,0,0,0,"",FALSE,"","oneMode","Group1",1,1240,"dv.net|endow|sameXTransTrip|beh.lncinc_1||0|1|NA","unused_native_template"
"dv.net","transitive triads same beh.lncinc_1","New ties: Number of transitive triads same on beh.lncinc_1","sameXTransTrip","beh.lncinc_1","","creation",FALSE,FALSE,FALSE,FALSE,FALSE,",",0,0,"objective",NA,NA,0,0,0,0,"",FALSE,"","oneMode","Group1",1,1241,"dv.net|creation|sameXTransTrip|beh.lncinc_1||0|1|NA","unused_native_template"
"dv.net","transitive triads diff. beh.lncinc_1","Number of transitive triads diff. on beh.lncinc_1","diffXTransTrip","beh.lncinc_1","","eval",FALSE,FALSE,FALSE,FALSE,FALSE,",",0,0,"objective",NA,NA,0,0,0,0,"",FALSE,"","oneMode","Group1",1,1242,"dv.net|eval|diffXTransTrip|beh.lncinc_1||0|1|NA","unused_native_template"
"dv.net","transitive triads diff. beh.lncinc_1","Lost ties: Number of transitive triads diff. on beh.lncinc_1","diffXTransTrip","beh.lncinc_1","","endow",FALSE,FALSE,FALSE,FALSE,FALSE,",",0,0,"objective",NA,NA,0,0,0,0,"",FALSE,"","oneMode","Group1",1,1243,"dv.net|endow|diffXTransTrip|beh.lncinc_1||0|1|NA","unused_native_template"
"dv.net","transitive triads diff. beh.lncinc_1","New ties: Number of transitive triads diff. on beh.lncinc_1","diffXTransTrip","beh.lncinc_1","","creation",FALSE,FALSE,FALSE,FALSE,FALSE,",",0,0,"objective",NA,NA,0,0,0,0,"",FALSE,"","oneMode","Group1",1,1244,"dv.net|creation|diffXTransTrip|beh.lncinc_1||0|1|NA","unused_native_template"
"dv.net","transitive triplets homog. beh.lncinc_1","Number of transitive triplets homogeneous on beh.lncinc_1","homXTransTrip","beh.lncinc_1","","eval",FALSE,FALSE,FALSE,FALSE,FALSE,",",0,0,"objective",NA,NA,0,0,0,0,"",FALSE,"","oneMode","Group1",1,1245,"dv.net|eval|homXTransTrip|beh.lncinc_1||0|1|NA","unused_native_template"
"dv.net","transitive triplets homog. beh.lncinc_1","Lost ties: Number of transitive triplets homogeneous on beh.lncinc_1","homXTransTrip","beh.lncinc_1","","endow",FALSE,FALSE,FALSE,FALSE,FALSE,",",0,0,"objective",NA,NA,0,0,0,0,"",FALSE,"","oneMode","Group1",1,1246,"dv.net|endow|homXTransTrip|beh.lncinc_1||0|1|NA","unused_native_template"
"dv.net","transitive triplets homog. beh.lncinc_1","New ties: Number of transitive triplets homogeneous on beh.lncinc_1","homXTransTrip","beh.lncinc_1","","creation",FALSE,FALSE,FALSE,FALSE,FALSE,",",0,0,"objective",NA,NA,0,0,0,0,"",FALSE,"","oneMode","Group1",1,1247,"dv.net|creation|homXTransTrip|beh.lncinc_1||0|1|NA","unused_native_template"
"dv.net","transitive triads jumping beh.lncinc_1","Number of transitive triads jumping beh.lncinc_1","jumpXTransTrip","beh.lncinc_1","","eval",FALSE,FALSE,FALSE,FALSE,FALSE,",",0,0,"objective",NA,NA,0,0,0,0,"",FALSE,"","oneMode","Group1",1,1248,"dv.net|eval|jumpXTransTrip|beh.lncinc_1||0|1|NA","unused_native_template"
"dv.net","transitive triads jumping beh.lncinc_1","Lost ties: Number of transitive triads jumping beh.lncinc_1","jumpXTransTrip","beh.lncinc_1","","endow",FALSE,FALSE,FALSE,FALSE,FALSE,",",0,0,"objective",NA,NA,0,0,0,0,"",FALSE,"","oneMode","Group1",1,1249,"dv.net|endow|jumpXTransTrip|beh.lncinc_1||0|1|NA","unused_native_template"
"dv.net","transitive triads jumping beh.lncinc_1","New ties: Number of transitive triads jumping beh.lncinc_1","jumpXTransTrip","beh.lncinc_1","","creation",FALSE,FALSE,FALSE,FALSE,FALSE,",",0,0,"objective",NA,NA,0,0,0,0,"",FALSE,"","oneMode","Group1",1,1250,"dv.net|creation|jumpXTransTrip|beh.lncinc_1||0|1|NA","unused_native_template"
"dv.net","beh.lncinc_1 ego x beh.lncinc_1 alter","beh.lncinc_1 ego x beh.lncinc_1 alter","egoXaltX","beh.lncinc_1","","eval",FALSE,FALSE,FALSE,FALSE,FALSE,",",0,0,"objective",NA,NA,0,0,0,0,"dyadic",FALSE,"","oneMode","Group1",1,1251,"dv.net|eval|egoXaltX|beh.lncinc_1||0|1|NA","unused_native_template"
"dv.net","beh.lncinc_1 ego x beh.lncinc_1 alter","Lost ties: beh.lncinc_1 ego x beh.lncinc_1 alter","egoXaltX","beh.lncinc_1","","endow",FALSE,FALSE,FALSE,FALSE,FALSE,",",0,0,"objective",NA,NA,0,0,0,0,"dyadic",FALSE,"","oneMode","Group1",1,1252,"dv.net|endow|egoXaltX|beh.lncinc_1||0|1|NA","unused_native_template"
"dv.net","beh.lncinc_1 ego x beh.lncinc_1 alter","New ties: beh.lncinc_1 ego x beh.lncinc_1 alter","egoXaltX","beh.lncinc_1","","creation",FALSE,FALSE,FALSE,FALSE,FALSE,",",0,0,"objective",NA,NA,0,0,0,0,"dyadic",FALSE,"","oneMode","Group1",1,1253,"dv.net|creation|egoXaltX|beh.lncinc_1||0|1|NA","unused_native_template"
"dv.net","beh.lncinc_1 of indirect ties","beh.lncinc_1 of indirect ties","IndTies","beh.lncinc_1","","eval",FALSE,FALSE,FALSE,FALSE,FALSE,",",0,0,"objective",NA,NA,0,0,0,0,"dyadic",FALSE,"","oneMode","Group1",1,1254,"dv.net|eval|IndTies|beh.lncinc_1||0|1|NA","unused_native_template"
"dv.net","beh.lncinc_1 alter at dist 2 (1)","beh.lncinc_1 alter at dist 2 (1)","altDist2","beh.lncinc_1","","eval",FALSE,FALSE,FALSE,FALSE,FALSE,",",0,1,"objective",NA,NA,0,0,0,0,"dyadic",FALSE,"","oneMode","Group1",1,1255,"dv.net|eval|altDist2|beh.lncinc_1||1|1|NA","unused_native_template"
"dv.net","beh.lncinc_1 alter at dist 2 (1)","Lost ties: beh.lncinc_1 alter at dist 2 (1)","altDist2","beh.lncinc_1","","endow",FALSE,FALSE,FALSE,FALSE,FALSE,",",0,1,"objective",NA,NA,0,0,0,0,"dyadic",FALSE,"","oneMode","Group1",1,1256,"dv.net|endow|altDist2|beh.lncinc_1||1|1|NA","unused_native_template"
"dv.net","beh.lncinc_1 alter at dist 2 (1)","New ties: beh.lncinc_1 alter at dist 2 (1)","altDist2","beh.lncinc_1","","creation",FALSE,FALSE,FALSE,FALSE,FALSE,",",0,1,"objective",NA,NA,0,0,0,0,"dyadic",FALSE,"","oneMode","Group1",1,1257,"dv.net|creation|altDist2|beh.lncinc_1||1|1|NA","unused_native_template"
"dv.net","beh.lncinc_1 tot alter at dist 2 (1)","beh.lncinc_1 tot alter at dist 2 (1)","totDist2","beh.lncinc_1","","eval",FALSE,FALSE,FALSE,FALSE,FALSE,",",0,1,"objective",NA,NA,0,0,0,0,"dyadic",FALSE,"","oneMode","Group1",1,1258,"dv.net|eval|totDist2|beh.lncinc_1||1|1|NA","unused_native_template"
"dv.net","beh.lncinc_1 tot alter at dist 2 (1)","Lost ties: beh.lncinc_1 tot alter at dist 2 (1)","totDist2","beh.lncinc_1","","endow",FALSE,FALSE,FALSE,FALSE,FALSE,",",0,1,"objective",NA,NA,0,0,0,0,"dyadic",FALSE,"","oneMode","Group1",1,1259,"dv.net|endow|totDist2|beh.lncinc_1||1|1|NA","unused_native_template"
"dv.net","beh.lncinc_1 tot alter at dist 2 (1)","New ties: beh.lncinc_1 tot alter at dist 2 (1)","totDist2","beh.lncinc_1","","creation",FALSE,FALSE,FALSE,FALSE,FALSE,",",0,1,"objective",NA,NA,0,0,0,0,"dyadic",FALSE,"","oneMode","Group1",1,1260,"dv.net|creation|totDist2|beh.lncinc_1||1|1|NA","unused_native_template"
"dv.net","beh.lncinc_1 ego-alter dist 2 similarity","beh.lncinc_1 ego-alter dist 2 similarity","simEgoDist2","beh.lncinc_1","","eval",FALSE,FALSE,FALSE,FALSE,FALSE,",",0,1,"objective",NA,NA,0,0,0,0,"dyadic",FALSE,"","oneMode","Group1",1,1261,"dv.net|eval|simEgoDist2|beh.lncinc_1||1|1|NA","unused_native_template"
"dv.net","beh.lncinc_1 ego-alter dist 2 similarity","Lost ties: beh.lncinc_1 ego-alter dist 2 similarity","simEgoDist2","beh.lncinc_1","","endow",FALSE,FALSE,FALSE,FALSE,FALSE,",",0,1,"objective",NA,NA,0,0,0,0,"dyadic",FALSE,"","oneMode","Group1",1,1262,"dv.net|endow|simEgoDist2|beh.lncinc_1||1|1|NA","unused_native_template"
"dv.net","beh.lncinc_1 ego-alter dist 2 similarity","New ties: beh.lncinc_1 ego-alter dist 2 similarity","simEgoDist2","beh.lncinc_1","","creation",FALSE,FALSE,FALSE,FALSE,FALSE,",",0,1,"objective",NA,NA,0,0,0,0,"dyadic",FALSE,"","oneMode","Group1",1,1263,"dv.net|creation|simEgoDist2|beh.lncinc_1||1|1|NA","unused_native_template"
"dv.net","beh.lncinc_1 similarity at dist 2","beh.lncinc_1 similarity at dist 2","simDist2","beh.lncinc_1","","eval",FALSE,FALSE,FALSE,FALSE,FALSE,",",0,1,"objective",NA,NA,0,0,0,0,"dyadic",FALSE,"","oneMode","Group1",1,1264,"dv.net|eval|simDist2|beh.lncinc_1||1|1|NA","unused_native_template"
"dv.net","beh.lncinc_1 similarity at dist 2","Lost ties: beh.lncinc_1 similarity at dist 2","simDist2","beh.lncinc_1","","endow",FALSE,FALSE,FALSE,FALSE,FALSE,",",0,1,"objective",NA,NA,0,0,0,0,"dyadic",FALSE,"","oneMode","Group1",1,1265,"dv.net|endow|simDist2|beh.lncinc_1||1|1|NA","unused_native_template"
"dv.net","beh.lncinc_1 similarity at dist 2","New ties: beh.lncinc_1 similarity at dist 2","simDist2","beh.lncinc_1","","creation",FALSE,FALSE,FALSE,FALSE,FALSE,",",0,1,"objective",NA,NA,0,0,0,0,"dyadic",FALSE,"","oneMode","Group1",1,1266,"dv.net|creation|simDist2|beh.lncinc_1||1|1|NA","unused_native_template"
"dv.net","beh.lncinc_1 in-alter dist 2","beh.lncinc_1 in-alter dist 2","altInDist2","beh.lncinc_1","","eval",FALSE,FALSE,FALSE,FALSE,FALSE,",",0,0,"objective",NA,NA,0,0,0,0,"dyadic",FALSE,"","oneMode","Group1",1,1267,"dv.net|eval|altInDist2|beh.lncinc_1||0|1|NA","unused_native_template"
"dv.net","beh.lncinc_1 in-alter dist 2","Lost ties: beh.lncinc_1 in-alter dist 2","altInDist2","beh.lncinc_1","","endow",FALSE,FALSE,FALSE,FALSE,FALSE,",",0,0,"objective",NA,NA,0,0,0,0,"dyadic",FALSE,"","oneMode","Group1",1,1268,"dv.net|endow|altInDist2|beh.lncinc_1||0|1|NA","unused_native_template"
"dv.net","beh.lncinc_1 in-alter dist 2","New ties: beh.lncinc_1 in-alter dist 2","altInDist2","beh.lncinc_1","","creation",FALSE,FALSE,FALSE,FALSE,FALSE,",",0,0,"objective",NA,NA,0,0,0,0,"dyadic",FALSE,"","oneMode","Group1",1,1269,"dv.net|creation|altInDist2|beh.lncinc_1||0|1|NA","unused_native_template"
"dv.net","beh.lncinc_1 tot in-alter dist 2","beh.lncinc_1 tot in-alter dist 2","totInDist2","beh.lncinc_1","","eval",FALSE,FALSE,FALSE,FALSE,FALSE,",",0,0,"objective",NA,NA,0,0,0,0,"dyadic",FALSE,"","oneMode","Group1",1,1270,"dv.net|eval|totInDist2|beh.lncinc_1||0|1|NA","unused_native_template"
"dv.net","beh.lncinc_1 tot in-alter dist 2","Lost ties: beh.lncinc_1 tot in-alter dist 2","totInDist2","beh.lncinc_1","","endow",FALSE,FALSE,FALSE,FALSE,FALSE,",",0,0,"objective",NA,NA,0,0,0,0,"dyadic",FALSE,"","oneMode","Group1",1,1271,"dv.net|endow|totInDist2|beh.lncinc_1||0|1|NA","unused_native_template"
"dv.net","beh.lncinc_1 tot in-alter dist 2","New ties: beh.lncinc_1 tot in-alter dist 2","totInDist2","beh.lncinc_1","","creation",FALSE,FALSE,FALSE,FALSE,FALSE,",",0,0,"objective",NA,NA,0,0,0,0,"dyadic",FALSE,"","oneMode","Group1",1,1272,"dv.net|creation|totInDist2|beh.lncinc_1||0|1|NA","unused_native_template"
"dv.net","beh.lncinc_1 ego-in-alter dist 2 similarity","beh.lncinc_1 ego-in-alter dist 2 similarity","simEgoInDist2","beh.lncinc_1","","eval",FALSE,FALSE,FALSE,FALSE,FALSE,",",0,1,"objective",NA,NA,0,0,0,0,"dyadic",FALSE,"","oneMode","Group1",1,1273,"dv.net|eval|simEgoInDist2|beh.lncinc_1||1|1|NA","unused_native_template"
"dv.net","beh.lncinc_1 ego-in-alter dist 2 similarity","Lost ties: beh.lncinc_1 ego-in-alter dist 2 similarity","simEgoInDist2","beh.lncinc_1","","endow",FALSE,FALSE,FALSE,FALSE,FALSE,",",0,1,"objective",NA,NA,0,0,0,0,"dyadic",FALSE,"","oneMode","Group1",1,1274,"dv.net|endow|simEgoInDist2|beh.lncinc_1||1|1|NA","unused_native_template"
"dv.net","beh.lncinc_1 ego-in-alter dist 2 similarity","New ties: beh.lncinc_1 ego-in-alter dist 2 similarity","simEgoInDist2","beh.lncinc_1","","creation",FALSE,FALSE,FALSE,FALSE,FALSE,",",0,1,"objective",NA,NA,0,0,0,0,"dyadic",FALSE,"","oneMode","Group1",1,1275,"dv.net|creation|simEgoInDist2|beh.lncinc_1||1|1|NA","unused_native_template"
"dv.net","beh.lncinc_1 group-av. ego","Sum of degr. x aver. beh.lncinc_1","avGroupEgoX","beh.lncinc_1","","eval",FALSE,FALSE,FALSE,FALSE,FALSE,",",0,0,"objective",NA,NA,0,0,0,0,"ego",FALSE,"","oneMode","Group1",1,1276,"dv.net|eval|avGroupEgoX|beh.lncinc_1||0|1|NA","unused_native_template"
"dv.net","beh.lncinc_1 group-av. ego","Lost ties: Sum of degr. x aver. beh.lncinc_1","avGroupEgoX","beh.lncinc_1","","endow",FALSE,FALSE,FALSE,FALSE,FALSE,",",0,0,"objective",NA,NA,0,0,0,0,"ego",FALSE,"","oneMode","Group1",1,1277,"dv.net|endow|avGroupEgoX|beh.lncinc_1||0|1|NA","unused_native_template"
"dv.net","beh.lncinc_1 group-av. ego","New ties: Sum of degr. x aver. beh.lncinc_1","avGroupEgoX","beh.lncinc_1","","creation",FALSE,FALSE,FALSE,FALSE,FALSE,",",0,0,"objective",NA,NA,0,0,0,0,"ego",FALSE,"","oneMode","Group1",1,1278,"dv.net|creation|avGroupEgoX|beh.lncinc_1||0|1|NA","unused_native_template"
"dv.net","beh.milexSpLag_1 alter","Sum of degrees x beh.milexSpLag_1","altX","beh.milexSpLag_1","","eval",FALSE,FALSE,FALSE,FALSE,FALSE,",",0,0,"objective",NA,NA,0,0,0,0,"dyadic",FALSE,"","oneMode","Group1",1,1279,"network|atom(altX|0|beh.milexSpLag_1)","unused_native_template"
"dv.net","beh.milexSpLag_1 alter","Lost ties: Sum of degrees x beh.milexSpLag_1","altX","beh.milexSpLag_1","","endow",FALSE,FALSE,FALSE,FALSE,FALSE,",",0,0,"objective",NA,NA,0,0,0,0,"dyadic",FALSE,"","oneMode","Group1",1,1280,"dv.net|endow|altX|beh.milexSpLag_1||0|1|NA","unused_native_template"
"dv.net","beh.milexSpLag_1 alter","New ties: Sum of degrees x beh.milexSpLag_1","altX","beh.milexSpLag_1","","creation",FALSE,FALSE,FALSE,FALSE,FALSE,",",0,0,"objective",NA,NA,0,0,0,0,"dyadic",FALSE,"","oneMode","Group1",1,1281,"dv.net|creation|altX|beh.milexSpLag_1||0|1|NA","unused_native_template"
"dv.net","beh.milexSpLag_1 squared alt","Sum of degrees x squared beh.milexSpLag_1","altSqX","beh.milexSpLag_1","","eval",FALSE,FALSE,FALSE,FALSE,FALSE,",",0,0,"objective",NA,NA,0,0,0,0,"dyadic",FALSE,"","oneMode","Group1",1,1282,"dv.net|eval|altSqX|beh.milexSpLag_1||0|1|NA","unused_native_template"
"dv.net","beh.milexSpLag_1 squared alt","Lost ties: Sum of degrees x squared beh.milexSpLag_1","altSqX","beh.milexSpLag_1","","endow",FALSE,FALSE,FALSE,FALSE,FALSE,",",0,0,"objective",NA,NA,0,0,0,0,"dyadic",FALSE,"","oneMode","Group1",1,1283,"dv.net|endow|altSqX|beh.milexSpLag_1||0|1|NA","unused_native_template"
"dv.net","beh.milexSpLag_1 squared alt","New ties: Sum of degrees x squared beh.milexSpLag_1","altSqX","beh.milexSpLag_1","","creation",FALSE,FALSE,FALSE,FALSE,FALSE,",",0,0,"objective",NA,NA,0,0,0,0,"dyadic",FALSE,"","oneMode","Group1",1,1284,"dv.net|creation|altSqX|beh.milexSpLag_1||0|1|NA","unused_native_template"
"dv.net","beh.milexSpLag_1 left thr. (0) alter","Sum degr. * (beh.milexSpLag_1 <= 0)","altLThresholdX","beh.milexSpLag_1","","eval",FALSE,FALSE,FALSE,FALSE,FALSE,",",0,0,"objective",NA,NA,0,0,0,0,"ego",FALSE,"","oneMode","Group1",1,1285,"dv.net|eval|altLThresholdX|beh.milexSpLag_1||0|1|NA","unused_native_template"
"dv.net","beh.milexSpLag_1 left thr. (0) alter","Lost ties: Sum degr. * (beh.milexSpLag_1 <= 0)","altLThresholdX","beh.milexSpLag_1","","endow",FALSE,FALSE,FALSE,FALSE,FALSE,",",0,0,"objective",NA,NA,0,0,0,0,"ego",FALSE,"","oneMode","Group1",1,1286,"dv.net|endow|altLThresholdX|beh.milexSpLag_1||0|1|NA","unused_native_template"
"dv.net","beh.milexSpLag_1 left thr. (0) alter","New ties: Sum degr. * (beh.milexSpLag_1 <= 0)","altLThresholdX","beh.milexSpLag_1","","creation",FALSE,FALSE,FALSE,FALSE,FALSE,",",0,0,"objective",NA,NA,0,0,0,0,"ego",FALSE,"","oneMode","Group1",1,1287,"dv.net|creation|altLThresholdX|beh.milexSpLag_1||0|1|NA","unused_native_template"
"dv.net","beh.milexSpLag_1 right thr. (0) alter","Sum degr. * (beh.milexSpLag_1 >= 0)","altRThresholdX","beh.milexSpLag_1","","eval",FALSE,FALSE,FALSE,FALSE,FALSE,",",0,0,"objective",NA,NA,0,0,0,0,"ego",FALSE,"","oneMode","Group1",1,1288,"dv.net|eval|altRThresholdX|beh.milexSpLag_1||0|1|NA","unused_native_template"
"dv.net","beh.milexSpLag_1 right thr. (0) alter","Lost ties: Sum degr. * (beh.milexSpLag_1 >= 0)","altRThresholdX","beh.milexSpLag_1","","endow",FALSE,FALSE,FALSE,FALSE,FALSE,",",0,0,"objective",NA,NA,0,0,0,0,"ego",FALSE,"","oneMode","Group1",1,1289,"dv.net|endow|altRThresholdX|beh.milexSpLag_1||0|1|NA","unused_native_template"
"dv.net","beh.milexSpLag_1 right thr. (0) alter","New ties: Sum degr. * (beh.milexSpLag_1 >= 0)","altRThresholdX","beh.milexSpLag_1","","creation",FALSE,FALSE,FALSE,FALSE,FALSE,",",0,0,"objective",NA,NA,0,0,0,0,"ego",FALSE,"","oneMode","Group1",1,1290,"dv.net|creation|altRThresholdX|beh.milexSpLag_1||0|1|NA","unused_native_template"
"dv.net","beh.milexSpLag_1 ego","Sum of degrees x beh.milexSpLag_1","egoX","beh.milexSpLag_1","","eval",FALSE,FALSE,FALSE,FALSE,FALSE,",",0,0,"objective",NA,NA,0,0,0,0,"ego",FALSE,"","oneMode","Group1",1,1291,"network|atom(egoX|0|beh.milexSpLag_1)","unused_native_template"
"dv.net","beh.milexSpLag_1 ego","Lost ties: Sum of degrees x beh.milexSpLag_1","egoX","beh.milexSpLag_1","","endow",FALSE,FALSE,FALSE,FALSE,FALSE,",",0,0,"objective",NA,NA,0,0,0,0,"ego",FALSE,"","oneMode","Group1",1,1292,"dv.net|endow|egoX|beh.milexSpLag_1||0|1|NA","unused_native_template"
"dv.net","beh.milexSpLag_1 ego","New ties: Sum of degrees x beh.milexSpLag_1","egoX","beh.milexSpLag_1","","creation",FALSE,FALSE,FALSE,FALSE,FALSE,",",0,0,"objective",NA,NA,0,0,0,0,"ego",FALSE,"","oneMode","Group1",1,1293,"dv.net|creation|egoX|beh.milexSpLag_1||0|1|NA","unused_native_template"
"dv.net","beh.milexSpLag_1 ego","Gmm statistic: Sum of degrees x beh.milexSpLag_1","egoX_gmm","beh.milexSpLag_1","","gmm",FALSE,FALSE,FALSE,TRUE,FALSE,",",0,0,"gmm",NA,NA,0,0,0,0,"ego",FALSE,"","oneMode","Group1",1,1294,"dv.net|gmm|egoX_gmm|beh.milexSpLag_1||0|1|NA","unused_native_template"
"dv.net","beh.milexSpLag_1 squared ego","Sum of degrees x squared beh.milexSpLag_1","egoSqX","beh.milexSpLag_1","","eval",FALSE,FALSE,FALSE,FALSE,FALSE,",",0,0,"objective",NA,NA,0,0,0,0,"dyadic",FALSE,"","oneMode","Group1",1,1295,"dv.net|eval|egoSqX|beh.milexSpLag_1||0|1|NA","unused_native_template"
"dv.net","beh.milexSpLag_1 squared ego","Lost ties: Sum of degrees x squared beh.milexSpLag_1","egoSqX","beh.milexSpLag_1","","endow",FALSE,FALSE,FALSE,FALSE,FALSE,",",0,0,"objective",NA,NA,0,0,0,0,"dyadic",FALSE,"","oneMode","Group1",1,1296,"dv.net|endow|egoSqX|beh.milexSpLag_1||0|1|NA","unused_native_template"
"dv.net","beh.milexSpLag_1 squared ego","New ties: Sum of degrees x squared beh.milexSpLag_1","egoSqX","beh.milexSpLag_1","","creation",FALSE,FALSE,FALSE,FALSE,FALSE,",",0,0,"objective",NA,NA,0,0,0,0,"dyadic",FALSE,"","oneMode","Group1",1,1297,"dv.net|creation|egoSqX|beh.milexSpLag_1||0|1|NA","unused_native_template"
"dv.net","beh.milexSpLag_1 ego and alt","2 * sum degr. x beh.milexSpLag_1","egoPlusAltX","beh.milexSpLag_1","","eval",FALSE,FALSE,FALSE,FALSE,FALSE,",",0,0,"objective",NA,NA,0,0,0,0,"dyadic",FALSE,"","oneMode","Group1",1,1298,"dv.net|eval|egoPlusAltX|beh.milexSpLag_1||0|1|NA","unused_native_template"
"dv.net","beh.milexSpLag_1 ego and alt","Lost ties: 2 * sum degr. x beh.milexSpLag_1","egoPlusAltX","beh.milexSpLag_1","","endow",FALSE,FALSE,FALSE,FALSE,FALSE,",",0,0,"objective",NA,NA,0,0,0,0,"dyadic",FALSE,"","oneMode","Group1",1,1299,"dv.net|endow|egoPlusAltX|beh.milexSpLag_1||0|1|NA","unused_native_template"
"dv.net","beh.milexSpLag_1 ego and alt","New ties: 2 * sum degr. x beh.milexSpLag_1","egoPlusAltX","beh.milexSpLag_1","","creation",FALSE,FALSE,FALSE,FALSE,FALSE,",",0,0,"objective",NA,NA,0,0,0,0,"dyadic",FALSE,"","oneMode","Group1",1,1300,"dv.net|creation|egoPlusAltX|beh.milexSpLag_1||0|1|NA","unused_native_template"
"dv.net","beh.milexSpLag_1 sq. ego and alt","2 * sum degr. x squared beh.milexSpLag_1","egoPlusAltSqX","beh.milexSpLag_1","","eval",FALSE,FALSE,FALSE,FALSE,FALSE,",",0,0,"objective",NA,NA,0,0,0,0,"dyadic",FALSE,"","oneMode","Group1",1,1301,"dv.net|eval|egoPlusAltSqX|beh.milexSpLag_1||0|1|NA","unused_native_template"
"dv.net","beh.milexSpLag_1 sq. ego and alt","Lost ties: 2 * sum degr. x squared beh.milexSpLag_1","egoPlusAltSqX","beh.milexSpLag_1","","endow",FALSE,FALSE,FALSE,FALSE,FALSE,",",0,0,"objective",NA,NA,0,0,0,0,"dyadic",FALSE,"","oneMode","Group1",1,1302,"dv.net|endow|egoPlusAltSqX|beh.milexSpLag_1||0|1|NA","unused_native_template"
"dv.net","beh.milexSpLag_1 sq. ego and alt","New ties: 2 * sum degr. x squared beh.milexSpLag_1","egoPlusAltSqX","beh.milexSpLag_1","","creation",FALSE,FALSE,FALSE,FALSE,FALSE,",",0,0,"objective",NA,NA,0,0,0,0,"dyadic",FALSE,"","oneMode","Group1",1,1303,"dv.net|creation|egoPlusAltSqX|beh.milexSpLag_1||0|1|NA","unused_native_template"
"dv.net","beh.milexSpLag_1 left thr. (0) ego","Sum degr. * (beh.milexSpLag_1 <= 0)","egoLThresholdX","beh.milexSpLag_1","","eval",FALSE,FALSE,FALSE,FALSE,FALSE,",",0,0,"objective",NA,NA,0,0,0,0,"ego",FALSE,"","oneMode","Group1",1,1304,"dv.net|eval|egoLThresholdX|beh.milexSpLag_1||0|1|NA","unused_native_template"
"dv.net","beh.milexSpLag_1 left thr. (0) ego","Lost ties: Sum degr. * (beh.milexSpLag_1 <= 0)","egoLThresholdX","beh.milexSpLag_1","","endow",FALSE,FALSE,FALSE,FALSE,FALSE,",",0,0,"objective",NA,NA,0,0,0,0,"ego",FALSE,"","oneMode","Group1",1,1305,"dv.net|endow|egoLThresholdX|beh.milexSpLag_1||0|1|NA","unused_native_template"
"dv.net","beh.milexSpLag_1 left thr. (0) ego","New ties: Sum degr. * (beh.milexSpLag_1 <= 0)","egoLThresholdX","beh.milexSpLag_1","","creation",FALSE,FALSE,FALSE,FALSE,FALSE,",",0,0,"objective",NA,NA,0,0,0,0,"ego",FALSE,"","oneMode","Group1",1,1306,"dv.net|creation|egoLThresholdX|beh.milexSpLag_1||0|1|NA","unused_native_template"
"dv.net","beh.milexSpLag_1 right thr. (0) ego","Sum degr. * (beh.milexSpLag_1 >= 0)","egoRThresholdX","beh.milexSpLag_1","","eval",FALSE,FALSE,FALSE,FALSE,FALSE,",",0,0,"objective",NA,NA,0,0,0,0,"ego",FALSE,"","oneMode","Group1",1,1307,"dv.net|eval|egoRThresholdX|beh.milexSpLag_1||0|1|NA","unused_native_template"
"dv.net","beh.milexSpLag_1 right thr. (0) ego","Lost ties: Sum degr. * (beh.milexSpLag_1 >= 0)","egoRThresholdX","beh.milexSpLag_1","","endow",FALSE,FALSE,FALSE,FALSE,FALSE,",",0,0,"objective",NA,NA,0,0,0,0,"ego",FALSE,"","oneMode","Group1",1,1308,"dv.net|endow|egoRThresholdX|beh.milexSpLag_1||0|1|NA","unused_native_template"
"dv.net","beh.milexSpLag_1 right thr. (0) ego","New ties: Sum degr. * (beh.milexSpLag_1 >= 0)","egoRThresholdX","beh.milexSpLag_1","","creation",FALSE,FALSE,FALSE,FALSE,FALSE,",",0,0,"objective",NA,NA,0,0,0,0,"ego",FALSE,"","oneMode","Group1",1,1309,"dv.net|creation|egoRThresholdX|beh.milexSpLag_1||0|1|NA","unused_native_template"
"dv.net","abs. (outdegree - beh.milexSpLag_1)","Sum of abs. (outdeg. - beh.milexSpLag_1)","degAbsDiffX","beh.milexSpLag_1","","eval",FALSE,FALSE,FALSE,FALSE,FALSE,",",0,0,"objective",NA,NA,0,0,0,0,"ego",FALSE,"","oneMode","Group1",1,1310,"dv.net|eval|degAbsDiffX|beh.milexSpLag_1||0|1|NA","unused_native_template"
"dv.net","abs. (outdegree - beh.milexSpLag_1)","Lost ties: Sum of abs. (outdeg. - beh.milexSpLag_1)","degAbsDiffX","beh.milexSpLag_1","","endow",FALSE,FALSE,FALSE,FALSE,FALSE,",",0,0,"objective",NA,NA,0,0,0,0,"ego",FALSE,"","oneMode","Group1",1,1311,"dv.net|endow|degAbsDiffX|beh.milexSpLag_1||0|1|NA","unused_native_template"
"dv.net","abs. (outdegree - beh.milexSpLag_1)","New ties: Sum of abs. (outdeg. - beh.milexSpLag_1)","degAbsDiffX","beh.milexSpLag_1","","creation",FALSE,FALSE,FALSE,FALSE,FALSE,",",0,0,"objective",NA,NA,0,0,0,0,"ego",FALSE,"","oneMode","Group1",1,1312,"dv.net|creation|degAbsDiffX|beh.milexSpLag_1||0|1|NA","unused_native_template"
"dv.net","pos. (outdegree - beh.milexSpLag_1)","Sum of pos. (outdeg. - beh.milexSpLag_1)","degPosDiffX","beh.milexSpLag_1","","eval",FALSE,FALSE,FALSE,FALSE,FALSE,",",0,0,"objective",NA,NA,0,0,0,0,"ego",FALSE,"","oneMode","Group1",1,1313,"dv.net|eval|degPosDiffX|beh.milexSpLag_1||0|1|NA","unused_native_template"
"dv.net","pos. (outdegree - beh.milexSpLag_1)","Lost ties: Sum of pos. (outdeg. - beh.milexSpLag_1)","degPosDiffX","beh.milexSpLag_1","","endow",FALSE,FALSE,FALSE,FALSE,FALSE,",",0,0,"objective",NA,NA,0,0,0,0,"ego",FALSE,"","oneMode","Group1",1,1314,"dv.net|endow|degPosDiffX|beh.milexSpLag_1||0|1|NA","unused_native_template"
"dv.net","pos. (outdegree - beh.milexSpLag_1)","New ties: Sum of pos. (outdeg. - beh.milexSpLag_1)","degPosDiffX","beh.milexSpLag_1","","creation",FALSE,FALSE,FALSE,FALSE,FALSE,",",0,0,"objective",NA,NA,0,0,0,0,"ego",FALSE,"","oneMode","Group1",1,1315,"dv.net|creation|degPosDiffX|beh.milexSpLag_1||0|1|NA","unused_native_template"
"dv.net","neg. (beh.milexSpLag_1 - outdegree)","Sum of neg. (beh.milexSpLag_1 - outdegree)","degNegDiffX","beh.milexSpLag_1","","eval",FALSE,FALSE,FALSE,FALSE,FALSE,",",0,0,"objective",NA,NA,0,0,0,0,"ego",FALSE,"","oneMode","Group1",1,1316,"dv.net|eval|degNegDiffX|beh.milexSpLag_1||0|1|NA","unused_native_template"
"dv.net","neg. (beh.milexSpLag_1 - outdegree)","Lost ties: Sum of neg. (beh.milexSpLag_1 - outdegree)","degNegDiffX","beh.milexSpLag_1","","endow",FALSE,FALSE,FALSE,FALSE,FALSE,",",0,0,"objective",NA,NA,0,0,0,0,"ego",FALSE,"","oneMode","Group1",1,1317,"dv.net|endow|degNegDiffX|beh.milexSpLag_1||0|1|NA","unused_native_template"
"dv.net","neg. (beh.milexSpLag_1 - outdegree)","New ties: Sum of neg. (beh.milexSpLag_1 - outdegree)","degNegDiffX","beh.milexSpLag_1","","creation",FALSE,FALSE,FALSE,FALSE,FALSE,",",0,0,"objective",NA,NA,0,0,0,0,"ego",FALSE,"","oneMode","Group1",1,1318,"dv.net|creation|degNegDiffX|beh.milexSpLag_1||0|1|NA","unused_native_template"
"dv.net","beh.milexSpLag_1 difference","Sum_ties diff beh.milexSpLag_1","diffX","beh.milexSpLag_1","","eval",FALSE,FALSE,FALSE,FALSE,FALSE,",",0,0,"objective",NA,NA,0,0,0,0,"dyadic",FALSE,"","oneMode","Group1",1,1319,"dv.net|eval|diffX|beh.milexSpLag_1||0|1|NA","unused_native_template"
"dv.net","beh.milexSpLag_1 difference","Lost ties: Sum_ties diff beh.milexSpLag_1","diffX","beh.milexSpLag_1","","endow",FALSE,FALSE,FALSE,FALSE,FALSE,",",0,0,"objective",NA,NA,0,0,0,0,"dyadic",FALSE,"","oneMode","Group1",1,1320,"dv.net|endow|diffX|beh.milexSpLag_1||0|1|NA","unused_native_template"
"dv.net","beh.milexSpLag_1 difference","New ties: Sum_ties diff beh.milexSpLag_1","diffX","beh.milexSpLag_1","","creation",FALSE,FALSE,FALSE,FALSE,FALSE,",",0,0,"objective",NA,NA,0,0,0,0,"dyadic",FALSE,"","oneMode","Group1",1,1321,"dv.net|creation|diffX|beh.milexSpLag_1||0|1|NA","unused_native_template"
"dv.net","beh.milexSpLag_1 abs. difference","Sum_ties abs.diff beh.milexSpLag_1","absDiffX","beh.milexSpLag_1","","eval",FALSE,FALSE,FALSE,FALSE,FALSE,",",0,0,"objective",NA,NA,0,0,0,0,"dyadic",FALSE,"","oneMode","Group1",1,1322,"dv.net|eval|absDiffX|beh.milexSpLag_1||0|1|NA","unused_native_template"
"dv.net","beh.milexSpLag_1 abs. difference","Lost ties: Sum_ties abs.diff beh.milexSpLag_1","absDiffX","beh.milexSpLag_1","","endow",FALSE,FALSE,FALSE,FALSE,FALSE,",",0,0,"objective",NA,NA,0,0,0,0,"dyadic",FALSE,"","oneMode","Group1",1,1323,"dv.net|endow|absDiffX|beh.milexSpLag_1||0|1|NA","unused_native_template"
"dv.net","beh.milexSpLag_1 abs. difference","New ties: Sum_ties abs.diff beh.milexSpLag_1","absDiffX","beh.milexSpLag_1","","creation",FALSE,FALSE,FALSE,FALSE,FALSE,",",0,0,"objective",NA,NA,0,0,0,0,"dyadic",FALSE,"","oneMode","Group1",1,1324,"dv.net|creation|absDiffX|beh.milexSpLag_1||0|1|NA","unused_native_template"
"dv.net","beh.milexSpLag_1 diff. squared","Sum_ties diff.sq beh.milexSpLag_1","diffSqX","beh.milexSpLag_1","","eval",FALSE,FALSE,FALSE,FALSE,FALSE,",",0,0,"objective",NA,NA,0,0,0,0,"dyadic",FALSE,"","oneMode","Group1",1,1325,"dv.net|eval|diffSqX|beh.milexSpLag_1||0|1|NA","unused_native_template"
"dv.net","beh.milexSpLag_1 diff. squared","Lost ties: Sum_ties diff.sq beh.milexSpLag_1","diffSqX","beh.milexSpLag_1","","endow",FALSE,FALSE,FALSE,FALSE,FALSE,",",0,0,"objective",NA,NA,0,0,0,0,"dyadic",FALSE,"","oneMode","Group1",1,1326,"dv.net|endow|diffSqX|beh.milexSpLag_1||0|1|NA","unused_native_template"
"dv.net","beh.milexSpLag_1 diff. squared","New ties: Sum_ties diff.sq beh.milexSpLag_1","diffSqX","beh.milexSpLag_1","","creation",FALSE,FALSE,FALSE,FALSE,FALSE,",",0,0,"objective",NA,NA,0,0,0,0,"dyadic",FALSE,"","oneMode","Group1",1,1327,"dv.net|creation|diffSqX|beh.milexSpLag_1||0|1|NA","unused_native_template"
"dv.net","beh.milexSpLag_1 ego * diff.","Sum_ties ego x diff beh.milexSpLag_1","egoDiffX","beh.milexSpLag_1","","eval",FALSE,FALSE,FALSE,FALSE,FALSE,",",0,0,"objective",NA,NA,0,0,0,0,"dyadic",FALSE,"","oneMode","Group1",1,1328,"dv.net|eval|egoDiffX|beh.milexSpLag_1||0|1|NA","unused_native_template"
"dv.net","beh.milexSpLag_1 ego * diff.","Lost ties: Sum_ties ego x diff beh.milexSpLag_1","egoDiffX","beh.milexSpLag_1","","endow",FALSE,FALSE,FALSE,FALSE,FALSE,",",0,0,"objective",NA,NA,0,0,0,0,"dyadic",FALSE,"","oneMode","Group1",1,1329,"dv.net|endow|egoDiffX|beh.milexSpLag_1||0|1|NA","unused_native_template"
"dv.net","beh.milexSpLag_1 ego * diff.","New ties: Sum_ties ego x diff beh.milexSpLag_1","egoDiffX","beh.milexSpLag_1","","creation",FALSE,FALSE,FALSE,FALSE,FALSE,",",0,0,"objective",NA,NA,0,0,0,0,"dyadic",FALSE,"","oneMode","Group1",1,1330,"dv.net|creation|egoDiffX|beh.milexSpLag_1||0|1|NA","unused_native_template"
"dv.net","beh.milexSpLag_1 similarity","beh.milexSpLag_1 similarity","simX","beh.milexSpLag_1","","eval",FALSE,FALSE,FALSE,FALSE,FALSE,",",0,0,"objective",NA,NA,0,0,0,0,"dyadic",FALSE,"","oneMode","Group1",1,1331,"dv.net|eval|simX|beh.milexSpLag_1||0|1|NA","unused_native_template"
"dv.net","beh.milexSpLag_1 similarity","Lost ties: beh.milexSpLag_1 similarity","simX","beh.milexSpLag_1","","endow",FALSE,FALSE,FALSE,FALSE,FALSE,",",0,0,"objective",NA,NA,0,0,0,0,"dyadic",FALSE,"","oneMode","Group1",1,1332,"dv.net|endow|simX|beh.milexSpLag_1||0|1|NA","unused_native_template"
"dv.net","beh.milexSpLag_1 similarity","New ties: beh.milexSpLag_1 similarity","simX","beh.milexSpLag_1","","creation",FALSE,FALSE,FALSE,FALSE,FALSE,",",0,0,"objective",NA,NA,0,0,0,0,"dyadic",FALSE,"","oneMode","Group1",1,1333,"dv.net|creation|simX|beh.milexSpLag_1||0|1|NA","unused_native_template"
"dv.net","beh.milexSpLag_1 similarity","Gmm statistic: beh.milexSpLag_1 similarity","simX_gmm","beh.milexSpLag_1","","gmm",FALSE,FALSE,FALSE,TRUE,FALSE,",",0,0,"gmm",NA,NA,0,0,0,0,"dyadic",FALSE,"","oneMode","Group1",1,1334,"dv.net|gmm|simX_gmm|beh.milexSpLag_1||0|1|NA","unused_native_template"
"dv.net","ind. pop.^(1/1) weighted beh.milexSpLag_1","indegree pop.^(1/1) weighted beh.milexSpLag_1","inPopX","beh.milexSpLag_1","","eval",FALSE,FALSE,FALSE,FALSE,FALSE,",",0,1,"objective",NA,NA,0,0,0,0,"dyadic",FALSE,"","oneMode","Group1",1,1335,"dv.net|eval|inPopX|beh.milexSpLag_1||1|1|NA","unused_native_template"
"dv.net","ind. pop.^(1/1) weighted beh.milexSpLag_1","Lost ties: indegree pop.^(1/1) weighted beh.milexSpLag_1","inPopX","beh.milexSpLag_1","","endow",FALSE,FALSE,FALSE,FALSE,FALSE,",",0,1,"objective",NA,NA,0,0,0,0,"dyadic",FALSE,"","oneMode","Group1",1,1336,"dv.net|endow|inPopX|beh.milexSpLag_1||1|1|NA","unused_native_template"
"dv.net","ind. pop.^(1/1) weighted beh.milexSpLag_1","New ties: indegree pop.^(1/1) weighted beh.milexSpLag_1","inPopX","beh.milexSpLag_1","","creation",FALSE,FALSE,FALSE,FALSE,FALSE,",",0,1,"objective",NA,NA,0,0,0,0,"dyadic",FALSE,"","oneMode","Group1",1,1337,"dv.net|creation|inPopX|beh.milexSpLag_1||1|1|NA","unused_native_template"
"dv.net","outd. pop.^(1/1) weighted beh.milexSpLag_1","outdegree pop.^(1/1) weighted beh.milexSpLag_1","outPopX","beh.milexSpLag_1","","eval",FALSE,FALSE,FALSE,FALSE,FALSE,",",0,1,"objective",NA,NA,0,0,0,0,"dyadic",FALSE,"","oneMode","Group1",1,1338,"dv.net|eval|outPopX|beh.milexSpLag_1||1|1|NA","unused_native_template"
"dv.net","outd. pop.^(1/1) weighted beh.milexSpLag_1","Lost ties: outdegree pop.^(1/1) weighted beh.milexSpLag_1","outPopX","beh.milexSpLag_1","","endow",FALSE,FALSE,FALSE,FALSE,FALSE,",",0,1,"objective",NA,NA,0,0,0,0,"dyadic",FALSE,"","oneMode","Group1",1,1339,"dv.net|endow|outPopX|beh.milexSpLag_1||1|1|NA","unused_native_template"
"dv.net","outd. pop.^(1/1) weighted beh.milexSpLag_1","New ties: outdegree pop.^(1/1) weighted beh.milexSpLag_1","outPopX","beh.milexSpLag_1","","creation",FALSE,FALSE,FALSE,FALSE,FALSE,",",0,1,"objective",NA,NA,0,0,0,0,"dyadic",FALSE,"","oneMode","Group1",1,1340,"dv.net|creation|outPopX|beh.milexSpLag_1||1|1|NA","unused_native_template"
"dv.net","ind. act.^(1/1) weighted beh.milexSpLag_1","indegree act.^(1/1) weighted beh.milexSpLag_1","inActX","beh.milexSpLag_1","","eval",FALSE,FALSE,FALSE,FALSE,FALSE,",",0,1,"objective",NA,NA,0,0,0,0,"dyadic",FALSE,"","oneMode","Group1",1,1341,"dv.net|eval|inActX|beh.milexSpLag_1||1|1|NA","unused_native_template"
"dv.net","ind. act.^(1/1) weighted beh.milexSpLag_1","Lost ties: indegree act.^(1/1) weighted beh.milexSpLag_1","inActX","beh.milexSpLag_1","","endow",FALSE,FALSE,FALSE,FALSE,FALSE,",",0,1,"objective",NA,NA,0,0,0,0,"dyadic",FALSE,"","oneMode","Group1",1,1342,"dv.net|endow|inActX|beh.milexSpLag_1||1|1|NA","unused_native_template"
"dv.net","ind. act.^(1/1) weighted beh.milexSpLag_1","New ties: indegree act.^(1/1) weighted beh.milexSpLag_1","inActX","beh.milexSpLag_1","","creation",FALSE,FALSE,FALSE,FALSE,FALSE,",",0,1,"objective",NA,NA,0,0,0,0,"dyadic",FALSE,"","oneMode","Group1",1,1343,"dv.net|creation|inActX|beh.milexSpLag_1||1|1|NA","unused_native_template"
"dv.net","outd. act.^(1/1) weighted beh.milexSpLag_1","indegree act.^(1/1) weighted beh.milexSpLag_1","outActX","beh.milexSpLag_1","","eval",FALSE,FALSE,FALSE,FALSE,FALSE,",",0,1,"objective",NA,NA,0,0,0,0,"dyadic",FALSE,"","oneMode","Group1",1,1344,"dv.net|eval|outActX|beh.milexSpLag_1||1|1|NA","unused_native_template"
"dv.net","outd. act.^(1/1) weighted beh.milexSpLag_1","Lost ties: indegree act.^(1/1) weighted beh.milexSpLag_1","outActX","beh.milexSpLag_1","","endow",FALSE,FALSE,FALSE,FALSE,FALSE,",",0,1,"objective",NA,NA,0,0,0,0,"dyadic",FALSE,"","oneMode","Group1",1,1345,"dv.net|endow|outActX|beh.milexSpLag_1||1|1|NA","unused_native_template"
"dv.net","outd. act.^(1/1) weighted beh.milexSpLag_1","New ties: indegree act.^(1/1) weighted beh.milexSpLag_1","outActX","beh.milexSpLag_1","","creation",FALSE,FALSE,FALSE,FALSE,FALSE,",",0,1,"objective",NA,NA,0,0,0,0,"dyadic",FALSE,"","oneMode","Group1",1,1346,"dv.net|creation|outActX|beh.milexSpLag_1||1|1|NA","unused_native_template"
"dv.net","same beh.milexSpLag_1","same beh.milexSpLag_1","sameX","beh.milexSpLag_1","","eval",FALSE,FALSE,FALSE,FALSE,FALSE,",",0,0,"objective",NA,NA,0,0,0,0,"dyadic",FALSE,"","oneMode","Group1",1,1347,"dv.net|eval|sameX|beh.milexSpLag_1||0|1|NA","unused_native_template"
"dv.net","same beh.milexSpLag_1","Lost ties: same beh.milexSpLag_1","sameX","beh.milexSpLag_1","","endow",FALSE,FALSE,FALSE,FALSE,FALSE,",",0,0,"objective",NA,NA,0,0,0,0,"dyadic",FALSE,"","oneMode","Group1",1,1348,"dv.net|endow|sameX|beh.milexSpLag_1||0|1|NA","unused_native_template"
"dv.net","same beh.milexSpLag_1","New ties: same beh.milexSpLag_1","sameX","beh.milexSpLag_1","","creation",FALSE,FALSE,FALSE,FALSE,FALSE,",",0,0,"objective",NA,NA,0,0,0,0,"dyadic",FALSE,"","oneMode","Group1",1,1349,"dv.net|creation|sameX|beh.milexSpLag_1||0|1|NA","unused_native_template"
"dv.net","ind. pop. from dif. beh.milexSpLag_1","indegree pop. from dif. values on beh.milexSpLag_1","diffXInPop","beh.milexSpLag_1","","eval",FALSE,FALSE,FALSE,FALSE,FALSE,",",0,0,"objective",NA,NA,0,0,0,0,"dyadic",FALSE,"","oneMode","Group1",1,1350,"dv.net|eval|diffXInPop|beh.milexSpLag_1||0|1|NA","unused_native_template"
"dv.net","ind. pop. from dif. beh.milexSpLag_1","Lost ties: indegree pop. from dif. values on beh.milexSpLag_1","diffXInPop","beh.milexSpLag_1","","endow",FALSE,FALSE,FALSE,FALSE,FALSE,",",0,0,"objective",NA,NA,0,0,0,0,"dyadic",FALSE,"","oneMode","Group1",1,1351,"dv.net|endow|diffXInPop|beh.milexSpLag_1||0|1|NA","unused_native_template"
"dv.net","ind. pop. from dif. beh.milexSpLag_1","New ties: indegree pop. from dif. values on beh.milexSpLag_1","diffXInPop","beh.milexSpLag_1","","creation",FALSE,FALSE,FALSE,FALSE,FALSE,",",0,0,"objective",NA,NA,0,0,0,0,"dyadic",FALSE,"","oneMode","Group1",1,1352,"dv.net|creation|diffXInPop|beh.milexSpLag_1||0|1|NA","unused_native_template"
"dv.net","outd. act. to same beh.milexSpLag_1","sum sqr. outd. to same values on beh.milexSpLag_1","sameXOutAct","beh.milexSpLag_1","","eval",FALSE,FALSE,FALSE,FALSE,FALSE,",",0,0,"objective",NA,NA,0,0,0,0,"",FALSE,"","oneMode","Group1",1,1353,"dv.net|eval|sameXOutAct|beh.milexSpLag_1||0|1|NA","unused_native_template"
"dv.net","outd. act. to same beh.milexSpLag_1","Lost ties: sum sqr. outd. to same values on beh.milexSpLag_1","sameXOutAct","beh.milexSpLag_1","","endow",FALSE,FALSE,FALSE,FALSE,FALSE,",",0,0,"objective",NA,NA,0,0,0,0,"",FALSE,"","oneMode","Group1",1,1354,"dv.net|endow|sameXOutAct|beh.milexSpLag_1||0|1|NA","unused_native_template"
"dv.net","outd. act. to same beh.milexSpLag_1","New ties: sum sqr. outd. to same values on beh.milexSpLag_1","sameXOutAct","beh.milexSpLag_1","","creation",FALSE,FALSE,FALSE,FALSE,FALSE,",",0,0,"objective",NA,NA,0,0,0,0,"",FALSE,"","oneMode","Group1",1,1355,"dv.net|creation|sameXOutAct|beh.milexSpLag_1||0|1|NA","unused_native_template"
"dv.net","outd. act. to dif. beh.milexSpLag_1","sum sqr. outd. to dif. values on beh.milexSpLag_1","diffXOutAct","beh.milexSpLag_1","","eval",FALSE,FALSE,FALSE,FALSE,FALSE,",",0,0,"objective",NA,NA,0,0,0,0,"",FALSE,"","oneMode","Group1",1,1356,"dv.net|eval|diffXOutAct|beh.milexSpLag_1||0|1|NA","unused_native_template"
"dv.net","outd. act. to dif. beh.milexSpLag_1","Lost ties: sum sqr. outd. to dif. values on beh.milexSpLag_1","diffXOutAct","beh.milexSpLag_1","","endow",FALSE,FALSE,FALSE,FALSE,FALSE,",",0,0,"objective",NA,NA,0,0,0,0,"",FALSE,"","oneMode","Group1",1,1357,"dv.net|endow|diffXOutAct|beh.milexSpLag_1||0|1|NA","unused_native_template"
"dv.net","outd. act. to dif. beh.milexSpLag_1","New ties: sum sqr. outd. to dif. values on beh.milexSpLag_1","diffXOutAct","beh.milexSpLag_1","","creation",FALSE,FALSE,FALSE,FALSE,FALSE,",",0,0,"objective",NA,NA,0,0,0,0,"",FALSE,"","oneMode","Group1",1,1358,"dv.net|creation|diffXOutAct|beh.milexSpLag_1||0|1|NA","unused_native_template"
"dv.net","outd. act. to hom. beh.milexSpLag_1","sum sqr. outd. to hom. values on beh.milexSpLag_1","homXOutAct","beh.milexSpLag_1","","eval",FALSE,FALSE,FALSE,FALSE,FALSE,",",0,0,"objective",NA,NA,0,0,0,0,"",FALSE,"","oneMode","Group1",1,1359,"dv.net|eval|homXOutAct|beh.milexSpLag_1||0|1|NA","unused_native_template"
"dv.net","outd. act. to hom. beh.milexSpLag_1","Lost ties: sum sqr. outd. to hom. values on beh.milexSpLag_1","homXOutAct","beh.milexSpLag_1","","endow",FALSE,FALSE,FALSE,FALSE,FALSE,",",0,0,"objective",NA,NA,0,0,0,0,"",FALSE,"","oneMode","Group1",1,1360,"dv.net|endow|homXOutAct|beh.milexSpLag_1||0|1|NA","unused_native_template"
"dv.net","outd. act. to hom. beh.milexSpLag_1","New ties: sum sqr. outd. to hom. values on beh.milexSpLag_1","homXOutAct","beh.milexSpLag_1","","creation",FALSE,FALSE,FALSE,FALSE,FALSE,",",0,0,"objective",NA,NA,0,0,0,0,"",FALSE,"","oneMode","Group1",1,1361,"dv.net|creation|homXOutAct|beh.milexSpLag_1||0|1|NA","unused_native_template"
"dv.net","outd. act. weight alt. beh.milexSpLag_1","sum sqr. outd. weight alt. beh.milexSpLag_1","altXOutAct","beh.milexSpLag_1","","eval",FALSE,FALSE,FALSE,FALSE,FALSE,",",0,0,"objective",NA,NA,0,0,0,0,"",FALSE,"","oneMode","Group1",1,1362,"dv.net|eval|altXOutAct|beh.milexSpLag_1||0|1|NA","unused_native_template"
"dv.net","outd. act. weight alt. beh.milexSpLag_1","Lost ties: sum sqr. outd. weight alt. beh.milexSpLag_1","altXOutAct","beh.milexSpLag_1","","endow",FALSE,FALSE,FALSE,FALSE,FALSE,",",0,0,"objective",NA,NA,0,0,0,0,"",FALSE,"","oneMode","Group1",1,1363,"dv.net|endow|altXOutAct|beh.milexSpLag_1||0|1|NA","unused_native_template"
"dv.net","outd. act. weight alt. beh.milexSpLag_1","New ties: sum sqr. outd. weight alt. beh.milexSpLag_1","altXOutAct","beh.milexSpLag_1","","creation",FALSE,FALSE,FALSE,FALSE,FALSE,",",0,0,"objective",NA,NA,0,0,0,0,"",FALSE,"","oneMode","Group1",1,1364,"dv.net|creation|altXOutAct|beh.milexSpLag_1||0|1|NA","unused_native_template"
"dv.net","trans. triads intermed. beh.milexSpLag_1","Number of trans. triads intermed. weight beh.milexSpLag_1","transTripX","beh.milexSpLag_1","","eval",FALSE,FALSE,FALSE,FALSE,FALSE,",",0,0,"objective",NA,NA,0,0,0,0,"",FALSE,"","oneMode","Group1",1,1365,"dv.net|eval|transTripX|beh.milexSpLag_1||0|1|NA","unused_native_template"
"dv.net","trans. triads intermed. beh.milexSpLag_1","Lost ties: Number of trans. triads intermed. weight beh.milexSpLag_1","transTripX","beh.milexSpLag_1","","endow",FALSE,FALSE,FALSE,FALSE,FALSE,",",0,0,"objective",NA,NA,0,0,0,0,"",FALSE,"","oneMode","Group1",1,1366,"dv.net|endow|transTripX|beh.milexSpLag_1||0|1|NA","unused_native_template"
"dv.net","trans. triads intermed. beh.milexSpLag_1","New ties: Number of trans. triads intermed. weight beh.milexSpLag_1","transTripX","beh.milexSpLag_1","","creation",FALSE,FALSE,FALSE,FALSE,FALSE,",",0,0,"objective",NA,NA,0,0,0,0,"",FALSE,"","oneMode","Group1",1,1367,"dv.net|creation|transTripX|beh.milexSpLag_1||0|1|NA","unused_native_template"
"dv.net","transitive triads same beh.milexSpLag_1","Number of transitive triads same on beh.milexSpLag_1","sameXTransTrip","beh.milexSpLag_1","","eval",FALSE,FALSE,FALSE,FALSE,FALSE,",",0,0,"objective",NA,NA,0,0,0,0,"",FALSE,"","oneMode","Group1",1,1368,"dv.net|eval|sameXTransTrip|beh.milexSpLag_1||0|1|NA","unused_native_template"
"dv.net","transitive triads same beh.milexSpLag_1","Lost ties: Number of transitive triads same on beh.milexSpLag_1","sameXTransTrip","beh.milexSpLag_1","","endow",FALSE,FALSE,FALSE,FALSE,FALSE,",",0,0,"objective",NA,NA,0,0,0,0,"",FALSE,"","oneMode","Group1",1,1369,"dv.net|endow|sameXTransTrip|beh.milexSpLag_1||0|1|NA","unused_native_template"
"dv.net","transitive triads same beh.milexSpLag_1","New ties: Number of transitive triads same on beh.milexSpLag_1","sameXTransTrip","beh.milexSpLag_1","","creation",FALSE,FALSE,FALSE,FALSE,FALSE,",",0,0,"objective",NA,NA,0,0,0,0,"",FALSE,"","oneMode","Group1",1,1370,"dv.net|creation|sameXTransTrip|beh.milexSpLag_1||0|1|NA","unused_native_template"
"dv.net","transitive triads diff. beh.milexSpLag_1","Number of transitive triads diff. on beh.milexSpLag_1","diffXTransTrip","beh.milexSpLag_1","","eval",FALSE,FALSE,FALSE,FALSE,FALSE,",",0,0,"objective",NA,NA,0,0,0,0,"",FALSE,"","oneMode","Group1",1,1371,"dv.net|eval|diffXTransTrip|beh.milexSpLag_1||0|1|NA","unused_native_template"
"dv.net","transitive triads diff. beh.milexSpLag_1","Lost ties: Number of transitive triads diff. on beh.milexSpLag_1","diffXTransTrip","beh.milexSpLag_1","","endow",FALSE,FALSE,FALSE,FALSE,FALSE,",",0,0,"objective",NA,NA,0,0,0,0,"",FALSE,"","oneMode","Group1",1,1372,"dv.net|endow|diffXTransTrip|beh.milexSpLag_1||0|1|NA","unused_native_template"
"dv.net","transitive triads diff. beh.milexSpLag_1","New ties: Number of transitive triads diff. on beh.milexSpLag_1","diffXTransTrip","beh.milexSpLag_1","","creation",FALSE,FALSE,FALSE,FALSE,FALSE,",",0,0,"objective",NA,NA,0,0,0,0,"",FALSE,"","oneMode","Group1",1,1373,"dv.net|creation|diffXTransTrip|beh.milexSpLag_1||0|1|NA","unused_native_template"
"dv.net","transitive triplets homog. beh.milexSpLag_1","Number of transitive triplets homogeneous on beh.milexSpLag_1","homXTransTrip","beh.milexSpLag_1","","eval",FALSE,FALSE,FALSE,FALSE,FALSE,",",0,0,"objective",NA,NA,0,0,0,0,"",FALSE,"","oneMode","Group1",1,1374,"dv.net|eval|homXTransTrip|beh.milexSpLag_1||0|1|NA","unused_native_template"
"dv.net","transitive triplets homog. beh.milexSpLag_1","Lost ties: Number of transitive triplets homogeneous on beh.milexSpLag_1","homXTransTrip","beh.milexSpLag_1","","endow",FALSE,FALSE,FALSE,FALSE,FALSE,",",0,0,"objective",NA,NA,0,0,0,0,"",FALSE,"","oneMode","Group1",1,1375,"dv.net|endow|homXTransTrip|beh.milexSpLag_1||0|1|NA","unused_native_template"
"dv.net","transitive triplets homog. beh.milexSpLag_1","New ties: Number of transitive triplets homogeneous on beh.milexSpLag_1","homXTransTrip","beh.milexSpLag_1","","creation",FALSE,FALSE,FALSE,FALSE,FALSE,",",0,0,"objective",NA,NA,0,0,0,0,"",FALSE,"","oneMode","Group1",1,1376,"dv.net|creation|homXTransTrip|beh.milexSpLag_1||0|1|NA","unused_native_template"
"dv.net","transitive triads jumping beh.milexSpLag_1","Number of transitive triads jumping beh.milexSpLag_1","jumpXTransTrip","beh.milexSpLag_1","","eval",FALSE,FALSE,FALSE,FALSE,FALSE,",",0,0,"objective",NA,NA,0,0,0,0,"",FALSE,"","oneMode","Group1",1,1377,"dv.net|eval|jumpXTransTrip|beh.milexSpLag_1||0|1|NA","unused_native_template"
"dv.net","transitive triads jumping beh.milexSpLag_1","Lost ties: Number of transitive triads jumping beh.milexSpLag_1","jumpXTransTrip","beh.milexSpLag_1","","endow",FALSE,FALSE,FALSE,FALSE,FALSE,",",0,0,"objective",NA,NA,0,0,0,0,"",FALSE,"","oneMode","Group1",1,1378,"dv.net|endow|jumpXTransTrip|beh.milexSpLag_1||0|1|NA","unused_native_template"
"dv.net","transitive triads jumping beh.milexSpLag_1","New ties: Number of transitive triads jumping beh.milexSpLag_1","jumpXTransTrip","beh.milexSpLag_1","","creation",FALSE,FALSE,FALSE,FALSE,FALSE,",",0,0,"objective",NA,NA,0,0,0,0,"",FALSE,"","oneMode","Group1",1,1379,"dv.net|creation|jumpXTransTrip|beh.milexSpLag_1||0|1|NA","unused_native_template"
"dv.net","beh.milexSpLag_1 ego x beh.milexSpLag_1 alter","beh.milexSpLag_1 ego x beh.milexSpLag_1 alter","egoXaltX","beh.milexSpLag_1","","eval",FALSE,FALSE,FALSE,FALSE,FALSE,",",0,0,"objective",NA,NA,0,0,0,0,"dyadic",FALSE,"","oneMode","Group1",1,1380,"dv.net|eval|egoXaltX|beh.milexSpLag_1||0|1|NA","unused_native_template"
"dv.net","beh.milexSpLag_1 ego x beh.milexSpLag_1 alter","Lost ties: beh.milexSpLag_1 ego x beh.milexSpLag_1 alter","egoXaltX","beh.milexSpLag_1","","endow",FALSE,FALSE,FALSE,FALSE,FALSE,",",0,0,"objective",NA,NA,0,0,0,0,"dyadic",FALSE,"","oneMode","Group1",1,1381,"dv.net|endow|egoXaltX|beh.milexSpLag_1||0|1|NA","unused_native_template"
"dv.net","beh.milexSpLag_1 ego x beh.milexSpLag_1 alter","New ties: beh.milexSpLag_1 ego x beh.milexSpLag_1 alter","egoXaltX","beh.milexSpLag_1","","creation",FALSE,FALSE,FALSE,FALSE,FALSE,",",0,0,"objective",NA,NA,0,0,0,0,"dyadic",FALSE,"","oneMode","Group1",1,1382,"dv.net|creation|egoXaltX|beh.milexSpLag_1||0|1|NA","unused_native_template"
"dv.net","beh.milexSpLag_1 of indirect ties","beh.milexSpLag_1 of indirect ties","IndTies","beh.milexSpLag_1","","eval",FALSE,FALSE,FALSE,FALSE,FALSE,",",0,0,"objective",NA,NA,0,0,0,0,"dyadic",FALSE,"","oneMode","Group1",1,1383,"dv.net|eval|IndTies|beh.milexSpLag_1||0|1|NA","unused_native_template"
"dv.net","beh.milexSpLag_1 alter at dist 2 (1)","beh.milexSpLag_1 alter at dist 2 (1)","altDist2","beh.milexSpLag_1","","eval",FALSE,FALSE,FALSE,FALSE,FALSE,",",0,1,"objective",NA,NA,0,0,0,0,"dyadic",FALSE,"","oneMode","Group1",1,1384,"dv.net|eval|altDist2|beh.milexSpLag_1||1|1|NA","unused_native_template"
"dv.net","beh.milexSpLag_1 alter at dist 2 (1)","Lost ties: beh.milexSpLag_1 alter at dist 2 (1)","altDist2","beh.milexSpLag_1","","endow",FALSE,FALSE,FALSE,FALSE,FALSE,",",0,1,"objective",NA,NA,0,0,0,0,"dyadic",FALSE,"","oneMode","Group1",1,1385,"dv.net|endow|altDist2|beh.milexSpLag_1||1|1|NA","unused_native_template"
"dv.net","beh.milexSpLag_1 alter at dist 2 (1)","New ties: beh.milexSpLag_1 alter at dist 2 (1)","altDist2","beh.milexSpLag_1","","creation",FALSE,FALSE,FALSE,FALSE,FALSE,",",0,1,"objective",NA,NA,0,0,0,0,"dyadic",FALSE,"","oneMode","Group1",1,1386,"dv.net|creation|altDist2|beh.milexSpLag_1||1|1|NA","unused_native_template"
"dv.net","beh.milexSpLag_1 tot alter at dist 2 (1)","beh.milexSpLag_1 tot alter at dist 2 (1)","totDist2","beh.milexSpLag_1","","eval",FALSE,FALSE,FALSE,FALSE,FALSE,",",0,1,"objective",NA,NA,0,0,0,0,"dyadic",FALSE,"","oneMode","Group1",1,1387,"dv.net|eval|totDist2|beh.milexSpLag_1||1|1|NA","unused_native_template"
"dv.net","beh.milexSpLag_1 tot alter at dist 2 (1)","Lost ties: beh.milexSpLag_1 tot alter at dist 2 (1)","totDist2","beh.milexSpLag_1","","endow",FALSE,FALSE,FALSE,FALSE,FALSE,",",0,1,"objective",NA,NA,0,0,0,0,"dyadic",FALSE,"","oneMode","Group1",1,1388,"dv.net|endow|totDist2|beh.milexSpLag_1||1|1|NA","unused_native_template"
"dv.net","beh.milexSpLag_1 tot alter at dist 2 (1)","New ties: beh.milexSpLag_1 tot alter at dist 2 (1)","totDist2","beh.milexSpLag_1","","creation",FALSE,FALSE,FALSE,FALSE,FALSE,",",0,1,"objective",NA,NA,0,0,0,0,"dyadic",FALSE,"","oneMode","Group1",1,1389,"dv.net|creation|totDist2|beh.milexSpLag_1||1|1|NA","unused_native_template"
"dv.net","beh.milexSpLag_1 ego-alter dist 2 similarity","beh.milexSpLag_1 ego-alter dist 2 similarity","simEgoDist2","beh.milexSpLag_1","","eval",FALSE,FALSE,FALSE,FALSE,FALSE,",",0,1,"objective",NA,NA,0,0,0,0,"dyadic",FALSE,"","oneMode","Group1",1,1390,"dv.net|eval|simEgoDist2|beh.milexSpLag_1||1|1|NA","unused_native_template"
"dv.net","beh.milexSpLag_1 ego-alter dist 2 similarity","Lost ties: beh.milexSpLag_1 ego-alter dist 2 similarity","simEgoDist2","beh.milexSpLag_1","","endow",FALSE,FALSE,FALSE,FALSE,FALSE,",",0,1,"objective",NA,NA,0,0,0,0,"dyadic",FALSE,"","oneMode","Group1",1,1391,"dv.net|endow|simEgoDist2|beh.milexSpLag_1||1|1|NA","unused_native_template"
"dv.net","beh.milexSpLag_1 ego-alter dist 2 similarity","New ties: beh.milexSpLag_1 ego-alter dist 2 similarity","simEgoDist2","beh.milexSpLag_1","","creation",FALSE,FALSE,FALSE,FALSE,FALSE,",",0,1,"objective",NA,NA,0,0,0,0,"dyadic",FALSE,"","oneMode","Group1",1,1392,"dv.net|creation|simEgoDist2|beh.milexSpLag_1||1|1|NA","unused_native_template"
"dv.net","beh.milexSpLag_1 similarity at dist 2","beh.milexSpLag_1 similarity at dist 2","simDist2","beh.milexSpLag_1","","eval",FALSE,FALSE,FALSE,FALSE,FALSE,",",0,1,"objective",NA,NA,0,0,0,0,"dyadic",FALSE,"","oneMode","Group1",1,1393,"dv.net|eval|simDist2|beh.milexSpLag_1||1|1|NA","unused_native_template"
"dv.net","beh.milexSpLag_1 similarity at dist 2","Lost ties: beh.milexSpLag_1 similarity at dist 2","simDist2","beh.milexSpLag_1","","endow",FALSE,FALSE,FALSE,FALSE,FALSE,",",0,1,"objective",NA,NA,0,0,0,0,"dyadic",FALSE,"","oneMode","Group1",1,1394,"dv.net|endow|simDist2|beh.milexSpLag_1||1|1|NA","unused_native_template"
"dv.net","beh.milexSpLag_1 similarity at dist 2","New ties: beh.milexSpLag_1 similarity at dist 2","simDist2","beh.milexSpLag_1","","creation",FALSE,FALSE,FALSE,FALSE,FALSE,",",0,1,"objective",NA,NA,0,0,0,0,"dyadic",FALSE,"","oneMode","Group1",1,1395,"dv.net|creation|simDist2|beh.milexSpLag_1||1|1|NA","unused_native_template"
"dv.net","beh.milexSpLag_1 in-alter dist 2","beh.milexSpLag_1 in-alter dist 2","altInDist2","beh.milexSpLag_1","","eval",FALSE,FALSE,FALSE,FALSE,FALSE,",",0,0,"objective",NA,NA,0,0,0,0,"dyadic",FALSE,"","oneMode","Group1",1,1396,"dv.net|eval|altInDist2|beh.milexSpLag_1||0|1|NA","unused_native_template"
"dv.net","beh.milexSpLag_1 in-alter dist 2","Lost ties: beh.milexSpLag_1 in-alter dist 2","altInDist2","beh.milexSpLag_1","","endow",FALSE,FALSE,FALSE,FALSE,FALSE,",",0,0,"objective",NA,NA,0,0,0,0,"dyadic",FALSE,"","oneMode","Group1",1,1397,"dv.net|endow|altInDist2|beh.milexSpLag_1||0|1|NA","unused_native_template"
"dv.net","beh.milexSpLag_1 in-alter dist 2","New ties: beh.milexSpLag_1 in-alter dist 2","altInDist2","beh.milexSpLag_1","","creation",FALSE,FALSE,FALSE,FALSE,FALSE,",",0,0,"objective",NA,NA,0,0,0,0,"dyadic",FALSE,"","oneMode","Group1",1,1398,"dv.net|creation|altInDist2|beh.milexSpLag_1||0|1|NA","unused_native_template"
"dv.net","beh.milexSpLag_1 tot in-alter dist 2","beh.milexSpLag_1 tot in-alter dist 2","totInDist2","beh.milexSpLag_1","","eval",FALSE,FALSE,FALSE,FALSE,FALSE,",",0,0,"objective",NA,NA,0,0,0,0,"dyadic",FALSE,"","oneMode","Group1",1,1399,"dv.net|eval|totInDist2|beh.milexSpLag_1||0|1|NA","unused_native_template"
"dv.net","beh.milexSpLag_1 tot in-alter dist 2","Lost ties: beh.milexSpLag_1 tot in-alter dist 2","totInDist2","beh.milexSpLag_1","","endow",FALSE,FALSE,FALSE,FALSE,FALSE,",",0,0,"objective",NA,NA,0,0,0,0,"dyadic",FALSE,"","oneMode","Group1",1,1400,"dv.net|endow|totInDist2|beh.milexSpLag_1||0|1|NA","unused_native_template"
"dv.net","beh.milexSpLag_1 tot in-alter dist 2","New ties: beh.milexSpLag_1 tot in-alter dist 2","totInDist2","beh.milexSpLag_1","","creation",FALSE,FALSE,FALSE,FALSE,FALSE,",",0,0,"objective",NA,NA,0,0,0,0,"dyadic",FALSE,"","oneMode","Group1",1,1401,"dv.net|creation|totInDist2|beh.milexSpLag_1||0|1|NA","unused_native_template"
"dv.net","beh.milexSpLag_1 ego-in-alter dist 2 similarity","beh.milexSpLag_1 ego-in-alter dist 2 similarity","simEgoInDist2","beh.milexSpLag_1","","eval",FALSE,FALSE,FALSE,FALSE,FALSE,",",0,1,"objective",NA,NA,0,0,0,0,"dyadic",FALSE,"","oneMode","Group1",1,1402,"dv.net|eval|simEgoInDist2|beh.milexSpLag_1||1|1|NA","unused_native_template"
"dv.net","beh.milexSpLag_1 ego-in-alter dist 2 similarity","Lost ties: beh.milexSpLag_1 ego-in-alter dist 2 similarity","simEgoInDist2","beh.milexSpLag_1","","endow",FALSE,FALSE,FALSE,FALSE,FALSE,",",0,1,"objective",NA,NA,0,0,0,0,"dyadic",FALSE,"","oneMode","Group1",1,1403,"dv.net|endow|simEgoInDist2|beh.milexSpLag_1||1|1|NA","unused_native_template"
"dv.net","beh.milexSpLag_1 ego-in-alter dist 2 similarity","New ties: beh.milexSpLag_1 ego-in-alter dist 2 similarity","simEgoInDist2","beh.milexSpLag_1","","creation",FALSE,FALSE,FALSE,FALSE,FALSE,",",0,1,"objective",NA,NA,0,0,0,0,"dyadic",FALSE,"","oneMode","Group1",1,1404,"dv.net|creation|simEgoInDist2|beh.milexSpLag_1||1|1|NA","unused_native_template"
"dv.net","beh.milexSpLag_1 group-av. ego","Sum of degr. x aver. beh.milexSpLag_1","avGroupEgoX","beh.milexSpLag_1","","eval",FALSE,FALSE,FALSE,FALSE,FALSE,",",0,0,"objective",NA,NA,0,0,0,0,"ego",FALSE,"","oneMode","Group1",1,1405,"dv.net|eval|avGroupEgoX|beh.milexSpLag_1||0|1|NA","unused_native_template"
"dv.net","beh.milexSpLag_1 group-av. ego","Lost ties: Sum of degr. x aver. beh.milexSpLag_1","avGroupEgoX","beh.milexSpLag_1","","endow",FALSE,FALSE,FALSE,FALSE,FALSE,",",0,0,"objective",NA,NA,0,0,0,0,"ego",FALSE,"","oneMode","Group1",1,1406,"dv.net|endow|avGroupEgoX|beh.milexSpLag_1||0|1|NA","unused_native_template"
"dv.net","beh.milexSpLag_1 group-av. ego","New ties: Sum of degr. x aver. beh.milexSpLag_1","avGroupEgoX","beh.milexSpLag_1","","creation",FALSE,FALSE,FALSE,FALSE,FALSE,",",0,0,"objective",NA,NA,0,0,0,0,"ego",FALSE,"","oneMode","Group1",1,1407,"dv.net|creation|avGroupEgoX|beh.milexSpLag_1||0|1|NA","unused_native_template"
"dv.net","unspecified interaction effect","unspecified interaction statistic","unspInt","","","eval",FALSE,FALSE,FALSE,FALSE,FALSE,",",0,0,"objective",NA,NA,0,0,0,0,"",FALSE,"","oneMode","Group1",1,1408,"dv.net|eval|unspInt|||0|1|NA","unused_native_template"
"dv.net","unspecified interaction effect","Lost ties: unspecified interaction statistic","unspInt","","","endow",FALSE,FALSE,FALSE,FALSE,FALSE,",",0,0,"objective",NA,NA,0,0,0,0,"",FALSE,"","oneMode","Group1",1,1409,"dv.net|endow|unspInt|||0|1|NA","unused_native_template"
"dv.net","unspecified interaction effect","New ties: unspecified interaction statistic","unspInt","","","creation",FALSE,FALSE,FALSE,FALSE,FALSE,",",0,0,"objective",NA,NA,0,0,0,0,"",FALSE,"","oneMode","Group1",1,1410,"dv.net|creation|unspInt|||0|1|NA","unused_native_template"
"dv.net","unspecified interaction effect","unspecified interaction statistic","unspInt","","","eval",FALSE,FALSE,FALSE,FALSE,FALSE,",",0,0,"objective",NA,NA,0,0,0,0,"",FALSE,"","oneMode","Group1",1,1411,"dv.net|eval|unspInt|||0|1|NA","unused_native_template"
"dv.net","unspecified interaction effect","Lost ties: unspecified interaction statistic","unspInt","","","endow",FALSE,FALSE,FALSE,FALSE,FALSE,",",0,0,"objective",NA,NA,0,0,0,0,"",FALSE,"","oneMode","Group1",1,1412,"dv.net|endow|unspInt|||0|1|NA","unused_native_template"
"dv.net","unspecified interaction effect","New ties: unspecified interaction statistic","unspInt","","","creation",FALSE,FALSE,FALSE,FALSE,FALSE,",",0,0,"objective",NA,NA,0,0,0,0,"",FALSE,"","oneMode","Group1",1,1413,"dv.net|creation|unspInt|||0|1|NA","unused_native_template"
"dv.net","unspecified interaction effect","unspecified interaction statistic","unspInt","","","eval",FALSE,FALSE,FALSE,FALSE,FALSE,",",0,0,"objective",NA,NA,0,0,0,0,"",FALSE,"","oneMode","Group1",1,1414,"dv.net|eval|unspInt|||0|1|NA","unused_native_template"
"dv.net","unspecified interaction effect","Lost ties: unspecified interaction statistic","unspInt","","","endow",FALSE,FALSE,FALSE,FALSE,FALSE,",",0,0,"objective",NA,NA,0,0,0,0,"",FALSE,"","oneMode","Group1",1,1415,"dv.net|endow|unspInt|||0|1|NA","unused_native_template"
"dv.net","unspecified interaction effect","New ties: unspecified interaction statistic","unspInt","","","creation",FALSE,FALSE,FALSE,FALSE,FALSE,",",0,0,"objective",NA,NA,0,0,0,0,"",FALSE,"","oneMode","Group1",1,1416,"dv.net|creation|unspInt|||0|1|NA","unused_native_template"
"dv.net","unspecified interaction effect","unspecified interaction statistic","unspInt","","","eval",FALSE,FALSE,FALSE,FALSE,FALSE,",",0,0,"objective",NA,NA,0,0,0,0,"",FALSE,"","oneMode","Group1",1,1417,"dv.net|eval|unspInt|||0|1|NA","unused_native_template"
"dv.net","unspecified interaction effect","Lost ties: unspecified interaction statistic","unspInt","","","endow",FALSE,FALSE,FALSE,FALSE,FALSE,",",0,0,"objective",NA,NA,0,0,0,0,"",FALSE,"","oneMode","Group1",1,1418,"dv.net|endow|unspInt|||0|1|NA","unused_native_template"
"dv.net","unspecified interaction effect","New ties: unspecified interaction statistic","unspInt","","","creation",FALSE,FALSE,FALSE,FALSE,FALSE,",",0,0,"objective",NA,NA,0,0,0,0,"",FALSE,"","oneMode","Group1",1,1419,"dv.net|creation|unspInt|||0|1|NA","unused_native_template"
"dv.net","unspecified interaction effect","unspecified interaction statistic","unspInt","","","eval",FALSE,FALSE,FALSE,FALSE,FALSE,",",0,0,"objective",NA,NA,0,0,0,0,"",FALSE,"","oneMode","Group1",1,1420,"dv.net|eval|unspInt|||0|1|NA","unused_native_template"
"dv.net","unspecified interaction effect","Lost ties: unspecified interaction statistic","unspInt","","","endow",FALSE,FALSE,FALSE,FALSE,FALSE,",",0,0,"objective",NA,NA,0,0,0,0,"",FALSE,"","oneMode","Group1",1,1421,"dv.net|endow|unspInt|||0|1|NA","unused_native_template"
"dv.net","unspecified interaction effect","New ties: unspecified interaction statistic","unspInt","","","creation",FALSE,FALSE,FALSE,FALSE,FALSE,",",0,0,"objective",NA,NA,0,0,0,0,"",FALSE,"","oneMode","Group1",1,1422,"dv.net|creation|unspInt|||0|1|NA","unused_native_template"
"dv.net","unspecified interaction effect","unspecified interaction statistic","unspInt","","","eval",FALSE,FALSE,FALSE,FALSE,FALSE,",",0,0,"objective",NA,NA,0,0,0,0,"",FALSE,"","oneMode","Group1",1,1423,"dv.net|eval|unspInt|||0|1|NA","unused_native_template"
"dv.net","unspecified interaction effect","Lost ties: unspecified interaction statistic","unspInt","","","endow",FALSE,FALSE,FALSE,FALSE,FALSE,",",0,0,"objective",NA,NA,0,0,0,0,"",FALSE,"","oneMode","Group1",1,1424,"dv.net|endow|unspInt|||0|1|NA","unused_native_template"
"dv.net","unspecified interaction effect","New ties: unspecified interaction statistic","unspInt","","","creation",FALSE,FALSE,FALSE,FALSE,FALSE,",",0,0,"objective",NA,NA,0,0,0,0,"",FALSE,"","oneMode","Group1",1,1425,"dv.net|creation|unspInt|||0|1|NA","unused_native_template"
"dv.net","unspecified interaction effect","unspecified interaction statistic","unspInt","","","eval",FALSE,FALSE,FALSE,FALSE,FALSE,",",0,0,"objective",NA,NA,0,0,0,0,"",FALSE,"","oneMode","Group1",1,1426,"dv.net|eval|unspInt|||0|1|NA","unused_native_template"
"dv.net","unspecified interaction effect","Lost ties: unspecified interaction statistic","unspInt","","","endow",FALSE,FALSE,FALSE,FALSE,FALSE,",",0,0,"objective",NA,NA,0,0,0,0,"",FALSE,"","oneMode","Group1",1,1427,"dv.net|endow|unspInt|||0|1|NA","unused_native_template"
"dv.net","unspecified interaction effect","New ties: unspecified interaction statistic","unspInt","","","creation",FALSE,FALSE,FALSE,FALSE,FALSE,",",0,0,"objective",NA,NA,0,0,0,0,"",FALSE,"","oneMode","Group1",1,1428,"dv.net|creation|unspInt|||0|1|NA","unused_native_template"
"dv.net","unspecified interaction effect","unspecified interaction statistic","unspInt","","","eval",FALSE,FALSE,FALSE,FALSE,FALSE,",",0,0,"objective",NA,NA,0,0,0,0,"",FALSE,"","oneMode","Group1",1,1429,"dv.net|eval|unspInt|||0|1|NA","unused_native_template"
"dv.net","unspecified interaction effect","Lost ties: unspecified interaction statistic","unspInt","","","endow",FALSE,FALSE,FALSE,FALSE,FALSE,",",0,0,"objective",NA,NA,0,0,0,0,"",FALSE,"","oneMode","Group1",1,1430,"dv.net|endow|unspInt|||0|1|NA","unused_native_template"
"dv.net","unspecified interaction effect","New ties: unspecified interaction statistic","unspInt","","","creation",FALSE,FALSE,FALSE,FALSE,FALSE,",",0,0,"objective",NA,NA,0,0,0,0,"",FALSE,"","oneMode","Group1",1,1431,"dv.net|creation|unspInt|||0|1|NA","unused_native_template"
"dv.net","unspecified interaction effect","unspecified interaction statistic","unspInt","","","eval",FALSE,FALSE,FALSE,FALSE,FALSE,",",0,0,"objective",NA,NA,0,0,0,0,"",FALSE,"","oneMode","Group1",1,1432,"dv.net|eval|unspInt|||0|1|NA","unused_native_template"
"dv.net","unspecified interaction effect","Lost ties: unspecified interaction statistic","unspInt","","","endow",FALSE,FALSE,FALSE,FALSE,FALSE,",",0,0,"objective",NA,NA,0,0,0,0,"",FALSE,"","oneMode","Group1",1,1433,"dv.net|endow|unspInt|||0|1|NA","unused_native_template"
"dv.net","unspecified interaction effect","New ties: unspecified interaction statistic","unspInt","","","creation",FALSE,FALSE,FALSE,FALSE,FALSE,",",0,0,"objective",NA,NA,0,0,0,0,"",FALSE,"","oneMode","Group1",1,1434,"dv.net|creation|unspInt|||0|1|NA","unused_native_template"
"dv.net","unspecified interaction effect","unspecified interaction statistic","unspInt","","","eval",FALSE,FALSE,FALSE,FALSE,FALSE,",",0,0,"objective",NA,NA,0,0,0,0,"",FALSE,"","oneMode","Group1",1,1435,"dv.net|eval|unspInt|||0|1|NA","unused_native_template"
"dv.net","unspecified interaction effect","Lost ties: unspecified interaction statistic","unspInt","","","endow",FALSE,FALSE,FALSE,FALSE,FALSE,",",0,0,"objective",NA,NA,0,0,0,0,"",FALSE,"","oneMode","Group1",1,1436,"dv.net|endow|unspInt|||0|1|NA","unused_native_template"
"dv.net","unspecified interaction effect","New ties: unspecified interaction statistic","unspInt","","","creation",FALSE,FALSE,FALSE,FALSE,FALSE,",",0,0,"objective",NA,NA,0,0,0,0,"",FALSE,"","oneMode","Group1",1,1437,"dv.net|creation|unspInt|||0|1|NA","unused_native_template"
"dv.net","from dv.net agr. weighted by dv.net ind","m.tr. XWW, W = dv.net, weight ind. dv.net","from.w.ind","dv.net","dv.net","eval",FALSE,FALSE,FALSE,FALSE,FALSE,",",0,1,"objective",NA,NA,0,0,0,0,"dyadic",FALSE,"","oneMode","Group1",1,1438,"dv.net|eval|from.w.ind|dv.net|dv.net|1|1|NA","unused_native_template"
"dv.net","from dv.net agr. weighted by dv.net ind","Lost ties: m.tr. XWW, W = dv.net, weight ind. dv.net","from.w.ind","dv.net","dv.net","endow",FALSE,FALSE,FALSE,FALSE,FALSE,",",0,1,"objective",NA,NA,0,0,0,0,"dyadic",FALSE,"","oneMode","Group1",1,1439,"dv.net|endow|from.w.ind|dv.net|dv.net|1|1|NA","unused_native_template"
"dv.net","from dv.net agr. weighted by dv.net ind","New ties: m.tr. XWW, W = dv.net, weight ind. dv.net","from.w.ind","dv.net","dv.net","creation",FALSE,FALSE,FALSE,FALSE,FALSE,",",0,1,"objective",NA,NA,0,0,0,0,"dyadic",FALSE,"","oneMode","Group1",1,1440,"dv.net|creation|from.w.ind|dv.net|dv.net|1|1|NA","unused_native_template"
"milex.beh","rate milex.beh (period 1)","Amount of behavioral change in period 1 on milex.beh","Rate","","","rate",TRUE,TRUE,FALSE,FALSE,FALSE,",",0.767985367836337,0,"rate","1",NA,0,0,0,0,"",FALSE,"","behavior","Group1",1,1441,"milex.beh|rate|Rate|||0|1|1","original_control_or_spending"
"milex.beh","rate milex.beh (period 2)","Amount of behavioral change in period 2 on milex.beh","Rate","","","rate",TRUE,TRUE,FALSE,FALSE,FALSE,",",0.910644257703081,0,"rate","2",NA,0,0,0,0,"",FALSE,"","behavior","Group1",1,1442,"milex.beh|rate|Rate|||0|1|2","original_control_or_spending"
"milex.beh","rate milex.beh (period 3)","Amount of behavioral change in period 3 on milex.beh","Rate","","","rate",TRUE,TRUE,FALSE,FALSE,FALSE,",",1.27284089488814,0,"rate","3",NA,0,0,0,0,"",FALSE,"","behavior","Group1",1,1443,"milex.beh|rate|Rate|||0|1|3","original_control_or_spending"
"milex.beh","rate milex.beh (period 4)","Amount of behavioral change in period 4 on milex.beh","Rate","","","rate",TRUE,TRUE,FALSE,FALSE,FALSE,",",0.887323943661972,0,"rate","4",NA,0,0,0,0,"",FALSE,"","behavior","Group1",1,1444,"milex.beh|rate|Rate|||0|1|4","original_control_or_spending"
"milex.beh","rate milex.beh (period 5)","Amount of behavioral change in period 5 on milex.beh","Rate","","","rate",TRUE,TRUE,FALSE,FALSE,FALSE,",",0.341269841269841,0,"rate","5",NA,0,0,0,0,"",FALSE,"","behavior","Group1",1,1445,"milex.beh|rate|Rate|||0|1|5","original_control_or_spending"
"milex.beh","rate milex.beh (period 6)","Amount of behavioral change in period 6 on milex.beh","Rate","","","rate",TRUE,TRUE,FALSE,FALSE,FALSE,",",0.548883374689826,0,"rate","6",NA,0,0,0,0,"",FALSE,"","behavior","Group1",1,1446,"milex.beh|rate|Rate|||0|1|6","original_control_or_spending"
"milex.beh","rate milex.beh (period 7)","Amount of behavioral change in period 7 on milex.beh","Rate","","","rate",TRUE,TRUE,FALSE,FALSE,FALSE,",",0.322415219189413,0,"rate","7",NA,0,0,0,0,"",FALSE,"","behavior","Group1",1,1447,"milex.beh|rate|Rate|||0|1|7","original_control_or_spending"
"milex.beh","rate milex.beh (period 8)","Amount of behavioral change in period 8 on milex.beh","Rate","","","rate",TRUE,TRUE,FALSE,FALSE,FALSE,",",0.354466501240695,0,"rate","8",NA,0,0,0,0,"",FALSE,"","behavior","Group1",1,1448,"milex.beh|rate|Rate|||0|1|8","original_control_or_spending"
"milex.beh","rate milex.beh (period 9)","Amount of behavioral change in period 9 on milex.beh","Rate","","","rate",TRUE,TRUE,FALSE,FALSE,FALSE,",",0.249068322981366,0,"rate","9",NA,0,0,0,0,"",FALSE,"","behavior","Group1",1,1449,"milex.beh|rate|Rate|||0|1|9","original_control_or_spending"
"milex.beh","rate milex.beh (period 10)","Amount of behavioral change in period 10 on milex.beh","Rate","","","rate",TRUE,TRUE,FALSE,FALSE,FALSE,",",0.903478686918177,0,"rate","10",NA,0,0,0,0,"",FALSE,"","behavior","Group1",1,1450,"milex.beh|rate|Rate|||0|1|10","original_control_or_spending"
"milex.beh","rate milex.beh (period 11)","Amount of behavioral change in period 11 on milex.beh","Rate","","","rate",TRUE,TRUE,FALSE,FALSE,FALSE,",",0.319042952800915,0,"rate","11",NA,0,0,0,0,"",FALSE,"","behavior","Group1",1,1451,"milex.beh|rate|Rate|||0|1|11","original_control_or_spending"
"milex.beh","rate milex.beh (period 12)","Amount of behavioral change in period 12 on milex.beh","Rate","","","rate",TRUE,TRUE,FALSE,FALSE,FALSE,",",0.934657836644592,0,"rate","12",NA,0,0,0,0,"",FALSE,"","behavior","Group1",1,1452,"milex.beh|rate|Rate|||0|1|12","original_control_or_spending"
"milex.beh","rate milex.beh (period 13)","Amount of behavioral change in period 13 on milex.beh","Rate","","","rate",TRUE,TRUE,FALSE,FALSE,FALSE,",",0.211801242236025,0,"rate","13",NA,0,0,0,0,"",FALSE,"","behavior","Group1",1,1453,"milex.beh|rate|Rate|||0|1|13","original_control_or_spending"
"milex.beh","rate milex.beh (period 14)","Amount of behavioral change in period 14 on milex.beh","Rate","","","rate",TRUE,TRUE,FALSE,FALSE,FALSE,",",0.205590062111801,0,"rate","14",NA,0,0,0,0,"",FALSE,"","behavior","Group1",1,1454,"milex.beh|rate|Rate|||0|1|14","original_control_or_spending"
"milex.beh","rate milex.beh (period 15)","Amount of behavioral change in period 15 on milex.beh","Rate","","","rate",TRUE,TRUE,FALSE,FALSE,FALSE,",",0.63205298013245,0,"rate","15",NA,0,0,0,0,"",FALSE,"","behavior","Group1",1,1455,"milex.beh|rate|Rate|||0|1|15","original_control_or_spending"
"milex.beh","rate milex.beh (period 16)","Amount of behavioral change in period 16 on milex.beh","Rate","","","rate",TRUE,TRUE,FALSE,FALSE,FALSE,",",0.224223602484472,0,"rate","16",NA,0,0,0,0,"",FALSE,"","behavior","Group1",1,1456,"milex.beh|rate|Rate|||0|1|16","original_control_or_spending"
"milex.beh","rate milex.beh (period 17)","Amount of behavioral change in period 17 on milex.beh","Rate","","","rate",TRUE,TRUE,FALSE,FALSE,FALSE,",",0.211801242236025,0,"rate","17",NA,0,0,0,0,"",FALSE,"","behavior","Group1",1,1457,"milex.beh|rate|Rate|||0|1|17","original_control_or_spending"
"milex.beh","rate milex.beh (period 18)","Amount of behavioral change in period 18 on milex.beh","Rate","","","rate",TRUE,TRUE,FALSE,FALSE,FALSE,",",0.230434782608696,0,"rate","18",NA,0,0,0,0,"",FALSE,"","behavior","Group1",1,1458,"milex.beh|rate|Rate|||0|1|18","original_control_or_spending"
"milex.beh","degree effect on rate milex.beh","Amount of change on milex.beh x degree","outRate","dv.net","","rate",FALSE,FALSE,FALSE,FALSE,FALSE,",",0,0,"rate",NA,"structural",0,0,0,0,"",FALSE,"","behavior","Group1",1,1459,"milex.beh|rate|outRate|dv.net||0|1|NA","unused_native_template"
"milex.beh","average exposure effect on rate milex.beh","Amount of change on milex.beh x average exposure","avExposure","dv.net","","rate",FALSE,FALSE,FALSE,FALSE,FALSE,",",0,0,"rate",NA,"diffusion",0,0,0,0,"",FALSE,"","behavior","Group1",1,1460,"milex.beh|rate|avExposure|dv.net||0|1|NA","unused_native_template"
"milex.beh","total exposure effect on rate milex.beh","Amount of change on milex.beh x total exposure","totExposure","dv.net","","rate",FALSE,FALSE,FALSE,FALSE,FALSE,",",0,0,"rate",NA,"diffusion",0,0,0,0,"",FALSE,"","behavior","Group1",1,1461,"milex.beh|rate|totExposure|dv.net||0|1|NA","unused_native_template"
"milex.beh","infection by degree effect on rate milex.beh","Amount of change on milex.beh x infection by degree","infectDeg","dv.net","","rate",FALSE,FALSE,FALSE,FALSE,FALSE,",",0,0,"rate",NA,"diffusion",0,0,0,0,"",FALSE,"","behavior","Group1",1,1462,"milex.beh|rate|infectDeg|dv.net||0|1|NA","unused_native_template"
"milex.beh","effect milex.beh on rate milex.beh","Amount of change on milex.beh x milex.beh","RateX","milex.beh","","rate",FALSE,FALSE,FALSE,FALSE,FALSE,",",0,0,"rate",NA,"covariate",0,0,0,0,"",FALSE,"","behavior","Group1",1,1463,"milex.beh|rate|RateX|milex.beh||0|1|NA","unused_native_template"
"milex.beh","effect beh.democracy_1 on rate milex.beh","Amount of change on milex.beh x beh.democracy_1","RateX","beh.democracy_1","","rate",FALSE,FALSE,FALSE,FALSE,FALSE,",",0,0,"rate",NA,"covariate",0,0,0,0,"",FALSE,"","behavior","Group1",1,1464,"milex.beh|rate|RateX|beh.democracy_1||0|1|NA","unused_native_template"
"milex.beh","susceptibility to av. exp. by beh.democracy_1 effect on rate milex.beh","Amount of change on milex.beh x susceptibility by beh.democracy_1","susceptAvCovar","dv.net","beh.democracy_1","rate",FALSE,FALSE,FALSE,FALSE,FALSE,",",0,0,"rate",NA,"diffusion",0,0,0,0,"",FALSE,"","behavior","Group1",1,1465,"milex.beh|rate|susceptAvCovar|dv.net|beh.democracy_1|0|1|NA","unused_native_template"
"milex.beh","infection by beh.democracy_1 effect on rate milex.beh","Amount of change on milex.beh x infection by beh.democracy_1","infectCovar","dv.net","beh.democracy_1","rate",FALSE,FALSE,FALSE,FALSE,FALSE,",",0,0,"rate",NA,"diffusion",0,0,0,0,"",FALSE,"","behavior","Group1",1,1466,"milex.beh|rate|infectCovar|dv.net|beh.democracy_1|0|1|NA","unused_native_template"
"milex.beh","effect beh.GDPgrowth_1 on rate milex.beh","Amount of change on milex.beh x beh.GDPgrowth_1","RateX","beh.GDPgrowth_1","","rate",FALSE,FALSE,FALSE,FALSE,FALSE,",",0,0,"rate",NA,"covariate",0,0,0,0,"",FALSE,"","behavior","Group1",1,1467,"milex.beh|rate|RateX|beh.GDPgrowth_1||0|1|NA","unused_native_template"
"milex.beh","susceptibility to av. exp. by beh.GDPgrowth_1 effect on rate milex.beh","Amount of change on milex.beh x susceptibility by beh.GDPgrowth_1","susceptAvCovar","dv.net","beh.GDPgrowth_1","rate",FALSE,FALSE,FALSE,FALSE,FALSE,",",0,0,"rate",NA,"diffusion",0,0,0,0,"",FALSE,"","behavior","Group1",1,1468,"milex.beh|rate|susceptAvCovar|dv.net|beh.GDPgrowth_1|0|1|NA","unused_native_template"
"milex.beh","infection by beh.GDPgrowth_1 effect on rate milex.beh","Amount of change on milex.beh x infection by beh.GDPgrowth_1","infectCovar","dv.net","beh.GDPgrowth_1","rate",FALSE,FALSE,FALSE,FALSE,FALSE,",",0,0,"rate",NA,"diffusion",0,0,0,0,"",FALSE,"","behavior","Group1",1,1469,"milex.beh|rate|infectCovar|dv.net|beh.GDPgrowth_1|0|1|NA","unused_native_template"
"milex.beh","effect beh.nato_1 on rate milex.beh","Amount of change on milex.beh x beh.nato_1","RateX","beh.nato_1","","rate",FALSE,FALSE,FALSE,FALSE,FALSE,",",0,0,"rate",NA,"covariate",0,0,0,0,"",FALSE,"","behavior","Group1",1,1470,"milex.beh|rate|RateX|beh.nato_1||0|1|NA","unused_native_template"
"milex.beh","susceptibility to av. exp. by beh.nato_1 effect on rate milex.beh","Amount of change on milex.beh x susceptibility by beh.nato_1","susceptAvCovar","dv.net","beh.nato_1","rate",FALSE,FALSE,FALSE,FALSE,FALSE,",",0,0,"rate",NA,"diffusion",0,0,0,0,"",FALSE,"","behavior","Group1",1,1471,"milex.beh|rate|susceptAvCovar|dv.net|beh.nato_1|0|1|NA","unused_native_template"
"milex.beh","infection by beh.nato_1 effect on rate milex.beh","Amount of change on milex.beh x infection by beh.nato_1","infectCovar","dv.net","beh.nato_1","rate",FALSE,FALSE,FALSE,FALSE,FALSE,",",0,0,"rate",NA,"diffusion",0,0,0,0,"",FALSE,"","behavior","Group1",1,1472,"milex.beh|rate|infectCovar|dv.net|beh.nato_1|0|1|NA","unused_native_template"
"milex.beh","effect beh.allies_1 on rate milex.beh","Amount of change on milex.beh x beh.allies_1","RateX","beh.allies_1","","rate",FALSE,FALSE,FALSE,FALSE,FALSE,",",0,0,"rate",NA,"covariate",0,0,0,0,"",FALSE,"","behavior","Group1",1,1473,"milex.beh|rate|RateX|beh.allies_1||0|1|NA","unused_native_template"
"milex.beh","susceptibility to av. exp. by beh.allies_1 effect on rate milex.beh","Amount of change on milex.beh x susceptibility by beh.allies_1","susceptAvCovar","dv.net","beh.allies_1","rate",FALSE,FALSE,FALSE,FALSE,FALSE,",",0,0,"rate",NA,"diffusion",0,0,0,0,"",FALSE,"","behavior","Group1",1,1474,"milex.beh|rate|susceptAvCovar|dv.net|beh.allies_1|0|1|NA","unused_native_template"
"milex.beh","infection by beh.allies_1 effect on rate milex.beh","Amount of change on milex.beh x infection by beh.allies_1","infectCovar","dv.net","beh.allies_1","rate",FALSE,FALSE,FALSE,FALSE,FALSE,",",0,0,"rate",NA,"diffusion",0,0,0,0,"",FALSE,"","behavior","Group1",1,1475,"milex.beh|rate|infectCovar|dv.net|beh.allies_1|0|1|NA","unused_native_template"
"milex.beh","effect beh.military_1 on rate milex.beh","Amount of change on milex.beh x beh.military_1","RateX","beh.military_1","","rate",FALSE,FALSE,FALSE,FALSE,FALSE,",",0,0,"rate",NA,"covariate",0,0,0,0,"",FALSE,"","behavior","Group1",1,1476,"milex.beh|rate|RateX|beh.military_1||0|1|NA","unused_native_template"
"milex.beh","susceptibility to av. exp. by beh.military_1 effect on rate milex.beh","Amount of change on milex.beh x susceptibility by beh.military_1","susceptAvCovar","dv.net","beh.military_1","rate",FALSE,FALSE,FALSE,FALSE,FALSE,",",0,0,"rate",NA,"diffusion",0,0,0,0,"",FALSE,"","behavior","Group1",1,1477,"milex.beh|rate|susceptAvCovar|dv.net|beh.military_1|0|1|NA","unused_native_template"
"milex.beh","infection by beh.military_1 effect on rate milex.beh","Amount of change on milex.beh x infection by beh.military_1","infectCovar","dv.net","beh.military_1","rate",FALSE,FALSE,FALSE,FALSE,FALSE,",",0,0,"rate",NA,"diffusion",0,0,0,0,"",FALSE,"","behavior","Group1",1,1478,"milex.beh|rate|infectCovar|dv.net|beh.military_1|0|1|NA","unused_native_template"
"milex.beh","effect beh.lnmids_1 on rate milex.beh","Amount of change on milex.beh x beh.lnmids_1","RateX","beh.lnmids_1","","rate",FALSE,FALSE,FALSE,FALSE,FALSE,",",0,0,"rate",NA,"covariate",0,0,0,0,"",FALSE,"","behavior","Group1",1,1479,"milex.beh|rate|RateX|beh.lnmids_1||0|1|NA","unused_native_template"
"milex.beh","susceptibility to av. exp. by beh.lnmids_1 effect on rate milex.beh","Amount of change on milex.beh x susceptibility by beh.lnmids_1","susceptAvCovar","dv.net","beh.lnmids_1","rate",FALSE,FALSE,FALSE,FALSE,FALSE,",",0,0,"rate",NA,"diffusion",0,0,0,0,"",FALSE,"","behavior","Group1",1,1480,"milex.beh|rate|susceptAvCovar|dv.net|beh.lnmids_1|0|1|NA","unused_native_template"
"milex.beh","infection by beh.lnmids_1 effect on rate milex.beh","Amount of change on milex.beh x infection by beh.lnmids_1","infectCovar","dv.net","beh.lnmids_1","rate",FALSE,FALSE,FALSE,FALSE,FALSE,",",0,0,"rate",NA,"diffusion",0,0,0,0,"",FALSE,"","behavior","Group1",1,1481,"milex.beh|rate|infectCovar|dv.net|beh.lnmids_1|0|1|NA","unused_native_template"
"milex.beh","effect beh.lncinc_1 on rate milex.beh","Amount of change on milex.beh x beh.lncinc_1","RateX","beh.lncinc_1","","rate",FALSE,FALSE,FALSE,FALSE,FALSE,",",0,0,"rate",NA,"covariate",0,0,0,0,"",FALSE,"","behavior","Group1",1,1482,"milex.beh|rate|RateX|beh.lncinc_1||0|1|NA","unused_native_template"
"milex.beh","susceptibility to av. exp. by beh.lncinc_1 effect on rate milex.beh","Amount of change on milex.beh x susceptibility by beh.lncinc_1","susceptAvCovar","dv.net","beh.lncinc_1","rate",FALSE,FALSE,FALSE,FALSE,FALSE,",",0,0,"rate",NA,"diffusion",0,0,0,0,"",FALSE,"","behavior","Group1",1,1483,"milex.beh|rate|susceptAvCovar|dv.net|beh.lncinc_1|0|1|NA","unused_native_template"
"milex.beh","infection by beh.lncinc_1 effect on rate milex.beh","Amount of change on milex.beh x infection by beh.lncinc_1","infectCovar","dv.net","beh.lncinc_1","rate",FALSE,FALSE,FALSE,FALSE,FALSE,",",0,0,"rate",NA,"diffusion",0,0,0,0,"",FALSE,"","behavior","Group1",1,1484,"milex.beh|rate|infectCovar|dv.net|beh.lncinc_1|0|1|NA","unused_native_template"
"milex.beh","effect beh.milexSpLag_1 on rate milex.beh","Amount of change on milex.beh x beh.milexSpLag_1","RateX","beh.milexSpLag_1","","rate",FALSE,FALSE,FALSE,FALSE,FALSE,",",0,0,"rate",NA,"covariate",0,0,0,0,"",FALSE,"","behavior","Group1",1,1485,"milex.beh|rate|RateX|beh.milexSpLag_1||0|1|NA","unused_native_template"
"milex.beh","susceptibility to av. exp. by beh.milexSpLag_1 effect on rate milex.beh","Amount of change on milex.beh x susceptibility by beh.milexSpLag_1","susceptAvCovar","dv.net","beh.milexSpLag_1","rate",FALSE,FALSE,FALSE,FALSE,FALSE,",",0,0,"rate",NA,"diffusion",0,0,0,0,"",FALSE,"","behavior","Group1",1,1486,"milex.beh|rate|susceptAvCovar|dv.net|beh.milexSpLag_1|0|1|NA","unused_native_template"
"milex.beh","infection by beh.milexSpLag_1 effect on rate milex.beh","Amount of change on milex.beh x infection by beh.milexSpLag_1","infectCovar","dv.net","beh.milexSpLag_1","rate",FALSE,FALSE,FALSE,FALSE,FALSE,",",0,0,"rate",NA,"diffusion",0,0,0,0,"",FALSE,"","behavior","Group1",1,1487,"milex.beh|rate|infectCovar|dv.net|beh.milexSpLag_1|0|1|NA","unused_native_template"
"milex.beh","milex.beh linear shape","milex.beh centered sum","linear","","","eval",FALSE,TRUE,FALSE,FALSE,FALSE,",",-0.0720355559146127,0,"objective",NA,NA,-0.0720355559146127,0,0,0,"OK",TRUE,"","behavior","Group1",1,1488,"milex.beh|eval|linear|||0|1|NA","original_control_or_spending"
"milex.beh","milex.beh linear shape","milex.beh centered sum","linear","","","endow",FALSE,FALSE,FALSE,FALSE,FALSE,",",0,0,"objective",NA,NA,0,0,0,0,"OK",TRUE,"","behavior","Group1",1,1489,"milex.beh|endow|linear|||0|1|NA","unused_native_template"
"milex.beh","milex.beh linear shape","milex.beh centered sum","linear","","","creation",FALSE,FALSE,FALSE,FALSE,FALSE,",",0,0,"objective",NA,NA,0,0,0,0,"OK",TRUE,"","behavior","Group1",1,1490,"milex.beh|creation|linear|||0|1|NA","unused_native_template"
"milex.beh","milex.beh quadratic shape","milex.beh sum of cent. squares","quad","","","eval",FALSE,TRUE,FALSE,FALSE,FALSE,",",0,0,"objective",NA,NA,0,0,0,0,"",TRUE,"","behavior","Group1",1,1491,"milex.beh|eval|quad|||0|1|NA","original_control_or_spending"
"milex.beh","milex.beh quadratic shape","milex.beh sum of cent. squares","quad","","","endow",FALSE,FALSE,FALSE,FALSE,FALSE,",",0,0,"objective",NA,NA,0,0,0,0,"",TRUE,"","behavior","Group1",1,1492,"milex.beh|endow|quad|||0|1|NA","unused_native_template"
"milex.beh","milex.beh quadratic shape","milex.beh sum of cent. squares","quad","","","creation",FALSE,FALSE,FALSE,FALSE,FALSE,",",0,0,"objective",NA,NA,0,0,0,0,"",TRUE,"","behavior","Group1",1,1493,"milex.beh|creation|quad|||0|1|NA","unused_native_template"
"milex.beh","milex.beh constant","milex.beh minus sum abs changes","constant","","","eval",FALSE,FALSE,FALSE,FALSE,FALSE,",",0,0,"objective",NA,NA,0,0,0,0,"OK",TRUE,"","behavior","Group1",1,1494,"milex.beh|eval|constant|||0|1|NA","unused_native_template"
"milex.beh","milex.beh threshold","milex.beh number cent. >= threshold","threshold","","","eval",FALSE,FALSE,FALSE,FALSE,FALSE,",",0,0,"objective",NA,NA,0,0,0,0,"",TRUE,"","behavior","Group1",1,1495,"milex.beh|eval|threshold|||0|1|NA","unused_native_template"
"milex.beh","milex.beh threshold","milex.beh number cent. >= threshold","threshold","","","endow",FALSE,FALSE,FALSE,FALSE,FALSE,",",0,0,"objective",NA,NA,0,0,0,0,"",TRUE,"","behavior","Group1",1,1496,"milex.beh|endow|threshold|||0|1|NA","unused_native_template"
"milex.beh","milex.beh threshold","milex.beh number cent. >= threshold","threshold","","","creation",FALSE,FALSE,FALSE,FALSE,FALSE,",",0,0,"objective",NA,NA,0,0,0,0,"",TRUE,"","behavior","Group1",1,1497,"milex.beh|creation|threshold|||0|1|NA","unused_native_template"
"milex.beh","milex.beh threshold","milex.beh number cent. >= threshold","threshold2","","","eval",FALSE,FALSE,FALSE,FALSE,FALSE,",",0,0,"objective",NA,NA,0,0,0,0,"",TRUE,"","behavior","Group1",1,1498,"milex.beh|eval|threshold2|||0|1|NA","unused_native_template"
"milex.beh","milex.beh threshold","milex.beh number cent. >= threshold","threshold2","","","endow",FALSE,FALSE,FALSE,FALSE,FALSE,",",0,0,"objective",NA,NA,0,0,0,0,"",TRUE,"","behavior","Group1",1,1499,"milex.beh|endow|threshold2|||0|1|NA","unused_native_template"
"milex.beh","milex.beh threshold","milex.beh number cent. >= threshold","threshold2","","","creation",FALSE,FALSE,FALSE,FALSE,FALSE,",",0,0,"objective",NA,NA,0,0,0,0,"",TRUE,"","behavior","Group1",1,1500,"milex.beh|creation|threshold2|||0|1|NA","unused_native_template"
"milex.beh","milex.beh threshold","milex.beh number cent. >= threshold","threshold3","","","eval",FALSE,FALSE,FALSE,FALSE,FALSE,",",0,0,"objective",NA,NA,0,0,0,0,"",TRUE,"","behavior","Group1",1,1501,"milex.beh|eval|threshold3|||0|1|NA","unused_native_template"
"milex.beh","milex.beh threshold","milex.beh number cent. >= threshold","threshold3","","","endow",FALSE,FALSE,FALSE,FALSE,FALSE,",",0,0,"objective",NA,NA,0,0,0,0,"",TRUE,"","behavior","Group1",1,1502,"milex.beh|endow|threshold3|||0|1|NA","unused_native_template"
"milex.beh","milex.beh threshold","milex.beh number cent. >= threshold","threshold3","","","creation",FALSE,FALSE,FALSE,FALSE,FALSE,",",0,0,"objective",NA,NA,0,0,0,0,"",TRUE,"","behavior","Group1",1,1503,"milex.beh|creation|threshold3|||0|1|NA","unused_native_template"
"milex.beh","milex.beh threshold","milex.beh number cent. >= threshold","threshold4","","","eval",FALSE,FALSE,FALSE,FALSE,FALSE,",",0,0,"objective",NA,NA,0,0,0,0,"",TRUE,"","behavior","Group1",1,1504,"milex.beh|eval|threshold4|||0|1|NA","unused_native_template"
"milex.beh","milex.beh threshold","milex.beh number cent. >= threshold","threshold4","","","endow",FALSE,FALSE,FALSE,FALSE,FALSE,",",0,0,"objective",NA,NA,0,0,0,0,"",TRUE,"","behavior","Group1",1,1505,"milex.beh|endow|threshold4|||0|1|NA","unused_native_template"
"milex.beh","milex.beh threshold","milex.beh number cent. >= threshold","threshold4","","","creation",FALSE,FALSE,FALSE,FALSE,FALSE,",",0,0,"objective",NA,NA,0,0,0,0,"",TRUE,"","behavior","Group1",1,1506,"milex.beh|creation|threshold4|||0|1|NA","unused_native_template"
"milex.beh","milex.beh 2-near similarity","milex.beh sum 2 - abs dif <= 2","simAllNear","","","eval",FALSE,FALSE,FALSE,FALSE,FALSE,",",0,2,"objective",NA,NA,0,0,0,0,"",TRUE,"","behavior","Group1",1,1507,"milex.beh|eval|simAllNear|||2|1|NA","unused_native_template"
"milex.beh","milex.beh 2-near similarity","milex.beh sum 2 - abs dif <= 2","simAllNear","","","endow",FALSE,FALSE,FALSE,FALSE,FALSE,",",0,2,"objective",NA,NA,0,0,0,0,"",TRUE,"","behavior","Group1",1,1508,"milex.beh|endow|simAllNear|||2|1|NA","unused_native_template"
"milex.beh","milex.beh 2-near similarity","milex.beh sum 2 - abs dif <= 2","simAllNear","","","creation",FALSE,FALSE,FALSE,FALSE,FALSE,",",0,2,"objective",NA,NA,0,0,0,0,"",TRUE,"","behavior","Group1",1,1509,"milex.beh|creation|simAllNear|||2|1|NA","unused_native_template"
"milex.beh","milex.beh 4-far similarity","milex.beh sum 4 - abs dif >= 4","simAllFar","","","eval",FALSE,FALSE,FALSE,FALSE,FALSE,",",0,4,"objective",NA,NA,0,0,0,0,"",TRUE,"","behavior","Group1",1,1510,"milex.beh|eval|simAllFar|||4|1|NA","unused_native_template"
"milex.beh","milex.beh 4-far similarity","milex.beh sum 4 - abs dif >= 4","simAllFar","","","endow",FALSE,FALSE,FALSE,FALSE,FALSE,",",0,4,"objective",NA,NA,0,0,0,0,"",TRUE,"","behavior","Group1",1,1511,"milex.beh|endow|simAllFar|||4|1|NA","unused_native_template"
"milex.beh","milex.beh 4-far similarity","milex.beh sum 4 - abs dif >= 4","simAllFar","","","creation",FALSE,FALSE,FALSE,FALSE,FALSE,",",0,4,"objective",NA,NA,0,0,0,0,"",TRUE,"","behavior","Group1",1,1512,"milex.beh|creation|simAllFar|||4|1|NA","unused_native_template"
"milex.beh","milex.beh average group","milex.beh average group","avGroup","","","eval",FALSE,FALSE,FALSE,FALSE,FALSE,",",0,1,"objective",NA,NA,0,0,0,0,"OK",FALSE,"","behavior","Group1",1,1513,"milex.beh|eval|avGroup|||1|1|NA","unused_native_template"
"milex.beh","milex.beh average group","milex.beh average group","avGroup","","","endow",FALSE,FALSE,FALSE,FALSE,FALSE,",",0,1,"objective",NA,NA,0,0,0,0,"OK",FALSE,"","behavior","Group1",1,1514,"milex.beh|endow|avGroup|||1|1|NA","unused_native_template"
"milex.beh","milex.beh average group","milex.beh average group","avGroup","","","creation",FALSE,FALSE,FALSE,FALSE,FALSE,",",0,1,"objective",NA,NA,0,0,0,0,"OK",FALSE,"","behavior","Group1",1,1515,"milex.beh|creation|avGroup|||1|1|NA","unused_native_template"
"milex.beh","milex.beh average similarity","milex.beh average similarity","avSim","dv.net","","eval",FALSE,FALSE,FALSE,FALSE,FALSE,",",0,0,"objective",NA,NA,0,0,0,0,"",FALSE,"","behavior","Group1",1,1516,"milex.beh|eval|avSim|dv.net||0|1|NA","unused_native_template"
"milex.beh","milex.beh average similarity","milex.beh average similarity","avSim","dv.net","","endow",FALSE,FALSE,FALSE,FALSE,FALSE,",",0,0,"objective",NA,NA,0,0,0,0,"",FALSE,"","behavior","Group1",1,1517,"milex.beh|endow|avSim|dv.net||0|1|NA","unused_native_template"
"milex.beh","milex.beh average similarity","milex.beh average similarity","avSim","dv.net","","creation",FALSE,FALSE,FALSE,FALSE,FALSE,",",0,0,"objective",NA,NA,0,0,0,0,"",FALSE,"","behavior","Group1",1,1518,"milex.beh|creation|avSim|dv.net||0|1|NA","unused_native_template"
"milex.beh","milex.beh average attraction higher","milex.beh average attraction higher","avAttHigher","dv.net","","eval",FALSE,FALSE,FALSE,FALSE,FALSE,",",0,0,"objective",NA,NA,0,0,0,0,"",FALSE,"","behavior","Group1",1,1519,"milex.beh|eval|avAttHigher|dv.net||0|1|NA","unused_native_template"
"milex.beh","milex.beh average attraction higher","milex.beh average attraction higher","avAttHigher","dv.net","","endow",FALSE,FALSE,FALSE,FALSE,FALSE,",",0,0,"objective",NA,NA,0,0,0,0,"",FALSE,"","behavior","Group1",1,1520,"milex.beh|endow|avAttHigher|dv.net||0|1|NA","unused_native_template"
"milex.beh","milex.beh average attraction higher","milex.beh average attraction higher","avAttHigher","dv.net","","creation",FALSE,FALSE,FALSE,FALSE,FALSE,",",0,0,"objective",NA,NA,0,0,0,0,"",FALSE,"","behavior","Group1",1,1521,"milex.beh|creation|avAttHigher|dv.net||0|1|NA","unused_native_template"
"milex.beh","milex.beh average attraction lower","milex.beh average attraction lower","avAttLower","dv.net","","eval",FALSE,FALSE,FALSE,FALSE,FALSE,",",0,0,"objective",NA,NA,0,0,0,0,"",FALSE,"","behavior","Group1",1,1522,"milex.beh|eval|avAttLower|dv.net||0|1|NA","unused_native_template"
"milex.beh","milex.beh average attraction lower","milex.beh average attraction lower","avAttLower","dv.net","","endow",FALSE,FALSE,FALSE,FALSE,FALSE,",",0,0,"objective",NA,NA,0,0,0,0,"",FALSE,"","behavior","Group1",1,1523,"milex.beh|endow|avAttLower|dv.net||0|1|NA","unused_native_template"
"milex.beh","milex.beh average attraction lower","milex.beh average attraction lower","avAttLower","dv.net","","creation",FALSE,FALSE,FALSE,FALSE,FALSE,",",0,0,"objective",NA,NA,0,0,0,0,"",FALSE,"","behavior","Group1",1,1524,"milex.beh|creation|avAttLower|dv.net||0|1|NA","unused_native_template"
"milex.beh","milex.beh total similarity","milex.beh total similarity","totSim","dv.net","","eval",FALSE,FALSE,FALSE,FALSE,FALSE,",",0,0,"objective",NA,NA,0,0,0,0,"",FALSE,"","behavior","Group1",1,1525,"milex.beh|eval|totSim|dv.net||0|1|NA","unused_native_template"
"milex.beh","milex.beh total similarity","milex.beh total similarity","totSim","dv.net","","endow",FALSE,FALSE,FALSE,FALSE,FALSE,",",0,0,"objective",NA,NA,0,0,0,0,"",FALSE,"","behavior","Group1",1,1526,"milex.beh|endow|totSim|dv.net||0|1|NA","unused_native_template"
"milex.beh","milex.beh total similarity","milex.beh total similarity","totSim","dv.net","","creation",FALSE,FALSE,FALSE,FALSE,FALSE,",",0,0,"objective",NA,NA,0,0,0,0,"",FALSE,"","behavior","Group1",1,1527,"milex.beh|creation|totSim|dv.net||0|1|NA","unused_native_template"
"milex.beh","milex.beh total attraction higher","milex.beh total attraction higher","totAttHigher","dv.net","","eval",FALSE,FALSE,FALSE,FALSE,FALSE,",",0,0,"objective",NA,NA,0,0,0,0,"",FALSE,"","behavior","Group1",1,1528,"milex.beh|eval|totAttHigher|dv.net||0|1|NA","unused_native_template"
"milex.beh","milex.beh total attraction higher","milex.beh total attraction higher","totAttHigher","dv.net","","endow",FALSE,FALSE,FALSE,FALSE,FALSE,",",0,0,"objective",NA,NA,0,0,0,0,"",FALSE,"","behavior","Group1",1,1529,"milex.beh|endow|totAttHigher|dv.net||0|1|NA","unused_native_template"
"milex.beh","milex.beh total attraction higher","milex.beh total attraction higher","totAttHigher","dv.net","","creation",FALSE,FALSE,FALSE,FALSE,FALSE,",",0,0,"objective",NA,NA,0,0,0,0,"",FALSE,"","behavior","Group1",1,1530,"milex.beh|creation|totAttHigher|dv.net||0|1|NA","unused_native_template"
"milex.beh","milex.beh total attraction lower","milex.beh total attraction lower","totAttLower","dv.net","","eval",FALSE,FALSE,FALSE,FALSE,FALSE,",",0,0,"objective",NA,NA,0,0,0,0,"",FALSE,"","behavior","Group1",1,1531,"milex.beh|eval|totAttLower|dv.net||0|1|NA","unused_native_template"
"milex.beh","milex.beh total attraction lower","milex.beh total attraction lower","totAttLower","dv.net","","endow",FALSE,FALSE,FALSE,FALSE,FALSE,",",0,0,"objective",NA,NA,0,0,0,0,"",FALSE,"","behavior","Group1",1,1532,"milex.beh|endow|totAttLower|dv.net||0|1|NA","unused_native_template"
"milex.beh","milex.beh total attraction lower","milex.beh total attraction lower","totAttLower","dv.net","","creation",FALSE,FALSE,FALSE,FALSE,FALSE,",",0,0,"objective",NA,NA,0,0,0,0,"",FALSE,"","behavior","Group1",1,1533,"milex.beh|creation|totAttLower|dv.net||0|1|NA","unused_native_template"
"milex.beh","milex.beh degree","milex.beh outdegrees","outdeg","dv.net","","eval",FALSE,TRUE,FALSE,FALSE,FALSE,",",0,0,"objective",NA,NA,0,0,0,0,"OK",FALSE,"","behavior","Group1",1,1534,"milex.beh|eval|outdeg|dv.net||0|1|NA","original_control_or_spending"
"milex.beh","milex.beh degree","milex.beh outdegrees","outdeg","dv.net","","endow",FALSE,FALSE,FALSE,FALSE,FALSE,",",0,0,"objective",NA,NA,0,0,0,0,"OK",FALSE,"","behavior","Group1",1,1535,"milex.beh|endow|outdeg|dv.net||0|1|NA","unused_native_template"
"milex.beh","milex.beh degree","milex.beh outdegrees","outdeg","dv.net","","creation",FALSE,FALSE,FALSE,FALSE,FALSE,",",0,0,"objective",NA,NA,0,0,0,0,"OK",FALSE,"","behavior","Group1",1,1536,"milex.beh|creation|outdeg|dv.net||0|1|NA","unused_native_template"
"milex.beh","milex.beh isolate","milex.beh isolate","isolate","dv.net","","eval",FALSE,FALSE,FALSE,FALSE,FALSE,",",0,0,"objective",NA,NA,0,0,0,0,"OK",FALSE,"","behavior","Group1",1,1537,"milex.beh|eval|isolate|dv.net||0|1|NA","unused_native_template"
"milex.beh","milex.beh ave. sim. x reciprocity","milex.beh ave. similarity x reciprocity","avSimRecip","dv.net","","eval",FALSE,FALSE,FALSE,FALSE,FALSE,",",0,0,"objective",NA,NA,0,0,0,0,"",FALSE,"","behavior","Group1",1,1538,"milex.beh|eval|avSimRecip|dv.net||0|1|NA","unused_native_template"
"milex.beh","milex.beh tot. sim. x reciprocity","milex.beh tot. similarity x reciprocity","totSimRecip","dv.net","","eval",FALSE,FALSE,FALSE,FALSE,FALSE,",",0,0,"objective",NA,NA,0,0,0,0,"",FALSE,"","behavior","Group1",1,1539,"milex.beh|eval|totSimRecip|dv.net||0|1|NA","unused_native_template"
"milex.beh","milex.beh ave. sim. x popularity alter","milex.beh ave. sim. x indegrees(one-sided)","avSimPopAlt","dv.net","","eval",FALSE,FALSE,FALSE,FALSE,FALSE,",",0,0,"objective",NA,NA,0,0,0,0,"",FALSE,"","behavior","Group1",1,1540,"milex.beh|eval|avSimPopAlt|dv.net||0|1|NA","unused_native_template"
"milex.beh","milex.beh tot. sim. x popularity alter","milex.beh tot. sim. x indegrees(one-sided)","totSimPopAlt","dv.net","","eval",FALSE,FALSE,FALSE,FALSE,FALSE,",",0,0,"objective",NA,NA,0,0,0,0,"",FALSE,"","behavior","Group1",1,1541,"milex.beh|eval|totSimPopAlt|dv.net||0|1|NA","unused_native_template"
"milex.beh","milex.beh x popularity alter","milex.beh x indegrees(one-sided)","popAlt","dv.net","","eval",FALSE,FALSE,FALSE,FALSE,FALSE,",",0,0,"objective",NA,NA,0,0,0,0,"OK",FALSE,"","behavior","Group1",1,1542,"milex.beh|eval|popAlt|dv.net||0|1|NA","unused_native_template"
"milex.beh","milex.beh ave. sim. x rec. x pop. (alter)","milex.beh ave. sim. x rec. x i.d.(one-sided)","avSimRecPop","dv.net","","eval",FALSE,FALSE,FALSE,FALSE,FALSE,",",0,0,"objective",NA,NA,0,0,0,0,"",FALSE,"","behavior","Group1",1,1543,"milex.beh|eval|avSimRecPop|dv.net||0|1|NA","unused_native_template"
"milex.beh","milex.beh tot. sim. x rec. x pop. (alter)","milex.beh tot. sim. x rec. x i.d.(one-sided)","totSimRecPop","dv.net","","eval",FALSE,FALSE,FALSE,FALSE,FALSE,",",0,0,"objective",NA,NA,0,0,0,0,"",FALSE,"","behavior","Group1",1,1544,"milex.beh|eval|totSimRecPop|dv.net||0|1|NA","unused_native_template"
"milex.beh","milex.beh average alter","milex.beh average alters","avAlt","dv.net","","eval",FALSE,FALSE,FALSE,FALSE,FALSE,",",0,0,"objective",NA,NA,0,0,0,0,"OK",FALSE,"","behavior","Group1",1,1545,"milex.beh|eval|avAlt|dv.net||0|1|NA","unused_native_template"
"milex.beh","milex.beh average alter","milex.beh average alters","avAlt","dv.net","","endow",FALSE,FALSE,FALSE,FALSE,FALSE,",",0,0,"objective",NA,NA,0,0,0,0,"OK",FALSE,"","behavior","Group1",1,1546,"milex.beh|endow|avAlt|dv.net||0|1|NA","unused_native_template"
"milex.beh","milex.beh average alter","milex.beh average alters","avAlt","dv.net","","creation",FALSE,FALSE,FALSE,FALSE,FALSE,",",0,0,"objective",NA,NA,0,0,0,0,"OK",FALSE,"","behavior","Group1",1,1547,"milex.beh|creation|avAlt|dv.net||0|1|NA","unused_native_template"
"milex.beh","milex.beh total alter","milex.beh total alters","totAlt","dv.net","","eval",FALSE,FALSE,FALSE,FALSE,FALSE,",",0,0,"objective",NA,NA,0,0,0,0,"OK",FALSE,"","behavior","Group1",1,1548,"milex.beh|eval|totAlt|dv.net||0|1|NA","unused_native_template"
"milex.beh","milex.beh total alter","milex.beh total alters","totAlt","dv.net","","endow",FALSE,FALSE,FALSE,FALSE,FALSE,",",0,0,"objective",NA,NA,0,0,0,0,"OK",FALSE,"","behavior","Group1",1,1549,"milex.beh|endow|totAlt|dv.net||0|1|NA","unused_native_template"
"milex.beh","milex.beh total alter","milex.beh total alters","totAlt","dv.net","","creation",FALSE,FALSE,FALSE,FALSE,FALSE,",",0,0,"objective",NA,NA,0,0,0,0,"OK",FALSE,"","behavior","Group1",1,1550,"milex.beh|creation|totAlt|dv.net||0|1|NA","unused_native_template"
"milex.beh","milex.beh ave. alter x pop. alter","milex.beh ave. alters * their degr.","avAltPop","dv.net","","eval",FALSE,FALSE,FALSE,FALSE,FALSE,",",0,0,"objective",NA,NA,0,0,0,0,"OK",FALSE,"","behavior","Group1",1,1551,"milex.beh|eval|avAltPop|dv.net||0|1|NA","unused_native_template"
"milex.beh","milex.beh total alter x pop. alter","milex.beh total alters * their degr.","totAltPop","dv.net","","eval",FALSE,FALSE,FALSE,FALSE,FALSE,",",0,0,"objective",NA,NA,0,0,0,0,"OK",FALSE,"","behavior","Group1",1,1552,"milex.beh|eval|totAltPop|dv.net||0|1|NA","unused_native_template"
"milex.beh","milex.beh av. alter dist. 2","milex.beh av. alters dist. 2","avAltDist2","dv.net","","eval",FALSE,FALSE,FALSE,FALSE,FALSE,",",0,0,"objective",NA,NA,0,0,0,0,"OK",FALSE,"","behavior","Group1",1,1553,"milex.beh|eval|avAltDist2|dv.net||0|1|NA","unused_native_template"
"milex.beh","milex.beh tot. alter dist. 2","milex.beh tot. alters dist. 2","totAltDist2","dv.net","","eval",FALSE,FALSE,FALSE,FALSE,FALSE,",",0,0,"objective",NA,NA,0,0,0,0,"OK",FALSE,"","behavior","Group1",1,1554,"milex.beh|eval|totAltDist2|dv.net||0|1|NA","unused_native_template"
"milex.beh","milex.beh max. alter","milex.beh max. alters","maxAlt","dv.net","","eval",FALSE,FALSE,FALSE,FALSE,FALSE,",",0,0,"objective",NA,NA,0,0,0,0,"OK",FALSE,"","behavior","Group1",1,1555,"milex.beh|eval|maxAlt|dv.net||0|1|NA","unused_native_template"
"milex.beh","milex.beh max. alter","milex.beh max. alters","maxAlt","dv.net","","endow",FALSE,FALSE,FALSE,FALSE,FALSE,",",0,0,"objective",NA,NA,0,0,0,0,"OK",FALSE,"","behavior","Group1",1,1556,"milex.beh|endow|maxAlt|dv.net||0|1|NA","unused_native_template"
"milex.beh","milex.beh max. alter","milex.beh max. alters","maxAlt","dv.net","","creation",FALSE,FALSE,FALSE,FALSE,FALSE,",",0,0,"objective",NA,NA,0,0,0,0,"OK",FALSE,"","behavior","Group1",1,1557,"milex.beh|creation|maxAlt|dv.net||0|1|NA","unused_native_template"
"milex.beh","milex.beh min. alter","milex.beh min. alters","minAlt","dv.net","","eval",FALSE,FALSE,FALSE,FALSE,FALSE,",",0,0,"objective",NA,NA,0,0,0,0,"OK",FALSE,"","behavior","Group1",1,1558,"milex.beh|eval|minAlt|dv.net||0|1|NA","unused_native_template"
"milex.beh","milex.beh min. alter","milex.beh min. alters","minAlt","dv.net","","endow",FALSE,FALSE,FALSE,FALSE,FALSE,",",0,0,"objective",NA,NA,0,0,0,0,"OK",FALSE,"","behavior","Group1",1,1559,"milex.beh|endow|minAlt|dv.net||0|1|NA","unused_native_template"
"milex.beh","milex.beh min. alter","milex.beh min. alters","minAlt","dv.net","","creation",FALSE,FALSE,FALSE,FALSE,FALSE,",",0,0,"objective",NA,NA,0,0,0,0,"OK",FALSE,"","behavior","Group1",1,1560,"milex.beh|creation|minAlt|dv.net||0|1|NA","unused_native_template"
"milex.beh","milex.beh dense triads","milex.beh dense triads","behDenseTriads","dv.net","","eval",FALSE,TRUE,FALSE,FALSE,FALSE,",",0,6,"objective",NA,NA,0,0,0,0,"OK",FALSE,"","behavior","Group1",1,1561,"milex.beh|eval|behDenseTriads|dv.net||6|1|NA","original_control_or_spending"
"milex.beh","milex.beh similarity in dense triads","milex.beh homogeneity of dense triads","simDenseTriads","dv.net","","eval",FALSE,FALSE,FALSE,FALSE,FALSE,",",0,5,"objective",NA,NA,0,0,0,0,"OK",FALSE,"","behavior","Group1",1,1562,"milex.beh|eval|simDenseTriads|dv.net||5|1|NA","unused_native_template"
"milex.beh","milex.beh ave. sim. x popularity ego","milex.beh ave. sim. x indegrees ego","avSimPopEgo","dv.net","","eval",FALSE,FALSE,FALSE,FALSE,FALSE,",",0,0,"objective",NA,NA,0,0,0,0,"",FALSE,"","behavior","Group1",1,1563,"milex.beh|eval|avSimPopEgo|dv.net||0|1|NA","unused_native_template"
"milex.beh","milex.beh ave. sim. x popularity ego","milex.beh ave. sim. x indegrees ego","avSimPopEgo","dv.net","","endow",FALSE,FALSE,FALSE,FALSE,FALSE,",",0,0,"objective",NA,NA,0,0,0,0,"",FALSE,"","behavior","Group1",1,1564,"milex.beh|endow|avSimPopEgo|dv.net||0|1|NA","unused_native_template"
"milex.beh","milex.beh ave. sim. x popularity ego","milex.beh ave. sim. x indegrees ego","avSimPopEgo","dv.net","","creation",FALSE,FALSE,FALSE,FALSE,FALSE,",",0,0,"objective",NA,NA,0,0,0,0,"",FALSE,"","behavior","Group1",1,1565,"milex.beh|creation|avSimPopEgo|dv.net||0|1|NA","unused_native_template"
"milex.beh","milex.beh: av. alter's (dv.net) weighted by nets.lndistance_d","milex.beh av. alter's (dv.net) weighted by nets.lndistance_d","avAltW","dv.net","nets.lndistance_d","eval",FALSE,FALSE,FALSE,FALSE,FALSE,",",0,2,"objective",NA,NA,0,0,0,0,"OK",FALSE,"","behavior","Group1",1,1566,"milex.beh|eval|avAltW|dv.net|nets.lndistance_d|2|1|NA","unused_native_template"
"milex.beh","milex.beh: av. alter's (dv.net) weighted by nets.lndistance_d","milex.beh av. alter's (dv.net) weighted by nets.lndistance_d","avAltW","dv.net","nets.lndistance_d","endow",FALSE,FALSE,FALSE,FALSE,FALSE,",",0,2,"objective",NA,NA,0,0,0,0,"OK",FALSE,"","behavior","Group1",1,1567,"milex.beh|endow|avAltW|dv.net|nets.lndistance_d|2|1|NA","unused_native_template"
"milex.beh","milex.beh: av. alter's (dv.net) weighted by nets.lndistance_d","milex.beh av. alter's (dv.net) weighted by nets.lndistance_d","avAltW","dv.net","nets.lndistance_d","creation",FALSE,FALSE,FALSE,FALSE,FALSE,",",0,2,"objective",NA,NA,0,0,0,0,"OK",FALSE,"","behavior","Group1",1,1568,"milex.beh|creation|avAltW|dv.net|nets.lndistance_d|2|1|NA","unused_native_template"
"milex.beh","milex.beh: av. in-alter's (dv.net) weighted by nets.lndistance_d","milex.beh av. in-alter's (dv.net) weighted by nets.lndistance_d","avInAltW","dv.net","nets.lndistance_d","eval",FALSE,FALSE,FALSE,FALSE,FALSE,",",0,2,"objective",NA,NA,0,0,0,0,"OK",FALSE,"","behavior","Group1",1,1569,"milex.beh|eval|avInAltW|dv.net|nets.lndistance_d|2|1|NA","unused_native_template"
"milex.beh","milex.beh: av. in-alter's (dv.net) weighted by nets.lndistance_d","milex.beh av. in-alter's (dv.net) weighted by nets.lndistance_d","avInAltW","dv.net","nets.lndistance_d","endow",FALSE,FALSE,FALSE,FALSE,FALSE,",",0,2,"objective",NA,NA,0,0,0,0,"OK",FALSE,"","behavior","Group1",1,1570,"milex.beh|endow|avInAltW|dv.net|nets.lndistance_d|2|1|NA","unused_native_template"
"milex.beh","milex.beh: av. in-alter's (dv.net) weighted by nets.lndistance_d","milex.beh av. in-alter's (dv.net) weighted by nets.lndistance_d","avInAltW","dv.net","nets.lndistance_d","creation",FALSE,FALSE,FALSE,FALSE,FALSE,",",0,2,"objective",NA,NA,0,0,0,0,"OK",FALSE,"","behavior","Group1",1,1571,"milex.beh|creation|avInAltW|dv.net|nets.lndistance_d|2|1|NA","unused_native_template"
"milex.beh","milex.beh: tot alter's (dv.net) weighted by nets.lndistance_d","milex.beh tot alter's (dv.net) weighted by nets.lndistance_d","totAltW","dv.net","nets.lndistance_d","eval",FALSE,FALSE,FALSE,FALSE,FALSE,",",0,0,"objective",NA,NA,0,0,0,0,"OK",FALSE,"","behavior","Group1",1,1572,"milex.beh|eval|totAltW|dv.net|nets.lndistance_d|0|1|NA","unused_native_template"
"milex.beh","milex.beh: tot alter's (dv.net) weighted by nets.lndistance_d","milex.beh tot alter's (dv.net) weighted by nets.lndistance_d","totAltW","dv.net","nets.lndistance_d","endow",FALSE,FALSE,FALSE,FALSE,FALSE,",",0,0,"objective",NA,NA,0,0,0,0,"OK",FALSE,"","behavior","Group1",1,1573,"milex.beh|endow|totAltW|dv.net|nets.lndistance_d|0|1|NA","unused_native_template"
"milex.beh","milex.beh: tot alter's (dv.net) weighted by nets.lndistance_d","milex.beh tot alter's (dv.net) weighted by nets.lndistance_d","totAltW","dv.net","nets.lndistance_d","creation",FALSE,FALSE,FALSE,FALSE,FALSE,",",0,0,"objective",NA,NA,0,0,0,0,"OK",FALSE,"","behavior","Group1",1,1574,"milex.beh|creation|totAltW|dv.net|nets.lndistance_d|0|1|NA","unused_native_template"
"milex.beh","milex.beh: tot in-alter's (dv.net) weighted by nets.lndistance_d","milex.beh tot in-alter's (dv.net) weighted by nets.lndistance_d","totInAltW","dv.net","nets.lndistance_d","eval",FALSE,FALSE,FALSE,FALSE,FALSE,",",0,0,"objective",NA,NA,0,0,0,0,"OK",FALSE,"","behavior","Group1",1,1575,"milex.beh|eval|totInAltW|dv.net|nets.lndistance_d|0|1|NA","unused_native_template"
"milex.beh","milex.beh: tot in-alter's (dv.net) weighted by nets.lndistance_d","milex.beh tot in-alter's (dv.net) weighted by nets.lndistance_d","totInAltW","dv.net","nets.lndistance_d","endow",FALSE,FALSE,FALSE,FALSE,FALSE,",",0,0,"objective",NA,NA,0,0,0,0,"OK",FALSE,"","behavior","Group1",1,1576,"milex.beh|endow|totInAltW|dv.net|nets.lndistance_d|0|1|NA","unused_native_template"
"milex.beh","milex.beh: tot in-alter's (dv.net) weighted by nets.lndistance_d","milex.beh tot in-alter's (dv.net) weighted by nets.lndistance_d","totInAltW","dv.net","nets.lndistance_d","creation",FALSE,FALSE,FALSE,FALSE,FALSE,",",0,0,"objective",NA,NA,0,0,0,0,"OK",FALSE,"","behavior","Group1",1,1577,"milex.beh|creation|totInAltW|dv.net|nets.lndistance_d|0|1|NA","unused_native_template"
"milex.beh","milex.beh: av. simil. (dv.net) weighted by nets.lndistance_d","milex.beh av. simil. (dv.net) weighted by nets.lndistance_d","avSimW","dv.net","nets.lndistance_d","eval",FALSE,FALSE,FALSE,FALSE,FALSE,",",0,2,"objective",NA,NA,0,0,0,0,"OK",FALSE,"","behavior","Group1",1,1578,"milex.beh|eval|avSimW|dv.net|nets.lndistance_d|2|1|NA","unused_native_template"
"milex.beh","milex.beh: tot simil. (dv.net) weighted by nets.lndistance_d","milex.beh tot simil. (dv.net) weighted by nets.lndistance_d","totSimW","dv.net","nets.lndistance_d","eval",FALSE,FALSE,FALSE,FALSE,FALSE,",",0,0,"objective",NA,NA,0,0,0,0,"OK",FALSE,"","behavior","Group1",1,1579,"milex.beh|eval|totSimW|dv.net|nets.lndistance_d|0|1|NA","unused_native_template"
"milex.beh","milex.beh: av. alter's (dv.net) of nets.lndistance_d","milex.beh av. alters (dv.net) of nets.lndistance_d","avWAlt","dv.net","nets.lndistance_d","eval",FALSE,FALSE,FALSE,FALSE,FALSE,",",0,2,"objective",NA,NA,0,0,0,0,"OK",FALSE,"","behavior","Group1",1,1580,"milex.beh|eval|avWAlt|dv.net|nets.lndistance_d|2|1|NA","unused_native_template"
"milex.beh","milex.beh: av. in-alter's (dv.net) of nets.lndistance_d","milex.beh av. in-alters (dv.net) of nets.lndistance_d","avWInAlt","dv.net","nets.lndistance_d","eval",FALSE,FALSE,FALSE,FALSE,FALSE,",",0,2,"objective",NA,NA,0,0,0,0,"OK",FALSE,"","behavior","Group1",1,1581,"milex.beh|eval|avWInAlt|dv.net|nets.lndistance_d|2|1|NA","unused_native_template"
"milex.beh","milex.beh: tot alter's (dv.net) of nets.lndistance_d","milex.beh tot alters (dv.net) of nets.lndistance_d","totWAlt","dv.net","nets.lndistance_d","eval",FALSE,FALSE,FALSE,FALSE,FALSE,",",0,0,"objective",NA,NA,0,0,0,0,"OK",FALSE,"","behavior","Group1",1,1582,"milex.beh|eval|totWAlt|dv.net|nets.lndistance_d|0|1|NA","unused_native_template"
"milex.beh","milex.beh: tot in-alter's (dv.net) of nets.lndistance_d","milex.beh tot in-alters (dv.net) of nets.lndistance_d","totWInAlt","dv.net","nets.lndistance_d","eval",FALSE,FALSE,FALSE,FALSE,FALSE,",",0,0,"objective",NA,NA,0,0,0,0,"OK",FALSE,"","behavior","Group1",1,1583,"milex.beh|eval|totWInAlt|dv.net|nets.lndistance_d|0|1|NA","unused_native_template"
"milex.beh","milex.beh: av. alter's (dv.net) weighted by nets.ATOP_d","milex.beh av. alter's (dv.net) weighted by nets.ATOP_d","avAltW","dv.net","nets.ATOP_d","eval",FALSE,FALSE,FALSE,FALSE,FALSE,",",0,2,"objective",NA,NA,0,0,0,0,"OK",FALSE,"","behavior","Group1",1,1584,"milex.beh|eval|avAltW|dv.net|nets.ATOP_d|2|1|NA","unused_native_template"
"milex.beh","milex.beh: av. alter's (dv.net) weighted by nets.ATOP_d","milex.beh av. alter's (dv.net) weighted by nets.ATOP_d","avAltW","dv.net","nets.ATOP_d","endow",FALSE,FALSE,FALSE,FALSE,FALSE,",",0,2,"objective",NA,NA,0,0,0,0,"OK",FALSE,"","behavior","Group1",1,1585,"milex.beh|endow|avAltW|dv.net|nets.ATOP_d|2|1|NA","unused_native_template"
"milex.beh","milex.beh: av. alter's (dv.net) weighted by nets.ATOP_d","milex.beh av. alter's (dv.net) weighted by nets.ATOP_d","avAltW","dv.net","nets.ATOP_d","creation",FALSE,FALSE,FALSE,FALSE,FALSE,",",0,2,"objective",NA,NA,0,0,0,0,"OK",FALSE,"","behavior","Group1",1,1586,"milex.beh|creation|avAltW|dv.net|nets.ATOP_d|2|1|NA","unused_native_template"
"milex.beh","milex.beh: av. in-alter's (dv.net) weighted by nets.ATOP_d","milex.beh av. in-alter's (dv.net) weighted by nets.ATOP_d","avInAltW","dv.net","nets.ATOP_d","eval",FALSE,FALSE,FALSE,FALSE,FALSE,",",0,2,"objective",NA,NA,0,0,0,0,"OK",FALSE,"","behavior","Group1",1,1587,"milex.beh|eval|avInAltW|dv.net|nets.ATOP_d|2|1|NA","unused_native_template"
"milex.beh","milex.beh: av. in-alter's (dv.net) weighted by nets.ATOP_d","milex.beh av. in-alter's (dv.net) weighted by nets.ATOP_d","avInAltW","dv.net","nets.ATOP_d","endow",FALSE,FALSE,FALSE,FALSE,FALSE,",",0,2,"objective",NA,NA,0,0,0,0,"OK",FALSE,"","behavior","Group1",1,1588,"milex.beh|endow|avInAltW|dv.net|nets.ATOP_d|2|1|NA","unused_native_template"
"milex.beh","milex.beh: av. in-alter's (dv.net) weighted by nets.ATOP_d","milex.beh av. in-alter's (dv.net) weighted by nets.ATOP_d","avInAltW","dv.net","nets.ATOP_d","creation",FALSE,FALSE,FALSE,FALSE,FALSE,",",0,2,"objective",NA,NA,0,0,0,0,"OK",FALSE,"","behavior","Group1",1,1589,"milex.beh|creation|avInAltW|dv.net|nets.ATOP_d|2|1|NA","unused_native_template"
"milex.beh","milex.beh: tot alter's (dv.net) weighted by nets.ATOP_d","milex.beh tot alter's (dv.net) weighted by nets.ATOP_d","totAltW","dv.net","nets.ATOP_d","eval",FALSE,FALSE,FALSE,FALSE,FALSE,",",0,0,"objective",NA,NA,0,0,0,0,"OK",FALSE,"","behavior","Group1",1,1590,"milex.beh|eval|totAltW|dv.net|nets.ATOP_d|0|1|NA","unused_native_template"
"milex.beh","milex.beh: tot alter's (dv.net) weighted by nets.ATOP_d","milex.beh tot alter's (dv.net) weighted by nets.ATOP_d","totAltW","dv.net","nets.ATOP_d","endow",FALSE,FALSE,FALSE,FALSE,FALSE,",",0,0,"objective",NA,NA,0,0,0,0,"OK",FALSE,"","behavior","Group1",1,1591,"milex.beh|endow|totAltW|dv.net|nets.ATOP_d|0|1|NA","unused_native_template"
"milex.beh","milex.beh: tot alter's (dv.net) weighted by nets.ATOP_d","milex.beh tot alter's (dv.net) weighted by nets.ATOP_d","totAltW","dv.net","nets.ATOP_d","creation",FALSE,FALSE,FALSE,FALSE,FALSE,",",0,0,"objective",NA,NA,0,0,0,0,"OK",FALSE,"","behavior","Group1",1,1592,"milex.beh|creation|totAltW|dv.net|nets.ATOP_d|0|1|NA","unused_native_template"
"milex.beh","milex.beh: tot in-alter's (dv.net) weighted by nets.ATOP_d","milex.beh tot in-alter's (dv.net) weighted by nets.ATOP_d","totInAltW","dv.net","nets.ATOP_d","eval",FALSE,FALSE,FALSE,FALSE,FALSE,",",0,0,"objective",NA,NA,0,0,0,0,"OK",FALSE,"","behavior","Group1",1,1593,"milex.beh|eval|totInAltW|dv.net|nets.ATOP_d|0|1|NA","unused_native_template"
"milex.beh","milex.beh: tot in-alter's (dv.net) weighted by nets.ATOP_d","milex.beh tot in-alter's (dv.net) weighted by nets.ATOP_d","totInAltW","dv.net","nets.ATOP_d","endow",FALSE,FALSE,FALSE,FALSE,FALSE,",",0,0,"objective",NA,NA,0,0,0,0,"OK",FALSE,"","behavior","Group1",1,1594,"milex.beh|endow|totInAltW|dv.net|nets.ATOP_d|0|1|NA","unused_native_template"
"milex.beh","milex.beh: tot in-alter's (dv.net) weighted by nets.ATOP_d","milex.beh tot in-alter's (dv.net) weighted by nets.ATOP_d","totInAltW","dv.net","nets.ATOP_d","creation",FALSE,FALSE,FALSE,FALSE,FALSE,",",0,0,"objective",NA,NA,0,0,0,0,"OK",FALSE,"","behavior","Group1",1,1595,"milex.beh|creation|totInAltW|dv.net|nets.ATOP_d|0|1|NA","unused_native_template"
"milex.beh","milex.beh: av. simil. (dv.net) weighted by nets.ATOP_d","milex.beh av. simil. (dv.net) weighted by nets.ATOP_d","avSimW","dv.net","nets.ATOP_d","eval",FALSE,FALSE,FALSE,FALSE,FALSE,",",0,2,"objective",NA,NA,0,0,0,0,"OK",FALSE,"","behavior","Group1",1,1596,"milex.beh|eval|avSimW|dv.net|nets.ATOP_d|2|1|NA","unused_native_template"
"milex.beh","milex.beh: tot simil. (dv.net) weighted by nets.ATOP_d","milex.beh tot simil. (dv.net) weighted by nets.ATOP_d","totSimW","dv.net","nets.ATOP_d","eval",FALSE,FALSE,FALSE,FALSE,FALSE,",",0,0,"objective",NA,NA,0,0,0,0,"OK",FALSE,"","behavior","Group1",1,1597,"milex.beh|eval|totSimW|dv.net|nets.ATOP_d|0|1|NA","unused_native_template"
"milex.beh","milex.beh: av. alter's (dv.net) of nets.ATOP_d","milex.beh av. alters (dv.net) of nets.ATOP_d","avWAlt","dv.net","nets.ATOP_d","eval",FALSE,FALSE,FALSE,FALSE,FALSE,",",0,2,"objective",NA,NA,0,0,0,0,"OK",FALSE,"","behavior","Group1",1,1598,"milex.beh|eval|avWAlt|dv.net|nets.ATOP_d|2|1|NA","unused_native_template"
"milex.beh","milex.beh: av. in-alter's (dv.net) of nets.ATOP_d","milex.beh av. in-alters (dv.net) of nets.ATOP_d","avWInAlt","dv.net","nets.ATOP_d","eval",FALSE,FALSE,FALSE,FALSE,FALSE,",",0,2,"objective",NA,NA,0,0,0,0,"OK",FALSE,"","behavior","Group1",1,1599,"milex.beh|eval|avWInAlt|dv.net|nets.ATOP_d|2|1|NA","unused_native_template"
"milex.beh","milex.beh: tot alter's (dv.net) of nets.ATOP_d","milex.beh tot alters (dv.net) of nets.ATOP_d","totWAlt","dv.net","nets.ATOP_d","eval",FALSE,FALSE,FALSE,FALSE,FALSE,",",0,0,"objective",NA,NA,0,0,0,0,"OK",FALSE,"","behavior","Group1",1,1600,"milex.beh|eval|totWAlt|dv.net|nets.ATOP_d|0|1|NA","unused_native_template"
"milex.beh","milex.beh: tot in-alter's (dv.net) of nets.ATOP_d","milex.beh tot in-alters (dv.net) of nets.ATOP_d","totWInAlt","dv.net","nets.ATOP_d","eval",FALSE,FALSE,FALSE,FALSE,FALSE,",",0,0,"objective",NA,NA,0,0,0,0,"OK",FALSE,"","behavior","Group1",1,1601,"milex.beh|eval|totWInAlt|dv.net|nets.ATOP_d|0|1|NA","unused_native_template"
"milex.beh","milex.beh: av. alter's (dv.net) weighted by nets.absidealdiff_d","milex.beh av. alter's (dv.net) weighted by nets.absidealdiff_d","avAltW","dv.net","nets.absidealdiff_d","eval",FALSE,FALSE,FALSE,FALSE,FALSE,",",0,2,"objective",NA,NA,0,0,0,0,"OK",FALSE,"","behavior","Group1",1,1602,"milex.beh|eval|avAltW|dv.net|nets.absidealdiff_d|2|1|NA","unused_native_template"
"milex.beh","milex.beh: av. alter's (dv.net) weighted by nets.absidealdiff_d","milex.beh av. alter's (dv.net) weighted by nets.absidealdiff_d","avAltW","dv.net","nets.absidealdiff_d","endow",FALSE,FALSE,FALSE,FALSE,FALSE,",",0,2,"objective",NA,NA,0,0,0,0,"OK",FALSE,"","behavior","Group1",1,1603,"milex.beh|endow|avAltW|dv.net|nets.absidealdiff_d|2|1|NA","unused_native_template"
"milex.beh","milex.beh: av. alter's (dv.net) weighted by nets.absidealdiff_d","milex.beh av. alter's (dv.net) weighted by nets.absidealdiff_d","avAltW","dv.net","nets.absidealdiff_d","creation",FALSE,FALSE,FALSE,FALSE,FALSE,",",0,2,"objective",NA,NA,0,0,0,0,"OK",FALSE,"","behavior","Group1",1,1604,"milex.beh|creation|avAltW|dv.net|nets.absidealdiff_d|2|1|NA","unused_native_template"
"milex.beh","milex.beh: av. in-alter's (dv.net) weighted by nets.absidealdiff_d","milex.beh av. in-alter's (dv.net) weighted by nets.absidealdiff_d","avInAltW","dv.net","nets.absidealdiff_d","eval",FALSE,FALSE,FALSE,FALSE,FALSE,",",0,2,"objective",NA,NA,0,0,0,0,"OK",FALSE,"","behavior","Group1",1,1605,"milex.beh|eval|avInAltW|dv.net|nets.absidealdiff_d|2|1|NA","unused_native_template"
"milex.beh","milex.beh: av. in-alter's (dv.net) weighted by nets.absidealdiff_d","milex.beh av. in-alter's (dv.net) weighted by nets.absidealdiff_d","avInAltW","dv.net","nets.absidealdiff_d","endow",FALSE,FALSE,FALSE,FALSE,FALSE,",",0,2,"objective",NA,NA,0,0,0,0,"OK",FALSE,"","behavior","Group1",1,1606,"milex.beh|endow|avInAltW|dv.net|nets.absidealdiff_d|2|1|NA","unused_native_template"
"milex.beh","milex.beh: av. in-alter's (dv.net) weighted by nets.absidealdiff_d","milex.beh av. in-alter's (dv.net) weighted by nets.absidealdiff_d","avInAltW","dv.net","nets.absidealdiff_d","creation",FALSE,FALSE,FALSE,FALSE,FALSE,",",0,2,"objective",NA,NA,0,0,0,0,"OK",FALSE,"","behavior","Group1",1,1607,"milex.beh|creation|avInAltW|dv.net|nets.absidealdiff_d|2|1|NA","unused_native_template"
"milex.beh","milex.beh: tot alter's (dv.net) weighted by nets.absidealdiff_d","milex.beh tot alter's (dv.net) weighted by nets.absidealdiff_d","totAltW","dv.net","nets.absidealdiff_d","eval",FALSE,FALSE,FALSE,FALSE,FALSE,",",0,0,"objective",NA,NA,0,0,0,0,"OK",FALSE,"","behavior","Group1",1,1608,"milex.beh|eval|totAltW|dv.net|nets.absidealdiff_d|0|1|NA","unused_native_template"
"milex.beh","milex.beh: tot alter's (dv.net) weighted by nets.absidealdiff_d","milex.beh tot alter's (dv.net) weighted by nets.absidealdiff_d","totAltW","dv.net","nets.absidealdiff_d","endow",FALSE,FALSE,FALSE,FALSE,FALSE,",",0,0,"objective",NA,NA,0,0,0,0,"OK",FALSE,"","behavior","Group1",1,1609,"milex.beh|endow|totAltW|dv.net|nets.absidealdiff_d|0|1|NA","unused_native_template"
"milex.beh","milex.beh: tot alter's (dv.net) weighted by nets.absidealdiff_d","milex.beh tot alter's (dv.net) weighted by nets.absidealdiff_d","totAltW","dv.net","nets.absidealdiff_d","creation",FALSE,FALSE,FALSE,FALSE,FALSE,",",0,0,"objective",NA,NA,0,0,0,0,"OK",FALSE,"","behavior","Group1",1,1610,"milex.beh|creation|totAltW|dv.net|nets.absidealdiff_d|0|1|NA","unused_native_template"
"milex.beh","milex.beh: tot in-alter's (dv.net) weighted by nets.absidealdiff_d","milex.beh tot in-alter's (dv.net) weighted by nets.absidealdiff_d","totInAltW","dv.net","nets.absidealdiff_d","eval",FALSE,FALSE,FALSE,FALSE,FALSE,",",0,0,"objective",NA,NA,0,0,0,0,"OK",FALSE,"","behavior","Group1",1,1611,"milex.beh|eval|totInAltW|dv.net|nets.absidealdiff_d|0|1|NA","unused_native_template"
"milex.beh","milex.beh: tot in-alter's (dv.net) weighted by nets.absidealdiff_d","milex.beh tot in-alter's (dv.net) weighted by nets.absidealdiff_d","totInAltW","dv.net","nets.absidealdiff_d","endow",FALSE,FALSE,FALSE,FALSE,FALSE,",",0,0,"objective",NA,NA,0,0,0,0,"OK",FALSE,"","behavior","Group1",1,1612,"milex.beh|endow|totInAltW|dv.net|nets.absidealdiff_d|0|1|NA","unused_native_template"
"milex.beh","milex.beh: tot in-alter's (dv.net) weighted by nets.absidealdiff_d","milex.beh tot in-alter's (dv.net) weighted by nets.absidealdiff_d","totInAltW","dv.net","nets.absidealdiff_d","creation",FALSE,FALSE,FALSE,FALSE,FALSE,",",0,0,"objective",NA,NA,0,0,0,0,"OK",FALSE,"","behavior","Group1",1,1613,"milex.beh|creation|totInAltW|dv.net|nets.absidealdiff_d|0|1|NA","unused_native_template"
"milex.beh","milex.beh: av. simil. (dv.net) weighted by nets.absidealdiff_d","milex.beh av. simil. (dv.net) weighted by nets.absidealdiff_d","avSimW","dv.net","nets.absidealdiff_d","eval",FALSE,FALSE,FALSE,FALSE,FALSE,",",0,2,"objective",NA,NA,0,0,0,0,"OK",FALSE,"","behavior","Group1",1,1614,"milex.beh|eval|avSimW|dv.net|nets.absidealdiff_d|2|1|NA","unused_native_template"
"milex.beh","milex.beh: tot simil. (dv.net) weighted by nets.absidealdiff_d","milex.beh tot simil. (dv.net) weighted by nets.absidealdiff_d","totSimW","dv.net","nets.absidealdiff_d","eval",FALSE,FALSE,FALSE,FALSE,FALSE,",",0,0,"objective",NA,NA,0,0,0,0,"OK",FALSE,"","behavior","Group1",1,1615,"milex.beh|eval|totSimW|dv.net|nets.absidealdiff_d|0|1|NA","unused_native_template"
"milex.beh","milex.beh: av. alter's (dv.net) of nets.absidealdiff_d","milex.beh av. alters (dv.net) of nets.absidealdiff_d","avWAlt","dv.net","nets.absidealdiff_d","eval",FALSE,FALSE,FALSE,FALSE,FALSE,",",0,2,"objective",NA,NA,0,0,0,0,"OK",FALSE,"","behavior","Group1",1,1616,"milex.beh|eval|avWAlt|dv.net|nets.absidealdiff_d|2|1|NA","unused_native_template"
"milex.beh","milex.beh: av. in-alter's (dv.net) of nets.absidealdiff_d","milex.beh av. in-alters (dv.net) of nets.absidealdiff_d","avWInAlt","dv.net","nets.absidealdiff_d","eval",FALSE,FALSE,FALSE,FALSE,FALSE,",",0,2,"objective",NA,NA,0,0,0,0,"OK",FALSE,"","behavior","Group1",1,1617,"milex.beh|eval|avWInAlt|dv.net|nets.absidealdiff_d|2|1|NA","unused_native_template"
"milex.beh","milex.beh: tot alter's (dv.net) of nets.absidealdiff_d","milex.beh tot alters (dv.net) of nets.absidealdiff_d","totWAlt","dv.net","nets.absidealdiff_d","eval",FALSE,FALSE,FALSE,FALSE,FALSE,",",0,0,"objective",NA,NA,0,0,0,0,"OK",FALSE,"","behavior","Group1",1,1618,"milex.beh|eval|totWAlt|dv.net|nets.absidealdiff_d|0|1|NA","unused_native_template"
"milex.beh","milex.beh: tot in-alter's (dv.net) of nets.absidealdiff_d","milex.beh tot in-alters (dv.net) of nets.absidealdiff_d","totWInAlt","dv.net","nets.absidealdiff_d","eval",FALSE,FALSE,FALSE,FALSE,FALSE,",",0,0,"objective",NA,NA,0,0,0,0,"OK",FALSE,"","behavior","Group1",1,1619,"milex.beh|eval|totWInAlt|dv.net|nets.absidealdiff_d|0|1|NA","unused_native_template"
"milex.beh","milex.beh: av. alter's (dv.net) weighted by nets.lntrade_d","milex.beh av. alter's (dv.net) weighted by nets.lntrade_d","avAltW","dv.net","nets.lntrade_d","eval",FALSE,FALSE,FALSE,FALSE,FALSE,",",0,2,"objective",NA,NA,0,0,0,0,"OK",FALSE,"","behavior","Group1",1,1620,"milex.beh|eval|avAltW|dv.net|nets.lntrade_d|2|1|NA","unused_native_template"
"milex.beh","milex.beh: av. alter's (dv.net) weighted by nets.lntrade_d","milex.beh av. alter's (dv.net) weighted by nets.lntrade_d","avAltW","dv.net","nets.lntrade_d","endow",FALSE,FALSE,FALSE,FALSE,FALSE,",",0,2,"objective",NA,NA,0,0,0,0,"OK",FALSE,"","behavior","Group1",1,1621,"milex.beh|endow|avAltW|dv.net|nets.lntrade_d|2|1|NA","unused_native_template"
"milex.beh","milex.beh: av. alter's (dv.net) weighted by nets.lntrade_d","milex.beh av. alter's (dv.net) weighted by nets.lntrade_d","avAltW","dv.net","nets.lntrade_d","creation",FALSE,FALSE,FALSE,FALSE,FALSE,",",0,2,"objective",NA,NA,0,0,0,0,"OK",FALSE,"","behavior","Group1",1,1622,"milex.beh|creation|avAltW|dv.net|nets.lntrade_d|2|1|NA","unused_native_template"
"milex.beh","milex.beh: av. in-alter's (dv.net) weighted by nets.lntrade_d","milex.beh av. in-alter's (dv.net) weighted by nets.lntrade_d","avInAltW","dv.net","nets.lntrade_d","eval",FALSE,FALSE,FALSE,FALSE,FALSE,",",0,2,"objective",NA,NA,0,0,0,0,"OK",FALSE,"","behavior","Group1",1,1623,"milex.beh|eval|avInAltW|dv.net|nets.lntrade_d|2|1|NA","unused_native_template"
"milex.beh","milex.beh: av. in-alter's (dv.net) weighted by nets.lntrade_d","milex.beh av. in-alter's (dv.net) weighted by nets.lntrade_d","avInAltW","dv.net","nets.lntrade_d","endow",FALSE,FALSE,FALSE,FALSE,FALSE,",",0,2,"objective",NA,NA,0,0,0,0,"OK",FALSE,"","behavior","Group1",1,1624,"milex.beh|endow|avInAltW|dv.net|nets.lntrade_d|2|1|NA","unused_native_template"
"milex.beh","milex.beh: av. in-alter's (dv.net) weighted by nets.lntrade_d","milex.beh av. in-alter's (dv.net) weighted by nets.lntrade_d","avInAltW","dv.net","nets.lntrade_d","creation",FALSE,FALSE,FALSE,FALSE,FALSE,",",0,2,"objective",NA,NA,0,0,0,0,"OK",FALSE,"","behavior","Group1",1,1625,"milex.beh|creation|avInAltW|dv.net|nets.lntrade_d|2|1|NA","unused_native_template"
"milex.beh","milex.beh: tot alter's (dv.net) weighted by nets.lntrade_d","milex.beh tot alter's (dv.net) weighted by nets.lntrade_d","totAltW","dv.net","nets.lntrade_d","eval",FALSE,FALSE,FALSE,FALSE,FALSE,",",0,0,"objective",NA,NA,0,0,0,0,"OK",FALSE,"","behavior","Group1",1,1626,"milex.beh|eval|totAltW|dv.net|nets.lntrade_d|0|1|NA","unused_native_template"
"milex.beh","milex.beh: tot alter's (dv.net) weighted by nets.lntrade_d","milex.beh tot alter's (dv.net) weighted by nets.lntrade_d","totAltW","dv.net","nets.lntrade_d","endow",FALSE,FALSE,FALSE,FALSE,FALSE,",",0,0,"objective",NA,NA,0,0,0,0,"OK",FALSE,"","behavior","Group1",1,1627,"milex.beh|endow|totAltW|dv.net|nets.lntrade_d|0|1|NA","unused_native_template"
"milex.beh","milex.beh: tot alter's (dv.net) weighted by nets.lntrade_d","milex.beh tot alter's (dv.net) weighted by nets.lntrade_d","totAltW","dv.net","nets.lntrade_d","creation",FALSE,FALSE,FALSE,FALSE,FALSE,",",0,0,"objective",NA,NA,0,0,0,0,"OK",FALSE,"","behavior","Group1",1,1628,"milex.beh|creation|totAltW|dv.net|nets.lntrade_d|0|1|NA","unused_native_template"
"milex.beh","milex.beh: tot in-alter's (dv.net) weighted by nets.lntrade_d","milex.beh tot in-alter's (dv.net) weighted by nets.lntrade_d","totInAltW","dv.net","nets.lntrade_d","eval",FALSE,FALSE,FALSE,FALSE,FALSE,",",0,0,"objective",NA,NA,0,0,0,0,"OK",FALSE,"","behavior","Group1",1,1629,"milex.beh|eval|totInAltW|dv.net|nets.lntrade_d|0|1|NA","unused_native_template"
"milex.beh","milex.beh: tot in-alter's (dv.net) weighted by nets.lntrade_d","milex.beh tot in-alter's (dv.net) weighted by nets.lntrade_d","totInAltW","dv.net","nets.lntrade_d","endow",FALSE,FALSE,FALSE,FALSE,FALSE,",",0,0,"objective",NA,NA,0,0,0,0,"OK",FALSE,"","behavior","Group1",1,1630,"milex.beh|endow|totInAltW|dv.net|nets.lntrade_d|0|1|NA","unused_native_template"
"milex.beh","milex.beh: tot in-alter's (dv.net) weighted by nets.lntrade_d","milex.beh tot in-alter's (dv.net) weighted by nets.lntrade_d","totInAltW","dv.net","nets.lntrade_d","creation",FALSE,FALSE,FALSE,FALSE,FALSE,",",0,0,"objective",NA,NA,0,0,0,0,"OK",FALSE,"","behavior","Group1",1,1631,"milex.beh|creation|totInAltW|dv.net|nets.lntrade_d|0|1|NA","unused_native_template"
"milex.beh","milex.beh: av. simil. (dv.net) weighted by nets.lntrade_d","milex.beh av. simil. (dv.net) weighted by nets.lntrade_d","avSimW","dv.net","nets.lntrade_d","eval",FALSE,FALSE,FALSE,FALSE,FALSE,",",0,2,"objective",NA,NA,0,0,0,0,"OK",FALSE,"","behavior","Group1",1,1632,"milex.beh|eval|avSimW|dv.net|nets.lntrade_d|2|1|NA","unused_native_template"
"milex.beh","milex.beh: tot simil. (dv.net) weighted by nets.lntrade_d","milex.beh tot simil. (dv.net) weighted by nets.lntrade_d","totSimW","dv.net","nets.lntrade_d","eval",FALSE,FALSE,FALSE,FALSE,FALSE,",",0,0,"objective",NA,NA,0,0,0,0,"OK",FALSE,"","behavior","Group1",1,1633,"milex.beh|eval|totSimW|dv.net|nets.lntrade_d|0|1|NA","unused_native_template"
"milex.beh","milex.beh: av. alter's (dv.net) of nets.lntrade_d","milex.beh av. alters (dv.net) of nets.lntrade_d","avWAlt","dv.net","nets.lntrade_d","eval",FALSE,FALSE,FALSE,FALSE,FALSE,",",0,2,"objective",NA,NA,0,0,0,0,"OK",FALSE,"","behavior","Group1",1,1634,"milex.beh|eval|avWAlt|dv.net|nets.lntrade_d|2|1|NA","unused_native_template"
"milex.beh","milex.beh: av. in-alter's (dv.net) of nets.lntrade_d","milex.beh av. in-alters (dv.net) of nets.lntrade_d","avWInAlt","dv.net","nets.lntrade_d","eval",FALSE,FALSE,FALSE,FALSE,FALSE,",",0,2,"objective",NA,NA,0,0,0,0,"OK",FALSE,"","behavior","Group1",1,1635,"milex.beh|eval|avWInAlt|dv.net|nets.lntrade_d|2|1|NA","unused_native_template"
"milex.beh","milex.beh: tot alter's (dv.net) of nets.lntrade_d","milex.beh tot alters (dv.net) of nets.lntrade_d","totWAlt","dv.net","nets.lntrade_d","eval",FALSE,FALSE,FALSE,FALSE,FALSE,",",0,0,"objective",NA,NA,0,0,0,0,"OK",FALSE,"","behavior","Group1",1,1636,"milex.beh|eval|totWAlt|dv.net|nets.lntrade_d|0|1|NA","unused_native_template"
"milex.beh","milex.beh: tot in-alter's (dv.net) of nets.lntrade_d","milex.beh tot in-alters (dv.net) of nets.lntrade_d","totWInAlt","dv.net","nets.lntrade_d","eval",FALSE,FALSE,FALSE,FALSE,FALSE,",",0,0,"objective",NA,NA,0,0,0,0,"OK",FALSE,"","behavior","Group1",1,1637,"milex.beh|eval|totWInAlt|dv.net|nets.lntrade_d|0|1|NA","unused_native_template"
"milex.beh","milex.beh: av. alter's (dv.net) weighted by nets.NATO_d","milex.beh av. alter's (dv.net) weighted by nets.NATO_d","avAltW","dv.net","nets.NATO_d","eval",FALSE,FALSE,FALSE,FALSE,FALSE,",",0,2,"objective",NA,NA,0,0,0,0,"OK",FALSE,"","behavior","Group1",1,1638,"milex.beh|eval|avAltW|dv.net|nets.NATO_d|2|1|NA","unused_native_template"
"milex.beh","milex.beh: av. alter's (dv.net) weighted by nets.NATO_d","milex.beh av. alter's (dv.net) weighted by nets.NATO_d","avAltW","dv.net","nets.NATO_d","endow",FALSE,FALSE,FALSE,FALSE,FALSE,",",0,2,"objective",NA,NA,0,0,0,0,"OK",FALSE,"","behavior","Group1",1,1639,"milex.beh|endow|avAltW|dv.net|nets.NATO_d|2|1|NA","unused_native_template"
"milex.beh","milex.beh: av. alter's (dv.net) weighted by nets.NATO_d","milex.beh av. alter's (dv.net) weighted by nets.NATO_d","avAltW","dv.net","nets.NATO_d","creation",FALSE,FALSE,FALSE,FALSE,FALSE,",",0,2,"objective",NA,NA,0,0,0,0,"OK",FALSE,"","behavior","Group1",1,1640,"milex.beh|creation|avAltW|dv.net|nets.NATO_d|2|1|NA","unused_native_template"
"milex.beh","milex.beh: av. in-alter's (dv.net) weighted by nets.NATO_d","milex.beh av. in-alter's (dv.net) weighted by nets.NATO_d","avInAltW","dv.net","nets.NATO_d","eval",FALSE,FALSE,FALSE,FALSE,FALSE,",",0,2,"objective",NA,NA,0,0,0,0,"OK",FALSE,"","behavior","Group1",1,1641,"milex.beh|eval|avInAltW|dv.net|nets.NATO_d|2|1|NA","unused_native_template"
"milex.beh","milex.beh: av. in-alter's (dv.net) weighted by nets.NATO_d","milex.beh av. in-alter's (dv.net) weighted by nets.NATO_d","avInAltW","dv.net","nets.NATO_d","endow",FALSE,FALSE,FALSE,FALSE,FALSE,",",0,2,"objective",NA,NA,0,0,0,0,"OK",FALSE,"","behavior","Group1",1,1642,"milex.beh|endow|avInAltW|dv.net|nets.NATO_d|2|1|NA","unused_native_template"
"milex.beh","milex.beh: av. in-alter's (dv.net) weighted by nets.NATO_d","milex.beh av. in-alter's (dv.net) weighted by nets.NATO_d","avInAltW","dv.net","nets.NATO_d","creation",FALSE,FALSE,FALSE,FALSE,FALSE,",",0,2,"objective",NA,NA,0,0,0,0,"OK",FALSE,"","behavior","Group1",1,1643,"milex.beh|creation|avInAltW|dv.net|nets.NATO_d|2|1|NA","unused_native_template"
"milex.beh","milex.beh: tot alter's (dv.net) weighted by nets.NATO_d","milex.beh tot alter's (dv.net) weighted by nets.NATO_d","totAltW","dv.net","nets.NATO_d","eval",FALSE,FALSE,FALSE,FALSE,FALSE,",",0,0,"objective",NA,NA,0,0,0,0,"OK",FALSE,"","behavior","Group1",1,1644,"milex.beh|eval|totAltW|dv.net|nets.NATO_d|0|1|NA","unused_native_template"
"milex.beh","milex.beh: tot alter's (dv.net) weighted by nets.NATO_d","milex.beh tot alter's (dv.net) weighted by nets.NATO_d","totAltW","dv.net","nets.NATO_d","endow",FALSE,FALSE,FALSE,FALSE,FALSE,",",0,0,"objective",NA,NA,0,0,0,0,"OK",FALSE,"","behavior","Group1",1,1645,"milex.beh|endow|totAltW|dv.net|nets.NATO_d|0|1|NA","unused_native_template"
"milex.beh","milex.beh: tot alter's (dv.net) weighted by nets.NATO_d","milex.beh tot alter's (dv.net) weighted by nets.NATO_d","totAltW","dv.net","nets.NATO_d","creation",FALSE,FALSE,FALSE,FALSE,FALSE,",",0,0,"objective",NA,NA,0,0,0,0,"OK",FALSE,"","behavior","Group1",1,1646,"milex.beh|creation|totAltW|dv.net|nets.NATO_d|0|1|NA","unused_native_template"
"milex.beh","milex.beh: tot in-alter's (dv.net) weighted by nets.NATO_d","milex.beh tot in-alter's (dv.net) weighted by nets.NATO_d","totInAltW","dv.net","nets.NATO_d","eval",FALSE,FALSE,FALSE,FALSE,FALSE,",",0,0,"objective",NA,NA,0,0,0,0,"OK",FALSE,"","behavior","Group1",1,1647,"milex.beh|eval|totInAltW|dv.net|nets.NATO_d|0|1|NA","unused_native_template"
"milex.beh","milex.beh: tot in-alter's (dv.net) weighted by nets.NATO_d","milex.beh tot in-alter's (dv.net) weighted by nets.NATO_d","totInAltW","dv.net","nets.NATO_d","endow",FALSE,FALSE,FALSE,FALSE,FALSE,",",0,0,"objective",NA,NA,0,0,0,0,"OK",FALSE,"","behavior","Group1",1,1648,"milex.beh|endow|totInAltW|dv.net|nets.NATO_d|0|1|NA","unused_native_template"
"milex.beh","milex.beh: tot in-alter's (dv.net) weighted by nets.NATO_d","milex.beh tot in-alter's (dv.net) weighted by nets.NATO_d","totInAltW","dv.net","nets.NATO_d","creation",FALSE,FALSE,FALSE,FALSE,FALSE,",",0,0,"objective",NA,NA,0,0,0,0,"OK",FALSE,"","behavior","Group1",1,1649,"milex.beh|creation|totInAltW|dv.net|nets.NATO_d|0|1|NA","unused_native_template"
"milex.beh","milex.beh: av. simil. (dv.net) weighted by nets.NATO_d","milex.beh av. simil. (dv.net) weighted by nets.NATO_d","avSimW","dv.net","nets.NATO_d","eval",FALSE,FALSE,FALSE,FALSE,FALSE,",",0,2,"objective",NA,NA,0,0,0,0,"OK",FALSE,"","behavior","Group1",1,1650,"milex.beh|eval|avSimW|dv.net|nets.NATO_d|2|1|NA","unused_native_template"
"milex.beh","milex.beh: tot simil. (dv.net) weighted by nets.NATO_d","milex.beh tot simil. (dv.net) weighted by nets.NATO_d","totSimW","dv.net","nets.NATO_d","eval",FALSE,FALSE,FALSE,FALSE,FALSE,",",0,0,"objective",NA,NA,0,0,0,0,"OK",FALSE,"","behavior","Group1",1,1651,"milex.beh|eval|totSimW|dv.net|nets.NATO_d|0|1|NA","unused_native_template"
"milex.beh","milex.beh: av. alter's (dv.net) of nets.NATO_d","milex.beh av. alters (dv.net) of nets.NATO_d","avWAlt","dv.net","nets.NATO_d","eval",FALSE,FALSE,FALSE,FALSE,FALSE,",",0,2,"objective",NA,NA,0,0,0,0,"OK",FALSE,"","behavior","Group1",1,1652,"milex.beh|eval|avWAlt|dv.net|nets.NATO_d|2|1|NA","unused_native_template"
"milex.beh","milex.beh: av. in-alter's (dv.net) of nets.NATO_d","milex.beh av. in-alters (dv.net) of nets.NATO_d","avWInAlt","dv.net","nets.NATO_d","eval",FALSE,FALSE,FALSE,FALSE,FALSE,",",0,2,"objective",NA,NA,0,0,0,0,"OK",FALSE,"","behavior","Group1",1,1653,"milex.beh|eval|avWInAlt|dv.net|nets.NATO_d|2|1|NA","unused_native_template"
"milex.beh","milex.beh: tot alter's (dv.net) of nets.NATO_d","milex.beh tot alters (dv.net) of nets.NATO_d","totWAlt","dv.net","nets.NATO_d","eval",FALSE,FALSE,FALSE,FALSE,FALSE,",",0,0,"objective",NA,NA,0,0,0,0,"OK",FALSE,"","behavior","Group1",1,1654,"milex.beh|eval|totWAlt|dv.net|nets.NATO_d|0|1|NA","unused_native_template"
"milex.beh","milex.beh: tot in-alter's (dv.net) of nets.NATO_d","milex.beh tot in-alters (dv.net) of nets.NATO_d","totWInAlt","dv.net","nets.NATO_d","eval",FALSE,FALSE,FALSE,FALSE,FALSE,",",0,0,"objective",NA,NA,0,0,0,0,"OK",FALSE,"","behavior","Group1",1,1655,"milex.beh|eval|totWInAlt|dv.net|nets.NATO_d|0|1|NA","unused_native_template"
"milex.beh","milex.beh: effect from beh.democracy_1","milex.beh x beh.democracy_1","effFrom","beh.democracy_1","","eval",FALSE,TRUE,FALSE,FALSE,FALSE,",",0,0,"objective",NA,NA,0,0,0,0,"OK",FALSE,"","behavior","Group1",1,1656,"milex.beh|eval|effFrom|beh.democracy_1||0|1|NA","original_control_or_spending"
"milex.beh","milex.beh: effect from beh.democracy_1","milex.beh x beh.democracy_1","effFrom","beh.democracy_1","","endow",FALSE,FALSE,FALSE,FALSE,FALSE,",",0,0,"objective",NA,NA,0,0,0,0,"OK",FALSE,"","behavior","Group1",1,1657,"milex.beh|endow|effFrom|beh.democracy_1||0|1|NA","unused_native_template"
"milex.beh","milex.beh: effect from beh.democracy_1","milex.beh x beh.democracy_1","effFrom","beh.democracy_1","","creation",FALSE,FALSE,FALSE,FALSE,FALSE,",",0,0,"objective",NA,NA,0,0,0,0,"OK",FALSE,"","behavior","Group1",1,1658,"milex.beh|creation|effFrom|beh.democracy_1||0|1|NA","unused_native_template"
"milex.beh","milex.beh: tot. sim. (dv.net) x alter's beh.democracy_1","milex.beh tot. sim. (dv.net) x alter's beh.democracy_1","totSimAltX","beh.democracy_1","dv.net","eval",FALSE,FALSE,FALSE,FALSE,FALSE,",",0,0,"objective",NA,NA,0,0,0,0,"OK",FALSE,"","behavior","Group1",1,1659,"milex.beh|eval|totSimAltX|beh.democracy_1|dv.net|0|1|NA","unused_native_template"
"milex.beh","milex.beh: tot. sim. (dv.net) x alter's beh.democracy_1","milex.beh tot. sim. (dv.net) x alter's beh.democracy_1","totSimAltX","beh.democracy_1","dv.net","endow",FALSE,FALSE,FALSE,FALSE,FALSE,",",0,0,"objective",NA,NA,0,0,0,0,"OK",FALSE,"","behavior","Group1",1,1660,"milex.beh|endow|totSimAltX|beh.democracy_1|dv.net|0|1|NA","unused_native_template"
"milex.beh","milex.beh: tot. sim. (dv.net) x alter's beh.democracy_1","milex.beh tot. sim. (dv.net) x alter's beh.democracy_1","totSimAltX","beh.democracy_1","dv.net","creation",FALSE,FALSE,FALSE,FALSE,FALSE,",",0,0,"objective",NA,NA,0,0,0,0,"OK",FALSE,"","behavior","Group1",1,1661,"milex.beh|creation|totSimAltX|beh.democracy_1|dv.net|0|1|NA","unused_native_template"
"milex.beh","milex.beh: av. sim. (dv.net) x alter's beh.democracy_1","milex.beh av. sim. (dv.net) x alter's beh.democracy_1","avSimAltX","beh.democracy_1","dv.net","eval",FALSE,FALSE,FALSE,FALSE,FALSE,",",0,0,"objective",NA,NA,0,0,0,0,"OK",FALSE,"","behavior","Group1",1,1662,"milex.beh|eval|avSimAltX|beh.democracy_1|dv.net|0|1|NA","unused_native_template"
"milex.beh","milex.beh: av. sim. (dv.net) x alter's beh.democracy_1","milex.beh av. sim. (dv.net) x alter's beh.democracy_1","avSimAltX","beh.democracy_1","dv.net","endow",FALSE,FALSE,FALSE,FALSE,FALSE,",",0,0,"objective",NA,NA,0,0,0,0,"OK",FALSE,"","behavior","Group1",1,1663,"milex.beh|endow|avSimAltX|beh.democracy_1|dv.net|0|1|NA","unused_native_template"
"milex.beh","milex.beh: av. sim. (dv.net) x alter's beh.democracy_1","milex.beh av. sim. (dv.net) x alter's beh.democracy_1","avSimAltX","beh.democracy_1","dv.net","creation",FALSE,FALSE,FALSE,FALSE,FALSE,",",0,0,"objective",NA,NA,0,0,0,0,"OK",FALSE,"","behavior","Group1",1,1664,"milex.beh|creation|avSimAltX|beh.democracy_1|dv.net|0|1|NA","unused_native_template"
"milex.beh","milex.beh: av. alters (dv.net) x alter's beh.democracy_1","milex.beh av. alters (dv.net) x alter's beh.democracy_1","avAltAltX","beh.democracy_1","dv.net","eval",FALSE,FALSE,FALSE,FALSE,FALSE,",",0,0,"objective",NA,NA,0,0,0,0,"OK",FALSE,"","behavior","Group1",1,1665,"milex.beh|eval|avAltAltX|beh.democracy_1|dv.net|0|1|NA","unused_native_template"
"milex.beh","milex.beh: av. alters (dv.net) x alter's beh.democracy_1","milex.beh av. alters (dv.net) x alter's beh.democracy_1","avAltAltX","beh.democracy_1","dv.net","endow",FALSE,FALSE,FALSE,FALSE,FALSE,",",0,0,"objective",NA,NA,0,0,0,0,"OK",FALSE,"","behavior","Group1",1,1666,"milex.beh|endow|avAltAltX|beh.democracy_1|dv.net|0|1|NA","unused_native_template"
"milex.beh","milex.beh: av. alters (dv.net) x alter's beh.democracy_1","milex.beh av. alters (dv.net) x alter's beh.democracy_1","avAltAltX","beh.democracy_1","dv.net","creation",FALSE,FALSE,FALSE,FALSE,FALSE,",",0,0,"objective",NA,NA,0,0,0,0,"OK",FALSE,"","behavior","Group1",1,1667,"milex.beh|creation|avAltAltX|beh.democracy_1|dv.net|0|1|NA","unused_native_template"
"milex.beh","milex.beh: alter's (dv.net) beh.democracy_1 average","milex.beh alter's (dv.net) beh.democracy_1 average","avXAlt","beh.democracy_1","dv.net","eval",FALSE,FALSE,FALSE,FALSE,FALSE,",",0,0,"objective",NA,NA,0,0,0,0,"OK",FALSE,"","behavior","Group1",1,1668,"milex.beh|eval|avXAlt|beh.democracy_1|dv.net|0|1|NA","unused_native_template"
"milex.beh","milex.beh: alter's (dv.net) beh.democracy_1 average","milex.beh alter's (dv.net) beh.democracy_1 average","avXAlt","beh.democracy_1","dv.net","endow",FALSE,FALSE,FALSE,FALSE,FALSE,",",0,0,"objective",NA,NA,0,0,0,0,"OK",FALSE,"","behavior","Group1",1,1669,"milex.beh|endow|avXAlt|beh.democracy_1|dv.net|0|1|NA","unused_native_template"
"milex.beh","milex.beh: alter's (dv.net) beh.democracy_1 average","milex.beh alter's (dv.net) beh.democracy_1 average","avXAlt","beh.democracy_1","dv.net","creation",FALSE,FALSE,FALSE,FALSE,FALSE,",",0,0,"objective",NA,NA,0,0,0,0,"OK",FALSE,"","behavior","Group1",1,1670,"milex.beh|creation|avXAlt|beh.democracy_1|dv.net|0|1|NA","unused_native_template"
"milex.beh","milex.beh: alter's (dv.net) beh.democracy_1 minimum","milex.beh alter's (dv.net) beh.democracy_1 minimum","minXAlt","beh.democracy_1","dv.net","eval",FALSE,FALSE,FALSE,FALSE,FALSE,",",0,0,"objective",NA,NA,0,0,0,0,"OK",FALSE,"","behavior","Group1",1,1671,"milex.beh|eval|minXAlt|beh.democracy_1|dv.net|0|1|NA","unused_native_template"
"milex.beh","milex.beh: alter's (dv.net) beh.democracy_1 minimum","milex.beh alter's (dv.net) beh.democracy_1 minimum","minXAlt","beh.democracy_1","dv.net","endow",FALSE,FALSE,FALSE,FALSE,FALSE,",",0,0,"objective",NA,NA,0,0,0,0,"OK",FALSE,"","behavior","Group1",1,1672,"milex.beh|endow|minXAlt|beh.democracy_1|dv.net|0|1|NA","unused_native_template"
"milex.beh","milex.beh: alter's (dv.net) beh.democracy_1 minimum","milex.beh alter's (dv.net) beh.democracy_1 minimum","minXAlt","beh.democracy_1","dv.net","creation",FALSE,FALSE,FALSE,FALSE,FALSE,",",0,0,"objective",NA,NA,0,0,0,0,"OK",FALSE,"","behavior","Group1",1,1673,"milex.beh|creation|minXAlt|beh.democracy_1|dv.net|0|1|NA","unused_native_template"
"milex.beh","milex.beh: alter's (dv.net) beh.democracy_1 maximum","milex.beh alter's (dv.net) beh.democracy_1 maximum","maxXAlt","beh.democracy_1","dv.net","eval",FALSE,FALSE,FALSE,FALSE,FALSE,",",0,0,"objective",NA,NA,0,0,0,0,"OK",FALSE,"","behavior","Group1",1,1674,"milex.beh|eval|maxXAlt|beh.democracy_1|dv.net|0|1|NA","unused_native_template"
"milex.beh","milex.beh: alter's (dv.net) beh.democracy_1 maximum","milex.beh alter's (dv.net) beh.democracy_1 maximum","maxXAlt","beh.democracy_1","dv.net","endow",FALSE,FALSE,FALSE,FALSE,FALSE,",",0,0,"objective",NA,NA,0,0,0,0,"OK",FALSE,"","behavior","Group1",1,1675,"milex.beh|endow|maxXAlt|beh.democracy_1|dv.net|0|1|NA","unused_native_template"
"milex.beh","milex.beh: alter's (dv.net) beh.democracy_1 maximum","milex.beh alter's (dv.net) beh.democracy_1 maximum","maxXAlt","beh.democracy_1","dv.net","creation",FALSE,FALSE,FALSE,FALSE,FALSE,",",0,0,"objective",NA,NA,0,0,0,0,"OK",FALSE,"","behavior","Group1",1,1676,"milex.beh|creation|maxXAlt|beh.democracy_1|dv.net|0|1|NA","unused_native_template"
"milex.beh","milex.beh: alter's (dv.net) beh.democracy_1 total","milex.beh alter's (dv.net) beh.democracy_1 total","totXAlt","beh.democracy_1","dv.net","eval",FALSE,FALSE,FALSE,FALSE,FALSE,",",0,0,"objective",NA,NA,0,0,0,0,"OK",FALSE,"","behavior","Group1",1,1677,"milex.beh|eval|totXAlt|beh.democracy_1|dv.net|0|1|NA","unused_native_template"
"milex.beh","milex.beh: alter's (dv.net) beh.democracy_1 total","milex.beh alter's (dv.net) beh.democracy_1 total","totXAlt","beh.democracy_1","dv.net","endow",FALSE,FALSE,FALSE,FALSE,FALSE,",",0,0,"objective",NA,NA,0,0,0,0,"OK",FALSE,"","behavior","Group1",1,1678,"milex.beh|endow|totXAlt|beh.democracy_1|dv.net|0|1|NA","unused_native_template"
"milex.beh","milex.beh: alter's (dv.net) beh.democracy_1 total","milex.beh alter's (dv.net) beh.democracy_1 total","totXAlt","beh.democracy_1","dv.net","creation",FALSE,FALSE,FALSE,FALSE,FALSE,",",0,0,"objective",NA,NA,0,0,0,0,"OK",FALSE,"","behavior","Group1",1,1679,"milex.beh|creation|totXAlt|beh.democracy_1|dv.net|0|1|NA","unused_native_template"
"milex.beh","milex.beh: in-alter's (dv.net) beh.democracy_1 aver.","milex.beh in-alter's (dv.net) beh.democracy_1 aver.","avXInAlt","beh.democracy_1","dv.net","eval",FALSE,FALSE,FALSE,FALSE,FALSE,",",0,0,"objective",NA,NA,0,0,0,0,"OK",FALSE,"","behavior","Group1",1,1680,"milex.beh|eval|avXInAlt|beh.democracy_1|dv.net|0|1|NA","unused_native_template"
"milex.beh","milex.beh: in-alter's (dv.net) beh.democracy_1 aver.","milex.beh in-alter's (dv.net) beh.democracy_1 aver.","avXInAlt","beh.democracy_1","dv.net","endow",FALSE,FALSE,FALSE,FALSE,FALSE,",",0,0,"objective",NA,NA,0,0,0,0,"OK",FALSE,"","behavior","Group1",1,1681,"milex.beh|endow|avXInAlt|beh.democracy_1|dv.net|0|1|NA","unused_native_template"
"milex.beh","milex.beh: in-alter's (dv.net) beh.democracy_1 aver.","milex.beh in-alter's (dv.net) beh.democracy_1 aver.","avXInAlt","beh.democracy_1","dv.net","creation",FALSE,FALSE,FALSE,FALSE,FALSE,",",0,0,"objective",NA,NA,0,0,0,0,"OK",FALSE,"","behavior","Group1",1,1682,"milex.beh|creation|avXInAlt|beh.democracy_1|dv.net|0|1|NA","unused_native_template"
"milex.beh","milex.beh: in-alter's (dv.net) beh.democracy_1 total","milex.beh in-alter's (dv.net) beh.democracy_1 total","totXInAlt","beh.democracy_1","dv.net","eval",FALSE,FALSE,FALSE,FALSE,FALSE,",",0,0,"objective",NA,NA,0,0,0,0,"OK",FALSE,"","behavior","Group1",1,1683,"milex.beh|eval|totXInAlt|beh.democracy_1|dv.net|0|1|NA","unused_native_template"
"milex.beh","milex.beh: in-alter's (dv.net) beh.democracy_1 total","milex.beh in-alter's (dv.net) beh.democracy_1 total","totXInAlt","beh.democracy_1","dv.net","endow",FALSE,FALSE,FALSE,FALSE,FALSE,",",0,0,"objective",NA,NA,0,0,0,0,"OK",FALSE,"","behavior","Group1",1,1684,"milex.beh|endow|totXInAlt|beh.democracy_1|dv.net|0|1|NA","unused_native_template"
"milex.beh","milex.beh: in-alter's (dv.net) beh.democracy_1 total","milex.beh in-alter's (dv.net) beh.democracy_1 total","totXInAlt","beh.democracy_1","dv.net","creation",FALSE,FALSE,FALSE,FALSE,FALSE,",",0,0,"objective",NA,NA,0,0,0,0,"OK",FALSE,"","behavior","Group1",1,1685,"milex.beh|creation|totXInAlt|beh.democracy_1|dv.net|0|1|NA","unused_native_template"
"milex.beh","milex.beh: dist. 2 alter's (dv.net) beh.democracy_1 av.","milex.beh dist. 2 alter's (dv.net) beh.democracy_1 av.","avXAltDist2","beh.democracy_1","dv.net","eval",FALSE,FALSE,FALSE,FALSE,FALSE,",",0,0,"objective",NA,NA,0,0,0,0,"OK",FALSE,"","behavior","Group1",1,1686,"milex.beh|eval|avXAltDist2|beh.democracy_1|dv.net|0|1|NA","unused_native_template"
"milex.beh","milex.beh: dist. 2 alter's (dv.net) beh.democracy_1 tot.","milex.beh dist. 2 alter's (dv.net) beh.democracy_1 tot.","totXAltDist2","beh.democracy_1","dv.net","eval",FALSE,FALSE,FALSE,FALSE,FALSE,",",0,0,"objective",NA,NA,0,0,0,0,"OK",FALSE,"","behavior","Group1",1,1687,"milex.beh|eval|totXAltDist2|beh.democracy_1|dv.net|0|1|NA","unused_native_template"
"milex.beh","milex.beh: dist. 2 av. alter's (dv.net) beh.democracy_1 tot.","milex.beh av. dist. 2 alter's (dv.net) beh.democracy_1 tot.","avTXAltDist2","beh.democracy_1","dv.net","eval",FALSE,FALSE,FALSE,FALSE,FALSE,",",0,0,"objective",NA,NA,0,0,0,0,"OK",FALSE,"","behavior","Group1",1,1688,"milex.beh|eval|avTXAltDist2|beh.democracy_1|dv.net|0|1|NA","unused_native_template"
"milex.beh","milex.beh: dist. 2 tot. alter's (dv.net) beh.democracy_1 av.","milex.beh tot. dist. 2 alter's (dv.net) beh.democracy_1 av.","totAXAltDist2","beh.democracy_1","dv.net","eval",FALSE,FALSE,FALSE,FALSE,FALSE,",",0,0,"objective",NA,NA,0,0,0,0,"OK",FALSE,"","behavior","Group1",1,1689,"milex.beh|eval|totAXAltDist2|beh.democracy_1|dv.net|0|1|NA","unused_native_template"
"milex.beh","milex.beh: alts (dv.net) dist-2 incom. beh.democracy_1 av.","milex.beh: incom.av. beh.democracy_1 (dv.net)alt. dist. 2","avXInAltDist2","beh.democracy_1","dv.net","eval",FALSE,FALSE,FALSE,FALSE,FALSE,",",0,0,"objective",NA,NA,0,0,0,0,"OK",FALSE,"","behavior","Group1",1,1690,"milex.beh|eval|avXInAltDist2|beh.democracy_1|dv.net|0|1|NA","unused_native_template"
"milex.beh","milex.beh: alts (dv.net) dist-2 incom. beh.democracy_1 tot.","milex.beh: incom.tot. beh.democracy_1 (dv.net)alt. dist. 2","totXInAltDist2","beh.democracy_1","dv.net","eval",FALSE,FALSE,FALSE,FALSE,FALSE,",",0,0,"objective",NA,NA,0,0,0,0,"OK",FALSE,"","behavior","Group1",1,1691,"milex.beh|eval|totXInAltDist2|beh.democracy_1|dv.net|0|1|NA","unused_native_template"
"milex.beh","milex.beh: av. tot. incoming beh.democracy_1 alts (dv.net) dist-2","milex.beh: incom.av. (dv.net)alt. beh.democracy_1 tot. dist. 2","avTXInAltDist2","beh.democracy_1","dv.net","eval",FALSE,FALSE,FALSE,FALSE,FALSE,",",0,0,"objective",NA,NA,0,0,0,0,"OK",FALSE,"","behavior","Group1",1,1692,"milex.beh|eval|avTXInAltDist2|beh.democracy_1|dv.net|0|1|NA","unused_native_template"
"milex.beh","milex.beh: tot. av. incoming beh.democracy_1 alts (dv.net) dist-2","milex.beh: incom.tot. (dv.net)alt. beh.democracy_1 av. dist. 2","totAXInAltDist2","beh.democracy_1","dv.net","eval",FALSE,FALSE,FALSE,FALSE,FALSE,",",0,0,"objective",NA,NA,0,0,0,0,"OK",FALSE,"","behavior","Group1",1,1693,"milex.beh|eval|totAXInAltDist2|beh.democracy_1|dv.net|0|1|NA","unused_native_template"
"milex.beh","milex.beh: abs. contrast outd. (dv.net) - beh.democracy_1","sum milex.beh * abs.outd. (dv.net) - beh.democracy_1","degAbsContrX","beh.democracy_1","dv.net","eval",FALSE,FALSE,FALSE,FALSE,FALSE,",",0,0,"objective",NA,NA,0,0,0,0,"OK",FALSE,"","behavior","Group1",1,1694,"milex.beh|eval|degAbsContrX|beh.democracy_1|dv.net|0|1|NA","unused_native_template"
"milex.beh","milex.beh: abs. contrast outd. (dv.net) - beh.democracy_1","sum milex.beh * abs.outd. (dv.net) - beh.democracy_1","degAbsContrX","beh.democracy_1","dv.net","endow",FALSE,FALSE,FALSE,FALSE,FALSE,",",0,0,"objective",NA,NA,0,0,0,0,"OK",FALSE,"","behavior","Group1",1,1695,"milex.beh|endow|degAbsContrX|beh.democracy_1|dv.net|0|1|NA","unused_native_template"
"milex.beh","milex.beh: abs. contrast outd. (dv.net) - beh.democracy_1","sum milex.beh * abs.outd. (dv.net) - beh.democracy_1","degAbsContrX","beh.democracy_1","dv.net","creation",FALSE,FALSE,FALSE,FALSE,FALSE,",",0,0,"objective",NA,NA,0,0,0,0,"OK",FALSE,"","behavior","Group1",1,1696,"milex.beh|creation|degAbsContrX|beh.democracy_1|dv.net|0|1|NA","unused_native_template"
"milex.beh","milex.beh: pos. contrast outd. (dv.net) - beh.democracy_1","sum milex.beh * abs.outd. (dv.net) - beh.democracy_1","degPosContrX","beh.democracy_1","dv.net","eval",FALSE,FALSE,FALSE,FALSE,FALSE,",",0,0,"objective",NA,NA,0,0,0,0,"OK",FALSE,"","behavior","Group1",1,1697,"milex.beh|eval|degPosContrX|beh.democracy_1|dv.net|0|1|NA","unused_native_template"
"milex.beh","milex.beh: pos. contrast outd. (dv.net) - beh.democracy_1","sum milex.beh * abs.outd. (dv.net) - beh.democracy_1","degPosContrX","beh.democracy_1","dv.net","endow",FALSE,FALSE,FALSE,FALSE,FALSE,",",0,0,"objective",NA,NA,0,0,0,0,"OK",FALSE,"","behavior","Group1",1,1698,"milex.beh|endow|degPosContrX|beh.democracy_1|dv.net|0|1|NA","unused_native_template"
"milex.beh","milex.beh: pos. contrast outd. (dv.net) - beh.democracy_1","sum milex.beh * abs.outd. (dv.net) - beh.democracy_1","degPosContrX","beh.democracy_1","dv.net","creation",FALSE,FALSE,FALSE,FALSE,FALSE,",",0,0,"objective",NA,NA,0,0,0,0,"OK",FALSE,"","behavior","Group1",1,1699,"milex.beh|creation|degPosContrX|beh.democracy_1|dv.net|0|1|NA","unused_native_template"
"milex.beh","milex.beh: neg. contrast outd. (dv.net) - beh.democracy_1","sum milex.beh * abs.outd. (dv.net) - beh.democracy_1","degNegContrX","beh.democracy_1","dv.net","eval",FALSE,FALSE,FALSE,FALSE,FALSE,",",0,0,"objective",NA,NA,0,0,0,0,"OK",FALSE,"","behavior","Group1",1,1700,"milex.beh|eval|degNegContrX|beh.democracy_1|dv.net|0|1|NA","unused_native_template"
"milex.beh","milex.beh: neg. contrast outd. (dv.net) - beh.democracy_1","sum milex.beh * abs.outd. (dv.net) - beh.democracy_1","degNegContrX","beh.democracy_1","dv.net","endow",FALSE,FALSE,FALSE,FALSE,FALSE,",",0,0,"objective",NA,NA,0,0,0,0,"OK",FALSE,"","behavior","Group1",1,1701,"milex.beh|endow|degNegContrX|beh.democracy_1|dv.net|0|1|NA","unused_native_template"
"milex.beh","milex.beh: neg. contrast outd. (dv.net) - beh.democracy_1","sum milex.beh * abs.outd. (dv.net) - beh.democracy_1","degNegContrX","beh.democracy_1","dv.net","creation",FALSE,FALSE,FALSE,FALSE,FALSE,",",0,0,"objective",NA,NA,0,0,0,0,"OK",FALSE,"","behavior","Group1",1,1702,"milex.beh|creation|degNegContrX|beh.democracy_1|dv.net|0|1|NA","unused_native_template"
"milex.beh","milex.beh: av. sim. (dv.net) x ego's beh.democracy_1","milex.beh av. sim. (dv.net) x ego's beh.democracy_1","avSimEgoX","beh.democracy_1","dv.net","eval",FALSE,FALSE,FALSE,FALSE,FALSE,",",0,0,"objective",NA,NA,0,0,0,0,"",FALSE,"","behavior","Group1",1,1703,"milex.beh|eval|avSimEgoX|beh.democracy_1|dv.net|0|1|NA","unused_native_template"
"milex.beh","milex.beh: av. sim. (dv.net) x ego's beh.democracy_1","milex.beh av. sim. (dv.net) x ego's beh.democracy_1","avSimEgoX","beh.democracy_1","dv.net","endow",FALSE,FALSE,FALSE,FALSE,FALSE,",",0,0,"objective",NA,NA,0,0,0,0,"",FALSE,"","behavior","Group1",1,1704,"milex.beh|endow|avSimEgoX|beh.democracy_1|dv.net|0|1|NA","unused_native_template"
"milex.beh","milex.beh: av. sim. (dv.net) x ego's beh.democracy_1","milex.beh av. sim. (dv.net) x ego's beh.democracy_1","avSimEgoX","beh.democracy_1","dv.net","creation",FALSE,FALSE,FALSE,FALSE,FALSE,",",0,0,"objective",NA,NA,0,0,0,0,"",FALSE,"","behavior","Group1",1,1705,"milex.beh|creation|avSimEgoX|beh.democracy_1|dv.net|0|1|NA","unused_native_template"
"milex.beh","milex.beh: tot. sim. (dv.net) x ego's beh.democracy_1","milex.beh tot. sim. (dv.net) x ego's beh.democracy_1","totSimEgoX","beh.democracy_1","dv.net","eval",FALSE,FALSE,FALSE,FALSE,FALSE,",",0,0,"objective",NA,NA,0,0,0,0,"",FALSE,"","behavior","Group1",1,1706,"milex.beh|eval|totSimEgoX|beh.democracy_1|dv.net|0|1|NA","unused_native_template"
"milex.beh","milex.beh: tot. sim. (dv.net) x ego's beh.democracy_1","milex.beh tot. sim. (dv.net) x ego's beh.democracy_1","totSimEgoX","beh.democracy_1","dv.net","endow",FALSE,FALSE,FALSE,FALSE,FALSE,",",0,0,"objective",NA,NA,0,0,0,0,"",FALSE,"","behavior","Group1",1,1707,"milex.beh|endow|totSimEgoX|beh.democracy_1|dv.net|0|1|NA","unused_native_template"
"milex.beh","milex.beh: tot. sim. (dv.net) x ego's beh.democracy_1","milex.beh tot. sim. (dv.net) x ego's beh.democracy_1","totSimEgoX","beh.democracy_1","dv.net","creation",FALSE,FALSE,FALSE,FALSE,FALSE,",",0,0,"objective",NA,NA,0,0,0,0,"",FALSE,"","behavior","Group1",1,1708,"milex.beh|creation|totSimEgoX|beh.democracy_1|dv.net|0|1|NA","unused_native_template"
"milex.beh","milex.beh: av. alters (dv.net) x ego's beh.democracy_1","milex.beh av. alters (dv.net) x ego's beh.democracy_1 ","avAltEgoX","beh.democracy_1","dv.net","eval",FALSE,FALSE,FALSE,FALSE,FALSE,",",0,0,"objective",NA,NA,0,0,0,0,"",FALSE,"","behavior","Group1",1,1709,"milex.beh|eval|avAltEgoX|beh.democracy_1|dv.net|0|1|NA","unused_native_template"
"milex.beh","milex.beh: av. alters (dv.net) x ego's beh.democracy_1","milex.beh av. alters (dv.net) x ego's beh.democracy_1 ","avAltEgoX","beh.democracy_1","dv.net","endow",FALSE,FALSE,FALSE,FALSE,FALSE,",",0,0,"objective",NA,NA,0,0,0,0,"",FALSE,"","behavior","Group1",1,1710,"milex.beh|endow|avAltEgoX|beh.democracy_1|dv.net|0|1|NA","unused_native_template"
"milex.beh","milex.beh: av. alters (dv.net) x ego's beh.democracy_1","milex.beh av. alters (dv.net) x ego's beh.democracy_1 ","avAltEgoX","beh.democracy_1","dv.net","creation",FALSE,FALSE,FALSE,FALSE,FALSE,",",0,0,"objective",NA,NA,0,0,0,0,"",FALSE,"","behavior","Group1",1,1711,"milex.beh|creation|avAltEgoX|beh.democracy_1|dv.net|0|1|NA","unused_native_template"
"milex.beh","milex.beh: tot. alt's (dv.net) x ego's beh.democracy_1","milex.beh tot. alt's (dv.net) x ego's beh.democracy_1","totAltEgoX","beh.democracy_1","dv.net","eval",FALSE,FALSE,FALSE,FALSE,FALSE,",",0,0,"objective",NA,NA,0,0,0,0,"",FALSE,"","behavior","Group1",1,1712,"milex.beh|eval|totAltEgoX|beh.democracy_1|dv.net|0|1|NA","unused_native_template"
"milex.beh","milex.beh: tot. alt's (dv.net) x ego's beh.democracy_1","milex.beh tot. alt's (dv.net) x ego's beh.democracy_1","totAltEgoX","beh.democracy_1","dv.net","endow",FALSE,FALSE,FALSE,FALSE,FALSE,",",0,0,"objective",NA,NA,0,0,0,0,"",FALSE,"","behavior","Group1",1,1713,"milex.beh|endow|totAltEgoX|beh.democracy_1|dv.net|0|1|NA","unused_native_template"
"milex.beh","milex.beh: tot. alt's (dv.net) x ego's beh.democracy_1","milex.beh tot. alt's (dv.net) x ego's beh.democracy_1","totAltEgoX","beh.democracy_1","dv.net","creation",FALSE,FALSE,FALSE,FALSE,FALSE,",",0,0,"objective",NA,NA,0,0,0,0,"",FALSE,"","behavior","Group1",1,1714,"milex.beh|creation|totAltEgoX|beh.democracy_1|dv.net|0|1|NA","unused_native_template"
"milex.beh","milex.beh: effect from beh.GDPgrowth_1","milex.beh x beh.GDPgrowth_1","effFrom","beh.GDPgrowth_1","","eval",FALSE,TRUE,FALSE,FALSE,FALSE,",",0,0,"objective",NA,NA,0,0,0,0,"OK",FALSE,"","behavior","Group1",1,1715,"milex.beh|eval|effFrom|beh.GDPgrowth_1||0|1|NA","original_control_or_spending"
"milex.beh","milex.beh: effect from beh.GDPgrowth_1","milex.beh x beh.GDPgrowth_1","effFrom","beh.GDPgrowth_1","","endow",FALSE,FALSE,FALSE,FALSE,FALSE,",",0,0,"objective",NA,NA,0,0,0,0,"OK",FALSE,"","behavior","Group1",1,1716,"milex.beh|endow|effFrom|beh.GDPgrowth_1||0|1|NA","unused_native_template"
"milex.beh","milex.beh: effect from beh.GDPgrowth_1","milex.beh x beh.GDPgrowth_1","effFrom","beh.GDPgrowth_1","","creation",FALSE,FALSE,FALSE,FALSE,FALSE,",",0,0,"objective",NA,NA,0,0,0,0,"OK",FALSE,"","behavior","Group1",1,1717,"milex.beh|creation|effFrom|beh.GDPgrowth_1||0|1|NA","unused_native_template"
"milex.beh","milex.beh: tot. sim. (dv.net) x alter's beh.GDPgrowth_1","milex.beh tot. sim. (dv.net) x alter's beh.GDPgrowth_1","totSimAltX","beh.GDPgrowth_1","dv.net","eval",FALSE,FALSE,FALSE,FALSE,FALSE,",",0,0,"objective",NA,NA,0,0,0,0,"OK",FALSE,"","behavior","Group1",1,1718,"milex.beh|eval|totSimAltX|beh.GDPgrowth_1|dv.net|0|1|NA","unused_native_template"
"milex.beh","milex.beh: tot. sim. (dv.net) x alter's beh.GDPgrowth_1","milex.beh tot. sim. (dv.net) x alter's beh.GDPgrowth_1","totSimAltX","beh.GDPgrowth_1","dv.net","endow",FALSE,FALSE,FALSE,FALSE,FALSE,",",0,0,"objective",NA,NA,0,0,0,0,"OK",FALSE,"","behavior","Group1",1,1719,"milex.beh|endow|totSimAltX|beh.GDPgrowth_1|dv.net|0|1|NA","unused_native_template"
"milex.beh","milex.beh: tot. sim. (dv.net) x alter's beh.GDPgrowth_1","milex.beh tot. sim. (dv.net) x alter's beh.GDPgrowth_1","totSimAltX","beh.GDPgrowth_1","dv.net","creation",FALSE,FALSE,FALSE,FALSE,FALSE,",",0,0,"objective",NA,NA,0,0,0,0,"OK",FALSE,"","behavior","Group1",1,1720,"milex.beh|creation|totSimAltX|beh.GDPgrowth_1|dv.net|0|1|NA","unused_native_template"
"milex.beh","milex.beh: av. sim. (dv.net) x alter's beh.GDPgrowth_1","milex.beh av. sim. (dv.net) x alter's beh.GDPgrowth_1","avSimAltX","beh.GDPgrowth_1","dv.net","eval",FALSE,FALSE,FALSE,FALSE,FALSE,",",0,0,"objective",NA,NA,0,0,0,0,"OK",FALSE,"","behavior","Group1",1,1721,"milex.beh|eval|avSimAltX|beh.GDPgrowth_1|dv.net|0|1|NA","unused_native_template"
"milex.beh","milex.beh: av. sim. (dv.net) x alter's beh.GDPgrowth_1","milex.beh av. sim. (dv.net) x alter's beh.GDPgrowth_1","avSimAltX","beh.GDPgrowth_1","dv.net","endow",FALSE,FALSE,FALSE,FALSE,FALSE,",",0,0,"objective",NA,NA,0,0,0,0,"OK",FALSE,"","behavior","Group1",1,1722,"milex.beh|endow|avSimAltX|beh.GDPgrowth_1|dv.net|0|1|NA","unused_native_template"
"milex.beh","milex.beh: av. sim. (dv.net) x alter's beh.GDPgrowth_1","milex.beh av. sim. (dv.net) x alter's beh.GDPgrowth_1","avSimAltX","beh.GDPgrowth_1","dv.net","creation",FALSE,FALSE,FALSE,FALSE,FALSE,",",0,0,"objective",NA,NA,0,0,0,0,"OK",FALSE,"","behavior","Group1",1,1723,"milex.beh|creation|avSimAltX|beh.GDPgrowth_1|dv.net|0|1|NA","unused_native_template"
"milex.beh","milex.beh: av. alters (dv.net) x alter's beh.GDPgrowth_1","milex.beh av. alters (dv.net) x alter's beh.GDPgrowth_1","avAltAltX","beh.GDPgrowth_1","dv.net","eval",FALSE,FALSE,FALSE,FALSE,FALSE,",",0,0,"objective",NA,NA,0,0,0,0,"OK",FALSE,"","behavior","Group1",1,1724,"milex.beh|eval|avAltAltX|beh.GDPgrowth_1|dv.net|0|1|NA","unused_native_template"
"milex.beh","milex.beh: av. alters (dv.net) x alter's beh.GDPgrowth_1","milex.beh av. alters (dv.net) x alter's beh.GDPgrowth_1","avAltAltX","beh.GDPgrowth_1","dv.net","endow",FALSE,FALSE,FALSE,FALSE,FALSE,",",0,0,"objective",NA,NA,0,0,0,0,"OK",FALSE,"","behavior","Group1",1,1725,"milex.beh|endow|avAltAltX|beh.GDPgrowth_1|dv.net|0|1|NA","unused_native_template"
"milex.beh","milex.beh: av. alters (dv.net) x alter's beh.GDPgrowth_1","milex.beh av. alters (dv.net) x alter's beh.GDPgrowth_1","avAltAltX","beh.GDPgrowth_1","dv.net","creation",FALSE,FALSE,FALSE,FALSE,FALSE,",",0,0,"objective",NA,NA,0,0,0,0,"OK",FALSE,"","behavior","Group1",1,1726,"milex.beh|creation|avAltAltX|beh.GDPgrowth_1|dv.net|0|1|NA","unused_native_template"
"milex.beh","milex.beh: alter's (dv.net) beh.GDPgrowth_1 average","milex.beh alter's (dv.net) beh.GDPgrowth_1 average","avXAlt","beh.GDPgrowth_1","dv.net","eval",FALSE,FALSE,FALSE,FALSE,FALSE,",",0,0,"objective",NA,NA,0,0,0,0,"OK",FALSE,"","behavior","Group1",1,1727,"milex.beh|eval|avXAlt|beh.GDPgrowth_1|dv.net|0|1|NA","unused_native_template"
"milex.beh","milex.beh: alter's (dv.net) beh.GDPgrowth_1 average","milex.beh alter's (dv.net) beh.GDPgrowth_1 average","avXAlt","beh.GDPgrowth_1","dv.net","endow",FALSE,FALSE,FALSE,FALSE,FALSE,",",0,0,"objective",NA,NA,0,0,0,0,"OK",FALSE,"","behavior","Group1",1,1728,"milex.beh|endow|avXAlt|beh.GDPgrowth_1|dv.net|0|1|NA","unused_native_template"
"milex.beh","milex.beh: alter's (dv.net) beh.GDPgrowth_1 average","milex.beh alter's (dv.net) beh.GDPgrowth_1 average","avXAlt","beh.GDPgrowth_1","dv.net","creation",FALSE,FALSE,FALSE,FALSE,FALSE,",",0,0,"objective",NA,NA,0,0,0,0,"OK",FALSE,"","behavior","Group1",1,1729,"milex.beh|creation|avXAlt|beh.GDPgrowth_1|dv.net|0|1|NA","unused_native_template"
"milex.beh","milex.beh: alter's (dv.net) beh.GDPgrowth_1 minimum","milex.beh alter's (dv.net) beh.GDPgrowth_1 minimum","minXAlt","beh.GDPgrowth_1","dv.net","eval",FALSE,FALSE,FALSE,FALSE,FALSE,",",0,0,"objective",NA,NA,0,0,0,0,"OK",FALSE,"","behavior","Group1",1,1730,"milex.beh|eval|minXAlt|beh.GDPgrowth_1|dv.net|0|1|NA","unused_native_template"
"milex.beh","milex.beh: alter's (dv.net) beh.GDPgrowth_1 minimum","milex.beh alter's (dv.net) beh.GDPgrowth_1 minimum","minXAlt","beh.GDPgrowth_1","dv.net","endow",FALSE,FALSE,FALSE,FALSE,FALSE,",",0,0,"objective",NA,NA,0,0,0,0,"OK",FALSE,"","behavior","Group1",1,1731,"milex.beh|endow|minXAlt|beh.GDPgrowth_1|dv.net|0|1|NA","unused_native_template"
"milex.beh","milex.beh: alter's (dv.net) beh.GDPgrowth_1 minimum","milex.beh alter's (dv.net) beh.GDPgrowth_1 minimum","minXAlt","beh.GDPgrowth_1","dv.net","creation",FALSE,FALSE,FALSE,FALSE,FALSE,",",0,0,"objective",NA,NA,0,0,0,0,"OK",FALSE,"","behavior","Group1",1,1732,"milex.beh|creation|minXAlt|beh.GDPgrowth_1|dv.net|0|1|NA","unused_native_template"
"milex.beh","milex.beh: alter's (dv.net) beh.GDPgrowth_1 maximum","milex.beh alter's (dv.net) beh.GDPgrowth_1 maximum","maxXAlt","beh.GDPgrowth_1","dv.net","eval",FALSE,FALSE,FALSE,FALSE,FALSE,",",0,0,"objective",NA,NA,0,0,0,0,"OK",FALSE,"","behavior","Group1",1,1733,"milex.beh|eval|maxXAlt|beh.GDPgrowth_1|dv.net|0|1|NA","unused_native_template"
"milex.beh","milex.beh: alter's (dv.net) beh.GDPgrowth_1 maximum","milex.beh alter's (dv.net) beh.GDPgrowth_1 maximum","maxXAlt","beh.GDPgrowth_1","dv.net","endow",FALSE,FALSE,FALSE,FALSE,FALSE,",",0,0,"objective",NA,NA,0,0,0,0,"OK",FALSE,"","behavior","Group1",1,1734,"milex.beh|endow|maxXAlt|beh.GDPgrowth_1|dv.net|0|1|NA","unused_native_template"
"milex.beh","milex.beh: alter's (dv.net) beh.GDPgrowth_1 maximum","milex.beh alter's (dv.net) beh.GDPgrowth_1 maximum","maxXAlt","beh.GDPgrowth_1","dv.net","creation",FALSE,FALSE,FALSE,FALSE,FALSE,",",0,0,"objective",NA,NA,0,0,0,0,"OK",FALSE,"","behavior","Group1",1,1735,"milex.beh|creation|maxXAlt|beh.GDPgrowth_1|dv.net|0|1|NA","unused_native_template"
"milex.beh","milex.beh: alter's (dv.net) beh.GDPgrowth_1 total","milex.beh alter's (dv.net) beh.GDPgrowth_1 total","totXAlt","beh.GDPgrowth_1","dv.net","eval",FALSE,FALSE,FALSE,FALSE,FALSE,",",0,0,"objective",NA,NA,0,0,0,0,"OK",FALSE,"","behavior","Group1",1,1736,"milex.beh|eval|totXAlt|beh.GDPgrowth_1|dv.net|0|1|NA","unused_native_template"
"milex.beh","milex.beh: alter's (dv.net) beh.GDPgrowth_1 total","milex.beh alter's (dv.net) beh.GDPgrowth_1 total","totXAlt","beh.GDPgrowth_1","dv.net","endow",FALSE,FALSE,FALSE,FALSE,FALSE,",",0,0,"objective",NA,NA,0,0,0,0,"OK",FALSE,"","behavior","Group1",1,1737,"milex.beh|endow|totXAlt|beh.GDPgrowth_1|dv.net|0|1|NA","unused_native_template"
"milex.beh","milex.beh: alter's (dv.net) beh.GDPgrowth_1 total","milex.beh alter's (dv.net) beh.GDPgrowth_1 total","totXAlt","beh.GDPgrowth_1","dv.net","creation",FALSE,FALSE,FALSE,FALSE,FALSE,",",0,0,"objective",NA,NA,0,0,0,0,"OK",FALSE,"","behavior","Group1",1,1738,"milex.beh|creation|totXAlt|beh.GDPgrowth_1|dv.net|0|1|NA","unused_native_template"
"milex.beh","milex.beh: in-alter's (dv.net) beh.GDPgrowth_1 aver.","milex.beh in-alter's (dv.net) beh.GDPgrowth_1 aver.","avXInAlt","beh.GDPgrowth_1","dv.net","eval",FALSE,FALSE,FALSE,FALSE,FALSE,",",0,0,"objective",NA,NA,0,0,0,0,"OK",FALSE,"","behavior","Group1",1,1739,"milex.beh|eval|avXInAlt|beh.GDPgrowth_1|dv.net|0|1|NA","unused_native_template"
"milex.beh","milex.beh: in-alter's (dv.net) beh.GDPgrowth_1 aver.","milex.beh in-alter's (dv.net) beh.GDPgrowth_1 aver.","avXInAlt","beh.GDPgrowth_1","dv.net","endow",FALSE,FALSE,FALSE,FALSE,FALSE,",",0,0,"objective",NA,NA,0,0,0,0,"OK",FALSE,"","behavior","Group1",1,1740,"milex.beh|endow|avXInAlt|beh.GDPgrowth_1|dv.net|0|1|NA","unused_native_template"
"milex.beh","milex.beh: in-alter's (dv.net) beh.GDPgrowth_1 aver.","milex.beh in-alter's (dv.net) beh.GDPgrowth_1 aver.","avXInAlt","beh.GDPgrowth_1","dv.net","creation",FALSE,FALSE,FALSE,FALSE,FALSE,",",0,0,"objective",NA,NA,0,0,0,0,"OK",FALSE,"","behavior","Group1",1,1741,"milex.beh|creation|avXInAlt|beh.GDPgrowth_1|dv.net|0|1|NA","unused_native_template"
"milex.beh","milex.beh: in-alter's (dv.net) beh.GDPgrowth_1 total","milex.beh in-alter's (dv.net) beh.GDPgrowth_1 total","totXInAlt","beh.GDPgrowth_1","dv.net","eval",FALSE,FALSE,FALSE,FALSE,FALSE,",",0,0,"objective",NA,NA,0,0,0,0,"OK",FALSE,"","behavior","Group1",1,1742,"milex.beh|eval|totXInAlt|beh.GDPgrowth_1|dv.net|0|1|NA","unused_native_template"
"milex.beh","milex.beh: in-alter's (dv.net) beh.GDPgrowth_1 total","milex.beh in-alter's (dv.net) beh.GDPgrowth_1 total","totXInAlt","beh.GDPgrowth_1","dv.net","endow",FALSE,FALSE,FALSE,FALSE,FALSE,",",0,0,"objective",NA,NA,0,0,0,0,"OK",FALSE,"","behavior","Group1",1,1743,"milex.beh|endow|totXInAlt|beh.GDPgrowth_1|dv.net|0|1|NA","unused_native_template"
"milex.beh","milex.beh: in-alter's (dv.net) beh.GDPgrowth_1 total","milex.beh in-alter's (dv.net) beh.GDPgrowth_1 total","totXInAlt","beh.GDPgrowth_1","dv.net","creation",FALSE,FALSE,FALSE,FALSE,FALSE,",",0,0,"objective",NA,NA,0,0,0,0,"OK",FALSE,"","behavior","Group1",1,1744,"milex.beh|creation|totXInAlt|beh.GDPgrowth_1|dv.net|0|1|NA","unused_native_template"
"milex.beh","milex.beh: dist. 2 alter's (dv.net) beh.GDPgrowth_1 av.","milex.beh dist. 2 alter's (dv.net) beh.GDPgrowth_1 av.","avXAltDist2","beh.GDPgrowth_1","dv.net","eval",FALSE,FALSE,FALSE,FALSE,FALSE,",",0,0,"objective",NA,NA,0,0,0,0,"OK",FALSE,"","behavior","Group1",1,1745,"milex.beh|eval|avXAltDist2|beh.GDPgrowth_1|dv.net|0|1|NA","unused_native_template"
"milex.beh","milex.beh: dist. 2 alter's (dv.net) beh.GDPgrowth_1 tot.","milex.beh dist. 2 alter's (dv.net) beh.GDPgrowth_1 tot.","totXAltDist2","beh.GDPgrowth_1","dv.net","eval",FALSE,FALSE,FALSE,FALSE,FALSE,",",0,0,"objective",NA,NA,0,0,0,0,"OK",FALSE,"","behavior","Group1",1,1746,"milex.beh|eval|totXAltDist2|beh.GDPgrowth_1|dv.net|0|1|NA","unused_native_template"
"milex.beh","milex.beh: dist. 2 av. alter's (dv.net) beh.GDPgrowth_1 tot.","milex.beh av. dist. 2 alter's (dv.net) beh.GDPgrowth_1 tot.","avTXAltDist2","beh.GDPgrowth_1","dv.net","eval",FALSE,FALSE,FALSE,FALSE,FALSE,",",0,0,"objective",NA,NA,0,0,0,0,"OK",FALSE,"","behavior","Group1",1,1747,"milex.beh|eval|avTXAltDist2|beh.GDPgrowth_1|dv.net|0|1|NA","unused_native_template"
"milex.beh","milex.beh: dist. 2 tot. alter's (dv.net) beh.GDPgrowth_1 av.","milex.beh tot. dist. 2 alter's (dv.net) beh.GDPgrowth_1 av.","totAXAltDist2","beh.GDPgrowth_1","dv.net","eval",FALSE,FALSE,FALSE,FALSE,FALSE,",",0,0,"objective",NA,NA,0,0,0,0,"OK",FALSE,"","behavior","Group1",1,1748,"milex.beh|eval|totAXAltDist2|beh.GDPgrowth_1|dv.net|0|1|NA","unused_native_template"
"milex.beh","milex.beh: alts (dv.net) dist-2 incom. beh.GDPgrowth_1 av.","milex.beh: incom.av. beh.GDPgrowth_1 (dv.net)alt. dist. 2","avXInAltDist2","beh.GDPgrowth_1","dv.net","eval",FALSE,FALSE,FALSE,FALSE,FALSE,",",0,0,"objective",NA,NA,0,0,0,0,"OK",FALSE,"","behavior","Group1",1,1749,"milex.beh|eval|avXInAltDist2|beh.GDPgrowth_1|dv.net|0|1|NA","unused_native_template"
"milex.beh","milex.beh: alts (dv.net) dist-2 incom. beh.GDPgrowth_1 tot.","milex.beh: incom.tot. beh.GDPgrowth_1 (dv.net)alt. dist. 2","totXInAltDist2","beh.GDPgrowth_1","dv.net","eval",FALSE,FALSE,FALSE,FALSE,FALSE,",",0,0,"objective",NA,NA,0,0,0,0,"OK",FALSE,"","behavior","Group1",1,1750,"milex.beh|eval|totXInAltDist2|beh.GDPgrowth_1|dv.net|0|1|NA","unused_native_template"
"milex.beh","milex.beh: av. tot. incoming beh.GDPgrowth_1 alts (dv.net) dist-2","milex.beh: incom.av. (dv.net)alt. beh.GDPgrowth_1 tot. dist. 2","avTXInAltDist2","beh.GDPgrowth_1","dv.net","eval",FALSE,FALSE,FALSE,FALSE,FALSE,",",0,0,"objective",NA,NA,0,0,0,0,"OK",FALSE,"","behavior","Group1",1,1751,"milex.beh|eval|avTXInAltDist2|beh.GDPgrowth_1|dv.net|0|1|NA","unused_native_template"
"milex.beh","milex.beh: tot. av. incoming beh.GDPgrowth_1 alts (dv.net) dist-2","milex.beh: incom.tot. (dv.net)alt. beh.GDPgrowth_1 av. dist. 2","totAXInAltDist2","beh.GDPgrowth_1","dv.net","eval",FALSE,FALSE,FALSE,FALSE,FALSE,",",0,0,"objective",NA,NA,0,0,0,0,"OK",FALSE,"","behavior","Group1",1,1752,"milex.beh|eval|totAXInAltDist2|beh.GDPgrowth_1|dv.net|0|1|NA","unused_native_template"
"milex.beh","milex.beh: abs. contrast outd. (dv.net) - beh.GDPgrowth_1","sum milex.beh * abs.outd. (dv.net) - beh.GDPgrowth_1","degAbsContrX","beh.GDPgrowth_1","dv.net","eval",FALSE,FALSE,FALSE,FALSE,FALSE,",",0,0,"objective",NA,NA,0,0,0,0,"OK",FALSE,"","behavior","Group1",1,1753,"milex.beh|eval|degAbsContrX|beh.GDPgrowth_1|dv.net|0|1|NA","unused_native_template"
"milex.beh","milex.beh: abs. contrast outd. (dv.net) - beh.GDPgrowth_1","sum milex.beh * abs.outd. (dv.net) - beh.GDPgrowth_1","degAbsContrX","beh.GDPgrowth_1","dv.net","endow",FALSE,FALSE,FALSE,FALSE,FALSE,",",0,0,"objective",NA,NA,0,0,0,0,"OK",FALSE,"","behavior","Group1",1,1754,"milex.beh|endow|degAbsContrX|beh.GDPgrowth_1|dv.net|0|1|NA","unused_native_template"
"milex.beh","milex.beh: abs. contrast outd. (dv.net) - beh.GDPgrowth_1","sum milex.beh * abs.outd. (dv.net) - beh.GDPgrowth_1","degAbsContrX","beh.GDPgrowth_1","dv.net","creation",FALSE,FALSE,FALSE,FALSE,FALSE,",",0,0,"objective",NA,NA,0,0,0,0,"OK",FALSE,"","behavior","Group1",1,1755,"milex.beh|creation|degAbsContrX|beh.GDPgrowth_1|dv.net|0|1|NA","unused_native_template"
"milex.beh","milex.beh: pos. contrast outd. (dv.net) - beh.GDPgrowth_1","sum milex.beh * abs.outd. (dv.net) - beh.GDPgrowth_1","degPosContrX","beh.GDPgrowth_1","dv.net","eval",FALSE,FALSE,FALSE,FALSE,FALSE,",",0,0,"objective",NA,NA,0,0,0,0,"OK",FALSE,"","behavior","Group1",1,1756,"milex.beh|eval|degPosContrX|beh.GDPgrowth_1|dv.net|0|1|NA","unused_native_template"
"milex.beh","milex.beh: pos. contrast outd. (dv.net) - beh.GDPgrowth_1","sum milex.beh * abs.outd. (dv.net) - beh.GDPgrowth_1","degPosContrX","beh.GDPgrowth_1","dv.net","endow",FALSE,FALSE,FALSE,FALSE,FALSE,",",0,0,"objective",NA,NA,0,0,0,0,"OK",FALSE,"","behavior","Group1",1,1757,"milex.beh|endow|degPosContrX|beh.GDPgrowth_1|dv.net|0|1|NA","unused_native_template"
"milex.beh","milex.beh: pos. contrast outd. (dv.net) - beh.GDPgrowth_1","sum milex.beh * abs.outd. (dv.net) - beh.GDPgrowth_1","degPosContrX","beh.GDPgrowth_1","dv.net","creation",FALSE,FALSE,FALSE,FALSE,FALSE,",",0,0,"objective",NA,NA,0,0,0,0,"OK",FALSE,"","behavior","Group1",1,1758,"milex.beh|creation|degPosContrX|beh.GDPgrowth_1|dv.net|0|1|NA","unused_native_template"
"milex.beh","milex.beh: neg. contrast outd. (dv.net) - beh.GDPgrowth_1","sum milex.beh * abs.outd. (dv.net) - beh.GDPgrowth_1","degNegContrX","beh.GDPgrowth_1","dv.net","eval",FALSE,FALSE,FALSE,FALSE,FALSE,",",0,0,"objective",NA,NA,0,0,0,0,"OK",FALSE,"","behavior","Group1",1,1759,"milex.beh|eval|degNegContrX|beh.GDPgrowth_1|dv.net|0|1|NA","unused_native_template"
"milex.beh","milex.beh: neg. contrast outd. (dv.net) - beh.GDPgrowth_1","sum milex.beh * abs.outd. (dv.net) - beh.GDPgrowth_1","degNegContrX","beh.GDPgrowth_1","dv.net","endow",FALSE,FALSE,FALSE,FALSE,FALSE,",",0,0,"objective",NA,NA,0,0,0,0,"OK",FALSE,"","behavior","Group1",1,1760,"milex.beh|endow|degNegContrX|beh.GDPgrowth_1|dv.net|0|1|NA","unused_native_template"
"milex.beh","milex.beh: neg. contrast outd. (dv.net) - beh.GDPgrowth_1","sum milex.beh * abs.outd. (dv.net) - beh.GDPgrowth_1","degNegContrX","beh.GDPgrowth_1","dv.net","creation",FALSE,FALSE,FALSE,FALSE,FALSE,",",0,0,"objective",NA,NA,0,0,0,0,"OK",FALSE,"","behavior","Group1",1,1761,"milex.beh|creation|degNegContrX|beh.GDPgrowth_1|dv.net|0|1|NA","unused_native_template"
"milex.beh","milex.beh: av. sim. (dv.net) x ego's beh.GDPgrowth_1","milex.beh av. sim. (dv.net) x ego's beh.GDPgrowth_1","avSimEgoX","beh.GDPgrowth_1","dv.net","eval",FALSE,FALSE,FALSE,FALSE,FALSE,",",0,0,"objective",NA,NA,0,0,0,0,"",FALSE,"","behavior","Group1",1,1762,"milex.beh|eval|avSimEgoX|beh.GDPgrowth_1|dv.net|0|1|NA","unused_native_template"
"milex.beh","milex.beh: av. sim. (dv.net) x ego's beh.GDPgrowth_1","milex.beh av. sim. (dv.net) x ego's beh.GDPgrowth_1","avSimEgoX","beh.GDPgrowth_1","dv.net","endow",FALSE,FALSE,FALSE,FALSE,FALSE,",",0,0,"objective",NA,NA,0,0,0,0,"",FALSE,"","behavior","Group1",1,1763,"milex.beh|endow|avSimEgoX|beh.GDPgrowth_1|dv.net|0|1|NA","unused_native_template"
"milex.beh","milex.beh: av. sim. (dv.net) x ego's beh.GDPgrowth_1","milex.beh av. sim. (dv.net) x ego's beh.GDPgrowth_1","avSimEgoX","beh.GDPgrowth_1","dv.net","creation",FALSE,FALSE,FALSE,FALSE,FALSE,",",0,0,"objective",NA,NA,0,0,0,0,"",FALSE,"","behavior","Group1",1,1764,"milex.beh|creation|avSimEgoX|beh.GDPgrowth_1|dv.net|0|1|NA","unused_native_template"
"milex.beh","milex.beh: tot. sim. (dv.net) x ego's beh.GDPgrowth_1","milex.beh tot. sim. (dv.net) x ego's beh.GDPgrowth_1","totSimEgoX","beh.GDPgrowth_1","dv.net","eval",FALSE,FALSE,FALSE,FALSE,FALSE,",",0,0,"objective",NA,NA,0,0,0,0,"",FALSE,"","behavior","Group1",1,1765,"milex.beh|eval|totSimEgoX|beh.GDPgrowth_1|dv.net|0|1|NA","unused_native_template"
"milex.beh","milex.beh: tot. sim. (dv.net) x ego's beh.GDPgrowth_1","milex.beh tot. sim. (dv.net) x ego's beh.GDPgrowth_1","totSimEgoX","beh.GDPgrowth_1","dv.net","endow",FALSE,FALSE,FALSE,FALSE,FALSE,",",0,0,"objective",NA,NA,0,0,0,0,"",FALSE,"","behavior","Group1",1,1766,"milex.beh|endow|totSimEgoX|beh.GDPgrowth_1|dv.net|0|1|NA","unused_native_template"
"milex.beh","milex.beh: tot. sim. (dv.net) x ego's beh.GDPgrowth_1","milex.beh tot. sim. (dv.net) x ego's beh.GDPgrowth_1","totSimEgoX","beh.GDPgrowth_1","dv.net","creation",FALSE,FALSE,FALSE,FALSE,FALSE,",",0,0,"objective",NA,NA,0,0,0,0,"",FALSE,"","behavior","Group1",1,1767,"milex.beh|creation|totSimEgoX|beh.GDPgrowth_1|dv.net|0|1|NA","unused_native_template"
"milex.beh","milex.beh: av. alters (dv.net) x ego's beh.GDPgrowth_1","milex.beh av. alters (dv.net) x ego's beh.GDPgrowth_1 ","avAltEgoX","beh.GDPgrowth_1","dv.net","eval",FALSE,FALSE,FALSE,FALSE,FALSE,",",0,0,"objective",NA,NA,0,0,0,0,"",FALSE,"","behavior","Group1",1,1768,"milex.beh|eval|avAltEgoX|beh.GDPgrowth_1|dv.net|0|1|NA","unused_native_template"
"milex.beh","milex.beh: av. alters (dv.net) x ego's beh.GDPgrowth_1","milex.beh av. alters (dv.net) x ego's beh.GDPgrowth_1 ","avAltEgoX","beh.GDPgrowth_1","dv.net","endow",FALSE,FALSE,FALSE,FALSE,FALSE,",",0,0,"objective",NA,NA,0,0,0,0,"",FALSE,"","behavior","Group1",1,1769,"milex.beh|endow|avAltEgoX|beh.GDPgrowth_1|dv.net|0|1|NA","unused_native_template"
"milex.beh","milex.beh: av. alters (dv.net) x ego's beh.GDPgrowth_1","milex.beh av. alters (dv.net) x ego's beh.GDPgrowth_1 ","avAltEgoX","beh.GDPgrowth_1","dv.net","creation",FALSE,FALSE,FALSE,FALSE,FALSE,",",0,0,"objective",NA,NA,0,0,0,0,"",FALSE,"","behavior","Group1",1,1770,"milex.beh|creation|avAltEgoX|beh.GDPgrowth_1|dv.net|0|1|NA","unused_native_template"
"milex.beh","milex.beh: tot. alt's (dv.net) x ego's beh.GDPgrowth_1","milex.beh tot. alt's (dv.net) x ego's beh.GDPgrowth_1","totAltEgoX","beh.GDPgrowth_1","dv.net","eval",FALSE,FALSE,FALSE,FALSE,FALSE,",",0,0,"objective",NA,NA,0,0,0,0,"",FALSE,"","behavior","Group1",1,1771,"milex.beh|eval|totAltEgoX|beh.GDPgrowth_1|dv.net|0|1|NA","unused_native_template"
"milex.beh","milex.beh: tot. alt's (dv.net) x ego's beh.GDPgrowth_1","milex.beh tot. alt's (dv.net) x ego's beh.GDPgrowth_1","totAltEgoX","beh.GDPgrowth_1","dv.net","endow",FALSE,FALSE,FALSE,FALSE,FALSE,",",0,0,"objective",NA,NA,0,0,0,0,"",FALSE,"","behavior","Group1",1,1772,"milex.beh|endow|totAltEgoX|beh.GDPgrowth_1|dv.net|0|1|NA","unused_native_template"
"milex.beh","milex.beh: tot. alt's (dv.net) x ego's beh.GDPgrowth_1","milex.beh tot. alt's (dv.net) x ego's beh.GDPgrowth_1","totAltEgoX","beh.GDPgrowth_1","dv.net","creation",FALSE,FALSE,FALSE,FALSE,FALSE,",",0,0,"objective",NA,NA,0,0,0,0,"",FALSE,"","behavior","Group1",1,1773,"milex.beh|creation|totAltEgoX|beh.GDPgrowth_1|dv.net|0|1|NA","unused_native_template"
"milex.beh","milex.beh: effect from beh.nato_1","milex.beh x beh.nato_1","effFrom","beh.nato_1","","eval",FALSE,TRUE,FALSE,FALSE,FALSE,",",0,0,"objective",NA,NA,0,0,0,0,"OK",FALSE,"","behavior","Group1",1,1774,"milex.beh|eval|effFrom|beh.nato_1||0|1|NA","original_control_or_spending"
"milex.beh","milex.beh: effect from beh.nato_1","milex.beh x beh.nato_1","effFrom","beh.nato_1","","endow",FALSE,FALSE,FALSE,FALSE,FALSE,",",0,0,"objective",NA,NA,0,0,0,0,"OK",FALSE,"","behavior","Group1",1,1775,"milex.beh|endow|effFrom|beh.nato_1||0|1|NA","unused_native_template"
"milex.beh","milex.beh: effect from beh.nato_1","milex.beh x beh.nato_1","effFrom","beh.nato_1","","creation",FALSE,FALSE,FALSE,FALSE,FALSE,",",0,0,"objective",NA,NA,0,0,0,0,"OK",FALSE,"","behavior","Group1",1,1776,"milex.beh|creation|effFrom|beh.nato_1||0|1|NA","unused_native_template"
"milex.beh","milex.beh: tot. sim. (dv.net) x alter's beh.nato_1","milex.beh tot. sim. (dv.net) x alter's beh.nato_1","totSimAltX","beh.nato_1","dv.net","eval",FALSE,FALSE,FALSE,FALSE,FALSE,",",0,0,"objective",NA,NA,0,0,0,0,"OK",FALSE,"","behavior","Group1",1,1777,"milex.beh|eval|totSimAltX|beh.nato_1|dv.net|0|1|NA","unused_native_template"
"milex.beh","milex.beh: tot. sim. (dv.net) x alter's beh.nato_1","milex.beh tot. sim. (dv.net) x alter's beh.nato_1","totSimAltX","beh.nato_1","dv.net","endow",FALSE,FALSE,FALSE,FALSE,FALSE,",",0,0,"objective",NA,NA,0,0,0,0,"OK",FALSE,"","behavior","Group1",1,1778,"milex.beh|endow|totSimAltX|beh.nato_1|dv.net|0|1|NA","unused_native_template"
"milex.beh","milex.beh: tot. sim. (dv.net) x alter's beh.nato_1","milex.beh tot. sim. (dv.net) x alter's beh.nato_1","totSimAltX","beh.nato_1","dv.net","creation",FALSE,FALSE,FALSE,FALSE,FALSE,",",0,0,"objective",NA,NA,0,0,0,0,"OK",FALSE,"","behavior","Group1",1,1779,"milex.beh|creation|totSimAltX|beh.nato_1|dv.net|0|1|NA","unused_native_template"
"milex.beh","milex.beh: av. sim. (dv.net) x alter's beh.nato_1","milex.beh av. sim. (dv.net) x alter's beh.nato_1","avSimAltX","beh.nato_1","dv.net","eval",FALSE,FALSE,FALSE,FALSE,FALSE,",",0,0,"objective",NA,NA,0,0,0,0,"OK",FALSE,"","behavior","Group1",1,1780,"milex.beh|eval|avSimAltX|beh.nato_1|dv.net|0|1|NA","unused_native_template"
"milex.beh","milex.beh: av. sim. (dv.net) x alter's beh.nato_1","milex.beh av. sim. (dv.net) x alter's beh.nato_1","avSimAltX","beh.nato_1","dv.net","endow",FALSE,FALSE,FALSE,FALSE,FALSE,",",0,0,"objective",NA,NA,0,0,0,0,"OK",FALSE,"","behavior","Group1",1,1781,"milex.beh|endow|avSimAltX|beh.nato_1|dv.net|0|1|NA","unused_native_template"
"milex.beh","milex.beh: av. sim. (dv.net) x alter's beh.nato_1","milex.beh av. sim. (dv.net) x alter's beh.nato_1","avSimAltX","beh.nato_1","dv.net","creation",FALSE,FALSE,FALSE,FALSE,FALSE,",",0,0,"objective",NA,NA,0,0,0,0,"OK",FALSE,"","behavior","Group1",1,1782,"milex.beh|creation|avSimAltX|beh.nato_1|dv.net|0|1|NA","unused_native_template"
"milex.beh","milex.beh: av. alters (dv.net) x alter's beh.nato_1","milex.beh av. alters (dv.net) x alter's beh.nato_1","avAltAltX","beh.nato_1","dv.net","eval",FALSE,FALSE,FALSE,FALSE,FALSE,",",0,0,"objective",NA,NA,0,0,0,0,"OK",FALSE,"","behavior","Group1",1,1783,"milex.beh|eval|avAltAltX|beh.nato_1|dv.net|0|1|NA","unused_native_template"
"milex.beh","milex.beh: av. alters (dv.net) x alter's beh.nato_1","milex.beh av. alters (dv.net) x alter's beh.nato_1","avAltAltX","beh.nato_1","dv.net","endow",FALSE,FALSE,FALSE,FALSE,FALSE,",",0,0,"objective",NA,NA,0,0,0,0,"OK",FALSE,"","behavior","Group1",1,1784,"milex.beh|endow|avAltAltX|beh.nato_1|dv.net|0|1|NA","unused_native_template"
"milex.beh","milex.beh: av. alters (dv.net) x alter's beh.nato_1","milex.beh av. alters (dv.net) x alter's beh.nato_1","avAltAltX","beh.nato_1","dv.net","creation",FALSE,FALSE,FALSE,FALSE,FALSE,",",0,0,"objective",NA,NA,0,0,0,0,"OK",FALSE,"","behavior","Group1",1,1785,"milex.beh|creation|avAltAltX|beh.nato_1|dv.net|0|1|NA","unused_native_template"
"milex.beh","milex.beh: alter's (dv.net) beh.nato_1 average","milex.beh alter's (dv.net) beh.nato_1 average","avXAlt","beh.nato_1","dv.net","eval",FALSE,FALSE,FALSE,FALSE,FALSE,",",0,0,"objective",NA,NA,0,0,0,0,"OK",FALSE,"","behavior","Group1",1,1786,"milex.beh|eval|avXAlt|beh.nato_1|dv.net|0|1|NA","unused_native_template"
"milex.beh","milex.beh: alter's (dv.net) beh.nato_1 average","milex.beh alter's (dv.net) beh.nato_1 average","avXAlt","beh.nato_1","dv.net","endow",FALSE,FALSE,FALSE,FALSE,FALSE,",",0,0,"objective",NA,NA,0,0,0,0,"OK",FALSE,"","behavior","Group1",1,1787,"milex.beh|endow|avXAlt|beh.nato_1|dv.net|0|1|NA","unused_native_template"
"milex.beh","milex.beh: alter's (dv.net) beh.nato_1 average","milex.beh alter's (dv.net) beh.nato_1 average","avXAlt","beh.nato_1","dv.net","creation",FALSE,FALSE,FALSE,FALSE,FALSE,",",0,0,"objective",NA,NA,0,0,0,0,"OK",FALSE,"","behavior","Group1",1,1788,"milex.beh|creation|avXAlt|beh.nato_1|dv.net|0|1|NA","unused_native_template"
"milex.beh","milex.beh: alter's (dv.net) beh.nato_1 minimum","milex.beh alter's (dv.net) beh.nato_1 minimum","minXAlt","beh.nato_1","dv.net","eval",FALSE,FALSE,FALSE,FALSE,FALSE,",",0,0,"objective",NA,NA,0,0,0,0,"OK",FALSE,"","behavior","Group1",1,1789,"milex.beh|eval|minXAlt|beh.nato_1|dv.net|0|1|NA","unused_native_template"
"milex.beh","milex.beh: alter's (dv.net) beh.nato_1 minimum","milex.beh alter's (dv.net) beh.nato_1 minimum","minXAlt","beh.nato_1","dv.net","endow",FALSE,FALSE,FALSE,FALSE,FALSE,",",0,0,"objective",NA,NA,0,0,0,0,"OK",FALSE,"","behavior","Group1",1,1790,"milex.beh|endow|minXAlt|beh.nato_1|dv.net|0|1|NA","unused_native_template"
"milex.beh","milex.beh: alter's (dv.net) beh.nato_1 minimum","milex.beh alter's (dv.net) beh.nato_1 minimum","minXAlt","beh.nato_1","dv.net","creation",FALSE,FALSE,FALSE,FALSE,FALSE,",",0,0,"objective",NA,NA,0,0,0,0,"OK",FALSE,"","behavior","Group1",1,1791,"milex.beh|creation|minXAlt|beh.nato_1|dv.net|0|1|NA","unused_native_template"
"milex.beh","milex.beh: alter's (dv.net) beh.nato_1 maximum","milex.beh alter's (dv.net) beh.nato_1 maximum","maxXAlt","beh.nato_1","dv.net","eval",FALSE,FALSE,FALSE,FALSE,FALSE,",",0,0,"objective",NA,NA,0,0,0,0,"OK",FALSE,"","behavior","Group1",1,1792,"milex.beh|eval|maxXAlt|beh.nato_1|dv.net|0|1|NA","unused_native_template"
"milex.beh","milex.beh: alter's (dv.net) beh.nato_1 maximum","milex.beh alter's (dv.net) beh.nato_1 maximum","maxXAlt","beh.nato_1","dv.net","endow",FALSE,FALSE,FALSE,FALSE,FALSE,",",0,0,"objective",NA,NA,0,0,0,0,"OK",FALSE,"","behavior","Group1",1,1793,"milex.beh|endow|maxXAlt|beh.nato_1|dv.net|0|1|NA","unused_native_template"
"milex.beh","milex.beh: alter's (dv.net) beh.nato_1 maximum","milex.beh alter's (dv.net) beh.nato_1 maximum","maxXAlt","beh.nato_1","dv.net","creation",FALSE,FALSE,FALSE,FALSE,FALSE,",",0,0,"objective",NA,NA,0,0,0,0,"OK",FALSE,"","behavior","Group1",1,1794,"milex.beh|creation|maxXAlt|beh.nato_1|dv.net|0|1|NA","unused_native_template"
"milex.beh","milex.beh: alter's (dv.net) beh.nato_1 total","milex.beh alter's (dv.net) beh.nato_1 total","totXAlt","beh.nato_1","dv.net","eval",FALSE,FALSE,FALSE,FALSE,FALSE,",",0,0,"objective",NA,NA,0,0,0,0,"OK",FALSE,"","behavior","Group1",1,1795,"milex.beh|eval|totXAlt|beh.nato_1|dv.net|0|1|NA","unused_native_template"
"milex.beh","milex.beh: alter's (dv.net) beh.nato_1 total","milex.beh alter's (dv.net) beh.nato_1 total","totXAlt","beh.nato_1","dv.net","endow",FALSE,FALSE,FALSE,FALSE,FALSE,",",0,0,"objective",NA,NA,0,0,0,0,"OK",FALSE,"","behavior","Group1",1,1796,"milex.beh|endow|totXAlt|beh.nato_1|dv.net|0|1|NA","unused_native_template"
"milex.beh","milex.beh: alter's (dv.net) beh.nato_1 total","milex.beh alter's (dv.net) beh.nato_1 total","totXAlt","beh.nato_1","dv.net","creation",FALSE,FALSE,FALSE,FALSE,FALSE,",",0,0,"objective",NA,NA,0,0,0,0,"OK",FALSE,"","behavior","Group1",1,1797,"milex.beh|creation|totXAlt|beh.nato_1|dv.net|0|1|NA","unused_native_template"
"milex.beh","milex.beh: in-alter's (dv.net) beh.nato_1 aver.","milex.beh in-alter's (dv.net) beh.nato_1 aver.","avXInAlt","beh.nato_1","dv.net","eval",FALSE,FALSE,FALSE,FALSE,FALSE,",",0,0,"objective",NA,NA,0,0,0,0,"OK",FALSE,"","behavior","Group1",1,1798,"milex.beh|eval|avXInAlt|beh.nato_1|dv.net|0|1|NA","unused_native_template"
"milex.beh","milex.beh: in-alter's (dv.net) beh.nato_1 aver.","milex.beh in-alter's (dv.net) beh.nato_1 aver.","avXInAlt","beh.nato_1","dv.net","endow",FALSE,FALSE,FALSE,FALSE,FALSE,",",0,0,"objective",NA,NA,0,0,0,0,"OK",FALSE,"","behavior","Group1",1,1799,"milex.beh|endow|avXInAlt|beh.nato_1|dv.net|0|1|NA","unused_native_template"
"milex.beh","milex.beh: in-alter's (dv.net) beh.nato_1 aver.","milex.beh in-alter's (dv.net) beh.nato_1 aver.","avXInAlt","beh.nato_1","dv.net","creation",FALSE,FALSE,FALSE,FALSE,FALSE,",",0,0,"objective",NA,NA,0,0,0,0,"OK",FALSE,"","behavior","Group1",1,1800,"milex.beh|creation|avXInAlt|beh.nato_1|dv.net|0|1|NA","unused_native_template"
"milex.beh","milex.beh: in-alter's (dv.net) beh.nato_1 total","milex.beh in-alter's (dv.net) beh.nato_1 total","totXInAlt","beh.nato_1","dv.net","eval",FALSE,FALSE,FALSE,FALSE,FALSE,",",0,0,"objective",NA,NA,0,0,0,0,"OK",FALSE,"","behavior","Group1",1,1801,"milex.beh|eval|totXInAlt|beh.nato_1|dv.net|0|1|NA","unused_native_template"
"milex.beh","milex.beh: in-alter's (dv.net) beh.nato_1 total","milex.beh in-alter's (dv.net) beh.nato_1 total","totXInAlt","beh.nato_1","dv.net","endow",FALSE,FALSE,FALSE,FALSE,FALSE,",",0,0,"objective",NA,NA,0,0,0,0,"OK",FALSE,"","behavior","Group1",1,1802,"milex.beh|endow|totXInAlt|beh.nato_1|dv.net|0|1|NA","unused_native_template"
"milex.beh","milex.beh: in-alter's (dv.net) beh.nato_1 total","milex.beh in-alter's (dv.net) beh.nato_1 total","totXInAlt","beh.nato_1","dv.net","creation",FALSE,FALSE,FALSE,FALSE,FALSE,",",0,0,"objective",NA,NA,0,0,0,0,"OK",FALSE,"","behavior","Group1",1,1803,"milex.beh|creation|totXInAlt|beh.nato_1|dv.net|0|1|NA","unused_native_template"
"milex.beh","milex.beh: dist. 2 alter's (dv.net) beh.nato_1 av.","milex.beh dist. 2 alter's (dv.net) beh.nato_1 av.","avXAltDist2","beh.nato_1","dv.net","eval",FALSE,FALSE,FALSE,FALSE,FALSE,",",0,0,"objective",NA,NA,0,0,0,0,"OK",FALSE,"","behavior","Group1",1,1804,"milex.beh|eval|avXAltDist2|beh.nato_1|dv.net|0|1|NA","unused_native_template"
"milex.beh","milex.beh: dist. 2 alter's (dv.net) beh.nato_1 tot.","milex.beh dist. 2 alter's (dv.net) beh.nato_1 tot.","totXAltDist2","beh.nato_1","dv.net","eval",FALSE,FALSE,FALSE,FALSE,FALSE,",",0,0,"objective",NA,NA,0,0,0,0,"OK",FALSE,"","behavior","Group1",1,1805,"milex.beh|eval|totXAltDist2|beh.nato_1|dv.net|0|1|NA","unused_native_template"
"milex.beh","milex.beh: dist. 2 av. alter's (dv.net) beh.nato_1 tot.","milex.beh av. dist. 2 alter's (dv.net) beh.nato_1 tot.","avTXAltDist2","beh.nato_1","dv.net","eval",FALSE,FALSE,FALSE,FALSE,FALSE,",",0,0,"objective",NA,NA,0,0,0,0,"OK",FALSE,"","behavior","Group1",1,1806,"milex.beh|eval|avTXAltDist2|beh.nato_1|dv.net|0|1|NA","unused_native_template"
"milex.beh","milex.beh: dist. 2 tot. alter's (dv.net) beh.nato_1 av.","milex.beh tot. dist. 2 alter's (dv.net) beh.nato_1 av.","totAXAltDist2","beh.nato_1","dv.net","eval",FALSE,FALSE,FALSE,FALSE,FALSE,",",0,0,"objective",NA,NA,0,0,0,0,"OK",FALSE,"","behavior","Group1",1,1807,"milex.beh|eval|totAXAltDist2|beh.nato_1|dv.net|0|1|NA","unused_native_template"
"milex.beh","milex.beh: alts (dv.net) dist-2 incom. beh.nato_1 av.","milex.beh: incom.av. beh.nato_1 (dv.net)alt. dist. 2","avXInAltDist2","beh.nato_1","dv.net","eval",FALSE,FALSE,FALSE,FALSE,FALSE,",",0,0,"objective",NA,NA,0,0,0,0,"OK",FALSE,"","behavior","Group1",1,1808,"milex.beh|eval|avXInAltDist2|beh.nato_1|dv.net|0|1|NA","unused_native_template"
"milex.beh","milex.beh: alts (dv.net) dist-2 incom. beh.nato_1 tot.","milex.beh: incom.tot. beh.nato_1 (dv.net)alt. dist. 2","totXInAltDist2","beh.nato_1","dv.net","eval",FALSE,FALSE,FALSE,FALSE,FALSE,",",0,0,"objective",NA,NA,0,0,0,0,"OK",FALSE,"","behavior","Group1",1,1809,"milex.beh|eval|totXInAltDist2|beh.nato_1|dv.net|0|1|NA","unused_native_template"
"milex.beh","milex.beh: av. tot. incoming beh.nato_1 alts (dv.net) dist-2","milex.beh: incom.av. (dv.net)alt. beh.nato_1 tot. dist. 2","avTXInAltDist2","beh.nato_1","dv.net","eval",FALSE,FALSE,FALSE,FALSE,FALSE,",",0,0,"objective",NA,NA,0,0,0,0,"OK",FALSE,"","behavior","Group1",1,1810,"milex.beh|eval|avTXInAltDist2|beh.nato_1|dv.net|0|1|NA","unused_native_template"
"milex.beh","milex.beh: tot. av. incoming beh.nato_1 alts (dv.net) dist-2","milex.beh: incom.tot. (dv.net)alt. beh.nato_1 av. dist. 2","totAXInAltDist2","beh.nato_1","dv.net","eval",FALSE,FALSE,FALSE,FALSE,FALSE,",",0,0,"objective",NA,NA,0,0,0,0,"OK",FALSE,"","behavior","Group1",1,1811,"milex.beh|eval|totAXInAltDist2|beh.nato_1|dv.net|0|1|NA","unused_native_template"
"milex.beh","milex.beh: abs. contrast outd. (dv.net) - beh.nato_1","sum milex.beh * abs.outd. (dv.net) - beh.nato_1","degAbsContrX","beh.nato_1","dv.net","eval",FALSE,FALSE,FALSE,FALSE,FALSE,",",0,0,"objective",NA,NA,0,0,0,0,"OK",FALSE,"","behavior","Group1",1,1812,"milex.beh|eval|degAbsContrX|beh.nato_1|dv.net|0|1|NA","unused_native_template"
"milex.beh","milex.beh: abs. contrast outd. (dv.net) - beh.nato_1","sum milex.beh * abs.outd. (dv.net) - beh.nato_1","degAbsContrX","beh.nato_1","dv.net","endow",FALSE,FALSE,FALSE,FALSE,FALSE,",",0,0,"objective",NA,NA,0,0,0,0,"OK",FALSE,"","behavior","Group1",1,1813,"milex.beh|endow|degAbsContrX|beh.nato_1|dv.net|0|1|NA","unused_native_template"
"milex.beh","milex.beh: abs. contrast outd. (dv.net) - beh.nato_1","sum milex.beh * abs.outd. (dv.net) - beh.nato_1","degAbsContrX","beh.nato_1","dv.net","creation",FALSE,FALSE,FALSE,FALSE,FALSE,",",0,0,"objective",NA,NA,0,0,0,0,"OK",FALSE,"","behavior","Group1",1,1814,"milex.beh|creation|degAbsContrX|beh.nato_1|dv.net|0|1|NA","unused_native_template"
"milex.beh","milex.beh: pos. contrast outd. (dv.net) - beh.nato_1","sum milex.beh * abs.outd. (dv.net) - beh.nato_1","degPosContrX","beh.nato_1","dv.net","eval",FALSE,FALSE,FALSE,FALSE,FALSE,",",0,0,"objective",NA,NA,0,0,0,0,"OK",FALSE,"","behavior","Group1",1,1815,"milex.beh|eval|degPosContrX|beh.nato_1|dv.net|0|1|NA","unused_native_template"
"milex.beh","milex.beh: pos. contrast outd. (dv.net) - beh.nato_1","sum milex.beh * abs.outd. (dv.net) - beh.nato_1","degPosContrX","beh.nato_1","dv.net","endow",FALSE,FALSE,FALSE,FALSE,FALSE,",",0,0,"objective",NA,NA,0,0,0,0,"OK",FALSE,"","behavior","Group1",1,1816,"milex.beh|endow|degPosContrX|beh.nato_1|dv.net|0|1|NA","unused_native_template"
"milex.beh","milex.beh: pos. contrast outd. (dv.net) - beh.nato_1","sum milex.beh * abs.outd. (dv.net) - beh.nato_1","degPosContrX","beh.nato_1","dv.net","creation",FALSE,FALSE,FALSE,FALSE,FALSE,",",0,0,"objective",NA,NA,0,0,0,0,"OK",FALSE,"","behavior","Group1",1,1817,"milex.beh|creation|degPosContrX|beh.nato_1|dv.net|0|1|NA","unused_native_template"
"milex.beh","milex.beh: neg. contrast outd. (dv.net) - beh.nato_1","sum milex.beh * abs.outd. (dv.net) - beh.nato_1","degNegContrX","beh.nato_1","dv.net","eval",FALSE,FALSE,FALSE,FALSE,FALSE,",",0,0,"objective",NA,NA,0,0,0,0,"OK",FALSE,"","behavior","Group1",1,1818,"milex.beh|eval|degNegContrX|beh.nato_1|dv.net|0|1|NA","unused_native_template"
"milex.beh","milex.beh: neg. contrast outd. (dv.net) - beh.nato_1","sum milex.beh * abs.outd. (dv.net) - beh.nato_1","degNegContrX","beh.nato_1","dv.net","endow",FALSE,FALSE,FALSE,FALSE,FALSE,",",0,0,"objective",NA,NA,0,0,0,0,"OK",FALSE,"","behavior","Group1",1,1819,"milex.beh|endow|degNegContrX|beh.nato_1|dv.net|0|1|NA","unused_native_template"
"milex.beh","milex.beh: neg. contrast outd. (dv.net) - beh.nato_1","sum milex.beh * abs.outd. (dv.net) - beh.nato_1","degNegContrX","beh.nato_1","dv.net","creation",FALSE,FALSE,FALSE,FALSE,FALSE,",",0,0,"objective",NA,NA,0,0,0,0,"OK",FALSE,"","behavior","Group1",1,1820,"milex.beh|creation|degNegContrX|beh.nato_1|dv.net|0|1|NA","unused_native_template"
"milex.beh","milex.beh: av. sim. (dv.net) x ego's beh.nato_1","milex.beh av. sim. (dv.net) x ego's beh.nato_1","avSimEgoX","beh.nato_1","dv.net","eval",FALSE,FALSE,FALSE,FALSE,FALSE,",",0,0,"objective",NA,NA,0,0,0,0,"",FALSE,"","behavior","Group1",1,1821,"milex.beh|eval|avSimEgoX|beh.nato_1|dv.net|0|1|NA","unused_native_template"
"milex.beh","milex.beh: av. sim. (dv.net) x ego's beh.nato_1","milex.beh av. sim. (dv.net) x ego's beh.nato_1","avSimEgoX","beh.nato_1","dv.net","endow",FALSE,FALSE,FALSE,FALSE,FALSE,",",0,0,"objective",NA,NA,0,0,0,0,"",FALSE,"","behavior","Group1",1,1822,"milex.beh|endow|avSimEgoX|beh.nato_1|dv.net|0|1|NA","unused_native_template"
"milex.beh","milex.beh: av. sim. (dv.net) x ego's beh.nato_1","milex.beh av. sim. (dv.net) x ego's beh.nato_1","avSimEgoX","beh.nato_1","dv.net","creation",FALSE,FALSE,FALSE,FALSE,FALSE,",",0,0,"objective",NA,NA,0,0,0,0,"",FALSE,"","behavior","Group1",1,1823,"milex.beh|creation|avSimEgoX|beh.nato_1|dv.net|0|1|NA","unused_native_template"
"milex.beh","milex.beh: tot. sim. (dv.net) x ego's beh.nato_1","milex.beh tot. sim. (dv.net) x ego's beh.nato_1","totSimEgoX","beh.nato_1","dv.net","eval",FALSE,FALSE,FALSE,FALSE,FALSE,",",0,0,"objective",NA,NA,0,0,0,0,"",FALSE,"","behavior","Group1",1,1824,"milex.beh|eval|totSimEgoX|beh.nato_1|dv.net|0|1|NA","unused_native_template"
"milex.beh","milex.beh: tot. sim. (dv.net) x ego's beh.nato_1","milex.beh tot. sim. (dv.net) x ego's beh.nato_1","totSimEgoX","beh.nato_1","dv.net","endow",FALSE,FALSE,FALSE,FALSE,FALSE,",",0,0,"objective",NA,NA,0,0,0,0,"",FALSE,"","behavior","Group1",1,1825,"milex.beh|endow|totSimEgoX|beh.nato_1|dv.net|0|1|NA","unused_native_template"
"milex.beh","milex.beh: tot. sim. (dv.net) x ego's beh.nato_1","milex.beh tot. sim. (dv.net) x ego's beh.nato_1","totSimEgoX","beh.nato_1","dv.net","creation",FALSE,FALSE,FALSE,FALSE,FALSE,",",0,0,"objective",NA,NA,0,0,0,0,"",FALSE,"","behavior","Group1",1,1826,"milex.beh|creation|totSimEgoX|beh.nato_1|dv.net|0|1|NA","unused_native_template"
"milex.beh","milex.beh: av. alters (dv.net) x ego's beh.nato_1","milex.beh av. alters (dv.net) x ego's beh.nato_1 ","avAltEgoX","beh.nato_1","dv.net","eval",FALSE,FALSE,FALSE,FALSE,FALSE,",",0,0,"objective",NA,NA,0,0,0,0,"",FALSE,"","behavior","Group1",1,1827,"milex.beh|eval|avAltEgoX|beh.nato_1|dv.net|0|1|NA","unused_native_template"
"milex.beh","milex.beh: av. alters (dv.net) x ego's beh.nato_1","milex.beh av. alters (dv.net) x ego's beh.nato_1 ","avAltEgoX","beh.nato_1","dv.net","endow",FALSE,FALSE,FALSE,FALSE,FALSE,",",0,0,"objective",NA,NA,0,0,0,0,"",FALSE,"","behavior","Group1",1,1828,"milex.beh|endow|avAltEgoX|beh.nato_1|dv.net|0|1|NA","unused_native_template"
"milex.beh","milex.beh: av. alters (dv.net) x ego's beh.nato_1","milex.beh av. alters (dv.net) x ego's beh.nato_1 ","avAltEgoX","beh.nato_1","dv.net","creation",FALSE,FALSE,FALSE,FALSE,FALSE,",",0,0,"objective",NA,NA,0,0,0,0,"",FALSE,"","behavior","Group1",1,1829,"milex.beh|creation|avAltEgoX|beh.nato_1|dv.net|0|1|NA","unused_native_template"
"milex.beh","milex.beh: tot. alt's (dv.net) x ego's beh.nato_1","milex.beh tot. alt's (dv.net) x ego's beh.nato_1","totAltEgoX","beh.nato_1","dv.net","eval",FALSE,FALSE,FALSE,FALSE,FALSE,",",0,0,"objective",NA,NA,0,0,0,0,"",FALSE,"","behavior","Group1",1,1830,"milex.beh|eval|totAltEgoX|beh.nato_1|dv.net|0|1|NA","unused_native_template"
"milex.beh","milex.beh: tot. alt's (dv.net) x ego's beh.nato_1","milex.beh tot. alt's (dv.net) x ego's beh.nato_1","totAltEgoX","beh.nato_1","dv.net","endow",FALSE,FALSE,FALSE,FALSE,FALSE,",",0,0,"objective",NA,NA,0,0,0,0,"",FALSE,"","behavior","Group1",1,1831,"milex.beh|endow|totAltEgoX|beh.nato_1|dv.net|0|1|NA","unused_native_template"
"milex.beh","milex.beh: tot. alt's (dv.net) x ego's beh.nato_1","milex.beh tot. alt's (dv.net) x ego's beh.nato_1","totAltEgoX","beh.nato_1","dv.net","creation",FALSE,FALSE,FALSE,FALSE,FALSE,",",0,0,"objective",NA,NA,0,0,0,0,"",FALSE,"","behavior","Group1",1,1832,"milex.beh|creation|totAltEgoX|beh.nato_1|dv.net|0|1|NA","unused_native_template"
"milex.beh","milex.beh: effect from beh.allies_1","milex.beh x beh.allies_1","effFrom","beh.allies_1","","eval",FALSE,TRUE,FALSE,FALSE,FALSE,",",0,0,"objective",NA,NA,0,0,0,0,"OK",FALSE,"","behavior","Group1",1,1833,"milex.beh|eval|effFrom|beh.allies_1||0|1|NA","original_control_or_spending"
"milex.beh","milex.beh: effect from beh.allies_1","milex.beh x beh.allies_1","effFrom","beh.allies_1","","endow",FALSE,FALSE,FALSE,FALSE,FALSE,",",0,0,"objective",NA,NA,0,0,0,0,"OK",FALSE,"","behavior","Group1",1,1834,"milex.beh|endow|effFrom|beh.allies_1||0|1|NA","unused_native_template"
"milex.beh","milex.beh: effect from beh.allies_1","milex.beh x beh.allies_1","effFrom","beh.allies_1","","creation",FALSE,FALSE,FALSE,FALSE,FALSE,",",0,0,"objective",NA,NA,0,0,0,0,"OK",FALSE,"","behavior","Group1",1,1835,"milex.beh|creation|effFrom|beh.allies_1||0|1|NA","unused_native_template"
"milex.beh","milex.beh: tot. sim. (dv.net) x alter's beh.allies_1","milex.beh tot. sim. (dv.net) x alter's beh.allies_1","totSimAltX","beh.allies_1","dv.net","eval",FALSE,FALSE,FALSE,FALSE,FALSE,",",0,0,"objective",NA,NA,0,0,0,0,"OK",FALSE,"","behavior","Group1",1,1836,"milex.beh|eval|totSimAltX|beh.allies_1|dv.net|0|1|NA","unused_native_template"
"milex.beh","milex.beh: tot. sim. (dv.net) x alter's beh.allies_1","milex.beh tot. sim. (dv.net) x alter's beh.allies_1","totSimAltX","beh.allies_1","dv.net","endow",FALSE,FALSE,FALSE,FALSE,FALSE,",",0,0,"objective",NA,NA,0,0,0,0,"OK",FALSE,"","behavior","Group1",1,1837,"milex.beh|endow|totSimAltX|beh.allies_1|dv.net|0|1|NA","unused_native_template"
"milex.beh","milex.beh: tot. sim. (dv.net) x alter's beh.allies_1","milex.beh tot. sim. (dv.net) x alter's beh.allies_1","totSimAltX","beh.allies_1","dv.net","creation",FALSE,FALSE,FALSE,FALSE,FALSE,",",0,0,"objective",NA,NA,0,0,0,0,"OK",FALSE,"","behavior","Group1",1,1838,"milex.beh|creation|totSimAltX|beh.allies_1|dv.net|0|1|NA","unused_native_template"
"milex.beh","milex.beh: av. sim. (dv.net) x alter's beh.allies_1","milex.beh av. sim. (dv.net) x alter's beh.allies_1","avSimAltX","beh.allies_1","dv.net","eval",FALSE,FALSE,FALSE,FALSE,FALSE,",",0,0,"objective",NA,NA,0,0,0,0,"OK",FALSE,"","behavior","Group1",1,1839,"milex.beh|eval|avSimAltX|beh.allies_1|dv.net|0|1|NA","unused_native_template"
"milex.beh","milex.beh: av. sim. (dv.net) x alter's beh.allies_1","milex.beh av. sim. (dv.net) x alter's beh.allies_1","avSimAltX","beh.allies_1","dv.net","endow",FALSE,FALSE,FALSE,FALSE,FALSE,",",0,0,"objective",NA,NA,0,0,0,0,"OK",FALSE,"","behavior","Group1",1,1840,"milex.beh|endow|avSimAltX|beh.allies_1|dv.net|0|1|NA","unused_native_template"
"milex.beh","milex.beh: av. sim. (dv.net) x alter's beh.allies_1","milex.beh av. sim. (dv.net) x alter's beh.allies_1","avSimAltX","beh.allies_1","dv.net","creation",FALSE,FALSE,FALSE,FALSE,FALSE,",",0,0,"objective",NA,NA,0,0,0,0,"OK",FALSE,"","behavior","Group1",1,1841,"milex.beh|creation|avSimAltX|beh.allies_1|dv.net|0|1|NA","unused_native_template"
"milex.beh","milex.beh: av. alters (dv.net) x alter's beh.allies_1","milex.beh av. alters (dv.net) x alter's beh.allies_1","avAltAltX","beh.allies_1","dv.net","eval",FALSE,FALSE,FALSE,FALSE,FALSE,",",0,0,"objective",NA,NA,0,0,0,0,"OK",FALSE,"","behavior","Group1",1,1842,"milex.beh|eval|avAltAltX|beh.allies_1|dv.net|0|1|NA","unused_native_template"
"milex.beh","milex.beh: av. alters (dv.net) x alter's beh.allies_1","milex.beh av. alters (dv.net) x alter's beh.allies_1","avAltAltX","beh.allies_1","dv.net","endow",FALSE,FALSE,FALSE,FALSE,FALSE,",",0,0,"objective",NA,NA,0,0,0,0,"OK",FALSE,"","behavior","Group1",1,1843,"milex.beh|endow|avAltAltX|beh.allies_1|dv.net|0|1|NA","unused_native_template"
"milex.beh","milex.beh: av. alters (dv.net) x alter's beh.allies_1","milex.beh av. alters (dv.net) x alter's beh.allies_1","avAltAltX","beh.allies_1","dv.net","creation",FALSE,FALSE,FALSE,FALSE,FALSE,",",0,0,"objective",NA,NA,0,0,0,0,"OK",FALSE,"","behavior","Group1",1,1844,"milex.beh|creation|avAltAltX|beh.allies_1|dv.net|0|1|NA","unused_native_template"
"milex.beh","milex.beh: alter's (dv.net) beh.allies_1 average","milex.beh alter's (dv.net) beh.allies_1 average","avXAlt","beh.allies_1","dv.net","eval",FALSE,FALSE,FALSE,FALSE,FALSE,",",0,0,"objective",NA,NA,0,0,0,0,"OK",FALSE,"","behavior","Group1",1,1845,"milex.beh|eval|avXAlt|beh.allies_1|dv.net|0|1|NA","unused_native_template"
"milex.beh","milex.beh: alter's (dv.net) beh.allies_1 average","milex.beh alter's (dv.net) beh.allies_1 average","avXAlt","beh.allies_1","dv.net","endow",FALSE,FALSE,FALSE,FALSE,FALSE,",",0,0,"objective",NA,NA,0,0,0,0,"OK",FALSE,"","behavior","Group1",1,1846,"milex.beh|endow|avXAlt|beh.allies_1|dv.net|0|1|NA","unused_native_template"
"milex.beh","milex.beh: alter's (dv.net) beh.allies_1 average","milex.beh alter's (dv.net) beh.allies_1 average","avXAlt","beh.allies_1","dv.net","creation",FALSE,FALSE,FALSE,FALSE,FALSE,",",0,0,"objective",NA,NA,0,0,0,0,"OK",FALSE,"","behavior","Group1",1,1847,"milex.beh|creation|avXAlt|beh.allies_1|dv.net|0|1|NA","unused_native_template"
"milex.beh","milex.beh: alter's (dv.net) beh.allies_1 minimum","milex.beh alter's (dv.net) beh.allies_1 minimum","minXAlt","beh.allies_1","dv.net","eval",FALSE,FALSE,FALSE,FALSE,FALSE,",",0,0,"objective",NA,NA,0,0,0,0,"OK",FALSE,"","behavior","Group1",1,1848,"milex.beh|eval|minXAlt|beh.allies_1|dv.net|0|1|NA","unused_native_template"
"milex.beh","milex.beh: alter's (dv.net) beh.allies_1 minimum","milex.beh alter's (dv.net) beh.allies_1 minimum","minXAlt","beh.allies_1","dv.net","endow",FALSE,FALSE,FALSE,FALSE,FALSE,",",0,0,"objective",NA,NA,0,0,0,0,"OK",FALSE,"","behavior","Group1",1,1849,"milex.beh|endow|minXAlt|beh.allies_1|dv.net|0|1|NA","unused_native_template"
"milex.beh","milex.beh: alter's (dv.net) beh.allies_1 minimum","milex.beh alter's (dv.net) beh.allies_1 minimum","minXAlt","beh.allies_1","dv.net","creation",FALSE,FALSE,FALSE,FALSE,FALSE,",",0,0,"objective",NA,NA,0,0,0,0,"OK",FALSE,"","behavior","Group1",1,1850,"milex.beh|creation|minXAlt|beh.allies_1|dv.net|0|1|NA","unused_native_template"
"milex.beh","milex.beh: alter's (dv.net) beh.allies_1 maximum","milex.beh alter's (dv.net) beh.allies_1 maximum","maxXAlt","beh.allies_1","dv.net","eval",FALSE,FALSE,FALSE,FALSE,FALSE,",",0,0,"objective",NA,NA,0,0,0,0,"OK",FALSE,"","behavior","Group1",1,1851,"milex.beh|eval|maxXAlt|beh.allies_1|dv.net|0|1|NA","unused_native_template"
"milex.beh","milex.beh: alter's (dv.net) beh.allies_1 maximum","milex.beh alter's (dv.net) beh.allies_1 maximum","maxXAlt","beh.allies_1","dv.net","endow",FALSE,FALSE,FALSE,FALSE,FALSE,",",0,0,"objective",NA,NA,0,0,0,0,"OK",FALSE,"","behavior","Group1",1,1852,"milex.beh|endow|maxXAlt|beh.allies_1|dv.net|0|1|NA","unused_native_template"
"milex.beh","milex.beh: alter's (dv.net) beh.allies_1 maximum","milex.beh alter's (dv.net) beh.allies_1 maximum","maxXAlt","beh.allies_1","dv.net","creation",FALSE,FALSE,FALSE,FALSE,FALSE,",",0,0,"objective",NA,NA,0,0,0,0,"OK",FALSE,"","behavior","Group1",1,1853,"milex.beh|creation|maxXAlt|beh.allies_1|dv.net|0|1|NA","unused_native_template"
"milex.beh","milex.beh: alter's (dv.net) beh.allies_1 total","milex.beh alter's (dv.net) beh.allies_1 total","totXAlt","beh.allies_1","dv.net","eval",FALSE,FALSE,FALSE,FALSE,FALSE,",",0,0,"objective",NA,NA,0,0,0,0,"OK",FALSE,"","behavior","Group1",1,1854,"milex.beh|eval|totXAlt|beh.allies_1|dv.net|0|1|NA","unused_native_template"
"milex.beh","milex.beh: alter's (dv.net) beh.allies_1 total","milex.beh alter's (dv.net) beh.allies_1 total","totXAlt","beh.allies_1","dv.net","endow",FALSE,FALSE,FALSE,FALSE,FALSE,",",0,0,"objective",NA,NA,0,0,0,0,"OK",FALSE,"","behavior","Group1",1,1855,"milex.beh|endow|totXAlt|beh.allies_1|dv.net|0|1|NA","unused_native_template"
"milex.beh","milex.beh: alter's (dv.net) beh.allies_1 total","milex.beh alter's (dv.net) beh.allies_1 total","totXAlt","beh.allies_1","dv.net","creation",FALSE,FALSE,FALSE,FALSE,FALSE,",",0,0,"objective",NA,NA,0,0,0,0,"OK",FALSE,"","behavior","Group1",1,1856,"milex.beh|creation|totXAlt|beh.allies_1|dv.net|0|1|NA","unused_native_template"
"milex.beh","milex.beh: in-alter's (dv.net) beh.allies_1 aver.","milex.beh in-alter's (dv.net) beh.allies_1 aver.","avXInAlt","beh.allies_1","dv.net","eval",FALSE,FALSE,FALSE,FALSE,FALSE,",",0,0,"objective",NA,NA,0,0,0,0,"OK",FALSE,"","behavior","Group1",1,1857,"milex.beh|eval|avXInAlt|beh.allies_1|dv.net|0|1|NA","unused_native_template"
"milex.beh","milex.beh: in-alter's (dv.net) beh.allies_1 aver.","milex.beh in-alter's (dv.net) beh.allies_1 aver.","avXInAlt","beh.allies_1","dv.net","endow",FALSE,FALSE,FALSE,FALSE,FALSE,",",0,0,"objective",NA,NA,0,0,0,0,"OK",FALSE,"","behavior","Group1",1,1858,"milex.beh|endow|avXInAlt|beh.allies_1|dv.net|0|1|NA","unused_native_template"
"milex.beh","milex.beh: in-alter's (dv.net) beh.allies_1 aver.","milex.beh in-alter's (dv.net) beh.allies_1 aver.","avXInAlt","beh.allies_1","dv.net","creation",FALSE,FALSE,FALSE,FALSE,FALSE,",",0,0,"objective",NA,NA,0,0,0,0,"OK",FALSE,"","behavior","Group1",1,1859,"milex.beh|creation|avXInAlt|beh.allies_1|dv.net|0|1|NA","unused_native_template"
"milex.beh","milex.beh: in-alter's (dv.net) beh.allies_1 total","milex.beh in-alter's (dv.net) beh.allies_1 total","totXInAlt","beh.allies_1","dv.net","eval",FALSE,FALSE,FALSE,FALSE,FALSE,",",0,0,"objective",NA,NA,0,0,0,0,"OK",FALSE,"","behavior","Group1",1,1860,"milex.beh|eval|totXInAlt|beh.allies_1|dv.net|0|1|NA","unused_native_template"
"milex.beh","milex.beh: in-alter's (dv.net) beh.allies_1 total","milex.beh in-alter's (dv.net) beh.allies_1 total","totXInAlt","beh.allies_1","dv.net","endow",FALSE,FALSE,FALSE,FALSE,FALSE,",",0,0,"objective",NA,NA,0,0,0,0,"OK",FALSE,"","behavior","Group1",1,1861,"milex.beh|endow|totXInAlt|beh.allies_1|dv.net|0|1|NA","unused_native_template"
"milex.beh","milex.beh: in-alter's (dv.net) beh.allies_1 total","milex.beh in-alter's (dv.net) beh.allies_1 total","totXInAlt","beh.allies_1","dv.net","creation",FALSE,FALSE,FALSE,FALSE,FALSE,",",0,0,"objective",NA,NA,0,0,0,0,"OK",FALSE,"","behavior","Group1",1,1862,"milex.beh|creation|totXInAlt|beh.allies_1|dv.net|0|1|NA","unused_native_template"
"milex.beh","milex.beh: dist. 2 alter's (dv.net) beh.allies_1 av.","milex.beh dist. 2 alter's (dv.net) beh.allies_1 av.","avXAltDist2","beh.allies_1","dv.net","eval",FALSE,FALSE,FALSE,FALSE,FALSE,",",0,0,"objective",NA,NA,0,0,0,0,"OK",FALSE,"","behavior","Group1",1,1863,"milex.beh|eval|avXAltDist2|beh.allies_1|dv.net|0|1|NA","unused_native_template"
"milex.beh","milex.beh: dist. 2 alter's (dv.net) beh.allies_1 tot.","milex.beh dist. 2 alter's (dv.net) beh.allies_1 tot.","totXAltDist2","beh.allies_1","dv.net","eval",FALSE,FALSE,FALSE,FALSE,FALSE,",",0,0,"objective",NA,NA,0,0,0,0,"OK",FALSE,"","behavior","Group1",1,1864,"milex.beh|eval|totXAltDist2|beh.allies_1|dv.net|0|1|NA","unused_native_template"
"milex.beh","milex.beh: dist. 2 av. alter's (dv.net) beh.allies_1 tot.","milex.beh av. dist. 2 alter's (dv.net) beh.allies_1 tot.","avTXAltDist2","beh.allies_1","dv.net","eval",FALSE,FALSE,FALSE,FALSE,FALSE,",",0,0,"objective",NA,NA,0,0,0,0,"OK",FALSE,"","behavior","Group1",1,1865,"milex.beh|eval|avTXAltDist2|beh.allies_1|dv.net|0|1|NA","unused_native_template"
"milex.beh","milex.beh: dist. 2 tot. alter's (dv.net) beh.allies_1 av.","milex.beh tot. dist. 2 alter's (dv.net) beh.allies_1 av.","totAXAltDist2","beh.allies_1","dv.net","eval",FALSE,FALSE,FALSE,FALSE,FALSE,",",0,0,"objective",NA,NA,0,0,0,0,"OK",FALSE,"","behavior","Group1",1,1866,"milex.beh|eval|totAXAltDist2|beh.allies_1|dv.net|0|1|NA","unused_native_template"
"milex.beh","milex.beh: alts (dv.net) dist-2 incom. beh.allies_1 av.","milex.beh: incom.av. beh.allies_1 (dv.net)alt. dist. 2","avXInAltDist2","beh.allies_1","dv.net","eval",FALSE,FALSE,FALSE,FALSE,FALSE,",",0,0,"objective",NA,NA,0,0,0,0,"OK",FALSE,"","behavior","Group1",1,1867,"milex.beh|eval|avXInAltDist2|beh.allies_1|dv.net|0|1|NA","unused_native_template"
"milex.beh","milex.beh: alts (dv.net) dist-2 incom. beh.allies_1 tot.","milex.beh: incom.tot. beh.allies_1 (dv.net)alt. dist. 2","totXInAltDist2","beh.allies_1","dv.net","eval",FALSE,FALSE,FALSE,FALSE,FALSE,",",0,0,"objective",NA,NA,0,0,0,0,"OK",FALSE,"","behavior","Group1",1,1868,"milex.beh|eval|totXInAltDist2|beh.allies_1|dv.net|0|1|NA","unused_native_template"
"milex.beh","milex.beh: av. tot. incoming beh.allies_1 alts (dv.net) dist-2","milex.beh: incom.av. (dv.net)alt. beh.allies_1 tot. dist. 2","avTXInAltDist2","beh.allies_1","dv.net","eval",FALSE,FALSE,FALSE,FALSE,FALSE,",",0,0,"objective",NA,NA,0,0,0,0,"OK",FALSE,"","behavior","Group1",1,1869,"milex.beh|eval|avTXInAltDist2|beh.allies_1|dv.net|0|1|NA","unused_native_template"
"milex.beh","milex.beh: tot. av. incoming beh.allies_1 alts (dv.net) dist-2","milex.beh: incom.tot. (dv.net)alt. beh.allies_1 av. dist. 2","totAXInAltDist2","beh.allies_1","dv.net","eval",FALSE,FALSE,FALSE,FALSE,FALSE,",",0,0,"objective",NA,NA,0,0,0,0,"OK",FALSE,"","behavior","Group1",1,1870,"milex.beh|eval|totAXInAltDist2|beh.allies_1|dv.net|0|1|NA","unused_native_template"
"milex.beh","milex.beh: abs. contrast outd. (dv.net) - beh.allies_1","sum milex.beh * abs.outd. (dv.net) - beh.allies_1","degAbsContrX","beh.allies_1","dv.net","eval",FALSE,FALSE,FALSE,FALSE,FALSE,",",0,0,"objective",NA,NA,0,0,0,0,"OK",FALSE,"","behavior","Group1",1,1871,"milex.beh|eval|degAbsContrX|beh.allies_1|dv.net|0|1|NA","unused_native_template"
"milex.beh","milex.beh: abs. contrast outd. (dv.net) - beh.allies_1","sum milex.beh * abs.outd. (dv.net) - beh.allies_1","degAbsContrX","beh.allies_1","dv.net","endow",FALSE,FALSE,FALSE,FALSE,FALSE,",",0,0,"objective",NA,NA,0,0,0,0,"OK",FALSE,"","behavior","Group1",1,1872,"milex.beh|endow|degAbsContrX|beh.allies_1|dv.net|0|1|NA","unused_native_template"
"milex.beh","milex.beh: abs. contrast outd. (dv.net) - beh.allies_1","sum milex.beh * abs.outd. (dv.net) - beh.allies_1","degAbsContrX","beh.allies_1","dv.net","creation",FALSE,FALSE,FALSE,FALSE,FALSE,",",0,0,"objective",NA,NA,0,0,0,0,"OK",FALSE,"","behavior","Group1",1,1873,"milex.beh|creation|degAbsContrX|beh.allies_1|dv.net|0|1|NA","unused_native_template"
"milex.beh","milex.beh: pos. contrast outd. (dv.net) - beh.allies_1","sum milex.beh * abs.outd. (dv.net) - beh.allies_1","degPosContrX","beh.allies_1","dv.net","eval",FALSE,FALSE,FALSE,FALSE,FALSE,",",0,0,"objective",NA,NA,0,0,0,0,"OK",FALSE,"","behavior","Group1",1,1874,"milex.beh|eval|degPosContrX|beh.allies_1|dv.net|0|1|NA","unused_native_template"
"milex.beh","milex.beh: pos. contrast outd. (dv.net) - beh.allies_1","sum milex.beh * abs.outd. (dv.net) - beh.allies_1","degPosContrX","beh.allies_1","dv.net","endow",FALSE,FALSE,FALSE,FALSE,FALSE,",",0,0,"objective",NA,NA,0,0,0,0,"OK",FALSE,"","behavior","Group1",1,1875,"milex.beh|endow|degPosContrX|beh.allies_1|dv.net|0|1|NA","unused_native_template"
"milex.beh","milex.beh: pos. contrast outd. (dv.net) - beh.allies_1","sum milex.beh * abs.outd. (dv.net) - beh.allies_1","degPosContrX","beh.allies_1","dv.net","creation",FALSE,FALSE,FALSE,FALSE,FALSE,",",0,0,"objective",NA,NA,0,0,0,0,"OK",FALSE,"","behavior","Group1",1,1876,"milex.beh|creation|degPosContrX|beh.allies_1|dv.net|0|1|NA","unused_native_template"
"milex.beh","milex.beh: neg. contrast outd. (dv.net) - beh.allies_1","sum milex.beh * abs.outd. (dv.net) - beh.allies_1","degNegContrX","beh.allies_1","dv.net","eval",FALSE,FALSE,FALSE,FALSE,FALSE,",",0,0,"objective",NA,NA,0,0,0,0,"OK",FALSE,"","behavior","Group1",1,1877,"milex.beh|eval|degNegContrX|beh.allies_1|dv.net|0|1|NA","unused_native_template"
"milex.beh","milex.beh: neg. contrast outd. (dv.net) - beh.allies_1","sum milex.beh * abs.outd. (dv.net) - beh.allies_1","degNegContrX","beh.allies_1","dv.net","endow",FALSE,FALSE,FALSE,FALSE,FALSE,",",0,0,"objective",NA,NA,0,0,0,0,"OK",FALSE,"","behavior","Group1",1,1878,"milex.beh|endow|degNegContrX|beh.allies_1|dv.net|0|1|NA","unused_native_template"
"milex.beh","milex.beh: neg. contrast outd. (dv.net) - beh.allies_1","sum milex.beh * abs.outd. (dv.net) - beh.allies_1","degNegContrX","beh.allies_1","dv.net","creation",FALSE,FALSE,FALSE,FALSE,FALSE,",",0,0,"objective",NA,NA,0,0,0,0,"OK",FALSE,"","behavior","Group1",1,1879,"milex.beh|creation|degNegContrX|beh.allies_1|dv.net|0|1|NA","unused_native_template"
"milex.beh","milex.beh: av. sim. (dv.net) x ego's beh.allies_1","milex.beh av. sim. (dv.net) x ego's beh.allies_1","avSimEgoX","beh.allies_1","dv.net","eval",FALSE,FALSE,FALSE,FALSE,FALSE,",",0,0,"objective",NA,NA,0,0,0,0,"",FALSE,"","behavior","Group1",1,1880,"milex.beh|eval|avSimEgoX|beh.allies_1|dv.net|0|1|NA","unused_native_template"
"milex.beh","milex.beh: av. sim. (dv.net) x ego's beh.allies_1","milex.beh av. sim. (dv.net) x ego's beh.allies_1","avSimEgoX","beh.allies_1","dv.net","endow",FALSE,FALSE,FALSE,FALSE,FALSE,",",0,0,"objective",NA,NA,0,0,0,0,"",FALSE,"","behavior","Group1",1,1881,"milex.beh|endow|avSimEgoX|beh.allies_1|dv.net|0|1|NA","unused_native_template"
"milex.beh","milex.beh: av. sim. (dv.net) x ego's beh.allies_1","milex.beh av. sim. (dv.net) x ego's beh.allies_1","avSimEgoX","beh.allies_1","dv.net","creation",FALSE,FALSE,FALSE,FALSE,FALSE,",",0,0,"objective",NA,NA,0,0,0,0,"",FALSE,"","behavior","Group1",1,1882,"milex.beh|creation|avSimEgoX|beh.allies_1|dv.net|0|1|NA","unused_native_template"
"milex.beh","milex.beh: tot. sim. (dv.net) x ego's beh.allies_1","milex.beh tot. sim. (dv.net) x ego's beh.allies_1","totSimEgoX","beh.allies_1","dv.net","eval",FALSE,FALSE,FALSE,FALSE,FALSE,",",0,0,"objective",NA,NA,0,0,0,0,"",FALSE,"","behavior","Group1",1,1883,"milex.beh|eval|totSimEgoX|beh.allies_1|dv.net|0|1|NA","unused_native_template"
"milex.beh","milex.beh: tot. sim. (dv.net) x ego's beh.allies_1","milex.beh tot. sim. (dv.net) x ego's beh.allies_1","totSimEgoX","beh.allies_1","dv.net","endow",FALSE,FALSE,FALSE,FALSE,FALSE,",",0,0,"objective",NA,NA,0,0,0,0,"",FALSE,"","behavior","Group1",1,1884,"milex.beh|endow|totSimEgoX|beh.allies_1|dv.net|0|1|NA","unused_native_template"
"milex.beh","milex.beh: tot. sim. (dv.net) x ego's beh.allies_1","milex.beh tot. sim. (dv.net) x ego's beh.allies_1","totSimEgoX","beh.allies_1","dv.net","creation",FALSE,FALSE,FALSE,FALSE,FALSE,",",0,0,"objective",NA,NA,0,0,0,0,"",FALSE,"","behavior","Group1",1,1885,"milex.beh|creation|totSimEgoX|beh.allies_1|dv.net|0|1|NA","unused_native_template"
"milex.beh","milex.beh: av. alters (dv.net) x ego's beh.allies_1","milex.beh av. alters (dv.net) x ego's beh.allies_1 ","avAltEgoX","beh.allies_1","dv.net","eval",FALSE,FALSE,FALSE,FALSE,FALSE,",",0,0,"objective",NA,NA,0,0,0,0,"",FALSE,"","behavior","Group1",1,1886,"milex.beh|eval|avAltEgoX|beh.allies_1|dv.net|0|1|NA","unused_native_template"
"milex.beh","milex.beh: av. alters (dv.net) x ego's beh.allies_1","milex.beh av. alters (dv.net) x ego's beh.allies_1 ","avAltEgoX","beh.allies_1","dv.net","endow",FALSE,FALSE,FALSE,FALSE,FALSE,",",0,0,"objective",NA,NA,0,0,0,0,"",FALSE,"","behavior","Group1",1,1887,"milex.beh|endow|avAltEgoX|beh.allies_1|dv.net|0|1|NA","unused_native_template"
"milex.beh","milex.beh: av. alters (dv.net) x ego's beh.allies_1","milex.beh av. alters (dv.net) x ego's beh.allies_1 ","avAltEgoX","beh.allies_1","dv.net","creation",FALSE,FALSE,FALSE,FALSE,FALSE,",",0,0,"objective",NA,NA,0,0,0,0,"",FALSE,"","behavior","Group1",1,1888,"milex.beh|creation|avAltEgoX|beh.allies_1|dv.net|0|1|NA","unused_native_template"
"milex.beh","milex.beh: tot. alt's (dv.net) x ego's beh.allies_1","milex.beh tot. alt's (dv.net) x ego's beh.allies_1","totAltEgoX","beh.allies_1","dv.net","eval",FALSE,FALSE,FALSE,FALSE,FALSE,",",0,0,"objective",NA,NA,0,0,0,0,"",FALSE,"","behavior","Group1",1,1889,"milex.beh|eval|totAltEgoX|beh.allies_1|dv.net|0|1|NA","unused_native_template"
"milex.beh","milex.beh: tot. alt's (dv.net) x ego's beh.allies_1","milex.beh tot. alt's (dv.net) x ego's beh.allies_1","totAltEgoX","beh.allies_1","dv.net","endow",FALSE,FALSE,FALSE,FALSE,FALSE,",",0,0,"objective",NA,NA,0,0,0,0,"",FALSE,"","behavior","Group1",1,1890,"milex.beh|endow|totAltEgoX|beh.allies_1|dv.net|0|1|NA","unused_native_template"
"milex.beh","milex.beh: tot. alt's (dv.net) x ego's beh.allies_1","milex.beh tot. alt's (dv.net) x ego's beh.allies_1","totAltEgoX","beh.allies_1","dv.net","creation",FALSE,FALSE,FALSE,FALSE,FALSE,",",0,0,"objective",NA,NA,0,0,0,0,"",FALSE,"","behavior","Group1",1,1891,"milex.beh|creation|totAltEgoX|beh.allies_1|dv.net|0|1|NA","unused_native_template"
"milex.beh","milex.beh: effect from beh.military_1","milex.beh x beh.military_1","effFrom","beh.military_1","","eval",FALSE,TRUE,FALSE,FALSE,FALSE,",",0,0,"objective",NA,NA,0,0,0,0,"OK",FALSE,"","behavior","Group1",1,1892,"milex.beh|eval|effFrom|beh.military_1||0|1|NA","original_control_or_spending"
"milex.beh","milex.beh: effect from beh.military_1","milex.beh x beh.military_1","effFrom","beh.military_1","","endow",FALSE,FALSE,FALSE,FALSE,FALSE,",",0,0,"objective",NA,NA,0,0,0,0,"OK",FALSE,"","behavior","Group1",1,1893,"milex.beh|endow|effFrom|beh.military_1||0|1|NA","unused_native_template"
"milex.beh","milex.beh: effect from beh.military_1","milex.beh x beh.military_1","effFrom","beh.military_1","","creation",FALSE,FALSE,FALSE,FALSE,FALSE,",",0,0,"objective",NA,NA,0,0,0,0,"OK",FALSE,"","behavior","Group1",1,1894,"milex.beh|creation|effFrom|beh.military_1||0|1|NA","unused_native_template"
"milex.beh","milex.beh: tot. sim. (dv.net) x alter's beh.military_1","milex.beh tot. sim. (dv.net) x alter's beh.military_1","totSimAltX","beh.military_1","dv.net","eval",FALSE,FALSE,FALSE,FALSE,FALSE,",",0,0,"objective",NA,NA,0,0,0,0,"OK",FALSE,"","behavior","Group1",1,1895,"milex.beh|eval|totSimAltX|beh.military_1|dv.net|0|1|NA","unused_native_template"
"milex.beh","milex.beh: tot. sim. (dv.net) x alter's beh.military_1","milex.beh tot. sim. (dv.net) x alter's beh.military_1","totSimAltX","beh.military_1","dv.net","endow",FALSE,FALSE,FALSE,FALSE,FALSE,",",0,0,"objective",NA,NA,0,0,0,0,"OK",FALSE,"","behavior","Group1",1,1896,"milex.beh|endow|totSimAltX|beh.military_1|dv.net|0|1|NA","unused_native_template"
"milex.beh","milex.beh: tot. sim. (dv.net) x alter's beh.military_1","milex.beh tot. sim. (dv.net) x alter's beh.military_1","totSimAltX","beh.military_1","dv.net","creation",FALSE,FALSE,FALSE,FALSE,FALSE,",",0,0,"objective",NA,NA,0,0,0,0,"OK",FALSE,"","behavior","Group1",1,1897,"milex.beh|creation|totSimAltX|beh.military_1|dv.net|0|1|NA","unused_native_template"
"milex.beh","milex.beh: av. sim. (dv.net) x alter's beh.military_1","milex.beh av. sim. (dv.net) x alter's beh.military_1","avSimAltX","beh.military_1","dv.net","eval",FALSE,FALSE,FALSE,FALSE,FALSE,",",0,0,"objective",NA,NA,0,0,0,0,"OK",FALSE,"","behavior","Group1",1,1898,"milex.beh|eval|avSimAltX|beh.military_1|dv.net|0|1|NA","unused_native_template"
"milex.beh","milex.beh: av. sim. (dv.net) x alter's beh.military_1","milex.beh av. sim. (dv.net) x alter's beh.military_1","avSimAltX","beh.military_1","dv.net","endow",FALSE,FALSE,FALSE,FALSE,FALSE,",",0,0,"objective",NA,NA,0,0,0,0,"OK",FALSE,"","behavior","Group1",1,1899,"milex.beh|endow|avSimAltX|beh.military_1|dv.net|0|1|NA","unused_native_template"
"milex.beh","milex.beh: av. sim. (dv.net) x alter's beh.military_1","milex.beh av. sim. (dv.net) x alter's beh.military_1","avSimAltX","beh.military_1","dv.net","creation",FALSE,FALSE,FALSE,FALSE,FALSE,",",0,0,"objective",NA,NA,0,0,0,0,"OK",FALSE,"","behavior","Group1",1,1900,"milex.beh|creation|avSimAltX|beh.military_1|dv.net|0|1|NA","unused_native_template"
"milex.beh","milex.beh: av. alters (dv.net) x alter's beh.military_1","milex.beh av. alters (dv.net) x alter's beh.military_1","avAltAltX","beh.military_1","dv.net","eval",FALSE,FALSE,FALSE,FALSE,FALSE,",",0,0,"objective",NA,NA,0,0,0,0,"OK",FALSE,"","behavior","Group1",1,1901,"milex.beh|eval|avAltAltX|beh.military_1|dv.net|0|1|NA","unused_native_template"
"milex.beh","milex.beh: av. alters (dv.net) x alter's beh.military_1","milex.beh av. alters (dv.net) x alter's beh.military_1","avAltAltX","beh.military_1","dv.net","endow",FALSE,FALSE,FALSE,FALSE,FALSE,",",0,0,"objective",NA,NA,0,0,0,0,"OK",FALSE,"","behavior","Group1",1,1902,"milex.beh|endow|avAltAltX|beh.military_1|dv.net|0|1|NA","unused_native_template"
"milex.beh","milex.beh: av. alters (dv.net) x alter's beh.military_1","milex.beh av. alters (dv.net) x alter's beh.military_1","avAltAltX","beh.military_1","dv.net","creation",FALSE,FALSE,FALSE,FALSE,FALSE,",",0,0,"objective",NA,NA,0,0,0,0,"OK",FALSE,"","behavior","Group1",1,1903,"milex.beh|creation|avAltAltX|beh.military_1|dv.net|0|1|NA","unused_native_template"
"milex.beh","milex.beh: alter's (dv.net) beh.military_1 average","milex.beh alter's (dv.net) beh.military_1 average","avXAlt","beh.military_1","dv.net","eval",FALSE,FALSE,FALSE,FALSE,FALSE,",",0,0,"objective",NA,NA,0,0,0,0,"OK",FALSE,"","behavior","Group1",1,1904,"milex.beh|eval|avXAlt|beh.military_1|dv.net|0|1|NA","unused_native_template"
"milex.beh","milex.beh: alter's (dv.net) beh.military_1 average","milex.beh alter's (dv.net) beh.military_1 average","avXAlt","beh.military_1","dv.net","endow",FALSE,FALSE,FALSE,FALSE,FALSE,",",0,0,"objective",NA,NA,0,0,0,0,"OK",FALSE,"","behavior","Group1",1,1905,"milex.beh|endow|avXAlt|beh.military_1|dv.net|0|1|NA","unused_native_template"
"milex.beh","milex.beh: alter's (dv.net) beh.military_1 average","milex.beh alter's (dv.net) beh.military_1 average","avXAlt","beh.military_1","dv.net","creation",FALSE,FALSE,FALSE,FALSE,FALSE,",",0,0,"objective",NA,NA,0,0,0,0,"OK",FALSE,"","behavior","Group1",1,1906,"milex.beh|creation|avXAlt|beh.military_1|dv.net|0|1|NA","unused_native_template"
"milex.beh","milex.beh: alter's (dv.net) beh.military_1 minimum","milex.beh alter's (dv.net) beh.military_1 minimum","minXAlt","beh.military_1","dv.net","eval",FALSE,FALSE,FALSE,FALSE,FALSE,",",0,0,"objective",NA,NA,0,0,0,0,"OK",FALSE,"","behavior","Group1",1,1907,"milex.beh|eval|minXAlt|beh.military_1|dv.net|0|1|NA","unused_native_template"
"milex.beh","milex.beh: alter's (dv.net) beh.military_1 minimum","milex.beh alter's (dv.net) beh.military_1 minimum","minXAlt","beh.military_1","dv.net","endow",FALSE,FALSE,FALSE,FALSE,FALSE,",",0,0,"objective",NA,NA,0,0,0,0,"OK",FALSE,"","behavior","Group1",1,1908,"milex.beh|endow|minXAlt|beh.military_1|dv.net|0|1|NA","unused_native_template"
"milex.beh","milex.beh: alter's (dv.net) beh.military_1 minimum","milex.beh alter's (dv.net) beh.military_1 minimum","minXAlt","beh.military_1","dv.net","creation",FALSE,FALSE,FALSE,FALSE,FALSE,",",0,0,"objective",NA,NA,0,0,0,0,"OK",FALSE,"","behavior","Group1",1,1909,"milex.beh|creation|minXAlt|beh.military_1|dv.net|0|1|NA","unused_native_template"
"milex.beh","milex.beh: alter's (dv.net) beh.military_1 maximum","milex.beh alter's (dv.net) beh.military_1 maximum","maxXAlt","beh.military_1","dv.net","eval",FALSE,FALSE,FALSE,FALSE,FALSE,",",0,0,"objective",NA,NA,0,0,0,0,"OK",FALSE,"","behavior","Group1",1,1910,"milex.beh|eval|maxXAlt|beh.military_1|dv.net|0|1|NA","unused_native_template"
"milex.beh","milex.beh: alter's (dv.net) beh.military_1 maximum","milex.beh alter's (dv.net) beh.military_1 maximum","maxXAlt","beh.military_1","dv.net","endow",FALSE,FALSE,FALSE,FALSE,FALSE,",",0,0,"objective",NA,NA,0,0,0,0,"OK",FALSE,"","behavior","Group1",1,1911,"milex.beh|endow|maxXAlt|beh.military_1|dv.net|0|1|NA","unused_native_template"
"milex.beh","milex.beh: alter's (dv.net) beh.military_1 maximum","milex.beh alter's (dv.net) beh.military_1 maximum","maxXAlt","beh.military_1","dv.net","creation",FALSE,FALSE,FALSE,FALSE,FALSE,",",0,0,"objective",NA,NA,0,0,0,0,"OK",FALSE,"","behavior","Group1",1,1912,"milex.beh|creation|maxXAlt|beh.military_1|dv.net|0|1|NA","unused_native_template"
"milex.beh","milex.beh: alter's (dv.net) beh.military_1 total","milex.beh alter's (dv.net) beh.military_1 total","totXAlt","beh.military_1","dv.net","eval",FALSE,FALSE,FALSE,FALSE,FALSE,",",0,0,"objective",NA,NA,0,0,0,0,"OK",FALSE,"","behavior","Group1",1,1913,"milex.beh|eval|totXAlt|beh.military_1|dv.net|0|1|NA","unused_native_template"
"milex.beh","milex.beh: alter's (dv.net) beh.military_1 total","milex.beh alter's (dv.net) beh.military_1 total","totXAlt","beh.military_1","dv.net","endow",FALSE,FALSE,FALSE,FALSE,FALSE,",",0,0,"objective",NA,NA,0,0,0,0,"OK",FALSE,"","behavior","Group1",1,1914,"milex.beh|endow|totXAlt|beh.military_1|dv.net|0|1|NA","unused_native_template"
"milex.beh","milex.beh: alter's (dv.net) beh.military_1 total","milex.beh alter's (dv.net) beh.military_1 total","totXAlt","beh.military_1","dv.net","creation",FALSE,FALSE,FALSE,FALSE,FALSE,",",0,0,"objective",NA,NA,0,0,0,0,"OK",FALSE,"","behavior","Group1",1,1915,"milex.beh|creation|totXAlt|beh.military_1|dv.net|0|1|NA","unused_native_template"
"milex.beh","milex.beh: in-alter's (dv.net) beh.military_1 aver.","milex.beh in-alter's (dv.net) beh.military_1 aver.","avXInAlt","beh.military_1","dv.net","eval",FALSE,FALSE,FALSE,FALSE,FALSE,",",0,0,"objective",NA,NA,0,0,0,0,"OK",FALSE,"","behavior","Group1",1,1916,"milex.beh|eval|avXInAlt|beh.military_1|dv.net|0|1|NA","unused_native_template"
"milex.beh","milex.beh: in-alter's (dv.net) beh.military_1 aver.","milex.beh in-alter's (dv.net) beh.military_1 aver.","avXInAlt","beh.military_1","dv.net","endow",FALSE,FALSE,FALSE,FALSE,FALSE,",",0,0,"objective",NA,NA,0,0,0,0,"OK",FALSE,"","behavior","Group1",1,1917,"milex.beh|endow|avXInAlt|beh.military_1|dv.net|0|1|NA","unused_native_template"
"milex.beh","milex.beh: in-alter's (dv.net) beh.military_1 aver.","milex.beh in-alter's (dv.net) beh.military_1 aver.","avXInAlt","beh.military_1","dv.net","creation",FALSE,FALSE,FALSE,FALSE,FALSE,",",0,0,"objective",NA,NA,0,0,0,0,"OK",FALSE,"","behavior","Group1",1,1918,"milex.beh|creation|avXInAlt|beh.military_1|dv.net|0|1|NA","unused_native_template"
"milex.beh","milex.beh: in-alter's (dv.net) beh.military_1 total","milex.beh in-alter's (dv.net) beh.military_1 total","totXInAlt","beh.military_1","dv.net","eval",FALSE,FALSE,FALSE,FALSE,FALSE,",",0,0,"objective",NA,NA,0,0,0,0,"OK",FALSE,"","behavior","Group1",1,1919,"milex.beh|eval|totXInAlt|beh.military_1|dv.net|0|1|NA","unused_native_template"
"milex.beh","milex.beh: in-alter's (dv.net) beh.military_1 total","milex.beh in-alter's (dv.net) beh.military_1 total","totXInAlt","beh.military_1","dv.net","endow",FALSE,FALSE,FALSE,FALSE,FALSE,",",0,0,"objective",NA,NA,0,0,0,0,"OK",FALSE,"","behavior","Group1",1,1920,"milex.beh|endow|totXInAlt|beh.military_1|dv.net|0|1|NA","unused_native_template"
"milex.beh","milex.beh: in-alter's (dv.net) beh.military_1 total","milex.beh in-alter's (dv.net) beh.military_1 total","totXInAlt","beh.military_1","dv.net","creation",FALSE,FALSE,FALSE,FALSE,FALSE,",",0,0,"objective",NA,NA,0,0,0,0,"OK",FALSE,"","behavior","Group1",1,1921,"milex.beh|creation|totXInAlt|beh.military_1|dv.net|0|1|NA","unused_native_template"
"milex.beh","milex.beh: dist. 2 alter's (dv.net) beh.military_1 av.","milex.beh dist. 2 alter's (dv.net) beh.military_1 av.","avXAltDist2","beh.military_1","dv.net","eval",FALSE,FALSE,FALSE,FALSE,FALSE,",",0,0,"objective",NA,NA,0,0,0,0,"OK",FALSE,"","behavior","Group1",1,1922,"milex.beh|eval|avXAltDist2|beh.military_1|dv.net|0|1|NA","unused_native_template"
"milex.beh","milex.beh: dist. 2 alter's (dv.net) beh.military_1 tot.","milex.beh dist. 2 alter's (dv.net) beh.military_1 tot.","totXAltDist2","beh.military_1","dv.net","eval",FALSE,FALSE,FALSE,FALSE,FALSE,",",0,0,"objective",NA,NA,0,0,0,0,"OK",FALSE,"","behavior","Group1",1,1923,"milex.beh|eval|totXAltDist2|beh.military_1|dv.net|0|1|NA","unused_native_template"
"milex.beh","milex.beh: dist. 2 av. alter's (dv.net) beh.military_1 tot.","milex.beh av. dist. 2 alter's (dv.net) beh.military_1 tot.","avTXAltDist2","beh.military_1","dv.net","eval",FALSE,FALSE,FALSE,FALSE,FALSE,",",0,0,"objective",NA,NA,0,0,0,0,"OK",FALSE,"","behavior","Group1",1,1924,"milex.beh|eval|avTXAltDist2|beh.military_1|dv.net|0|1|NA","unused_native_template"
"milex.beh","milex.beh: dist. 2 tot. alter's (dv.net) beh.military_1 av.","milex.beh tot. dist. 2 alter's (dv.net) beh.military_1 av.","totAXAltDist2","beh.military_1","dv.net","eval",FALSE,FALSE,FALSE,FALSE,FALSE,",",0,0,"objective",NA,NA,0,0,0,0,"OK",FALSE,"","behavior","Group1",1,1925,"milex.beh|eval|totAXAltDist2|beh.military_1|dv.net|0|1|NA","unused_native_template"
"milex.beh","milex.beh: alts (dv.net) dist-2 incom. beh.military_1 av.","milex.beh: incom.av. beh.military_1 (dv.net)alt. dist. 2","avXInAltDist2","beh.military_1","dv.net","eval",FALSE,FALSE,FALSE,FALSE,FALSE,",",0,0,"objective",NA,NA,0,0,0,0,"OK",FALSE,"","behavior","Group1",1,1926,"milex.beh|eval|avXInAltDist2|beh.military_1|dv.net|0|1|NA","unused_native_template"
"milex.beh","milex.beh: alts (dv.net) dist-2 incom. beh.military_1 tot.","milex.beh: incom.tot. beh.military_1 (dv.net)alt. dist. 2","totXInAltDist2","beh.military_1","dv.net","eval",FALSE,FALSE,FALSE,FALSE,FALSE,",",0,0,"objective",NA,NA,0,0,0,0,"OK",FALSE,"","behavior","Group1",1,1927,"milex.beh|eval|totXInAltDist2|beh.military_1|dv.net|0|1|NA","unused_native_template"
"milex.beh","milex.beh: av. tot. incoming beh.military_1 alts (dv.net) dist-2","milex.beh: incom.av. (dv.net)alt. beh.military_1 tot. dist. 2","avTXInAltDist2","beh.military_1","dv.net","eval",FALSE,FALSE,FALSE,FALSE,FALSE,",",0,0,"objective",NA,NA,0,0,0,0,"OK",FALSE,"","behavior","Group1",1,1928,"milex.beh|eval|avTXInAltDist2|beh.military_1|dv.net|0|1|NA","unused_native_template"
"milex.beh","milex.beh: tot. av. incoming beh.military_1 alts (dv.net) dist-2","milex.beh: incom.tot. (dv.net)alt. beh.military_1 av. dist. 2","totAXInAltDist2","beh.military_1","dv.net","eval",FALSE,FALSE,FALSE,FALSE,FALSE,",",0,0,"objective",NA,NA,0,0,0,0,"OK",FALSE,"","behavior","Group1",1,1929,"milex.beh|eval|totAXInAltDist2|beh.military_1|dv.net|0|1|NA","unused_native_template"
"milex.beh","milex.beh: abs. contrast outd. (dv.net) - beh.military_1","sum milex.beh * abs.outd. (dv.net) - beh.military_1","degAbsContrX","beh.military_1","dv.net","eval",FALSE,FALSE,FALSE,FALSE,FALSE,",",0,0,"objective",NA,NA,0,0,0,0,"OK",FALSE,"","behavior","Group1",1,1930,"milex.beh|eval|degAbsContrX|beh.military_1|dv.net|0|1|NA","unused_native_template"
"milex.beh","milex.beh: abs. contrast outd. (dv.net) - beh.military_1","sum milex.beh * abs.outd. (dv.net) - beh.military_1","degAbsContrX","beh.military_1","dv.net","endow",FALSE,FALSE,FALSE,FALSE,FALSE,",",0,0,"objective",NA,NA,0,0,0,0,"OK",FALSE,"","behavior","Group1",1,1931,"milex.beh|endow|degAbsContrX|beh.military_1|dv.net|0|1|NA","unused_native_template"
"milex.beh","milex.beh: abs. contrast outd. (dv.net) - beh.military_1","sum milex.beh * abs.outd. (dv.net) - beh.military_1","degAbsContrX","beh.military_1","dv.net","creation",FALSE,FALSE,FALSE,FALSE,FALSE,",",0,0,"objective",NA,NA,0,0,0,0,"OK",FALSE,"","behavior","Group1",1,1932,"milex.beh|creation|degAbsContrX|beh.military_1|dv.net|0|1|NA","unused_native_template"
"milex.beh","milex.beh: pos. contrast outd. (dv.net) - beh.military_1","sum milex.beh * abs.outd. (dv.net) - beh.military_1","degPosContrX","beh.military_1","dv.net","eval",FALSE,FALSE,FALSE,FALSE,FALSE,",",0,0,"objective",NA,NA,0,0,0,0,"OK",FALSE,"","behavior","Group1",1,1933,"milex.beh|eval|degPosContrX|beh.military_1|dv.net|0|1|NA","unused_native_template"
"milex.beh","milex.beh: pos. contrast outd. (dv.net) - beh.military_1","sum milex.beh * abs.outd. (dv.net) - beh.military_1","degPosContrX","beh.military_1","dv.net","endow",FALSE,FALSE,FALSE,FALSE,FALSE,",",0,0,"objective",NA,NA,0,0,0,0,"OK",FALSE,"","behavior","Group1",1,1934,"milex.beh|endow|degPosContrX|beh.military_1|dv.net|0|1|NA","unused_native_template"
"milex.beh","milex.beh: pos. contrast outd. (dv.net) - beh.military_1","sum milex.beh * abs.outd. (dv.net) - beh.military_1","degPosContrX","beh.military_1","dv.net","creation",FALSE,FALSE,FALSE,FALSE,FALSE,",",0,0,"objective",NA,NA,0,0,0,0,"OK",FALSE,"","behavior","Group1",1,1935,"milex.beh|creation|degPosContrX|beh.military_1|dv.net|0|1|NA","unused_native_template"
"milex.beh","milex.beh: neg. contrast outd. (dv.net) - beh.military_1","sum milex.beh * abs.outd. (dv.net) - beh.military_1","degNegContrX","beh.military_1","dv.net","eval",FALSE,FALSE,FALSE,FALSE,FALSE,",",0,0,"objective",NA,NA,0,0,0,0,"OK",FALSE,"","behavior","Group1",1,1936,"milex.beh|eval|degNegContrX|beh.military_1|dv.net|0|1|NA","unused_native_template"
"milex.beh","milex.beh: neg. contrast outd. (dv.net) - beh.military_1","sum milex.beh * abs.outd. (dv.net) - beh.military_1","degNegContrX","beh.military_1","dv.net","endow",FALSE,FALSE,FALSE,FALSE,FALSE,",",0,0,"objective",NA,NA,0,0,0,0,"OK",FALSE,"","behavior","Group1",1,1937,"milex.beh|endow|degNegContrX|beh.military_1|dv.net|0|1|NA","unused_native_template"
"milex.beh","milex.beh: neg. contrast outd. (dv.net) - beh.military_1","sum milex.beh * abs.outd. (dv.net) - beh.military_1","degNegContrX","beh.military_1","dv.net","creation",FALSE,FALSE,FALSE,FALSE,FALSE,",",0,0,"objective",NA,NA,0,0,0,0,"OK",FALSE,"","behavior","Group1",1,1938,"milex.beh|creation|degNegContrX|beh.military_1|dv.net|0|1|NA","unused_native_template"
"milex.beh","milex.beh: av. sim. (dv.net) x ego's beh.military_1","milex.beh av. sim. (dv.net) x ego's beh.military_1","avSimEgoX","beh.military_1","dv.net","eval",FALSE,FALSE,FALSE,FALSE,FALSE,",",0,0,"objective",NA,NA,0,0,0,0,"",FALSE,"","behavior","Group1",1,1939,"milex.beh|eval|avSimEgoX|beh.military_1|dv.net|0|1|NA","unused_native_template"
"milex.beh","milex.beh: av. sim. (dv.net) x ego's beh.military_1","milex.beh av. sim. (dv.net) x ego's beh.military_1","avSimEgoX","beh.military_1","dv.net","endow",FALSE,FALSE,FALSE,FALSE,FALSE,",",0,0,"objective",NA,NA,0,0,0,0,"",FALSE,"","behavior","Group1",1,1940,"milex.beh|endow|avSimEgoX|beh.military_1|dv.net|0|1|NA","unused_native_template"
"milex.beh","milex.beh: av. sim. (dv.net) x ego's beh.military_1","milex.beh av. sim. (dv.net) x ego's beh.military_1","avSimEgoX","beh.military_1","dv.net","creation",FALSE,FALSE,FALSE,FALSE,FALSE,",",0,0,"objective",NA,NA,0,0,0,0,"",FALSE,"","behavior","Group1",1,1941,"milex.beh|creation|avSimEgoX|beh.military_1|dv.net|0|1|NA","unused_native_template"
"milex.beh","milex.beh: tot. sim. (dv.net) x ego's beh.military_1","milex.beh tot. sim. (dv.net) x ego's beh.military_1","totSimEgoX","beh.military_1","dv.net","eval",FALSE,FALSE,FALSE,FALSE,FALSE,",",0,0,"objective",NA,NA,0,0,0,0,"",FALSE,"","behavior","Group1",1,1942,"milex.beh|eval|totSimEgoX|beh.military_1|dv.net|0|1|NA","unused_native_template"
"milex.beh","milex.beh: tot. sim. (dv.net) x ego's beh.military_1","milex.beh tot. sim. (dv.net) x ego's beh.military_1","totSimEgoX","beh.military_1","dv.net","endow",FALSE,FALSE,FALSE,FALSE,FALSE,",",0,0,"objective",NA,NA,0,0,0,0,"",FALSE,"","behavior","Group1",1,1943,"milex.beh|endow|totSimEgoX|beh.military_1|dv.net|0|1|NA","unused_native_template"
"milex.beh","milex.beh: tot. sim. (dv.net) x ego's beh.military_1","milex.beh tot. sim. (dv.net) x ego's beh.military_1","totSimEgoX","beh.military_1","dv.net","creation",FALSE,FALSE,FALSE,FALSE,FALSE,",",0,0,"objective",NA,NA,0,0,0,0,"",FALSE,"","behavior","Group1",1,1944,"milex.beh|creation|totSimEgoX|beh.military_1|dv.net|0|1|NA","unused_native_template"
"milex.beh","milex.beh: av. alters (dv.net) x ego's beh.military_1","milex.beh av. alters (dv.net) x ego's beh.military_1 ","avAltEgoX","beh.military_1","dv.net","eval",FALSE,FALSE,FALSE,FALSE,FALSE,",",0,0,"objective",NA,NA,0,0,0,0,"",FALSE,"","behavior","Group1",1,1945,"milex.beh|eval|avAltEgoX|beh.military_1|dv.net|0|1|NA","unused_native_template"
"milex.beh","milex.beh: av. alters (dv.net) x ego's beh.military_1","milex.beh av. alters (dv.net) x ego's beh.military_1 ","avAltEgoX","beh.military_1","dv.net","endow",FALSE,FALSE,FALSE,FALSE,FALSE,",",0,0,"objective",NA,NA,0,0,0,0,"",FALSE,"","behavior","Group1",1,1946,"milex.beh|endow|avAltEgoX|beh.military_1|dv.net|0|1|NA","unused_native_template"
"milex.beh","milex.beh: av. alters (dv.net) x ego's beh.military_1","milex.beh av. alters (dv.net) x ego's beh.military_1 ","avAltEgoX","beh.military_1","dv.net","creation",FALSE,FALSE,FALSE,FALSE,FALSE,",",0,0,"objective",NA,NA,0,0,0,0,"",FALSE,"","behavior","Group1",1,1947,"milex.beh|creation|avAltEgoX|beh.military_1|dv.net|0|1|NA","unused_native_template"
"milex.beh","milex.beh: tot. alt's (dv.net) x ego's beh.military_1","milex.beh tot. alt's (dv.net) x ego's beh.military_1","totAltEgoX","beh.military_1","dv.net","eval",FALSE,FALSE,FALSE,FALSE,FALSE,",",0,0,"objective",NA,NA,0,0,0,0,"",FALSE,"","behavior","Group1",1,1948,"milex.beh|eval|totAltEgoX|beh.military_1|dv.net|0|1|NA","unused_native_template"
"milex.beh","milex.beh: tot. alt's (dv.net) x ego's beh.military_1","milex.beh tot. alt's (dv.net) x ego's beh.military_1","totAltEgoX","beh.military_1","dv.net","endow",FALSE,FALSE,FALSE,FALSE,FALSE,",",0,0,"objective",NA,NA,0,0,0,0,"",FALSE,"","behavior","Group1",1,1949,"milex.beh|endow|totAltEgoX|beh.military_1|dv.net|0|1|NA","unused_native_template"
"milex.beh","milex.beh: tot. alt's (dv.net) x ego's beh.military_1","milex.beh tot. alt's (dv.net) x ego's beh.military_1","totAltEgoX","beh.military_1","dv.net","creation",FALSE,FALSE,FALSE,FALSE,FALSE,",",0,0,"objective",NA,NA,0,0,0,0,"",FALSE,"","behavior","Group1",1,1950,"milex.beh|creation|totAltEgoX|beh.military_1|dv.net|0|1|NA","unused_native_template"
"milex.beh","milex.beh: effect from beh.lnmids_1","milex.beh x beh.lnmids_1","effFrom","beh.lnmids_1","","eval",FALSE,TRUE,FALSE,FALSE,FALSE,",",0,0,"objective",NA,NA,0,0,0,0,"OK",FALSE,"","behavior","Group1",1,1951,"milex.beh|eval|effFrom|beh.lnmids_1||0|1|NA","original_control_or_spending"
"milex.beh","milex.beh: effect from beh.lnmids_1","milex.beh x beh.lnmids_1","effFrom","beh.lnmids_1","","endow",FALSE,FALSE,FALSE,FALSE,FALSE,",",0,0,"objective",NA,NA,0,0,0,0,"OK",FALSE,"","behavior","Group1",1,1952,"milex.beh|endow|effFrom|beh.lnmids_1||0|1|NA","unused_native_template"
"milex.beh","milex.beh: effect from beh.lnmids_1","milex.beh x beh.lnmids_1","effFrom","beh.lnmids_1","","creation",FALSE,FALSE,FALSE,FALSE,FALSE,",",0,0,"objective",NA,NA,0,0,0,0,"OK",FALSE,"","behavior","Group1",1,1953,"milex.beh|creation|effFrom|beh.lnmids_1||0|1|NA","unused_native_template"
"milex.beh","milex.beh: tot. sim. (dv.net) x alter's beh.lnmids_1","milex.beh tot. sim. (dv.net) x alter's beh.lnmids_1","totSimAltX","beh.lnmids_1","dv.net","eval",FALSE,FALSE,FALSE,FALSE,FALSE,",",0,0,"objective",NA,NA,0,0,0,0,"OK",FALSE,"","behavior","Group1",1,1954,"milex.beh|eval|totSimAltX|beh.lnmids_1|dv.net|0|1|NA","unused_native_template"
"milex.beh","milex.beh: tot. sim. (dv.net) x alter's beh.lnmids_1","milex.beh tot. sim. (dv.net) x alter's beh.lnmids_1","totSimAltX","beh.lnmids_1","dv.net","endow",FALSE,FALSE,FALSE,FALSE,FALSE,",",0,0,"objective",NA,NA,0,0,0,0,"OK",FALSE,"","behavior","Group1",1,1955,"milex.beh|endow|totSimAltX|beh.lnmids_1|dv.net|0|1|NA","unused_native_template"
"milex.beh","milex.beh: tot. sim. (dv.net) x alter's beh.lnmids_1","milex.beh tot. sim. (dv.net) x alter's beh.lnmids_1","totSimAltX","beh.lnmids_1","dv.net","creation",FALSE,FALSE,FALSE,FALSE,FALSE,",",0,0,"objective",NA,NA,0,0,0,0,"OK",FALSE,"","behavior","Group1",1,1956,"milex.beh|creation|totSimAltX|beh.lnmids_1|dv.net|0|1|NA","unused_native_template"
"milex.beh","milex.beh: av. sim. (dv.net) x alter's beh.lnmids_1","milex.beh av. sim. (dv.net) x alter's beh.lnmids_1","avSimAltX","beh.lnmids_1","dv.net","eval",FALSE,FALSE,FALSE,FALSE,FALSE,",",0,0,"objective",NA,NA,0,0,0,0,"OK",FALSE,"","behavior","Group1",1,1957,"milex.beh|eval|avSimAltX|beh.lnmids_1|dv.net|0|1|NA","unused_native_template"
"milex.beh","milex.beh: av. sim. (dv.net) x alter's beh.lnmids_1","milex.beh av. sim. (dv.net) x alter's beh.lnmids_1","avSimAltX","beh.lnmids_1","dv.net","endow",FALSE,FALSE,FALSE,FALSE,FALSE,",",0,0,"objective",NA,NA,0,0,0,0,"OK",FALSE,"","behavior","Group1",1,1958,"milex.beh|endow|avSimAltX|beh.lnmids_1|dv.net|0|1|NA","unused_native_template"
"milex.beh","milex.beh: av. sim. (dv.net) x alter's beh.lnmids_1","milex.beh av. sim. (dv.net) x alter's beh.lnmids_1","avSimAltX","beh.lnmids_1","dv.net","creation",FALSE,FALSE,FALSE,FALSE,FALSE,",",0,0,"objective",NA,NA,0,0,0,0,"OK",FALSE,"","behavior","Group1",1,1959,"milex.beh|creation|avSimAltX|beh.lnmids_1|dv.net|0|1|NA","unused_native_template"
"milex.beh","milex.beh: av. alters (dv.net) x alter's beh.lnmids_1","milex.beh av. alters (dv.net) x alter's beh.lnmids_1","avAltAltX","beh.lnmids_1","dv.net","eval",FALSE,FALSE,FALSE,FALSE,FALSE,",",0,0,"objective",NA,NA,0,0,0,0,"OK",FALSE,"","behavior","Group1",1,1960,"milex.beh|eval|avAltAltX|beh.lnmids_1|dv.net|0|1|NA","unused_native_template"
"milex.beh","milex.beh: av. alters (dv.net) x alter's beh.lnmids_1","milex.beh av. alters (dv.net) x alter's beh.lnmids_1","avAltAltX","beh.lnmids_1","dv.net","endow",FALSE,FALSE,FALSE,FALSE,FALSE,",",0,0,"objective",NA,NA,0,0,0,0,"OK",FALSE,"","behavior","Group1",1,1961,"milex.beh|endow|avAltAltX|beh.lnmids_1|dv.net|0|1|NA","unused_native_template"
"milex.beh","milex.beh: av. alters (dv.net) x alter's beh.lnmids_1","milex.beh av. alters (dv.net) x alter's beh.lnmids_1","avAltAltX","beh.lnmids_1","dv.net","creation",FALSE,FALSE,FALSE,FALSE,FALSE,",",0,0,"objective",NA,NA,0,0,0,0,"OK",FALSE,"","behavior","Group1",1,1962,"milex.beh|creation|avAltAltX|beh.lnmids_1|dv.net|0|1|NA","unused_native_template"
"milex.beh","milex.beh: alter's (dv.net) beh.lnmids_1 average","milex.beh alter's (dv.net) beh.lnmids_1 average","avXAlt","beh.lnmids_1","dv.net","eval",FALSE,FALSE,FALSE,FALSE,FALSE,",",0,0,"objective",NA,NA,0,0,0,0,"OK",FALSE,"","behavior","Group1",1,1963,"milex.beh|eval|avXAlt|beh.lnmids_1|dv.net|0|1|NA","unused_native_template"
"milex.beh","milex.beh: alter's (dv.net) beh.lnmids_1 average","milex.beh alter's (dv.net) beh.lnmids_1 average","avXAlt","beh.lnmids_1","dv.net","endow",FALSE,FALSE,FALSE,FALSE,FALSE,",",0,0,"objective",NA,NA,0,0,0,0,"OK",FALSE,"","behavior","Group1",1,1964,"milex.beh|endow|avXAlt|beh.lnmids_1|dv.net|0|1|NA","unused_native_template"
"milex.beh","milex.beh: alter's (dv.net) beh.lnmids_1 average","milex.beh alter's (dv.net) beh.lnmids_1 average","avXAlt","beh.lnmids_1","dv.net","creation",FALSE,FALSE,FALSE,FALSE,FALSE,",",0,0,"objective",NA,NA,0,0,0,0,"OK",FALSE,"","behavior","Group1",1,1965,"milex.beh|creation|avXAlt|beh.lnmids_1|dv.net|0|1|NA","unused_native_template"
"milex.beh","milex.beh: alter's (dv.net) beh.lnmids_1 minimum","milex.beh alter's (dv.net) beh.lnmids_1 minimum","minXAlt","beh.lnmids_1","dv.net","eval",FALSE,FALSE,FALSE,FALSE,FALSE,",",0,0,"objective",NA,NA,0,0,0,0,"OK",FALSE,"","behavior","Group1",1,1966,"milex.beh|eval|minXAlt|beh.lnmids_1|dv.net|0|1|NA","unused_native_template"
"milex.beh","milex.beh: alter's (dv.net) beh.lnmids_1 minimum","milex.beh alter's (dv.net) beh.lnmids_1 minimum","minXAlt","beh.lnmids_1","dv.net","endow",FALSE,FALSE,FALSE,FALSE,FALSE,",",0,0,"objective",NA,NA,0,0,0,0,"OK",FALSE,"","behavior","Group1",1,1967,"milex.beh|endow|minXAlt|beh.lnmids_1|dv.net|0|1|NA","unused_native_template"
"milex.beh","milex.beh: alter's (dv.net) beh.lnmids_1 minimum","milex.beh alter's (dv.net) beh.lnmids_1 minimum","minXAlt","beh.lnmids_1","dv.net","creation",FALSE,FALSE,FALSE,FALSE,FALSE,",",0,0,"objective",NA,NA,0,0,0,0,"OK",FALSE,"","behavior","Group1",1,1968,"milex.beh|creation|minXAlt|beh.lnmids_1|dv.net|0|1|NA","unused_native_template"
"milex.beh","milex.beh: alter's (dv.net) beh.lnmids_1 maximum","milex.beh alter's (dv.net) beh.lnmids_1 maximum","maxXAlt","beh.lnmids_1","dv.net","eval",FALSE,FALSE,FALSE,FALSE,FALSE,",",0,0,"objective",NA,NA,0,0,0,0,"OK",FALSE,"","behavior","Group1",1,1969,"milex.beh|eval|maxXAlt|beh.lnmids_1|dv.net|0|1|NA","unused_native_template"
"milex.beh","milex.beh: alter's (dv.net) beh.lnmids_1 maximum","milex.beh alter's (dv.net) beh.lnmids_1 maximum","maxXAlt","beh.lnmids_1","dv.net","endow",FALSE,FALSE,FALSE,FALSE,FALSE,",",0,0,"objective",NA,NA,0,0,0,0,"OK",FALSE,"","behavior","Group1",1,1970,"milex.beh|endow|maxXAlt|beh.lnmids_1|dv.net|0|1|NA","unused_native_template"
"milex.beh","milex.beh: alter's (dv.net) beh.lnmids_1 maximum","milex.beh alter's (dv.net) beh.lnmids_1 maximum","maxXAlt","beh.lnmids_1","dv.net","creation",FALSE,FALSE,FALSE,FALSE,FALSE,",",0,0,"objective",NA,NA,0,0,0,0,"OK",FALSE,"","behavior","Group1",1,1971,"milex.beh|creation|maxXAlt|beh.lnmids_1|dv.net|0|1|NA","unused_native_template"
"milex.beh","milex.beh: alter's (dv.net) beh.lnmids_1 total","milex.beh alter's (dv.net) beh.lnmids_1 total","totXAlt","beh.lnmids_1","dv.net","eval",FALSE,FALSE,FALSE,FALSE,FALSE,",",0,0,"objective",NA,NA,0,0,0,0,"OK",FALSE,"","behavior","Group1",1,1972,"milex.beh|eval|totXAlt|beh.lnmids_1|dv.net|0|1|NA","unused_native_template"
"milex.beh","milex.beh: alter's (dv.net) beh.lnmids_1 total","milex.beh alter's (dv.net) beh.lnmids_1 total","totXAlt","beh.lnmids_1","dv.net","endow",FALSE,FALSE,FALSE,FALSE,FALSE,",",0,0,"objective",NA,NA,0,0,0,0,"OK",FALSE,"","behavior","Group1",1,1973,"milex.beh|endow|totXAlt|beh.lnmids_1|dv.net|0|1|NA","unused_native_template"
"milex.beh","milex.beh: alter's (dv.net) beh.lnmids_1 total","milex.beh alter's (dv.net) beh.lnmids_1 total","totXAlt","beh.lnmids_1","dv.net","creation",FALSE,FALSE,FALSE,FALSE,FALSE,",",0,0,"objective",NA,NA,0,0,0,0,"OK",FALSE,"","behavior","Group1",1,1974,"milex.beh|creation|totXAlt|beh.lnmids_1|dv.net|0|1|NA","unused_native_template"
"milex.beh","milex.beh: in-alter's (dv.net) beh.lnmids_1 aver.","milex.beh in-alter's (dv.net) beh.lnmids_1 aver.","avXInAlt","beh.lnmids_1","dv.net","eval",FALSE,FALSE,FALSE,FALSE,FALSE,",",0,0,"objective",NA,NA,0,0,0,0,"OK",FALSE,"","behavior","Group1",1,1975,"milex.beh|eval|avXInAlt|beh.lnmids_1|dv.net|0|1|NA","unused_native_template"
"milex.beh","milex.beh: in-alter's (dv.net) beh.lnmids_1 aver.","milex.beh in-alter's (dv.net) beh.lnmids_1 aver.","avXInAlt","beh.lnmids_1","dv.net","endow",FALSE,FALSE,FALSE,FALSE,FALSE,",",0,0,"objective",NA,NA,0,0,0,0,"OK",FALSE,"","behavior","Group1",1,1976,"milex.beh|endow|avXInAlt|beh.lnmids_1|dv.net|0|1|NA","unused_native_template"
"milex.beh","milex.beh: in-alter's (dv.net) beh.lnmids_1 aver.","milex.beh in-alter's (dv.net) beh.lnmids_1 aver.","avXInAlt","beh.lnmids_1","dv.net","creation",FALSE,FALSE,FALSE,FALSE,FALSE,",",0,0,"objective",NA,NA,0,0,0,0,"OK",FALSE,"","behavior","Group1",1,1977,"milex.beh|creation|avXInAlt|beh.lnmids_1|dv.net|0|1|NA","unused_native_template"
"milex.beh","milex.beh: in-alter's (dv.net) beh.lnmids_1 total","milex.beh in-alter's (dv.net) beh.lnmids_1 total","totXInAlt","beh.lnmids_1","dv.net","eval",FALSE,FALSE,FALSE,FALSE,FALSE,",",0,0,"objective",NA,NA,0,0,0,0,"OK",FALSE,"","behavior","Group1",1,1978,"milex.beh|eval|totXInAlt|beh.lnmids_1|dv.net|0|1|NA","unused_native_template"
"milex.beh","milex.beh: in-alter's (dv.net) beh.lnmids_1 total","milex.beh in-alter's (dv.net) beh.lnmids_1 total","totXInAlt","beh.lnmids_1","dv.net","endow",FALSE,FALSE,FALSE,FALSE,FALSE,",",0,0,"objective",NA,NA,0,0,0,0,"OK",FALSE,"","behavior","Group1",1,1979,"milex.beh|endow|totXInAlt|beh.lnmids_1|dv.net|0|1|NA","unused_native_template"
"milex.beh","milex.beh: in-alter's (dv.net) beh.lnmids_1 total","milex.beh in-alter's (dv.net) beh.lnmids_1 total","totXInAlt","beh.lnmids_1","dv.net","creation",FALSE,FALSE,FALSE,FALSE,FALSE,",",0,0,"objective",NA,NA,0,0,0,0,"OK",FALSE,"","behavior","Group1",1,1980,"milex.beh|creation|totXInAlt|beh.lnmids_1|dv.net|0|1|NA","unused_native_template"
"milex.beh","milex.beh: dist. 2 alter's (dv.net) beh.lnmids_1 av.","milex.beh dist. 2 alter's (dv.net) beh.lnmids_1 av.","avXAltDist2","beh.lnmids_1","dv.net","eval",FALSE,FALSE,FALSE,FALSE,FALSE,",",0,0,"objective",NA,NA,0,0,0,0,"OK",FALSE,"","behavior","Group1",1,1981,"milex.beh|eval|avXAltDist2|beh.lnmids_1|dv.net|0|1|NA","unused_native_template"
"milex.beh","milex.beh: dist. 2 alter's (dv.net) beh.lnmids_1 tot.","milex.beh dist. 2 alter's (dv.net) beh.lnmids_1 tot.","totXAltDist2","beh.lnmids_1","dv.net","eval",FALSE,FALSE,FALSE,FALSE,FALSE,",",0,0,"objective",NA,NA,0,0,0,0,"OK",FALSE,"","behavior","Group1",1,1982,"milex.beh|eval|totXAltDist2|beh.lnmids_1|dv.net|0|1|NA","unused_native_template"
"milex.beh","milex.beh: dist. 2 av. alter's (dv.net) beh.lnmids_1 tot.","milex.beh av. dist. 2 alter's (dv.net) beh.lnmids_1 tot.","avTXAltDist2","beh.lnmids_1","dv.net","eval",FALSE,FALSE,FALSE,FALSE,FALSE,",",0,0,"objective",NA,NA,0,0,0,0,"OK",FALSE,"","behavior","Group1",1,1983,"milex.beh|eval|avTXAltDist2|beh.lnmids_1|dv.net|0|1|NA","unused_native_template"
"milex.beh","milex.beh: dist. 2 tot. alter's (dv.net) beh.lnmids_1 av.","milex.beh tot. dist. 2 alter's (dv.net) beh.lnmids_1 av.","totAXAltDist2","beh.lnmids_1","dv.net","eval",FALSE,FALSE,FALSE,FALSE,FALSE,",",0,0,"objective",NA,NA,0,0,0,0,"OK",FALSE,"","behavior","Group1",1,1984,"milex.beh|eval|totAXAltDist2|beh.lnmids_1|dv.net|0|1|NA","unused_native_template"
"milex.beh","milex.beh: alts (dv.net) dist-2 incom. beh.lnmids_1 av.","milex.beh: incom.av. beh.lnmids_1 (dv.net)alt. dist. 2","avXInAltDist2","beh.lnmids_1","dv.net","eval",FALSE,FALSE,FALSE,FALSE,FALSE,",",0,0,"objective",NA,NA,0,0,0,0,"OK",FALSE,"","behavior","Group1",1,1985,"milex.beh|eval|avXInAltDist2|beh.lnmids_1|dv.net|0|1|NA","unused_native_template"
"milex.beh","milex.beh: alts (dv.net) dist-2 incom. beh.lnmids_1 tot.","milex.beh: incom.tot. beh.lnmids_1 (dv.net)alt. dist. 2","totXInAltDist2","beh.lnmids_1","dv.net","eval",FALSE,FALSE,FALSE,FALSE,FALSE,",",0,0,"objective",NA,NA,0,0,0,0,"OK",FALSE,"","behavior","Group1",1,1986,"milex.beh|eval|totXInAltDist2|beh.lnmids_1|dv.net|0|1|NA","unused_native_template"
"milex.beh","milex.beh: av. tot. incoming beh.lnmids_1 alts (dv.net) dist-2","milex.beh: incom.av. (dv.net)alt. beh.lnmids_1 tot. dist. 2","avTXInAltDist2","beh.lnmids_1","dv.net","eval",FALSE,FALSE,FALSE,FALSE,FALSE,",",0,0,"objective",NA,NA,0,0,0,0,"OK",FALSE,"","behavior","Group1",1,1987,"milex.beh|eval|avTXInAltDist2|beh.lnmids_1|dv.net|0|1|NA","unused_native_template"
"milex.beh","milex.beh: tot. av. incoming beh.lnmids_1 alts (dv.net) dist-2","milex.beh: incom.tot. (dv.net)alt. beh.lnmids_1 av. dist. 2","totAXInAltDist2","beh.lnmids_1","dv.net","eval",FALSE,FALSE,FALSE,FALSE,FALSE,",",0,0,"objective",NA,NA,0,0,0,0,"OK",FALSE,"","behavior","Group1",1,1988,"milex.beh|eval|totAXInAltDist2|beh.lnmids_1|dv.net|0|1|NA","unused_native_template"
"milex.beh","milex.beh: abs. contrast outd. (dv.net) - beh.lnmids_1","sum milex.beh * abs.outd. (dv.net) - beh.lnmids_1","degAbsContrX","beh.lnmids_1","dv.net","eval",FALSE,FALSE,FALSE,FALSE,FALSE,",",0,0,"objective",NA,NA,0,0,0,0,"OK",FALSE,"","behavior","Group1",1,1989,"milex.beh|eval|degAbsContrX|beh.lnmids_1|dv.net|0|1|NA","unused_native_template"
"milex.beh","milex.beh: abs. contrast outd. (dv.net) - beh.lnmids_1","sum milex.beh * abs.outd. (dv.net) - beh.lnmids_1","degAbsContrX","beh.lnmids_1","dv.net","endow",FALSE,FALSE,FALSE,FALSE,FALSE,",",0,0,"objective",NA,NA,0,0,0,0,"OK",FALSE,"","behavior","Group1",1,1990,"milex.beh|endow|degAbsContrX|beh.lnmids_1|dv.net|0|1|NA","unused_native_template"
"milex.beh","milex.beh: abs. contrast outd. (dv.net) - beh.lnmids_1","sum milex.beh * abs.outd. (dv.net) - beh.lnmids_1","degAbsContrX","beh.lnmids_1","dv.net","creation",FALSE,FALSE,FALSE,FALSE,FALSE,",",0,0,"objective",NA,NA,0,0,0,0,"OK",FALSE,"","behavior","Group1",1,1991,"milex.beh|creation|degAbsContrX|beh.lnmids_1|dv.net|0|1|NA","unused_native_template"
"milex.beh","milex.beh: pos. contrast outd. (dv.net) - beh.lnmids_1","sum milex.beh * abs.outd. (dv.net) - beh.lnmids_1","degPosContrX","beh.lnmids_1","dv.net","eval",FALSE,FALSE,FALSE,FALSE,FALSE,",",0,0,"objective",NA,NA,0,0,0,0,"OK",FALSE,"","behavior","Group1",1,1992,"milex.beh|eval|degPosContrX|beh.lnmids_1|dv.net|0|1|NA","unused_native_template"
"milex.beh","milex.beh: pos. contrast outd. (dv.net) - beh.lnmids_1","sum milex.beh * abs.outd. (dv.net) - beh.lnmids_1","degPosContrX","beh.lnmids_1","dv.net","endow",FALSE,FALSE,FALSE,FALSE,FALSE,",",0,0,"objective",NA,NA,0,0,0,0,"OK",FALSE,"","behavior","Group1",1,1993,"milex.beh|endow|degPosContrX|beh.lnmids_1|dv.net|0|1|NA","unused_native_template"
"milex.beh","milex.beh: pos. contrast outd. (dv.net) - beh.lnmids_1","sum milex.beh * abs.outd. (dv.net) - beh.lnmids_1","degPosContrX","beh.lnmids_1","dv.net","creation",FALSE,FALSE,FALSE,FALSE,FALSE,",",0,0,"objective",NA,NA,0,0,0,0,"OK",FALSE,"","behavior","Group1",1,1994,"milex.beh|creation|degPosContrX|beh.lnmids_1|dv.net|0|1|NA","unused_native_template"
"milex.beh","milex.beh: neg. contrast outd. (dv.net) - beh.lnmids_1","sum milex.beh * abs.outd. (dv.net) - beh.lnmids_1","degNegContrX","beh.lnmids_1","dv.net","eval",FALSE,FALSE,FALSE,FALSE,FALSE,",",0,0,"objective",NA,NA,0,0,0,0,"OK",FALSE,"","behavior","Group1",1,1995,"milex.beh|eval|degNegContrX|beh.lnmids_1|dv.net|0|1|NA","unused_native_template"
"milex.beh","milex.beh: neg. contrast outd. (dv.net) - beh.lnmids_1","sum milex.beh * abs.outd. (dv.net) - beh.lnmids_1","degNegContrX","beh.lnmids_1","dv.net","endow",FALSE,FALSE,FALSE,FALSE,FALSE,",",0,0,"objective",NA,NA,0,0,0,0,"OK",FALSE,"","behavior","Group1",1,1996,"milex.beh|endow|degNegContrX|beh.lnmids_1|dv.net|0|1|NA","unused_native_template"
"milex.beh","milex.beh: neg. contrast outd. (dv.net) - beh.lnmids_1","sum milex.beh * abs.outd. (dv.net) - beh.lnmids_1","degNegContrX","beh.lnmids_1","dv.net","creation",FALSE,FALSE,FALSE,FALSE,FALSE,",",0,0,"objective",NA,NA,0,0,0,0,"OK",FALSE,"","behavior","Group1",1,1997,"milex.beh|creation|degNegContrX|beh.lnmids_1|dv.net|0|1|NA","unused_native_template"
"milex.beh","milex.beh: av. sim. (dv.net) x ego's beh.lnmids_1","milex.beh av. sim. (dv.net) x ego's beh.lnmids_1","avSimEgoX","beh.lnmids_1","dv.net","eval",FALSE,FALSE,FALSE,FALSE,FALSE,",",0,0,"objective",NA,NA,0,0,0,0,"",FALSE,"","behavior","Group1",1,1998,"milex.beh|eval|avSimEgoX|beh.lnmids_1|dv.net|0|1|NA","unused_native_template"
"milex.beh","milex.beh: av. sim. (dv.net) x ego's beh.lnmids_1","milex.beh av. sim. (dv.net) x ego's beh.lnmids_1","avSimEgoX","beh.lnmids_1","dv.net","endow",FALSE,FALSE,FALSE,FALSE,FALSE,",",0,0,"objective",NA,NA,0,0,0,0,"",FALSE,"","behavior","Group1",1,1999,"milex.beh|endow|avSimEgoX|beh.lnmids_1|dv.net|0|1|NA","unused_native_template"
"milex.beh","milex.beh: av. sim. (dv.net) x ego's beh.lnmids_1","milex.beh av. sim. (dv.net) x ego's beh.lnmids_1","avSimEgoX","beh.lnmids_1","dv.net","creation",FALSE,FALSE,FALSE,FALSE,FALSE,",",0,0,"objective",NA,NA,0,0,0,0,"",FALSE,"","behavior","Group1",1,2000,"milex.beh|creation|avSimEgoX|beh.lnmids_1|dv.net|0|1|NA","unused_native_template"
"milex.beh","milex.beh: tot. sim. (dv.net) x ego's beh.lnmids_1","milex.beh tot. sim. (dv.net) x ego's beh.lnmids_1","totSimEgoX","beh.lnmids_1","dv.net","eval",FALSE,FALSE,FALSE,FALSE,FALSE,",",0,0,"objective",NA,NA,0,0,0,0,"",FALSE,"","behavior","Group1",1,2001,"milex.beh|eval|totSimEgoX|beh.lnmids_1|dv.net|0|1|NA","unused_native_template"
"milex.beh","milex.beh: tot. sim. (dv.net) x ego's beh.lnmids_1","milex.beh tot. sim. (dv.net) x ego's beh.lnmids_1","totSimEgoX","beh.lnmids_1","dv.net","endow",FALSE,FALSE,FALSE,FALSE,FALSE,",",0,0,"objective",NA,NA,0,0,0,0,"",FALSE,"","behavior","Group1",1,2002,"milex.beh|endow|totSimEgoX|beh.lnmids_1|dv.net|0|1|NA","unused_native_template"
"milex.beh","milex.beh: tot. sim. (dv.net) x ego's beh.lnmids_1","milex.beh tot. sim. (dv.net) x ego's beh.lnmids_1","totSimEgoX","beh.lnmids_1","dv.net","creation",FALSE,FALSE,FALSE,FALSE,FALSE,",",0,0,"objective",NA,NA,0,0,0,0,"",FALSE,"","behavior","Group1",1,2003,"milex.beh|creation|totSimEgoX|beh.lnmids_1|dv.net|0|1|NA","unused_native_template"
"milex.beh","milex.beh: av. alters (dv.net) x ego's beh.lnmids_1","milex.beh av. alters (dv.net) x ego's beh.lnmids_1 ","avAltEgoX","beh.lnmids_1","dv.net","eval",FALSE,FALSE,FALSE,FALSE,FALSE,",",0,0,"objective",NA,NA,0,0,0,0,"",FALSE,"","behavior","Group1",1,2004,"milex.beh|eval|avAltEgoX|beh.lnmids_1|dv.net|0|1|NA","unused_native_template"
"milex.beh","milex.beh: av. alters (dv.net) x ego's beh.lnmids_1","milex.beh av. alters (dv.net) x ego's beh.lnmids_1 ","avAltEgoX","beh.lnmids_1","dv.net","endow",FALSE,FALSE,FALSE,FALSE,FALSE,",",0,0,"objective",NA,NA,0,0,0,0,"",FALSE,"","behavior","Group1",1,2005,"milex.beh|endow|avAltEgoX|beh.lnmids_1|dv.net|0|1|NA","unused_native_template"
"milex.beh","milex.beh: av. alters (dv.net) x ego's beh.lnmids_1","milex.beh av. alters (dv.net) x ego's beh.lnmids_1 ","avAltEgoX","beh.lnmids_1","dv.net","creation",FALSE,FALSE,FALSE,FALSE,FALSE,",",0,0,"objective",NA,NA,0,0,0,0,"",FALSE,"","behavior","Group1",1,2006,"milex.beh|creation|avAltEgoX|beh.lnmids_1|dv.net|0|1|NA","unused_native_template"
"milex.beh","milex.beh: tot. alt's (dv.net) x ego's beh.lnmids_1","milex.beh tot. alt's (dv.net) x ego's beh.lnmids_1","totAltEgoX","beh.lnmids_1","dv.net","eval",FALSE,FALSE,FALSE,FALSE,FALSE,",",0,0,"objective",NA,NA,0,0,0,0,"",FALSE,"","behavior","Group1",1,2007,"milex.beh|eval|totAltEgoX|beh.lnmids_1|dv.net|0|1|NA","unused_native_template"
"milex.beh","milex.beh: tot. alt's (dv.net) x ego's beh.lnmids_1","milex.beh tot. alt's (dv.net) x ego's beh.lnmids_1","totAltEgoX","beh.lnmids_1","dv.net","endow",FALSE,FALSE,FALSE,FALSE,FALSE,",",0,0,"objective",NA,NA,0,0,0,0,"",FALSE,"","behavior","Group1",1,2008,"milex.beh|endow|totAltEgoX|beh.lnmids_1|dv.net|0|1|NA","unused_native_template"
"milex.beh","milex.beh: tot. alt's (dv.net) x ego's beh.lnmids_1","milex.beh tot. alt's (dv.net) x ego's beh.lnmids_1","totAltEgoX","beh.lnmids_1","dv.net","creation",FALSE,FALSE,FALSE,FALSE,FALSE,",",0,0,"objective",NA,NA,0,0,0,0,"",FALSE,"","behavior","Group1",1,2009,"milex.beh|creation|totAltEgoX|beh.lnmids_1|dv.net|0|1|NA","unused_native_template"
"milex.beh","milex.beh: effect from beh.lncinc_1","milex.beh x beh.lncinc_1","effFrom","beh.lncinc_1","","eval",FALSE,FALSE,FALSE,FALSE,FALSE,",",0,0,"objective",NA,NA,0,0,0,0,"OK",FALSE,"","behavior","Group1",1,2010,"milex.beh|eval|effFrom|beh.lncinc_1||0|1|NA","unused_native_template"
"milex.beh","milex.beh: effect from beh.lncinc_1","milex.beh x beh.lncinc_1","effFrom","beh.lncinc_1","","endow",FALSE,FALSE,FALSE,FALSE,FALSE,",",0,0,"objective",NA,NA,0,0,0,0,"OK",FALSE,"","behavior","Group1",1,2011,"milex.beh|endow|effFrom|beh.lncinc_1||0|1|NA","unused_native_template"
"milex.beh","milex.beh: effect from beh.lncinc_1","milex.beh x beh.lncinc_1","effFrom","beh.lncinc_1","","creation",FALSE,FALSE,FALSE,FALSE,FALSE,",",0,0,"objective",NA,NA,0,0,0,0,"OK",FALSE,"","behavior","Group1",1,2012,"milex.beh|creation|effFrom|beh.lncinc_1||0|1|NA","unused_native_template"
"milex.beh","milex.beh: tot. sim. (dv.net) x alter's beh.lncinc_1","milex.beh tot. sim. (dv.net) x alter's beh.lncinc_1","totSimAltX","beh.lncinc_1","dv.net","eval",FALSE,FALSE,FALSE,FALSE,FALSE,",",0,0,"objective",NA,NA,0,0,0,0,"OK",FALSE,"","behavior","Group1",1,2013,"milex.beh|eval|totSimAltX|beh.lncinc_1|dv.net|0|1|NA","unused_native_template"
"milex.beh","milex.beh: tot. sim. (dv.net) x alter's beh.lncinc_1","milex.beh tot. sim. (dv.net) x alter's beh.lncinc_1","totSimAltX","beh.lncinc_1","dv.net","endow",FALSE,FALSE,FALSE,FALSE,FALSE,",",0,0,"objective",NA,NA,0,0,0,0,"OK",FALSE,"","behavior","Group1",1,2014,"milex.beh|endow|totSimAltX|beh.lncinc_1|dv.net|0|1|NA","unused_native_template"
"milex.beh","milex.beh: tot. sim. (dv.net) x alter's beh.lncinc_1","milex.beh tot. sim. (dv.net) x alter's beh.lncinc_1","totSimAltX","beh.lncinc_1","dv.net","creation",FALSE,FALSE,FALSE,FALSE,FALSE,",",0,0,"objective",NA,NA,0,0,0,0,"OK",FALSE,"","behavior","Group1",1,2015,"milex.beh|creation|totSimAltX|beh.lncinc_1|dv.net|0|1|NA","unused_native_template"
"milex.beh","milex.beh: av. sim. (dv.net) x alter's beh.lncinc_1","milex.beh av. sim. (dv.net) x alter's beh.lncinc_1","avSimAltX","beh.lncinc_1","dv.net","eval",FALSE,FALSE,FALSE,FALSE,FALSE,",",0,0,"objective",NA,NA,0,0,0,0,"OK",FALSE,"","behavior","Group1",1,2016,"milex.beh|eval|avSimAltX|beh.lncinc_1|dv.net|0|1|NA","unused_native_template"
"milex.beh","milex.beh: av. sim. (dv.net) x alter's beh.lncinc_1","milex.beh av. sim. (dv.net) x alter's beh.lncinc_1","avSimAltX","beh.lncinc_1","dv.net","endow",FALSE,FALSE,FALSE,FALSE,FALSE,",",0,0,"objective",NA,NA,0,0,0,0,"OK",FALSE,"","behavior","Group1",1,2017,"milex.beh|endow|avSimAltX|beh.lncinc_1|dv.net|0|1|NA","unused_native_template"
"milex.beh","milex.beh: av. sim. (dv.net) x alter's beh.lncinc_1","milex.beh av. sim. (dv.net) x alter's beh.lncinc_1","avSimAltX","beh.lncinc_1","dv.net","creation",FALSE,FALSE,FALSE,FALSE,FALSE,",",0,0,"objective",NA,NA,0,0,0,0,"OK",FALSE,"","behavior","Group1",1,2018,"milex.beh|creation|avSimAltX|beh.lncinc_1|dv.net|0|1|NA","unused_native_template"
"milex.beh","milex.beh: av. alters (dv.net) x alter's beh.lncinc_1","milex.beh av. alters (dv.net) x alter's beh.lncinc_1","avAltAltX","beh.lncinc_1","dv.net","eval",FALSE,FALSE,FALSE,FALSE,FALSE,",",0,0,"objective",NA,NA,0,0,0,0,"OK",FALSE,"","behavior","Group1",1,2019,"milex.beh|eval|avAltAltX|beh.lncinc_1|dv.net|0|1|NA","unused_native_template"
"milex.beh","milex.beh: av. alters (dv.net) x alter's beh.lncinc_1","milex.beh av. alters (dv.net) x alter's beh.lncinc_1","avAltAltX","beh.lncinc_1","dv.net","endow",FALSE,FALSE,FALSE,FALSE,FALSE,",",0,0,"objective",NA,NA,0,0,0,0,"OK",FALSE,"","behavior","Group1",1,2020,"milex.beh|endow|avAltAltX|beh.lncinc_1|dv.net|0|1|NA","unused_native_template"
"milex.beh","milex.beh: av. alters (dv.net) x alter's beh.lncinc_1","milex.beh av. alters (dv.net) x alter's beh.lncinc_1","avAltAltX","beh.lncinc_1","dv.net","creation",FALSE,FALSE,FALSE,FALSE,FALSE,",",0,0,"objective",NA,NA,0,0,0,0,"OK",FALSE,"","behavior","Group1",1,2021,"milex.beh|creation|avAltAltX|beh.lncinc_1|dv.net|0|1|NA","unused_native_template"
"milex.beh","milex.beh: alter's (dv.net) beh.lncinc_1 average","milex.beh alter's (dv.net) beh.lncinc_1 average","avXAlt","beh.lncinc_1","dv.net","eval",FALSE,FALSE,FALSE,FALSE,FALSE,",",0,0,"objective",NA,NA,0,0,0,0,"OK",FALSE,"","behavior","Group1",1,2022,"milex.beh|eval|avXAlt|beh.lncinc_1|dv.net|0|1|NA","unused_native_template"
"milex.beh","milex.beh: alter's (dv.net) beh.lncinc_1 average","milex.beh alter's (dv.net) beh.lncinc_1 average","avXAlt","beh.lncinc_1","dv.net","endow",FALSE,FALSE,FALSE,FALSE,FALSE,",",0,0,"objective",NA,NA,0,0,0,0,"OK",FALSE,"","behavior","Group1",1,2023,"milex.beh|endow|avXAlt|beh.lncinc_1|dv.net|0|1|NA","unused_native_template"
"milex.beh","milex.beh: alter's (dv.net) beh.lncinc_1 average","milex.beh alter's (dv.net) beh.lncinc_1 average","avXAlt","beh.lncinc_1","dv.net","creation",FALSE,FALSE,FALSE,FALSE,FALSE,",",0,0,"objective",NA,NA,0,0,0,0,"OK",FALSE,"","behavior","Group1",1,2024,"milex.beh|creation|avXAlt|beh.lncinc_1|dv.net|0|1|NA","unused_native_template"
"milex.beh","milex.beh: alter's (dv.net) beh.lncinc_1 minimum","milex.beh alter's (dv.net) beh.lncinc_1 minimum","minXAlt","beh.lncinc_1","dv.net","eval",FALSE,FALSE,FALSE,FALSE,FALSE,",",0,0,"objective",NA,NA,0,0,0,0,"OK",FALSE,"","behavior","Group1",1,2025,"milex.beh|eval|minXAlt|beh.lncinc_1|dv.net|0|1|NA","unused_native_template"
"milex.beh","milex.beh: alter's (dv.net) beh.lncinc_1 minimum","milex.beh alter's (dv.net) beh.lncinc_1 minimum","minXAlt","beh.lncinc_1","dv.net","endow",FALSE,FALSE,FALSE,FALSE,FALSE,",",0,0,"objective",NA,NA,0,0,0,0,"OK",FALSE,"","behavior","Group1",1,2026,"milex.beh|endow|minXAlt|beh.lncinc_1|dv.net|0|1|NA","unused_native_template"
"milex.beh","milex.beh: alter's (dv.net) beh.lncinc_1 minimum","milex.beh alter's (dv.net) beh.lncinc_1 minimum","minXAlt","beh.lncinc_1","dv.net","creation",FALSE,FALSE,FALSE,FALSE,FALSE,",",0,0,"objective",NA,NA,0,0,0,0,"OK",FALSE,"","behavior","Group1",1,2027,"milex.beh|creation|minXAlt|beh.lncinc_1|dv.net|0|1|NA","unused_native_template"
"milex.beh","milex.beh: alter's (dv.net) beh.lncinc_1 maximum","milex.beh alter's (dv.net) beh.lncinc_1 maximum","maxXAlt","beh.lncinc_1","dv.net","eval",FALSE,FALSE,FALSE,FALSE,FALSE,",",0,0,"objective",NA,NA,0,0,0,0,"OK",FALSE,"","behavior","Group1",1,2028,"milex.beh|eval|maxXAlt|beh.lncinc_1|dv.net|0|1|NA","unused_native_template"
"milex.beh","milex.beh: alter's (dv.net) beh.lncinc_1 maximum","milex.beh alter's (dv.net) beh.lncinc_1 maximum","maxXAlt","beh.lncinc_1","dv.net","endow",FALSE,FALSE,FALSE,FALSE,FALSE,",",0,0,"objective",NA,NA,0,0,0,0,"OK",FALSE,"","behavior","Group1",1,2029,"milex.beh|endow|maxXAlt|beh.lncinc_1|dv.net|0|1|NA","unused_native_template"
"milex.beh","milex.beh: alter's (dv.net) beh.lncinc_1 maximum","milex.beh alter's (dv.net) beh.lncinc_1 maximum","maxXAlt","beh.lncinc_1","dv.net","creation",FALSE,FALSE,FALSE,FALSE,FALSE,",",0,0,"objective",NA,NA,0,0,0,0,"OK",FALSE,"","behavior","Group1",1,2030,"milex.beh|creation|maxXAlt|beh.lncinc_1|dv.net|0|1|NA","unused_native_template"
"milex.beh","milex.beh: alter's (dv.net) beh.lncinc_1 total","milex.beh alter's (dv.net) beh.lncinc_1 total","totXAlt","beh.lncinc_1","dv.net","eval",FALSE,FALSE,FALSE,FALSE,FALSE,",",0,0,"objective",NA,NA,0,0,0,0,"OK",FALSE,"","behavior","Group1",1,2031,"milex.beh|eval|totXAlt|beh.lncinc_1|dv.net|0|1|NA","unused_native_template"
"milex.beh","milex.beh: alter's (dv.net) beh.lncinc_1 total","milex.beh alter's (dv.net) beh.lncinc_1 total","totXAlt","beh.lncinc_1","dv.net","endow",FALSE,FALSE,FALSE,FALSE,FALSE,",",0,0,"objective",NA,NA,0,0,0,0,"OK",FALSE,"","behavior","Group1",1,2032,"milex.beh|endow|totXAlt|beh.lncinc_1|dv.net|0|1|NA","unused_native_template"
"milex.beh","milex.beh: alter's (dv.net) beh.lncinc_1 total","milex.beh alter's (dv.net) beh.lncinc_1 total","totXAlt","beh.lncinc_1","dv.net","creation",FALSE,FALSE,FALSE,FALSE,FALSE,",",0,0,"objective",NA,NA,0,0,0,0,"OK",FALSE,"","behavior","Group1",1,2033,"milex.beh|creation|totXAlt|beh.lncinc_1|dv.net|0|1|NA","unused_native_template"
"milex.beh","milex.beh: in-alter's (dv.net) beh.lncinc_1 aver.","milex.beh in-alter's (dv.net) beh.lncinc_1 aver.","avXInAlt","beh.lncinc_1","dv.net","eval",FALSE,FALSE,FALSE,FALSE,FALSE,",",0,0,"objective",NA,NA,0,0,0,0,"OK",FALSE,"","behavior","Group1",1,2034,"milex.beh|eval|avXInAlt|beh.lncinc_1|dv.net|0|1|NA","unused_native_template"
"milex.beh","milex.beh: in-alter's (dv.net) beh.lncinc_1 aver.","milex.beh in-alter's (dv.net) beh.lncinc_1 aver.","avXInAlt","beh.lncinc_1","dv.net","endow",FALSE,FALSE,FALSE,FALSE,FALSE,",",0,0,"objective",NA,NA,0,0,0,0,"OK",FALSE,"","behavior","Group1",1,2035,"milex.beh|endow|avXInAlt|beh.lncinc_1|dv.net|0|1|NA","unused_native_template"
"milex.beh","milex.beh: in-alter's (dv.net) beh.lncinc_1 aver.","milex.beh in-alter's (dv.net) beh.lncinc_1 aver.","avXInAlt","beh.lncinc_1","dv.net","creation",FALSE,FALSE,FALSE,FALSE,FALSE,",",0,0,"objective",NA,NA,0,0,0,0,"OK",FALSE,"","behavior","Group1",1,2036,"milex.beh|creation|avXInAlt|beh.lncinc_1|dv.net|0|1|NA","unused_native_template"
"milex.beh","milex.beh: in-alter's (dv.net) beh.lncinc_1 total","milex.beh in-alter's (dv.net) beh.lncinc_1 total","totXInAlt","beh.lncinc_1","dv.net","eval",FALSE,FALSE,FALSE,FALSE,FALSE,",",0,0,"objective",NA,NA,0,0,0,0,"OK",FALSE,"","behavior","Group1",1,2037,"milex.beh|eval|totXInAlt|beh.lncinc_1|dv.net|0|1|NA","unused_native_template"
"milex.beh","milex.beh: in-alter's (dv.net) beh.lncinc_1 total","milex.beh in-alter's (dv.net) beh.lncinc_1 total","totXInAlt","beh.lncinc_1","dv.net","endow",FALSE,FALSE,FALSE,FALSE,FALSE,",",0,0,"objective",NA,NA,0,0,0,0,"OK",FALSE,"","behavior","Group1",1,2038,"milex.beh|endow|totXInAlt|beh.lncinc_1|dv.net|0|1|NA","unused_native_template"
"milex.beh","milex.beh: in-alter's (dv.net) beh.lncinc_1 total","milex.beh in-alter's (dv.net) beh.lncinc_1 total","totXInAlt","beh.lncinc_1","dv.net","creation",FALSE,FALSE,FALSE,FALSE,FALSE,",",0,0,"objective",NA,NA,0,0,0,0,"OK",FALSE,"","behavior","Group1",1,2039,"milex.beh|creation|totXInAlt|beh.lncinc_1|dv.net|0|1|NA","unused_native_template"
"milex.beh","milex.beh: dist. 2 alter's (dv.net) beh.lncinc_1 av.","milex.beh dist. 2 alter's (dv.net) beh.lncinc_1 av.","avXAltDist2","beh.lncinc_1","dv.net","eval",FALSE,FALSE,FALSE,FALSE,FALSE,",",0,0,"objective",NA,NA,0,0,0,0,"OK",FALSE,"","behavior","Group1",1,2040,"milex.beh|eval|avXAltDist2|beh.lncinc_1|dv.net|0|1|NA","unused_native_template"
"milex.beh","milex.beh: dist. 2 alter's (dv.net) beh.lncinc_1 tot.","milex.beh dist. 2 alter's (dv.net) beh.lncinc_1 tot.","totXAltDist2","beh.lncinc_1","dv.net","eval",FALSE,FALSE,FALSE,FALSE,FALSE,",",0,0,"objective",NA,NA,0,0,0,0,"OK",FALSE,"","behavior","Group1",1,2041,"milex.beh|eval|totXAltDist2|beh.lncinc_1|dv.net|0|1|NA","unused_native_template"
"milex.beh","milex.beh: dist. 2 av. alter's (dv.net) beh.lncinc_1 tot.","milex.beh av. dist. 2 alter's (dv.net) beh.lncinc_1 tot.","avTXAltDist2","beh.lncinc_1","dv.net","eval",FALSE,FALSE,FALSE,FALSE,FALSE,",",0,0,"objective",NA,NA,0,0,0,0,"OK",FALSE,"","behavior","Group1",1,2042,"milex.beh|eval|avTXAltDist2|beh.lncinc_1|dv.net|0|1|NA","unused_native_template"
"milex.beh","milex.beh: dist. 2 tot. alter's (dv.net) beh.lncinc_1 av.","milex.beh tot. dist. 2 alter's (dv.net) beh.lncinc_1 av.","totAXAltDist2","beh.lncinc_1","dv.net","eval",FALSE,FALSE,FALSE,FALSE,FALSE,",",0,0,"objective",NA,NA,0,0,0,0,"OK",FALSE,"","behavior","Group1",1,2043,"milex.beh|eval|totAXAltDist2|beh.lncinc_1|dv.net|0|1|NA","unused_native_template"
"milex.beh","milex.beh: alts (dv.net) dist-2 incom. beh.lncinc_1 av.","milex.beh: incom.av. beh.lncinc_1 (dv.net)alt. dist. 2","avXInAltDist2","beh.lncinc_1","dv.net","eval",FALSE,FALSE,FALSE,FALSE,FALSE,",",0,0,"objective",NA,NA,0,0,0,0,"OK",FALSE,"","behavior","Group1",1,2044,"milex.beh|eval|avXInAltDist2|beh.lncinc_1|dv.net|0|1|NA","unused_native_template"
"milex.beh","milex.beh: alts (dv.net) dist-2 incom. beh.lncinc_1 tot.","milex.beh: incom.tot. beh.lncinc_1 (dv.net)alt. dist. 2","totXInAltDist2","beh.lncinc_1","dv.net","eval",FALSE,FALSE,FALSE,FALSE,FALSE,",",0,0,"objective",NA,NA,0,0,0,0,"OK",FALSE,"","behavior","Group1",1,2045,"milex.beh|eval|totXInAltDist2|beh.lncinc_1|dv.net|0|1|NA","unused_native_template"
"milex.beh","milex.beh: av. tot. incoming beh.lncinc_1 alts (dv.net) dist-2","milex.beh: incom.av. (dv.net)alt. beh.lncinc_1 tot. dist. 2","avTXInAltDist2","beh.lncinc_1","dv.net","eval",FALSE,FALSE,FALSE,FALSE,FALSE,",",0,0,"objective",NA,NA,0,0,0,0,"OK",FALSE,"","behavior","Group1",1,2046,"milex.beh|eval|avTXInAltDist2|beh.lncinc_1|dv.net|0|1|NA","unused_native_template"
"milex.beh","milex.beh: tot. av. incoming beh.lncinc_1 alts (dv.net) dist-2","milex.beh: incom.tot. (dv.net)alt. beh.lncinc_1 av. dist. 2","totAXInAltDist2","beh.lncinc_1","dv.net","eval",FALSE,FALSE,FALSE,FALSE,FALSE,",",0,0,"objective",NA,NA,0,0,0,0,"OK",FALSE,"","behavior","Group1",1,2047,"milex.beh|eval|totAXInAltDist2|beh.lncinc_1|dv.net|0|1|NA","unused_native_template"
"milex.beh","milex.beh: abs. contrast outd. (dv.net) - beh.lncinc_1","sum milex.beh * abs.outd. (dv.net) - beh.lncinc_1","degAbsContrX","beh.lncinc_1","dv.net","eval",FALSE,FALSE,FALSE,FALSE,FALSE,",",0,0,"objective",NA,NA,0,0,0,0,"OK",FALSE,"","behavior","Group1",1,2048,"milex.beh|eval|degAbsContrX|beh.lncinc_1|dv.net|0|1|NA","unused_native_template"
"milex.beh","milex.beh: abs. contrast outd. (dv.net) - beh.lncinc_1","sum milex.beh * abs.outd. (dv.net) - beh.lncinc_1","degAbsContrX","beh.lncinc_1","dv.net","endow",FALSE,FALSE,FALSE,FALSE,FALSE,",",0,0,"objective",NA,NA,0,0,0,0,"OK",FALSE,"","behavior","Group1",1,2049,"milex.beh|endow|degAbsContrX|beh.lncinc_1|dv.net|0|1|NA","unused_native_template"
"milex.beh","milex.beh: abs. contrast outd. (dv.net) - beh.lncinc_1","sum milex.beh * abs.outd. (dv.net) - beh.lncinc_1","degAbsContrX","beh.lncinc_1","dv.net","creation",FALSE,FALSE,FALSE,FALSE,FALSE,",",0,0,"objective",NA,NA,0,0,0,0,"OK",FALSE,"","behavior","Group1",1,2050,"milex.beh|creation|degAbsContrX|beh.lncinc_1|dv.net|0|1|NA","unused_native_template"
"milex.beh","milex.beh: pos. contrast outd. (dv.net) - beh.lncinc_1","sum milex.beh * abs.outd. (dv.net) - beh.lncinc_1","degPosContrX","beh.lncinc_1","dv.net","eval",FALSE,FALSE,FALSE,FALSE,FALSE,",",0,0,"objective",NA,NA,0,0,0,0,"OK",FALSE,"","behavior","Group1",1,2051,"milex.beh|eval|degPosContrX|beh.lncinc_1|dv.net|0|1|NA","unused_native_template"
"milex.beh","milex.beh: pos. contrast outd. (dv.net) - beh.lncinc_1","sum milex.beh * abs.outd. (dv.net) - beh.lncinc_1","degPosContrX","beh.lncinc_1","dv.net","endow",FALSE,FALSE,FALSE,FALSE,FALSE,",",0,0,"objective",NA,NA,0,0,0,0,"OK",FALSE,"","behavior","Group1",1,2052,"milex.beh|endow|degPosContrX|beh.lncinc_1|dv.net|0|1|NA","unused_native_template"
"milex.beh","milex.beh: pos. contrast outd. (dv.net) - beh.lncinc_1","sum milex.beh * abs.outd. (dv.net) - beh.lncinc_1","degPosContrX","beh.lncinc_1","dv.net","creation",FALSE,FALSE,FALSE,FALSE,FALSE,",",0,0,"objective",NA,NA,0,0,0,0,"OK",FALSE,"","behavior","Group1",1,2053,"milex.beh|creation|degPosContrX|beh.lncinc_1|dv.net|0|1|NA","unused_native_template"
"milex.beh","milex.beh: neg. contrast outd. (dv.net) - beh.lncinc_1","sum milex.beh * abs.outd. (dv.net) - beh.lncinc_1","degNegContrX","beh.lncinc_1","dv.net","eval",FALSE,FALSE,FALSE,FALSE,FALSE,",",0,0,"objective",NA,NA,0,0,0,0,"OK",FALSE,"","behavior","Group1",1,2054,"milex.beh|eval|degNegContrX|beh.lncinc_1|dv.net|0|1|NA","unused_native_template"
"milex.beh","milex.beh: neg. contrast outd. (dv.net) - beh.lncinc_1","sum milex.beh * abs.outd. (dv.net) - beh.lncinc_1","degNegContrX","beh.lncinc_1","dv.net","endow",FALSE,FALSE,FALSE,FALSE,FALSE,",",0,0,"objective",NA,NA,0,0,0,0,"OK",FALSE,"","behavior","Group1",1,2055,"milex.beh|endow|degNegContrX|beh.lncinc_1|dv.net|0|1|NA","unused_native_template"
"milex.beh","milex.beh: neg. contrast outd. (dv.net) - beh.lncinc_1","sum milex.beh * abs.outd. (dv.net) - beh.lncinc_1","degNegContrX","beh.lncinc_1","dv.net","creation",FALSE,FALSE,FALSE,FALSE,FALSE,",",0,0,"objective",NA,NA,0,0,0,0,"OK",FALSE,"","behavior","Group1",1,2056,"milex.beh|creation|degNegContrX|beh.lncinc_1|dv.net|0|1|NA","unused_native_template"
"milex.beh","milex.beh: av. sim. (dv.net) x ego's beh.lncinc_1","milex.beh av. sim. (dv.net) x ego's beh.lncinc_1","avSimEgoX","beh.lncinc_1","dv.net","eval",FALSE,FALSE,FALSE,FALSE,FALSE,",",0,0,"objective",NA,NA,0,0,0,0,"",FALSE,"","behavior","Group1",1,2057,"milex.beh|eval|avSimEgoX|beh.lncinc_1|dv.net|0|1|NA","unused_native_template"
"milex.beh","milex.beh: av. sim. (dv.net) x ego's beh.lncinc_1","milex.beh av. sim. (dv.net) x ego's beh.lncinc_1","avSimEgoX","beh.lncinc_1","dv.net","endow",FALSE,FALSE,FALSE,FALSE,FALSE,",",0,0,"objective",NA,NA,0,0,0,0,"",FALSE,"","behavior","Group1",1,2058,"milex.beh|endow|avSimEgoX|beh.lncinc_1|dv.net|0|1|NA","unused_native_template"
"milex.beh","milex.beh: av. sim. (dv.net) x ego's beh.lncinc_1","milex.beh av. sim. (dv.net) x ego's beh.lncinc_1","avSimEgoX","beh.lncinc_1","dv.net","creation",FALSE,FALSE,FALSE,FALSE,FALSE,",",0,0,"objective",NA,NA,0,0,0,0,"",FALSE,"","behavior","Group1",1,2059,"milex.beh|creation|avSimEgoX|beh.lncinc_1|dv.net|0|1|NA","unused_native_template"
"milex.beh","milex.beh: tot. sim. (dv.net) x ego's beh.lncinc_1","milex.beh tot. sim. (dv.net) x ego's beh.lncinc_1","totSimEgoX","beh.lncinc_1","dv.net","eval",FALSE,FALSE,FALSE,FALSE,FALSE,",",0,0,"objective",NA,NA,0,0,0,0,"",FALSE,"","behavior","Group1",1,2060,"milex.beh|eval|totSimEgoX|beh.lncinc_1|dv.net|0|1|NA","unused_native_template"
"milex.beh","milex.beh: tot. sim. (dv.net) x ego's beh.lncinc_1","milex.beh tot. sim. (dv.net) x ego's beh.lncinc_1","totSimEgoX","beh.lncinc_1","dv.net","endow",FALSE,FALSE,FALSE,FALSE,FALSE,",",0,0,"objective",NA,NA,0,0,0,0,"",FALSE,"","behavior","Group1",1,2061,"milex.beh|endow|totSimEgoX|beh.lncinc_1|dv.net|0|1|NA","unused_native_template"
"milex.beh","milex.beh: tot. sim. (dv.net) x ego's beh.lncinc_1","milex.beh tot. sim. (dv.net) x ego's beh.lncinc_1","totSimEgoX","beh.lncinc_1","dv.net","creation",FALSE,FALSE,FALSE,FALSE,FALSE,",",0,0,"objective",NA,NA,0,0,0,0,"",FALSE,"","behavior","Group1",1,2062,"milex.beh|creation|totSimEgoX|beh.lncinc_1|dv.net|0|1|NA","unused_native_template"
"milex.beh","milex.beh: av. alters (dv.net) x ego's beh.lncinc_1","milex.beh av. alters (dv.net) x ego's beh.lncinc_1 ","avAltEgoX","beh.lncinc_1","dv.net","eval",FALSE,FALSE,FALSE,FALSE,FALSE,",",0,0,"objective",NA,NA,0,0,0,0,"",FALSE,"","behavior","Group1",1,2063,"milex.beh|eval|avAltEgoX|beh.lncinc_1|dv.net|0|1|NA","unused_native_template"
"milex.beh","milex.beh: av. alters (dv.net) x ego's beh.lncinc_1","milex.beh av. alters (dv.net) x ego's beh.lncinc_1 ","avAltEgoX","beh.lncinc_1","dv.net","endow",FALSE,FALSE,FALSE,FALSE,FALSE,",",0,0,"objective",NA,NA,0,0,0,0,"",FALSE,"","behavior","Group1",1,2064,"milex.beh|endow|avAltEgoX|beh.lncinc_1|dv.net|0|1|NA","unused_native_template"
"milex.beh","milex.beh: av. alters (dv.net) x ego's beh.lncinc_1","milex.beh av. alters (dv.net) x ego's beh.lncinc_1 ","avAltEgoX","beh.lncinc_1","dv.net","creation",FALSE,FALSE,FALSE,FALSE,FALSE,",",0,0,"objective",NA,NA,0,0,0,0,"",FALSE,"","behavior","Group1",1,2065,"milex.beh|creation|avAltEgoX|beh.lncinc_1|dv.net|0|1|NA","unused_native_template"
"milex.beh","milex.beh: tot. alt's (dv.net) x ego's beh.lncinc_1","milex.beh tot. alt's (dv.net) x ego's beh.lncinc_1","totAltEgoX","beh.lncinc_1","dv.net","eval",FALSE,FALSE,FALSE,FALSE,FALSE,",",0,0,"objective",NA,NA,0,0,0,0,"",FALSE,"","behavior","Group1",1,2066,"milex.beh|eval|totAltEgoX|beh.lncinc_1|dv.net|0|1|NA","unused_native_template"
"milex.beh","milex.beh: tot. alt's (dv.net) x ego's beh.lncinc_1","milex.beh tot. alt's (dv.net) x ego's beh.lncinc_1","totAltEgoX","beh.lncinc_1","dv.net","endow",FALSE,FALSE,FALSE,FALSE,FALSE,",",0,0,"objective",NA,NA,0,0,0,0,"",FALSE,"","behavior","Group1",1,2067,"milex.beh|endow|totAltEgoX|beh.lncinc_1|dv.net|0|1|NA","unused_native_template"
"milex.beh","milex.beh: tot. alt's (dv.net) x ego's beh.lncinc_1","milex.beh tot. alt's (dv.net) x ego's beh.lncinc_1","totAltEgoX","beh.lncinc_1","dv.net","creation",FALSE,FALSE,FALSE,FALSE,FALSE,",",0,0,"objective",NA,NA,0,0,0,0,"",FALSE,"","behavior","Group1",1,2068,"milex.beh|creation|totAltEgoX|beh.lncinc_1|dv.net|0|1|NA","unused_native_template"
"milex.beh","milex.beh: effect from beh.milexSpLag_1","milex.beh x beh.milexSpLag_1","effFrom","beh.milexSpLag_1","","eval",FALSE,TRUE,FALSE,FALSE,FALSE,",",0,0,"objective",NA,NA,0,0,0,0,"OK",FALSE,"","behavior","Group1",1,2069,"milex.beh|eval|effFrom|beh.milexSpLag_1||0|1|NA","original_control_or_spending"
"milex.beh","milex.beh: effect from beh.milexSpLag_1","milex.beh x beh.milexSpLag_1","effFrom","beh.milexSpLag_1","","endow",FALSE,FALSE,FALSE,FALSE,FALSE,",",0,0,"objective",NA,NA,0,0,0,0,"OK",FALSE,"","behavior","Group1",1,2070,"milex.beh|endow|effFrom|beh.milexSpLag_1||0|1|NA","unused_native_template"
"milex.beh","milex.beh: effect from beh.milexSpLag_1","milex.beh x beh.milexSpLag_1","effFrom","beh.milexSpLag_1","","creation",FALSE,FALSE,FALSE,FALSE,FALSE,",",0,0,"objective",NA,NA,0,0,0,0,"OK",FALSE,"","behavior","Group1",1,2071,"milex.beh|creation|effFrom|beh.milexSpLag_1||0|1|NA","unused_native_template"
"milex.beh","milex.beh: tot. sim. (dv.net) x alter's beh.milexSpLag_1","milex.beh tot. sim. (dv.net) x alter's beh.milexSpLag_1","totSimAltX","beh.milexSpLag_1","dv.net","eval",FALSE,FALSE,FALSE,FALSE,FALSE,",",0,0,"objective",NA,NA,0,0,0,0,"OK",FALSE,"","behavior","Group1",1,2072,"milex.beh|eval|totSimAltX|beh.milexSpLag_1|dv.net|0|1|NA","unused_native_template"
"milex.beh","milex.beh: tot. sim. (dv.net) x alter's beh.milexSpLag_1","milex.beh tot. sim. (dv.net) x alter's beh.milexSpLag_1","totSimAltX","beh.milexSpLag_1","dv.net","endow",FALSE,FALSE,FALSE,FALSE,FALSE,",",0,0,"objective",NA,NA,0,0,0,0,"OK",FALSE,"","behavior","Group1",1,2073,"milex.beh|endow|totSimAltX|beh.milexSpLag_1|dv.net|0|1|NA","unused_native_template"
"milex.beh","milex.beh: tot. sim. (dv.net) x alter's beh.milexSpLag_1","milex.beh tot. sim. (dv.net) x alter's beh.milexSpLag_1","totSimAltX","beh.milexSpLag_1","dv.net","creation",FALSE,FALSE,FALSE,FALSE,FALSE,",",0,0,"objective",NA,NA,0,0,0,0,"OK",FALSE,"","behavior","Group1",1,2074,"milex.beh|creation|totSimAltX|beh.milexSpLag_1|dv.net|0|1|NA","unused_native_template"
"milex.beh","milex.beh: av. sim. (dv.net) x alter's beh.milexSpLag_1","milex.beh av. sim. (dv.net) x alter's beh.milexSpLag_1","avSimAltX","beh.milexSpLag_1","dv.net","eval",FALSE,FALSE,FALSE,FALSE,FALSE,",",0,0,"objective",NA,NA,0,0,0,0,"OK",FALSE,"","behavior","Group1",1,2075,"milex.beh|eval|avSimAltX|beh.milexSpLag_1|dv.net|0|1|NA","unused_native_template"
"milex.beh","milex.beh: av. sim. (dv.net) x alter's beh.milexSpLag_1","milex.beh av. sim. (dv.net) x alter's beh.milexSpLag_1","avSimAltX","beh.milexSpLag_1","dv.net","endow",FALSE,FALSE,FALSE,FALSE,FALSE,",",0,0,"objective",NA,NA,0,0,0,0,"OK",FALSE,"","behavior","Group1",1,2076,"milex.beh|endow|avSimAltX|beh.milexSpLag_1|dv.net|0|1|NA","unused_native_template"
"milex.beh","milex.beh: av. sim. (dv.net) x alter's beh.milexSpLag_1","milex.beh av. sim. (dv.net) x alter's beh.milexSpLag_1","avSimAltX","beh.milexSpLag_1","dv.net","creation",FALSE,FALSE,FALSE,FALSE,FALSE,",",0,0,"objective",NA,NA,0,0,0,0,"OK",FALSE,"","behavior","Group1",1,2077,"milex.beh|creation|avSimAltX|beh.milexSpLag_1|dv.net|0|1|NA","unused_native_template"
"milex.beh","milex.beh: av. alters (dv.net) x alter's beh.milexSpLag_1","milex.beh av. alters (dv.net) x alter's beh.milexSpLag_1","avAltAltX","beh.milexSpLag_1","dv.net","eval",FALSE,FALSE,FALSE,FALSE,FALSE,",",0,0,"objective",NA,NA,0,0,0,0,"OK",FALSE,"","behavior","Group1",1,2078,"milex.beh|eval|avAltAltX|beh.milexSpLag_1|dv.net|0|1|NA","unused_native_template"
"milex.beh","milex.beh: av. alters (dv.net) x alter's beh.milexSpLag_1","milex.beh av. alters (dv.net) x alter's beh.milexSpLag_1","avAltAltX","beh.milexSpLag_1","dv.net","endow",FALSE,FALSE,FALSE,FALSE,FALSE,",",0,0,"objective",NA,NA,0,0,0,0,"OK",FALSE,"","behavior","Group1",1,2079,"milex.beh|endow|avAltAltX|beh.milexSpLag_1|dv.net|0|1|NA","unused_native_template"
"milex.beh","milex.beh: av. alters (dv.net) x alter's beh.milexSpLag_1","milex.beh av. alters (dv.net) x alter's beh.milexSpLag_1","avAltAltX","beh.milexSpLag_1","dv.net","creation",FALSE,FALSE,FALSE,FALSE,FALSE,",",0,0,"objective",NA,NA,0,0,0,0,"OK",FALSE,"","behavior","Group1",1,2080,"milex.beh|creation|avAltAltX|beh.milexSpLag_1|dv.net|0|1|NA","unused_native_template"
"milex.beh","milex.beh: alter's (dv.net) beh.milexSpLag_1 average","milex.beh alter's (dv.net) beh.milexSpLag_1 average","avXAlt","beh.milexSpLag_1","dv.net","eval",FALSE,FALSE,FALSE,FALSE,FALSE,",",0,0,"objective",NA,NA,0,0,0,0,"OK",FALSE,"","behavior","Group1",1,2081,"milex.beh|eval|avXAlt|beh.milexSpLag_1|dv.net|0|1|NA","unused_native_template"
"milex.beh","milex.beh: alter's (dv.net) beh.milexSpLag_1 average","milex.beh alter's (dv.net) beh.milexSpLag_1 average","avXAlt","beh.milexSpLag_1","dv.net","endow",FALSE,FALSE,FALSE,FALSE,FALSE,",",0,0,"objective",NA,NA,0,0,0,0,"OK",FALSE,"","behavior","Group1",1,2082,"milex.beh|endow|avXAlt|beh.milexSpLag_1|dv.net|0|1|NA","unused_native_template"
"milex.beh","milex.beh: alter's (dv.net) beh.milexSpLag_1 average","milex.beh alter's (dv.net) beh.milexSpLag_1 average","avXAlt","beh.milexSpLag_1","dv.net","creation",FALSE,FALSE,FALSE,FALSE,FALSE,",",0,0,"objective",NA,NA,0,0,0,0,"OK",FALSE,"","behavior","Group1",1,2083,"milex.beh|creation|avXAlt|beh.milexSpLag_1|dv.net|0|1|NA","unused_native_template"
"milex.beh","milex.beh: alter's (dv.net) beh.milexSpLag_1 minimum","milex.beh alter's (dv.net) beh.milexSpLag_1 minimum","minXAlt","beh.milexSpLag_1","dv.net","eval",FALSE,FALSE,FALSE,FALSE,FALSE,",",0,0,"objective",NA,NA,0,0,0,0,"OK",FALSE,"","behavior","Group1",1,2084,"milex.beh|eval|minXAlt|beh.milexSpLag_1|dv.net|0|1|NA","unused_native_template"
"milex.beh","milex.beh: alter's (dv.net) beh.milexSpLag_1 minimum","milex.beh alter's (dv.net) beh.milexSpLag_1 minimum","minXAlt","beh.milexSpLag_1","dv.net","endow",FALSE,FALSE,FALSE,FALSE,FALSE,",",0,0,"objective",NA,NA,0,0,0,0,"OK",FALSE,"","behavior","Group1",1,2085,"milex.beh|endow|minXAlt|beh.milexSpLag_1|dv.net|0|1|NA","unused_native_template"
"milex.beh","milex.beh: alter's (dv.net) beh.milexSpLag_1 minimum","milex.beh alter's (dv.net) beh.milexSpLag_1 minimum","minXAlt","beh.milexSpLag_1","dv.net","creation",FALSE,FALSE,FALSE,FALSE,FALSE,",",0,0,"objective",NA,NA,0,0,0,0,"OK",FALSE,"","behavior","Group1",1,2086,"milex.beh|creation|minXAlt|beh.milexSpLag_1|dv.net|0|1|NA","unused_native_template"
"milex.beh","milex.beh: alter's (dv.net) beh.milexSpLag_1 maximum","milex.beh alter's (dv.net) beh.milexSpLag_1 maximum","maxXAlt","beh.milexSpLag_1","dv.net","eval",FALSE,FALSE,FALSE,FALSE,FALSE,",",0,0,"objective",NA,NA,0,0,0,0,"OK",FALSE,"","behavior","Group1",1,2087,"milex.beh|eval|maxXAlt|beh.milexSpLag_1|dv.net|0|1|NA","unused_native_template"
"milex.beh","milex.beh: alter's (dv.net) beh.milexSpLag_1 maximum","milex.beh alter's (dv.net) beh.milexSpLag_1 maximum","maxXAlt","beh.milexSpLag_1","dv.net","endow",FALSE,FALSE,FALSE,FALSE,FALSE,",",0,0,"objective",NA,NA,0,0,0,0,"OK",FALSE,"","behavior","Group1",1,2088,"milex.beh|endow|maxXAlt|beh.milexSpLag_1|dv.net|0|1|NA","unused_native_template"
"milex.beh","milex.beh: alter's (dv.net) beh.milexSpLag_1 maximum","milex.beh alter's (dv.net) beh.milexSpLag_1 maximum","maxXAlt","beh.milexSpLag_1","dv.net","creation",FALSE,FALSE,FALSE,FALSE,FALSE,",",0,0,"objective",NA,NA,0,0,0,0,"OK",FALSE,"","behavior","Group1",1,2089,"milex.beh|creation|maxXAlt|beh.milexSpLag_1|dv.net|0|1|NA","unused_native_template"
"milex.beh","milex.beh: alter's (dv.net) beh.milexSpLag_1 total","milex.beh alter's (dv.net) beh.milexSpLag_1 total","totXAlt","beh.milexSpLag_1","dv.net","eval",FALSE,FALSE,FALSE,FALSE,FALSE,",",0,0,"objective",NA,NA,0,0,0,0,"OK",FALSE,"","behavior","Group1",1,2090,"milex.beh|eval|totXAlt|beh.milexSpLag_1|dv.net|0|1|NA","unused_native_template"
"milex.beh","milex.beh: alter's (dv.net) beh.milexSpLag_1 total","milex.beh alter's (dv.net) beh.milexSpLag_1 total","totXAlt","beh.milexSpLag_1","dv.net","endow",FALSE,FALSE,FALSE,FALSE,FALSE,",",0,0,"objective",NA,NA,0,0,0,0,"OK",FALSE,"","behavior","Group1",1,2091,"milex.beh|endow|totXAlt|beh.milexSpLag_1|dv.net|0|1|NA","unused_native_template"
"milex.beh","milex.beh: alter's (dv.net) beh.milexSpLag_1 total","milex.beh alter's (dv.net) beh.milexSpLag_1 total","totXAlt","beh.milexSpLag_1","dv.net","creation",FALSE,FALSE,FALSE,FALSE,FALSE,",",0,0,"objective",NA,NA,0,0,0,0,"OK",FALSE,"","behavior","Group1",1,2092,"milex.beh|creation|totXAlt|beh.milexSpLag_1|dv.net|0|1|NA","unused_native_template"
"milex.beh","milex.beh: in-alter's (dv.net) beh.milexSpLag_1 aver.","milex.beh in-alter's (dv.net) beh.milexSpLag_1 aver.","avXInAlt","beh.milexSpLag_1","dv.net","eval",FALSE,FALSE,FALSE,FALSE,FALSE,",",0,0,"objective",NA,NA,0,0,0,0,"OK",FALSE,"","behavior","Group1",1,2093,"milex.beh|eval|avXInAlt|beh.milexSpLag_1|dv.net|0|1|NA","unused_native_template"
"milex.beh","milex.beh: in-alter's (dv.net) beh.milexSpLag_1 aver.","milex.beh in-alter's (dv.net) beh.milexSpLag_1 aver.","avXInAlt","beh.milexSpLag_1","dv.net","endow",FALSE,FALSE,FALSE,FALSE,FALSE,",",0,0,"objective",NA,NA,0,0,0,0,"OK",FALSE,"","behavior","Group1",1,2094,"milex.beh|endow|avXInAlt|beh.milexSpLag_1|dv.net|0|1|NA","unused_native_template"
"milex.beh","milex.beh: in-alter's (dv.net) beh.milexSpLag_1 aver.","milex.beh in-alter's (dv.net) beh.milexSpLag_1 aver.","avXInAlt","beh.milexSpLag_1","dv.net","creation",FALSE,FALSE,FALSE,FALSE,FALSE,",",0,0,"objective",NA,NA,0,0,0,0,"OK",FALSE,"","behavior","Group1",1,2095,"milex.beh|creation|avXInAlt|beh.milexSpLag_1|dv.net|0|1|NA","unused_native_template"
"milex.beh","milex.beh: in-alter's (dv.net) beh.milexSpLag_1 total","milex.beh in-alter's (dv.net) beh.milexSpLag_1 total","totXInAlt","beh.milexSpLag_1","dv.net","eval",FALSE,FALSE,FALSE,FALSE,FALSE,",",0,0,"objective",NA,NA,0,0,0,0,"OK",FALSE,"","behavior","Group1",1,2096,"milex.beh|eval|totXInAlt|beh.milexSpLag_1|dv.net|0|1|NA","unused_native_template"
"milex.beh","milex.beh: in-alter's (dv.net) beh.milexSpLag_1 total","milex.beh in-alter's (dv.net) beh.milexSpLag_1 total","totXInAlt","beh.milexSpLag_1","dv.net","endow",FALSE,FALSE,FALSE,FALSE,FALSE,",",0,0,"objective",NA,NA,0,0,0,0,"OK",FALSE,"","behavior","Group1",1,2097,"milex.beh|endow|totXInAlt|beh.milexSpLag_1|dv.net|0|1|NA","unused_native_template"
"milex.beh","milex.beh: in-alter's (dv.net) beh.milexSpLag_1 total","milex.beh in-alter's (dv.net) beh.milexSpLag_1 total","totXInAlt","beh.milexSpLag_1","dv.net","creation",FALSE,FALSE,FALSE,FALSE,FALSE,",",0,0,"objective",NA,NA,0,0,0,0,"OK",FALSE,"","behavior","Group1",1,2098,"milex.beh|creation|totXInAlt|beh.milexSpLag_1|dv.net|0|1|NA","unused_native_template"
"milex.beh","milex.beh: dist. 2 alter's (dv.net) beh.milexSpLag_1 av.","milex.beh dist. 2 alter's (dv.net) beh.milexSpLag_1 av.","avXAltDist2","beh.milexSpLag_1","dv.net","eval",FALSE,FALSE,FALSE,FALSE,FALSE,",",0,0,"objective",NA,NA,0,0,0,0,"OK",FALSE,"","behavior","Group1",1,2099,"milex.beh|eval|avXAltDist2|beh.milexSpLag_1|dv.net|0|1|NA","unused_native_template"
"milex.beh","milex.beh: dist. 2 alter's (dv.net) beh.milexSpLag_1 tot.","milex.beh dist. 2 alter's (dv.net) beh.milexSpLag_1 tot.","totXAltDist2","beh.milexSpLag_1","dv.net","eval",FALSE,FALSE,FALSE,FALSE,FALSE,",",0,0,"objective",NA,NA,0,0,0,0,"OK",FALSE,"","behavior","Group1",1,2100,"milex.beh|eval|totXAltDist2|beh.milexSpLag_1|dv.net|0|1|NA","unused_native_template"
"milex.beh","milex.beh: dist. 2 av. alter's (dv.net) beh.milexSpLag_1 tot.","milex.beh av. dist. 2 alter's (dv.net) beh.milexSpLag_1 tot.","avTXAltDist2","beh.milexSpLag_1","dv.net","eval",FALSE,FALSE,FALSE,FALSE,FALSE,",",0,0,"objective",NA,NA,0,0,0,0,"OK",FALSE,"","behavior","Group1",1,2101,"milex.beh|eval|avTXAltDist2|beh.milexSpLag_1|dv.net|0|1|NA","unused_native_template"
"milex.beh","milex.beh: dist. 2 tot. alter's (dv.net) beh.milexSpLag_1 av.","milex.beh tot. dist. 2 alter's (dv.net) beh.milexSpLag_1 av.","totAXAltDist2","beh.milexSpLag_1","dv.net","eval",FALSE,FALSE,FALSE,FALSE,FALSE,",",0,0,"objective",NA,NA,0,0,0,0,"OK",FALSE,"","behavior","Group1",1,2102,"milex.beh|eval|totAXAltDist2|beh.milexSpLag_1|dv.net|0|1|NA","unused_native_template"
"milex.beh","milex.beh: alts (dv.net) dist-2 incom. beh.milexSpLag_1 av.","milex.beh: incom.av. beh.milexSpLag_1 (dv.net)alt. dist. 2","avXInAltDist2","beh.milexSpLag_1","dv.net","eval",FALSE,FALSE,FALSE,FALSE,FALSE,",",0,0,"objective",NA,NA,0,0,0,0,"OK",FALSE,"","behavior","Group1",1,2103,"milex.beh|eval|avXInAltDist2|beh.milexSpLag_1|dv.net|0|1|NA","unused_native_template"
"milex.beh","milex.beh: alts (dv.net) dist-2 incom. beh.milexSpLag_1 tot.","milex.beh: incom.tot. beh.milexSpLag_1 (dv.net)alt. dist. 2","totXInAltDist2","beh.milexSpLag_1","dv.net","eval",FALSE,FALSE,FALSE,FALSE,FALSE,",",0,0,"objective",NA,NA,0,0,0,0,"OK",FALSE,"","behavior","Group1",1,2104,"milex.beh|eval|totXInAltDist2|beh.milexSpLag_1|dv.net|0|1|NA","unused_native_template"
"milex.beh","milex.beh: av. tot. incoming beh.milexSpLag_1 alts (dv.net) dist-2","milex.beh: incom.av. (dv.net)alt. beh.milexSpLag_1 tot. dist. 2","avTXInAltDist2","beh.milexSpLag_1","dv.net","eval",FALSE,FALSE,FALSE,FALSE,FALSE,",",0,0,"objective",NA,NA,0,0,0,0,"OK",FALSE,"","behavior","Group1",1,2105,"milex.beh|eval|avTXInAltDist2|beh.milexSpLag_1|dv.net|0|1|NA","unused_native_template"
"milex.beh","milex.beh: tot. av. incoming beh.milexSpLag_1 alts (dv.net) dist-2","milex.beh: incom.tot. (dv.net)alt. beh.milexSpLag_1 av. dist. 2","totAXInAltDist2","beh.milexSpLag_1","dv.net","eval",FALSE,FALSE,FALSE,FALSE,FALSE,",",0,0,"objective",NA,NA,0,0,0,0,"OK",FALSE,"","behavior","Group1",1,2106,"milex.beh|eval|totAXInAltDist2|beh.milexSpLag_1|dv.net|0|1|NA","unused_native_template"
"milex.beh","milex.beh: abs. contrast outd. (dv.net) - beh.milexSpLag_1","sum milex.beh * abs.outd. (dv.net) - beh.milexSpLag_1","degAbsContrX","beh.milexSpLag_1","dv.net","eval",FALSE,FALSE,FALSE,FALSE,FALSE,",",0,0,"objective",NA,NA,0,0,0,0,"OK",FALSE,"","behavior","Group1",1,2107,"milex.beh|eval|degAbsContrX|beh.milexSpLag_1|dv.net|0|1|NA","unused_native_template"
"milex.beh","milex.beh: abs. contrast outd. (dv.net) - beh.milexSpLag_1","sum milex.beh * abs.outd. (dv.net) - beh.milexSpLag_1","degAbsContrX","beh.milexSpLag_1","dv.net","endow",FALSE,FALSE,FALSE,FALSE,FALSE,",",0,0,"objective",NA,NA,0,0,0,0,"OK",FALSE,"","behavior","Group1",1,2108,"milex.beh|endow|degAbsContrX|beh.milexSpLag_1|dv.net|0|1|NA","unused_native_template"
"milex.beh","milex.beh: abs. contrast outd. (dv.net) - beh.milexSpLag_1","sum milex.beh * abs.outd. (dv.net) - beh.milexSpLag_1","degAbsContrX","beh.milexSpLag_1","dv.net","creation",FALSE,FALSE,FALSE,FALSE,FALSE,",",0,0,"objective",NA,NA,0,0,0,0,"OK",FALSE,"","behavior","Group1",1,2109,"milex.beh|creation|degAbsContrX|beh.milexSpLag_1|dv.net|0|1|NA","unused_native_template"
"milex.beh","milex.beh: pos. contrast outd. (dv.net) - beh.milexSpLag_1","sum milex.beh * abs.outd. (dv.net) - beh.milexSpLag_1","degPosContrX","beh.milexSpLag_1","dv.net","eval",FALSE,FALSE,FALSE,FALSE,FALSE,",",0,0,"objective",NA,NA,0,0,0,0,"OK",FALSE,"","behavior","Group1",1,2110,"milex.beh|eval|degPosContrX|beh.milexSpLag_1|dv.net|0|1|NA","unused_native_template"
"milex.beh","milex.beh: pos. contrast outd. (dv.net) - beh.milexSpLag_1","sum milex.beh * abs.outd. (dv.net) - beh.milexSpLag_1","degPosContrX","beh.milexSpLag_1","dv.net","endow",FALSE,FALSE,FALSE,FALSE,FALSE,",",0,0,"objective",NA,NA,0,0,0,0,"OK",FALSE,"","behavior","Group1",1,2111,"milex.beh|endow|degPosContrX|beh.milexSpLag_1|dv.net|0|1|NA","unused_native_template"
"milex.beh","milex.beh: pos. contrast outd. (dv.net) - beh.milexSpLag_1","sum milex.beh * abs.outd. (dv.net) - beh.milexSpLag_1","degPosContrX","beh.milexSpLag_1","dv.net","creation",FALSE,FALSE,FALSE,FALSE,FALSE,",",0,0,"objective",NA,NA,0,0,0,0,"OK",FALSE,"","behavior","Group1",1,2112,"milex.beh|creation|degPosContrX|beh.milexSpLag_1|dv.net|0|1|NA","unused_native_template"
"milex.beh","milex.beh: neg. contrast outd. (dv.net) - beh.milexSpLag_1","sum milex.beh * abs.outd. (dv.net) - beh.milexSpLag_1","degNegContrX","beh.milexSpLag_1","dv.net","eval",FALSE,FALSE,FALSE,FALSE,FALSE,",",0,0,"objective",NA,NA,0,0,0,0,"OK",FALSE,"","behavior","Group1",1,2113,"milex.beh|eval|degNegContrX|beh.milexSpLag_1|dv.net|0|1|NA","unused_native_template"
"milex.beh","milex.beh: neg. contrast outd. (dv.net) - beh.milexSpLag_1","sum milex.beh * abs.outd. (dv.net) - beh.milexSpLag_1","degNegContrX","beh.milexSpLag_1","dv.net","endow",FALSE,FALSE,FALSE,FALSE,FALSE,",",0,0,"objective",NA,NA,0,0,0,0,"OK",FALSE,"","behavior","Group1",1,2114,"milex.beh|endow|degNegContrX|beh.milexSpLag_1|dv.net|0|1|NA","unused_native_template"
"milex.beh","milex.beh: neg. contrast outd. (dv.net) - beh.milexSpLag_1","sum milex.beh * abs.outd. (dv.net) - beh.milexSpLag_1","degNegContrX","beh.milexSpLag_1","dv.net","creation",FALSE,FALSE,FALSE,FALSE,FALSE,",",0,0,"objective",NA,NA,0,0,0,0,"OK",FALSE,"","behavior","Group1",1,2115,"milex.beh|creation|degNegContrX|beh.milexSpLag_1|dv.net|0|1|NA","unused_native_template"
"milex.beh","milex.beh: av. sim. (dv.net) x ego's beh.milexSpLag_1","milex.beh av. sim. (dv.net) x ego's beh.milexSpLag_1","avSimEgoX","beh.milexSpLag_1","dv.net","eval",FALSE,FALSE,FALSE,FALSE,FALSE,",",0,0,"objective",NA,NA,0,0,0,0,"",FALSE,"","behavior","Group1",1,2116,"milex.beh|eval|avSimEgoX|beh.milexSpLag_1|dv.net|0|1|NA","unused_native_template"
"milex.beh","milex.beh: av. sim. (dv.net) x ego's beh.milexSpLag_1","milex.beh av. sim. (dv.net) x ego's beh.milexSpLag_1","avSimEgoX","beh.milexSpLag_1","dv.net","endow",FALSE,FALSE,FALSE,FALSE,FALSE,",",0,0,"objective",NA,NA,0,0,0,0,"",FALSE,"","behavior","Group1",1,2117,"milex.beh|endow|avSimEgoX|beh.milexSpLag_1|dv.net|0|1|NA","unused_native_template"
"milex.beh","milex.beh: av. sim. (dv.net) x ego's beh.milexSpLag_1","milex.beh av. sim. (dv.net) x ego's beh.milexSpLag_1","avSimEgoX","beh.milexSpLag_1","dv.net","creation",FALSE,FALSE,FALSE,FALSE,FALSE,",",0,0,"objective",NA,NA,0,0,0,0,"",FALSE,"","behavior","Group1",1,2118,"milex.beh|creation|avSimEgoX|beh.milexSpLag_1|dv.net|0|1|NA","unused_native_template"
"milex.beh","milex.beh: tot. sim. (dv.net) x ego's beh.milexSpLag_1","milex.beh tot. sim. (dv.net) x ego's beh.milexSpLag_1","totSimEgoX","beh.milexSpLag_1","dv.net","eval",FALSE,FALSE,FALSE,FALSE,FALSE,",",0,0,"objective",NA,NA,0,0,0,0,"",FALSE,"","behavior","Group1",1,2119,"milex.beh|eval|totSimEgoX|beh.milexSpLag_1|dv.net|0|1|NA","unused_native_template"
"milex.beh","milex.beh: tot. sim. (dv.net) x ego's beh.milexSpLag_1","milex.beh tot. sim. (dv.net) x ego's beh.milexSpLag_1","totSimEgoX","beh.milexSpLag_1","dv.net","endow",FALSE,FALSE,FALSE,FALSE,FALSE,",",0,0,"objective",NA,NA,0,0,0,0,"",FALSE,"","behavior","Group1",1,2120,"milex.beh|endow|totSimEgoX|beh.milexSpLag_1|dv.net|0|1|NA","unused_native_template"
"milex.beh","milex.beh: tot. sim. (dv.net) x ego's beh.milexSpLag_1","milex.beh tot. sim. (dv.net) x ego's beh.milexSpLag_1","totSimEgoX","beh.milexSpLag_1","dv.net","creation",FALSE,FALSE,FALSE,FALSE,FALSE,",",0,0,"objective",NA,NA,0,0,0,0,"",FALSE,"","behavior","Group1",1,2121,"milex.beh|creation|totSimEgoX|beh.milexSpLag_1|dv.net|0|1|NA","unused_native_template"
"milex.beh","milex.beh: av. alters (dv.net) x ego's beh.milexSpLag_1","milex.beh av. alters (dv.net) x ego's beh.milexSpLag_1 ","avAltEgoX","beh.milexSpLag_1","dv.net","eval",FALSE,FALSE,FALSE,FALSE,FALSE,",",0,0,"objective",NA,NA,0,0,0,0,"",FALSE,"","behavior","Group1",1,2122,"milex.beh|eval|avAltEgoX|beh.milexSpLag_1|dv.net|0|1|NA","unused_native_template"
"milex.beh","milex.beh: av. alters (dv.net) x ego's beh.milexSpLag_1","milex.beh av. alters (dv.net) x ego's beh.milexSpLag_1 ","avAltEgoX","beh.milexSpLag_1","dv.net","endow",FALSE,FALSE,FALSE,FALSE,FALSE,",",0,0,"objective",NA,NA,0,0,0,0,"",FALSE,"","behavior","Group1",1,2123,"milex.beh|endow|avAltEgoX|beh.milexSpLag_1|dv.net|0|1|NA","unused_native_template"
"milex.beh","milex.beh: av. alters (dv.net) x ego's beh.milexSpLag_1","milex.beh av. alters (dv.net) x ego's beh.milexSpLag_1 ","avAltEgoX","beh.milexSpLag_1","dv.net","creation",FALSE,FALSE,FALSE,FALSE,FALSE,",",0,0,"objective",NA,NA,0,0,0,0,"",FALSE,"","behavior","Group1",1,2124,"milex.beh|creation|avAltEgoX|beh.milexSpLag_1|dv.net|0|1|NA","unused_native_template"
"milex.beh","milex.beh: tot. alt's (dv.net) x ego's beh.milexSpLag_1","milex.beh tot. alt's (dv.net) x ego's beh.milexSpLag_1","totAltEgoX","beh.milexSpLag_1","dv.net","eval",FALSE,FALSE,FALSE,FALSE,FALSE,",",0,0,"objective",NA,NA,0,0,0,0,"",FALSE,"","behavior","Group1",1,2125,"milex.beh|eval|totAltEgoX|beh.milexSpLag_1|dv.net|0|1|NA","unused_native_template"
"milex.beh","milex.beh: tot. alt's (dv.net) x ego's beh.milexSpLag_1","milex.beh tot. alt's (dv.net) x ego's beh.milexSpLag_1","totAltEgoX","beh.milexSpLag_1","dv.net","endow",FALSE,FALSE,FALSE,FALSE,FALSE,",",0,0,"objective",NA,NA,0,0,0,0,"",FALSE,"","behavior","Group1",1,2126,"milex.beh|endow|totAltEgoX|beh.milexSpLag_1|dv.net|0|1|NA","unused_native_template"
"milex.beh","milex.beh: tot. alt's (dv.net) x ego's beh.milexSpLag_1","milex.beh tot. alt's (dv.net) x ego's beh.milexSpLag_1","totAltEgoX","beh.milexSpLag_1","dv.net","creation",FALSE,FALSE,FALSE,FALSE,FALSE,",",0,0,"objective",NA,NA,0,0,0,0,"",FALSE,"","behavior","Group1",1,2127,"milex.beh|creation|totAltEgoX|beh.milexSpLag_1|dv.net|0|1|NA","unused_native_template"
"milex.beh","milex.beh: unspecified interaction","milex.beh: unspecified interaction","behUnspInt","","","eval",FALSE,FALSE,FALSE,FALSE,FALSE,",",0,0,"objective",NA,NA,0,0,0,0,"",FALSE,"","behavior","Group1",1,2128,"milex.beh|eval|behUnspInt|||0|1|NA","unused_native_template"
"milex.beh","milex.beh: unspecified interaction","milex.beh: unspecified interaction","behUnspInt","","","endow",FALSE,FALSE,FALSE,FALSE,FALSE,",",0,0,"objective",NA,NA,0,0,0,0,"",FALSE,"","behavior","Group1",1,2129,"milex.beh|endow|behUnspInt|||0|1|NA","unused_native_template"
"milex.beh","milex.beh: unspecified interaction","milex.beh: unspecified interaction","behUnspInt","","","creation",FALSE,FALSE,FALSE,FALSE,FALSE,",",0,0,"objective",NA,NA,0,0,0,0,"",FALSE,"","behavior","Group1",1,2130,"milex.beh|creation|behUnspInt|||0|1|NA","unused_native_template"
"milex.beh","milex.beh: unspecified interaction","milex.beh: unspecified interaction","behUnspInt","","","eval",FALSE,FALSE,FALSE,FALSE,FALSE,",",0,0,"objective",NA,NA,0,0,0,0,"",FALSE,"","behavior","Group1",1,2131,"milex.beh|eval|behUnspInt|||0|1|NA","unused_native_template"
"milex.beh","milex.beh: unspecified interaction","milex.beh: unspecified interaction","behUnspInt","","","endow",FALSE,FALSE,FALSE,FALSE,FALSE,",",0,0,"objective",NA,NA,0,0,0,0,"",FALSE,"","behavior","Group1",1,2132,"milex.beh|endow|behUnspInt|||0|1|NA","unused_native_template"
"milex.beh","milex.beh: unspecified interaction","milex.beh: unspecified interaction","behUnspInt","","","creation",FALSE,FALSE,FALSE,FALSE,FALSE,",",0,0,"objective",NA,NA,0,0,0,0,"",FALSE,"","behavior","Group1",1,2133,"milex.beh|creation|behUnspInt|||0|1|NA","unused_native_template"
"milex.beh","milex.beh: unspecified interaction","milex.beh: unspecified interaction","behUnspInt","","","eval",FALSE,FALSE,FALSE,FALSE,FALSE,",",0,0,"objective",NA,NA,0,0,0,0,"",FALSE,"","behavior","Group1",1,2134,"milex.beh|eval|behUnspInt|||0|1|NA","unused_native_template"
"milex.beh","milex.beh: unspecified interaction","milex.beh: unspecified interaction","behUnspInt","","","endow",FALSE,FALSE,FALSE,FALSE,FALSE,",",0,0,"objective",NA,NA,0,0,0,0,"",FALSE,"","behavior","Group1",1,2135,"milex.beh|endow|behUnspInt|||0|1|NA","unused_native_template"
"milex.beh","milex.beh: unspecified interaction","milex.beh: unspecified interaction","behUnspInt","","","creation",FALSE,FALSE,FALSE,FALSE,FALSE,",",0,0,"objective",NA,NA,0,0,0,0,"",FALSE,"","behavior","Group1",1,2136,"milex.beh|creation|behUnspInt|||0|1|NA","unused_native_template"
"milex.beh","milex.beh: unspecified interaction","milex.beh: unspecified interaction","behUnspInt","","","eval",FALSE,FALSE,FALSE,FALSE,FALSE,",",0,0,"objective",NA,NA,0,0,0,0,"",FALSE,"","behavior","Group1",1,2137,"milex.beh|eval|behUnspInt|||0|1|NA","unused_native_template"
"milex.beh","milex.beh: unspecified interaction","milex.beh: unspecified interaction","behUnspInt","","","endow",FALSE,FALSE,FALSE,FALSE,FALSE,",",0,0,"objective",NA,NA,0,0,0,0,"",FALSE,"","behavior","Group1",1,2138,"milex.beh|endow|behUnspInt|||0|1|NA","unused_native_template"
"milex.beh","milex.beh: unspecified interaction","milex.beh: unspecified interaction","behUnspInt","","","creation",FALSE,FALSE,FALSE,FALSE,FALSE,",",0,0,"objective",NA,NA,0,0,0,0,"",FALSE,"","behavior","Group1",1,2139,"milex.beh|creation|behUnspInt|||0|1|NA","unused_native_template"
